policy,seed,episode,total_steps,reward,epsilon,loss,duration_sec
DQN,42,1,90,231918.00,0.9975,0.000000,0.0006
DQN,42,2,180,274976.00,0.9950,0.000000,0.0004
DQN,42,3,270,204340.00,0.9926,0.000000,0.0004
DQN,42,4,360,246152.00,0.9901,0.000000,0.0004
DQN,42,5,450,195870.00,0.9876,0.000000,0.0009
DQN,42,6,540,253698.00,0.9851,3.500549,0.0067
DQN,42,7,630,273972.00,0.9827,2.331952,0.0158
DQN,42,8,720,234904.00,0.9802,1.334050,0.0141
DQN,42,9,810,162664.00,0.9777,1.278873,0.0142
DQN,42,10,900,190488.00,0.9752,1.250772,0.0137
DQN,42,11,990,244366.00,0.9728,1.202104,0.0148
DQN,42,12,1080,209472.00,0.9703,2.540597,0.0147
DQN,42,13,1170,247830.00,0.9678,1.100847,0.0133
DQN,42,14,1260,265230.00,0.9654,1.065121,0.0135
DQN,42,15,1350,234066.00,0.9629,0.968676,0.0143
DQN,42,16,1440,246220.00,0.9604,0.961862,0.0164
DQN,42,17,1530,232706.00,0.9579,1.568175,0.0192
DQN,42,18,1620,255242.00,0.9555,1.050303,0.0183
DQN,42,19,1710,286930.00,0.9530,0.938301,0.0148
DQN,42,20,1800,228972.00,0.9505,0.895086,0.0152
DQN,42,21,1890,228852.00,0.9480,0.861155,0.0150
DQN,42,22,1980,216766.00,0.9456,0.841662,0.0154
DQN,42,23,2070,246192.00,0.9431,1.505559,0.0155
DQN,42,24,2160,289104.00,0.9406,0.936277,0.0151
DQN,42,25,2250,290658.00,0.9381,0.897147,0.0151
DQN,42,26,2340,229432.00,0.9356,0.874418,0.0182
DQN,42,27,2430,261006.00,0.9332,0.844615,0.0165
DQN,42,28,2520,283148.00,0.9307,1.344217,0.0144
DQN,42,29,2610,220012.00,0.9282,1.090415,0.0147
DQN,42,30,2700,204546.00,0.9257,0.963581,0.0147
DQN,42,31,2790,212858.00,0.9233,0.936256,0.0154
DQN,42,32,2880,274110.00,0.9208,0.903094,0.0143
DQN,42,33,2970,267992.00,0.9183,0.877291,0.0146
DQN,42,34,3060,239778.00,0.9159,1.376081,0.0148
DQN,42,35,3150,242564.00,0.9134,1.017294,0.0160
DQN,42,36,3240,229914.00,0.9109,0.950269,0.0160
DQN,42,37,3330,253346.00,0.9084,0.926102,0.0157
DQN,42,38,3420,221260.00,0.9060,0.925113,0.0167
DQN,42,39,3510,232574.00,0.9035,1.183350,0.0157
DQN,42,40,3600,241362.00,0.9010,1.077781,0.0152
DQN,42,41,3690,264856.00,0.8985,0.931412,0.0169
DQN,42,42,3780,255602.00,0.8961,0.929496,0.0150
DQN,42,43,3870,250380.00,0.8936,0.936040,0.0169
DQN,42,44,3960,276906.00,0.8911,0.919150,0.0144
DQN,42,45,4050,229176.00,0.8886,1.210409,0.0169
DQN,42,46,4140,255646.00,0.8861,0.872404,0.0149
DQN,42,47,4230,237740.00,0.8837,0.867618,0.0145
DQN,42,48,4320,287620.00,0.8812,0.866117,0.0138
DQN,42,49,4410,173314.00,0.8787,0.842860,0.0174
DQN,42,50,4500,263194.00,0.8762,0.862936,0.0146
DQN,42,51,4590,251792.00,0.8738,0.926726,0.0209
DQN,42,52,4680,280704.00,0.8713,0.754865,0.0156
DQN,42,53,4770,267532.00,0.8688,0.711846,0.0150
DQN,42,54,4860,247386.00,0.8663,0.703538,0.0141
DQN,42,55,4950,278268.00,0.8639,0.692317,0.0158
DQN,42,56,5040,257110.00,0.8614,0.781688,0.0159
DQN,42,57,5130,262740.00,0.8589,0.652189,0.0151
DQN,42,58,5220,234532.00,0.8565,0.645564,0.0175
DQN,42,59,5310,237792.00,0.8540,0.624025,0.0150
DQN,42,60,5400,283710.00,0.8515,0.617689,0.0159
DQN,42,61,5490,251176.00,0.8490,0.616742,0.0144
DQN,42,62,5580,279650.00,0.8466,0.701084,0.0142
DQN,42,63,5670,269474.00,0.8441,0.608937,0.0159
DQN,42,64,5760,268802.00,0.8416,0.583466,0.0144
DQN,42,65,5850,276290.00,0.8391,0.600953,0.0141
DQN,42,66,5940,275094.00,0.8367,0.600594,0.0137
DQN,42,67,6030,254358.00,0.8342,0.631386,0.0159
DQN,42,68,6120,226690.00,0.8317,0.609431,0.0149
DQN,42,69,6210,245498.00,0.8292,0.624195,0.0150
DQN,42,70,6300,258914.00,0.8267,0.609031,0.0165
DQN,42,71,6390,201014.00,0.8243,0.595705,0.0160
DQN,42,72,6480,301542.00,0.8218,0.606787,0.0147
DQN,42,73,6570,285120.00,0.8193,0.658975,0.0151
DQN,42,74,6660,242556.00,0.8168,0.608205,0.0170
DQN,42,75,6750,221162.00,0.8144,0.617336,0.0143
DQN,42,76,6840,251006.00,0.8119,0.627142,0.0137
DQN,42,77,6930,285812.00,0.8094,0.608092,0.0136
DQN,42,78,7020,278092.00,0.8070,0.627109,0.0153
DQN,42,79,7110,266590.00,0.8045,0.639266,0.0136
DQN,42,80,7200,301510.00,0.8020,0.630806,0.0143
DQN,42,81,7290,288318.00,0.7995,0.605526,0.0146
DQN,42,82,7380,259278.00,0.7971,0.602109,0.0141
DQN,42,83,7470,266892.00,0.7946,0.600316,0.0142
DQN,42,84,7560,283126.00,0.7921,0.650855,0.0147
DQN,42,85,7650,291202.00,0.7896,0.610935,0.0144
DQN,42,86,7740,276032.00,0.7872,0.651113,0.0150
DQN,42,87,7830,273976.00,0.7847,0.625022,0.0143
DQN,42,88,7920,234500.00,0.7822,0.618760,0.0150
DQN,42,89,8010,274642.00,0.7797,0.624279,0.0159
DQN,42,90,8100,301724.00,0.7772,0.643441,0.0164
DQN,42,91,8190,278124.00,0.7748,0.629463,0.0161
DQN,42,92,8280,303112.00,0.7723,0.611192,0.0160
DQN,42,93,8370,288600.00,0.7698,0.626070,0.0138
DQN,42,94,8460,295164.00,0.7673,0.600909,0.0142
DQN,42,95,8550,310450.00,0.7649,0.636160,0.0136
DQN,42,96,8640,311646.00,0.7624,0.610566,0.0143
DQN,42,97,8730,241720.00,0.7599,0.601930,0.0153
DQN,42,98,8820,320372.00,0.7574,0.610549,0.0150
DQN,42,99,8910,280746.00,0.7550,0.610389,0.0145
DQN,42,100,9000,264066.00,0.7525,0.626377,0.0161
DQN,42,101,9090,268766.00,0.7500,0.611673,0.0158
DQN,42,102,9180,321598.00,0.7475,0.598202,0.0161
DQN,42,103,9270,301506.00,0.7451,0.593888,0.0147
DQN,42,104,9360,327782.00,0.7426,0.589624,0.0161
DQN,42,105,9450,279666.00,0.7401,0.588680,0.0152
DQN,42,106,9540,300504.00,0.7376,0.637299,0.0141
DQN,42,107,9630,313584.00,0.7352,0.602026,0.0135
DQN,42,108,9720,296876.00,0.7327,0.597993,0.0165
DQN,42,109,9810,257314.00,0.7302,0.610991,0.0148
DQN,42,110,9900,293398.00,0.7278,0.587644,0.0144
DQN,42,111,9990,307066.00,0.7253,0.591624,0.0142
DQN,42,112,10080,262624.00,0.7228,0.623535,0.0150
DQN,42,113,10170,319694.00,0.7203,0.593264,0.0156
DQN,42,114,10260,296284.00,0.7179,0.592105,0.0146
DQN,42,115,10350,286104.00,0.7154,0.588466,0.0155
DQN,42,116,10440,305614.00,0.7129,0.587773,0.0142
DQN,42,117,10530,315796.00,0.7104,0.630215,0.0149
DQN,42,118,10620,296456.00,0.7080,0.570158,0.0144
DQN,42,119,10710,306770.00,0.7055,0.578250,0.0151
DQN,42,120,10800,303132.00,0.7030,0.580564,0.0148
DQN,42,121,10890,293922.00,0.7005,0.583854,0.0158
DQN,42,122,10980,304168.00,0.6981,0.564620,0.0183
DQN,42,123,11070,258430.00,0.6956,0.611214,0.0157
DQN,42,124,11160,305162.00,0.6931,0.583886,0.0157
DQN,42,125,11250,258090.00,0.6906,0.568310,0.0148
DQN,42,126,11340,276814.00,0.6882,0.581723,0.0143
DQN,42,127,11430,294784.00,0.6857,0.598520,0.0147
DQN,42,128,11520,267428.00,0.6832,0.602688,0.0148
DQN,42,129,11610,291490.00,0.6807,0.583111,0.0138
DQN,42,130,11700,317622.00,0.6783,0.575553,0.0145
DQN,42,131,11790,286982.00,0.6758,0.569874,0.0142
DQN,42,132,11880,274656.00,0.6733,0.567761,0.0152
DQN,42,133,11970,314576.00,0.6708,0.572407,0.0149
DQN,42,134,12060,283580.00,0.6683,0.594068,0.0145
DQN,42,135,12150,319934.00,0.6659,0.568757,0.0152
DQN,42,136,12240,323236.00,0.6634,0.549565,0.0174
DQN,42,137,12330,289672.00,0.6609,0.576701,0.0151
DQN,42,138,12420,267108.00,0.6584,0.575307,0.0156
DQN,42,139,12510,308662.00,0.6560,0.572007,0.0149
DQN,42,140,12600,270522.00,0.6535,0.566434,0.0140
DQN,42,141,12690,307880.00,0.6510,0.561248,0.0148
DQN,42,142,12780,294610.00,0.6485,0.563348,0.0145
DQN,42,143,12870,328838.00,0.6461,0.571224,0.0153
DQN,42,144,12960,298818.00,0.6436,0.559380,0.0151
DQN,42,145,13050,308636.00,0.6411,0.563256,0.0165
DQN,42,146,13140,276296.00,0.6386,0.557629,0.0157
DQN,42,147,13230,299268.00,0.6362,0.543008,0.0167
DQN,42,148,13320,268810.00,0.6337,0.541218,0.0143
DQN,42,149,13410,303618.00,0.6312,0.553724,0.0150
DQN,42,150,13500,305770.00,0.6288,0.543399,0.0158
DQN,42,151,13590,277250.00,0.6263,0.571709,0.0163
DQN,42,152,13680,301982.00,0.6238,0.552012,0.0155
DQN,42,153,13770,318760.00,0.6213,0.559511,0.0151
DQN,42,154,13860,334994.00,0.6189,0.554008,0.0144
DQN,42,155,13950,272664.00,0.6164,0.551208,0.0145
DQN,42,156,14040,316090.00,0.6139,0.554980,0.0146
DQN,42,157,14130,295466.00,0.6114,0.544889,0.0155
DQN,42,158,14220,319944.00,0.6089,0.544401,0.0160
DQN,42,159,14310,290648.00,0.6065,0.538381,0.0150
DQN,42,160,14400,294618.00,0.6040,0.531089,0.0152
DQN,42,161,14490,309778.00,0.6015,0.533571,0.0155
DQN,42,162,14580,316326.00,0.5990,0.544539,0.0144
DQN,42,163,14670,319240.00,0.5966,0.534129,0.0148
DQN,42,164,14760,320114.00,0.5941,0.563964,0.0150
DQN,42,165,14850,309276.00,0.5916,0.565312,0.0175
DQN,42,166,14940,300702.00,0.5892,0.551707,0.0144
DQN,42,167,15030,311418.00,0.5867,0.540725,0.0145
DQN,42,168,15120,311710.00,0.5842,0.552029,0.0156
DQN,42,169,15210,308702.00,0.5817,0.538314,0.0148
DQN,42,170,15300,286122.00,0.5793,0.512819,0.0143
DQN,42,171,15390,303696.00,0.5768,0.513119,0.0142
DQN,42,172,15480,276716.00,0.5743,0.537643,0.0153
DQN,42,173,15570,310378.00,0.5718,0.530550,0.0145
DQN,42,174,15660,271460.00,0.5694,0.522167,0.0158
DQN,42,175,15750,295768.00,0.5669,0.526829,0.0143
DQN,42,176,15840,316706.00,0.5644,0.517782,0.0136
DQN,42,177,15930,324590.00,0.5619,0.526901,0.0146
DQN,42,178,16020,312628.00,0.5595,0.517425,0.0156
DQN,42,179,16110,294544.00,0.5570,0.531346,0.0163
DQN,42,180,16200,320498.00,0.5545,0.535768,0.0159
DQN,42,181,16290,311558.00,0.5520,0.519558,0.0146
DQN,42,182,16380,298670.00,0.5495,0.504982,0.0158
DQN,42,183,16470,309698.00,0.5471,0.518466,0.0153
DQN,42,184,16560,310480.00,0.5446,0.505071,0.0156
DQN,42,185,16650,281298.00,0.5421,0.516713,0.0150
DQN,42,186,16740,287568.00,0.5396,0.519723,0.0161
DQN,42,187,16830,286784.00,0.5372,0.521909,0.0152
DQN,42,188,16920,308208.00,0.5347,0.526349,0.0145
DQN,42,189,17010,319416.00,0.5322,0.523173,0.0137
DQN,42,190,17100,293718.00,0.5297,0.526574,0.0151
DQN,42,191,17190,316620.00,0.5273,0.530856,0.0142
DQN,42,192,17280,309080.00,0.5248,0.534661,0.0166
DQN,42,193,17370,311982.00,0.5223,0.545378,0.0146
DQN,42,194,17460,302250.00,0.5199,0.535073,0.0159
DQN,42,195,17550,311242.00,0.5174,0.523866,0.0170
DQN,42,196,17640,318250.00,0.5149,0.520746,0.0154
DQN,42,197,17730,308044.00,0.5124,0.527923,0.0146
DQN,42,198,17820,298862.00,0.5100,0.513479,0.0168
DQN,42,199,17910,329342.00,0.5075,0.528779,0.0154
DQN,42,200,18000,314980.00,0.5050,0.514914,0.0148
DQN,42,201,18090,328884.00,0.5025,0.523775,0.0163
DQN,42,202,18180,318736.00,0.5000,0.525916,0.0169
DQN,42,203,18270,298536.00,0.4976,0.524553,0.0153
DQN,42,204,18360,293332.00,0.4951,0.531139,0.0142
DQN,42,205,18450,320476.00,0.4926,0.517366,0.0142
DQN,42,206,18540,301266.00,0.4901,0.510394,0.0146
DQN,42,207,18630,310010.00,0.4877,0.523421,0.0148
DQN,42,208,18720,292060.00,0.4852,0.516072,0.0145
DQN,42,209,18810,316534.00,0.4827,0.509756,0.0150
DQN,42,210,18900,301268.00,0.4802,0.498693,0.0161
DQN,42,211,18990,287048.00,0.4778,0.508134,0.0141
DQN,42,212,19080,304012.00,0.4753,0.511994,0.0156
DQN,42,213,19170,308040.00,0.4728,0.525915,0.0152
DQN,42,214,19260,302356.00,0.4703,0.515281,0.0140
DQN,42,215,19350,320678.00,0.4679,0.519926,0.0141
DQN,42,216,19440,310296.00,0.4654,0.522866,0.0164
DQN,42,217,19530,326660.00,0.4629,0.512849,0.0149
DQN,42,218,19620,330470.00,0.4604,0.515205,0.0148
DQN,42,219,19710,318368.00,0.4580,0.513599,0.0149
DQN,42,220,19800,295662.00,0.4555,0.515515,0.0172
DQN,42,221,19890,311834.00,0.4530,0.512593,0.0153
DQN,42,222,19980,318202.00,0.4506,0.498026,0.0168
DQN,42,223,20070,310922.00,0.4481,0.539751,0.0165
DQN,42,224,20160,313012.00,0.4456,0.505007,0.0166
DQN,42,225,20250,317730.00,0.4431,0.503393,0.0152
DQN,42,226,20340,298972.00,0.4407,0.515611,0.0166
DQN,42,227,20430,300764.00,0.4382,0.510373,0.0162
DQN,42,228,20520,313690.00,0.4357,0.494592,0.0159
DQN,42,229,20610,300258.00,0.4332,0.511978,0.0159
DQN,42,230,20700,304672.00,0.4308,0.509755,0.0163
DQN,42,231,20790,323296.00,0.4283,0.499745,0.0170
DQN,42,232,20880,288360.00,0.4258,0.488338,0.0163
DQN,42,233,20970,317400.00,0.4233,0.480109,0.0147
DQN,42,234,21060,308326.00,0.4209,0.488071,0.0148
DQN,42,235,21150,297962.00,0.4184,0.488043,0.0153
DQN,42,236,21240,332702.00,0.4159,0.480676,0.0172
DQN,42,237,21330,315412.00,0.4134,0.473919,0.0140
DQN,42,238,21420,304610.00,0.4110,0.467860,0.0144
DQN,42,239,21510,347166.00,0.4085,0.481191,0.0153
DQN,42,240,21600,319574.00,0.4060,0.483700,0.0164
DQN,42,241,21690,315566.00,0.4035,0.504114,0.0176
DQN,42,242,21780,308922.00,0.4011,0.481736,0.0152
DQN,42,243,21870,300062.00,0.3986,0.482533,0.0159
DQN,42,244,21960,307428.00,0.3961,0.460634,0.0167
DQN,42,245,22050,294306.00,0.3936,0.475325,0.0149
DQN,42,246,22140,313266.00,0.3911,0.455599,0.0163
DQN,42,247,22230,319368.00,0.3887,0.448676,0.0171
DQN,42,248,22320,287626.00,0.3862,0.466714,0.0147
DQN,42,249,22410,337470.00,0.3837,0.460464,0.0167
DQN,42,250,22500,305548.00,0.3812,0.463235,0.0165
DQN,42,251,22590,332194.00,0.3788,0.451676,0.0184
DQN,42,252,22680,328538.00,0.3763,0.449703,0.0162
DQN,42,253,22770,311682.00,0.3738,0.439680,0.0153
DQN,42,254,22860,329400.00,0.3713,0.445384,0.0168
DQN,42,255,22950,325746.00,0.3689,0.453430,0.0154
DQN,42,256,23040,327922.00,0.3664,0.440441,0.0153
DQN,42,257,23130,323056.00,0.3639,0.449470,0.0163
DQN,42,258,23220,333760.00,0.3614,0.425600,0.0150
DQN,42,259,23310,312726.00,0.3590,0.430148,0.0148
DQN,42,260,23400,328836.00,0.3565,0.433888,0.0139
DQN,42,261,23490,329296.00,0.3540,0.439110,0.0150
DQN,42,262,23580,322714.00,0.3516,0.443435,0.0143
DQN,42,263,23670,329648.00,0.3491,0.443812,0.0150
DQN,42,264,23760,345558.00,0.3466,0.453875,0.0158
DQN,42,265,23850,325228.00,0.3441,0.457640,0.0158
DQN,42,266,23940,314776.00,0.3417,0.449799,0.0147
DQN,42,267,24030,319556.00,0.3392,0.435274,0.0153
DQN,42,268,24120,326948.00,0.3367,0.449928,0.0172
DQN,42,269,24210,337102.00,0.3342,0.457772,0.0165
DQN,42,270,24300,301020.00,0.3317,0.471103,0.0156
DQN,42,271,24390,324886.00,0.3293,0.453131,0.0158
DQN,42,272,24480,339368.00,0.3268,0.457952,0.0165
DQN,42,273,24570,327932.00,0.3243,0.467779,0.0169
DQN,42,274,24660,327658.00,0.3218,0.460211,0.0160
DQN,42,275,24750,332584.00,0.3194,0.460837,0.0157
DQN,42,276,24840,331274.00,0.3169,0.462758,0.0163
DQN,42,277,24930,324692.00,0.3144,0.460330,0.0165
DQN,42,278,25020,327188.00,0.3120,0.443017,0.0162
DQN,42,279,25110,327288.00,0.3095,0.443669,0.0165
DQN,42,280,25200,309890.00,0.3070,0.442182,0.0172
DQN,42,281,25290,340626.00,0.3045,0.441629,0.0154
DQN,42,282,25380,321934.00,0.3021,0.438210,0.0152
DQN,42,283,25470,330710.00,0.2996,0.445161,0.0144
DQN,42,284,25560,310856.00,0.2971,0.443895,0.0175
DQN,42,285,25650,318546.00,0.2946,0.446957,0.0161
DQN,42,286,25740,315686.00,0.2922,0.437365,0.0169
DQN,42,287,25830,318310.00,0.2897,0.442296,0.0154
DQN,42,288,25920,322978.00,0.2872,0.433107,0.0159
DQN,42,289,26010,320604.00,0.2847,0.431490,0.0151
DQN,42,290,26100,324264.00,0.2823,0.443124,0.0150
DQN,42,291,26190,327234.00,0.2798,0.434901,0.0150
DQN,42,292,26280,342462.00,0.2773,0.436452,0.0157
DQN,42,293,26370,334514.00,0.2748,0.446601,0.0153
DQN,42,294,26460,324000.00,0.2723,0.434686,0.0156
DQN,42,295,26550,306886.00,0.2699,0.418886,0.0175
DQN,42,296,26640,322882.00,0.2674,0.425080,0.0143
DQN,42,297,26730,313054.00,0.2649,0.416754,0.0160
DQN,42,298,26820,331188.00,0.2624,0.430649,0.0150
DQN,42,299,26910,329388.00,0.2600,0.417776,0.0156
DQN,42,300,27000,338688.00,0.2575,0.432052,0.0173
DQN,42,301,27090,325016.00,0.2550,0.434510,0.0161
DQN,42,302,27180,326324.00,0.2526,0.453058,0.0179
DQN,42,303,27270,310644.00,0.2501,0.446896,0.0150
DQN,42,304,27360,330282.00,0.2476,0.430037,0.0160
DQN,42,305,27450,328690.00,0.2451,0.420601,0.0168
DQN,42,306,27540,332250.00,0.2427,0.416628,0.0149
DQN,42,307,27630,323290.00,0.2402,0.442944,0.0147
DQN,42,308,27720,298772.00,0.2377,0.433309,0.0172
DQN,42,309,27810,310242.00,0.2352,0.433142,0.0170
DQN,42,310,27900,334490.00,0.2328,0.439608,0.0149
DQN,42,311,27990,315048.00,0.2303,0.431675,0.0146
DQN,42,312,28080,321588.00,0.2278,0.399292,0.0156
DQN,42,313,28170,321446.00,0.2253,0.411179,0.0216
DQN,42,314,28260,337516.00,0.2228,0.412165,0.0173
DQN,42,315,28350,334294.00,0.2204,0.421801,0.0154
DQN,42,316,28440,328404.00,0.2179,0.408731,0.0136
DQN,42,317,28530,334518.00,0.2154,0.413136,0.0151
DQN,42,318,28620,302120.00,0.2129,0.401098,0.0162
DQN,42,319,28710,327100.00,0.2105,0.408666,0.0158
DQN,42,320,28800,326268.00,0.2080,0.405721,0.0166
DQN,42,321,28890,332552.00,0.2055,0.416334,0.0162
DQN,42,322,28980,333012.00,0.2030,0.411222,0.0153
DQN,42,323,29070,328914.00,0.2006,0.400676,0.0149
DQN,42,324,29160,339320.00,0.1981,0.404873,0.0154
DQN,42,325,29250,335862.00,0.1956,0.391399,0.0158
DQN,42,326,29340,328550.00,0.1932,0.401078,0.0163
DQN,42,327,29430,325838.00,0.1907,0.397730,0.0159
DQN,42,328,29520,326072.00,0.1882,0.390697,0.0155
DQN,42,329,29610,325004.00,0.1857,0.385877,0.0155
DQN,42,330,29700,324824.00,0.1833,0.377196,0.0176
DQN,42,331,29790,318074.00,0.1808,0.385495,0.0159
DQN,42,332,29880,312648.00,0.1783,0.382858,0.0168
DQN,42,333,29970,328814.00,0.1758,0.377699,0.0164
DQN,42,334,30060,323250.00,0.1734,0.387845,0.0150
DQN,42,335,30150,313180.00,0.1709,0.372729,0.0154
DQN,42,336,30240,318516.00,0.1684,0.371330,0.0149
DQN,42,337,30330,327184.00,0.1659,0.375487,0.0149
DQN,42,338,30420,329552.00,0.1634,0.371668,0.0141
DQN,42,339,30510,325804.00,0.1610,0.373103,0.0163
DQN,42,340,30600,301162.00,0.1585,0.383894,0.0174
DQN,42,341,30690,326996.00,0.1560,0.381168,0.0181
DQN,42,342,30780,316696.00,0.1536,0.382641,0.0161
DQN,42,343,30870,337660.00,0.1511,0.379437,0.0159
DQN,42,344,30960,330416.00,0.1486,0.374458,0.0151
DQN,42,345,31050,335036.00,0.1461,0.387410,0.0140
DQN,42,346,31140,319868.00,0.1437,0.411341,0.0176
DQN,42,347,31230,343496.00,0.1412,0.396461,0.0169
DQN,42,348,31320,330694.00,0.1387,0.395052,0.0137
DQN,42,349,31410,309966.00,0.1362,0.399423,0.0136
DQN,42,350,31500,325728.00,0.1338,0.364009,0.0159
DQN,42,351,31590,331632.00,0.1313,0.384540,0.0193
DQN,42,352,31680,340720.00,0.1288,0.377910,0.0221
DQN,42,353,31770,321828.00,0.1263,0.374886,0.0197
DQN,42,354,31860,328556.00,0.1239,0.378453,0.0201
DQN,42,355,31950,332704.00,0.1214,0.378573,0.0191
DQN,42,356,32040,333746.00,0.1189,0.376814,0.0146
DQN,42,357,32130,315304.00,0.1164,0.371968,0.0166
DQN,42,358,32220,327034.00,0.1139,0.381500,0.0154
DQN,42,359,32310,351068.00,0.1115,0.374657,0.0138
DQN,42,360,32400,342348.00,0.1090,0.374664,0.0156
DQN,42,361,32490,332990.00,0.1065,0.391486,0.0137
DQN,42,362,32580,332818.00,0.1040,0.393747,0.0153
DQN,42,363,32670,333716.00,0.1016,0.381257,0.0157
DQN,42,364,32760,332282.00,0.0991,0.386971,0.0139
DQN,42,365,32850,336052.00,0.0966,0.394576,0.0166
DQN,42,366,32940,329312.00,0.0941,0.383373,0.0154
DQN,42,367,33030,327626.00,0.0917,0.391621,0.0185
DQN,42,368,33120,328658.00,0.0892,0.380560,0.0147
DQN,42,369,33210,327086.00,0.0867,0.386000,0.0140
DQN,42,370,33300,324448.00,0.0842,0.383948,0.0169
DQN,42,371,33390,331450.00,0.0818,0.381957,0.0166
DQN,42,372,33480,314334.00,0.0793,0.379414,0.0188
DQN,42,373,33570,322558.00,0.0768,0.386417,0.0178
DQN,42,374,33660,328462.00,0.0743,0.406438,0.0165
DQN,42,375,33750,340616.00,0.0719,0.389592,0.0172
DQN,42,376,33840,324746.00,0.0694,0.387440,0.0165
DQN,42,377,33930,317676.00,0.0669,0.391799,0.0164
DQN,42,378,34020,326614.00,0.0645,0.369221,0.0165
DQN,42,379,34110,330814.00,0.0620,0.387481,0.0160
DQN,42,380,34200,322118.00,0.0595,0.375245,0.0151
DQN,42,381,34290,331956.00,0.0570,0.385435,0.0162
DQN,42,382,34380,330034.00,0.0546,0.382876,0.0162
DQN,42,383,34470,331354.00,0.0521,0.388083,0.0161
DQN,42,384,34560,337464.00,0.0496,0.387345,0.0152
DQN,42,385,34650,308126.00,0.0471,0.373270,0.0174
DQN,42,386,34740,330192.00,0.0447,0.392896,0.0160
DQN,42,387,34830,318722.00,0.0422,0.398109,0.0154
DQN,42,388,34920,335042.00,0.0397,0.382860,0.0167
DQN,42,389,35010,322868.00,0.0372,0.379022,0.0155
DQN,42,390,35100,321526.00,0.0348,0.346272,0.0148
DQN,42,391,35190,332232.00,0.0323,0.359896,0.0140
DQN,42,392,35280,339646.00,0.0298,0.350170,0.0170
DQN,42,393,35370,340792.00,0.0273,0.361546,0.0158
DQN,42,394,35460,339038.00,0.0249,0.356488,0.0149
DQN,42,395,35550,339626.00,0.0224,0.350390,0.0170
DQN,42,396,35640,325356.00,0.0199,0.345523,0.0152
DQN,42,397,35730,330724.00,0.0174,0.353559,0.0172
DQN,42,398,35820,324692.00,0.0150,0.351139,0.0152
DQN,42,399,35910,322218.00,0.0125,0.354719,0.0156
DQN,42,400,36000,323552.00,0.0100,0.359730,0.0186
DQN,42,401,36090,334706.00,0.0100,0.351435,0.0177
DQN,42,402,36180,332156.00,0.0100,0.370651,0.0191
DQN,42,403,36270,326946.00,0.0100,0.355032,0.0157
DQN,42,404,36360,336216.00,0.0100,0.362125,0.0147
DQN,42,405,36450,321068.00,0.0100,0.350234,0.0152
DQN,42,406,36540,321156.00,0.0100,0.361769,0.0153
DQN,42,407,36630,322268.00,0.0100,0.359509,0.0165
DQN,42,408,36720,330982.00,0.0100,0.353832,0.0147
DQN,42,409,36810,316254.00,0.0100,0.344292,0.0151
DQN,42,410,36900,333916.00,0.0100,0.346762,0.0159
DQN,42,411,36990,339628.00,0.0100,0.339822,0.0167
DQN,42,412,37080,326138.00,0.0100,0.338607,0.0182
DQN,42,413,37170,325746.00,0.0100,0.349131,0.0160
DQN,42,414,37260,338200.00,0.0100,0.338663,0.0171
DQN,42,415,37350,332292.00,0.0100,0.338174,0.0149
DQN,42,416,37440,335852.00,0.0100,0.339257,0.0177
DQN,42,417,37530,323600.00,0.0100,0.335973,0.0158
DQN,42,418,37620,331558.00,0.0100,0.344372,0.0151
DQN,42,419,37710,324750.00,0.0100,0.351261,0.0160
DQN,42,420,37800,330374.00,0.0100,0.340984,0.0162
DQN,42,421,37890,332448.00,0.0100,0.344048,0.0169
DQN,42,422,37980,322078.00,0.0100,0.341909,0.0151
DQN,42,423,38070,327822.00,0.0100,0.350679,0.0179
DQN,42,424,38160,320050.00,0.0100,0.355419,0.0166
DQN,42,425,38250,328832.00,0.0100,0.356011,0.0151
DQN,42,426,38340,322964.00,0.0100,0.351834,0.0167
DQN,42,427,38430,321562.00,0.0100,0.379508,0.0158
DQN,42,428,38520,333376.00,0.0100,0.356653,0.0166
DQN,42,429,38610,310654.00,0.0100,0.346814,0.0158
DQN,42,430,38700,333540.00,0.0100,0.352713,0.0167
DQN,42,431,38790,338198.00,0.0100,0.333699,0.0156
DQN,42,432,38880,318010.00,0.0100,0.336795,0.0164
DQN,42,433,38970,324054.00,0.0100,0.359006,0.0158
DQN,42,434,39060,325656.00,0.0100,0.344760,0.0161
DQN,42,435,39150,337404.00,0.0100,0.352752,0.0157
DQN,42,436,39240,342420.00,0.0100,0.348733,0.0147
DQN,42,437,39330,332224.00,0.0100,0.346941,0.0555
DQN,42,438,39420,320306.00,0.0100,0.348221,0.0153
DQN,42,439,39510,328642.00,0.0100,0.342993,0.0150
DQN,42,440,39600,340866.00,0.0100,0.334535,0.0146
DQN,42,441,39690,326164.00,0.0100,0.338820,0.0138
DQN,42,442,39780,337300.00,0.0100,0.341330,0.0154
DQN,42,443,39870,327742.00,0.0100,0.324739,0.0163
DQN,42,444,39960,325448.00,0.0100,0.327690,0.0159
DQN,42,445,40050,333240.00,0.0100,0.327308,0.0157
DQN,42,446,40140,331864.00,0.0100,0.328263,0.0153
DQN,42,447,40230,336226.00,0.0100,0.332291,0.0156
DQN,42,448,40320,322264.00,0.0100,0.339413,0.0160
DQN,42,449,40410,340562.00,0.0100,0.329312,0.0171
DQN,42,450,40500,331058.00,0.0100,0.344308,0.0160
DQN,42,451,40590,323878.00,0.0100,0.344952,0.0172
DQN,42,452,40680,326870.00,0.0100,0.337563,0.0167
DQN,42,453,40770,328054.00,0.0100,0.332232,0.0160
DQN,42,454,40860,327446.00,0.0100,0.332756,0.0152
DQN,42,455,40950,324004.00,0.0100,0.346662,0.0165
DQN,42,456,41040,338028.00,0.0100,0.323017,0.0157
DQN,42,457,41130,349794.00,0.0100,0.314239,0.0148
DQN,42,458,41220,330204.00,0.0100,0.310283,0.0230
DQN,42,459,41310,336338.00,0.0100,0.305993,0.0159
DQN,42,460,41400,324428.00,0.0100,0.303645,0.0144
DQN,42,461,41490,340294.00,0.0100,0.313012,0.0148
DQN,42,462,41580,318454.00,0.0100,0.315071,0.0142
DQN,42,463,41670,321286.00,0.0100,0.325612,0.0145
DQN,42,464,41760,331516.00,0.0100,0.322957,0.0140
DQN,42,465,41850,319274.00,0.0100,0.315350,0.0145
DQN,42,466,41940,310382.00,0.0100,0.331380,0.0154
DQN,42,467,42030,319730.00,0.0100,0.318908,0.0153
DQN,42,468,42120,337450.00,0.0100,0.315343,0.0157
DQN,42,469,42210,326858.00,0.0100,0.314988,0.0163
DQN,42,470,42300,315042.00,0.0100,0.317876,0.0152
DQN,42,471,42390,323290.00,0.0100,0.322259,0.0155
DQN,42,472,42480,335830.00,0.0100,0.324061,0.0152
DQN,42,473,42570,314318.00,0.0100,0.337204,0.0144
DQN,42,474,42660,314570.00,0.0100,0.333727,0.0156
DQN,42,475,42750,312436.00,0.0100,0.332467,0.0154
DQN,42,476,42840,330128.00,0.0100,0.332935,0.0149
DQN,42,477,42930,327878.00,0.0100,0.336858,0.0145
DQN,42,478,43020,320240.00,0.0100,0.329224,0.0140
DQN,42,479,43110,318674.00,0.0100,0.340373,0.0156
DQN,42,480,43200,328946.00,0.0100,0.334038,0.0161
DQN,42,481,43290,337232.00,0.0100,0.333931,0.0149
DQN,42,482,43380,319318.00,0.0100,0.337563,0.0151
DQN,42,483,43470,321892.00,0.0100,0.331245,0.0162
DQN,42,484,43560,312538.00,0.0100,0.327559,0.0149
DQN,42,485,43650,327688.00,0.0100,0.324060,0.0149
DQN,42,486,43740,320810.00,0.0100,0.335062,0.0155
DQN,42,487,43830,321582.00,0.0100,0.342205,0.0156
DQN,42,488,43920,341586.00,0.0100,0.325140,0.0157
DQN,42,489,44010,325074.00,0.0100,0.326508,0.0155
DQN,42,490,44100,308794.00,0.0100,0.342449,0.0152
DQN,42,491,44190,323714.00,0.0100,0.342818,0.0150
DQN,42,492,44280,318132.00,0.0100,0.357806,0.0147
DQN,42,493,44370,324970.00,0.0100,0.354607,0.0150
DQN,42,494,44460,322892.00,0.0100,0.338831,0.0153
DQN,42,495,44550,329076.00,0.0100,0.337740,0.0164
DQN,42,496,44640,319242.00,0.0100,0.326514,0.0151
DQN,42,497,44730,319558.00,0.0100,0.319156,0.0153
DQN,42,498,44820,326554.00,0.0100,0.332320,0.0155
DQN,42,499,44910,331958.00,0.0100,0.329449,0.0164
DQN,42,500,45000,337276.00,0.0100,0.317106,0.0167
DQN,123,1,90,285002.00,0.9975,0.000000,0.0004
DQN,123,2,180,272864.00,0.9950,0.000000,0.0004
DQN,123,3,270,212076.00,0.9926,0.000000,0.0004
DQN,123,4,360,255038.00,0.9901,0.000000,0.0004
DQN,123,5,450,210492.00,0.9876,0.000000,0.0004
DQN,123,6,540,241488.00,0.9851,3.423841,0.0087
DQN,123,7,630,235582.00,0.9827,2.407687,0.0139
DQN,123,8,720,260158.00,0.9802,1.342530,0.0163
DQN,123,9,810,244030.00,0.9777,1.287948,0.0133
DQN,123,10,900,256874.00,0.9752,1.332695,0.0134
DQN,123,11,990,299344.00,0.9728,1.295415,0.0138
DQN,123,12,1080,263986.00,0.9703,2.330684,0.0142
DQN,123,13,1170,263122.00,0.9678,1.175311,0.0148
DQN,123,14,1260,243128.00,0.9654,1.114060,0.0134
DQN,123,15,1350,163988.00,0.9629,1.120382,0.0145
DQN,123,16,1440,287428.00,0.9604,1.078044,0.0143
DQN,123,17,1530,299498.00,0.9579,1.601027,0.0156
DQN,123,18,1620,176990.00,0.9555,1.133121,0.0141
DQN,123,19,1710,254280.00,0.9530,0.992877,0.0143
DQN,123,20,1800,208952.00,0.9505,0.933080,0.0139
DQN,123,21,1890,180744.00,0.9480,0.860412,0.0140
DQN,123,22,1980,264774.00,0.9456,0.842170,0.0132
DQN,123,23,2070,260268.00,0.9431,1.490399,0.0134
DQN,123,24,2160,243142.00,0.9406,0.954446,0.0143
DQN,123,25,2250,280822.00,0.9381,0.893517,0.0143
DQN,123,26,2340,225836.00,0.9356,0.809481,0.0150
DQN,123,27,2430,218868.00,0.9332,0.799277,0.0145
DQN,123,28,2520,247532.00,0.9307,1.115711,0.0143
DQN,123,29,2610,290328.00,0.9282,1.018639,0.0138
DQN,123,30,2700,201526.00,0.9257,0.875475,0.0131
DQN,123,31,2790,257734.00,0.9233,0.852722,0.0140
DQN,123,32,2880,262604.00,0.9208,0.839323,0.0144
DQN,123,33,2970,298962.00,0.9183,0.847838,0.0165
DQN,123,34,3060,242794.00,0.9159,1.176202,0.0136
DQN,123,35,3150,298750.00,0.9134,0.930787,0.0160
DQN,123,36,3240,261190.00,0.9109,0.883731,0.0148
DQN,123,37,3330,219620.00,0.9084,0.832736,0.0140
DQN,123,38,3420,229692.00,0.9060,0.857373,0.0131
DQN,123,39,3510,222518.00,0.9035,1.008006,0.0151
DQN,123,40,3600,267286.00,0.9010,0.941755,0.0142
DQN,123,41,3690,244504.00,0.8985,0.843657,0.0138
DQN,123,42,3780,205514.00,0.8961,0.831334,0.0144
DQN,123,43,3870,245692.00,0.8936,0.814992,0.0151
DQN,123,44,3960,247820.00,0.8911,0.812172,0.0141
DQN,123,45,4050,283066.00,0.8886,1.011776,0.0134
DQN,123,46,4140,211616.00,0.8861,0.768805,0.0155
DQN,123,47,4230,256850.00,0.8837,0.737298,0.0138
DQN,123,48,4320,202300.00,0.8812,0.727712,0.0137
DQN,123,49,4410,268724.00,0.8787,0.708743,0.0145
DQN,123,50,4500,232748.00,0.8762,0.724556,0.0145
DQN,123,51,4590,243978.00,0.8738,0.782776,0.0166
DQN,123,52,4680,286900.00,0.8713,0.672029,0.0150
DQN,123,53,4770,302640.00,0.8688,0.657495,0.0157
DQN,123,54,4860,304714.00,0.8663,0.649774,0.0139
DQN,123,55,4950,228340.00,0.8639,0.632961,0.0139
DQN,123,56,5040,244730.00,0.8614,0.752040,0.0152
DQN,123,57,5130,255194.00,0.8589,0.632615,0.0145
DQN,123,58,5220,250380.00,0.8565,0.631754,0.0150
DQN,123,59,5310,273230.00,0.8540,0.612528,0.0151
DQN,123,60,5400,270418.00,0.8515,0.614016,0.0141
DQN,123,61,5490,274790.00,0.8490,0.617230,0.0138
DQN,123,62,5580,326692.00,0.8466,0.687616,0.0137
DQN,123,63,5670,246494.00,0.8441,0.609125,0.0158
DQN,123,64,5760,261858.00,0.8416,0.609313,0.0141
DQN,123,65,5850,283830.00,0.8391,0.603411,0.0154
DQN,123,66,5940,272090.00,0.8367,0.588061,0.0139
DQN,123,67,6030,289422.00,0.8342,0.644168,0.0144
DQN,123,68,6120,276450.00,0.8317,0.619470,0.0149
DQN,123,69,6210,246546.00,0.8292,0.583723,0.0149
DQN,123,70,6300,271074.00,0.8267,0.600992,0.0137
DQN,123,71,6390,297536.00,0.8243,0.609068,0.0162
DQN,123,72,6480,307564.00,0.8218,0.600983,0.0140
DQN,123,73,6570,301288.00,0.8193,0.633172,0.0143
DQN,123,74,6660,291358.00,0.8168,0.594686,0.0148
DQN,123,75,6750,283200.00,0.8144,0.599623,0.0146
DQN,123,76,6840,247714.00,0.8119,0.600881,0.0152
DQN,123,77,6930,287608.00,0.8094,0.600425,0.0148
DQN,123,78,7020,294666.00,0.8070,0.616696,0.0138
DQN,123,79,7110,276964.00,0.8045,0.619975,0.0129
DQN,123,80,7200,243976.00,0.8020,0.584011,0.0142
DQN,123,81,7290,255418.00,0.7995,0.589899,0.0144
DQN,123,82,7380,246920.00,0.7971,0.608612,0.0146
DQN,123,83,7470,303620.00,0.7946,0.610430,0.0147
DQN,123,84,7560,296688.00,0.7921,0.617270,0.0157
DQN,123,85,7650,293394.00,0.7896,0.574022,0.0161
DQN,123,86,7740,260328.00,0.7872,0.579925,0.0145
DQN,123,87,7830,254198.00,0.7847,0.591510,0.0145
DQN,123,88,7920,277312.00,0.7822,0.595000,0.0133
DQN,123,89,8010,304668.00,0.7797,0.598295,0.0151
DQN,123,90,8100,277808.00,0.7772,0.604389,0.0141
DQN,123,91,8190,264648.00,0.7748,0.589391,0.0163
DQN,123,92,8280,275756.00,0.7723,0.599386,0.0137
DQN,123,93,8370,287898.00,0.7698,0.595474,0.0144
DQN,123,94,8460,291254.00,0.7673,0.579720,0.0156
DQN,123,95,8550,290904.00,0.7649,0.638804,0.0138
DQN,123,96,8640,285314.00,0.7624,0.599109,0.0137
DQN,123,97,8730,287572.00,0.7599,0.582541,0.0141
DQN,123,98,8820,289546.00,0.7574,0.593050,0.0148
DQN,123,99,8910,226062.00,0.7550,0.582862,0.0141
DQN,123,100,9000,314170.00,0.7525,0.597598,0.0152
DQN,123,101,9090,294534.00,0.7500,0.629597,0.0153
DQN,123,102,9180,274122.00,0.7475,0.566473,0.0170
DQN,123,103,9270,287468.00,0.7451,0.569259,0.0142
DQN,123,104,9360,281398.00,0.7426,0.560967,0.0145
DQN,123,105,9450,284048.00,0.7401,0.566704,0.0146
DQN,123,106,9540,272534.00,0.7376,0.608209,0.0163
DQN,123,107,9630,290548.00,0.7352,0.563590,0.0133
DQN,123,108,9720,248794.00,0.7327,0.586605,0.0136
DQN,123,109,9810,295542.00,0.7302,0.572612,0.0139
DQN,123,110,9900,295328.00,0.7278,0.553399,0.0143
DQN,123,111,9990,273984.00,0.7253,0.548838,0.0144
DQN,123,112,10080,330892.00,0.7228,0.592827,0.0142
DQN,123,113,10170,290362.00,0.7203,0.562411,0.0159
DQN,123,114,10260,300784.00,0.7179,0.568240,0.0152
DQN,123,115,10350,321116.00,0.7154,0.567039,0.0139
DQN,123,116,10440,303524.00,0.7129,0.545140,0.0143
DQN,123,117,10530,287066.00,0.7104,0.564160,0.0144
DQN,123,118,10620,258060.00,0.7080,0.560869,0.0142
DQN,123,119,10710,298098.00,0.7055,0.569631,0.0142
DQN,123,120,10800,302970.00,0.7030,0.561554,0.0173
DQN,123,121,10890,301728.00,0.7005,0.529543,0.0140
DQN,123,122,10980,313728.00,0.6981,0.556066,0.0144
DQN,123,123,11070,262450.00,0.6956,0.572631,0.0135
DQN,123,124,11160,301982.00,0.6931,0.551323,0.0147
DQN,123,125,11250,280274.00,0.6906,0.542837,0.0141
DQN,123,126,11340,308812.00,0.6882,0.544673,0.0137
DQN,123,127,11430,276048.00,0.6857,0.533717,0.0142
DQN,123,128,11520,264844.00,0.6832,0.556791,0.0152
DQN,123,129,11610,281384.00,0.6807,0.552918,0.0141
DQN,123,130,11700,292302.00,0.6783,0.555101,0.0136
DQN,123,131,11790,287748.00,0.6758,0.562231,0.0143
DQN,123,132,11880,248286.00,0.6733,0.559960,0.0136
DQN,123,133,11970,248006.00,0.6708,0.562422,0.0150
DQN,123,134,12060,284198.00,0.6683,0.544804,0.0174
DQN,123,135,12150,287710.00,0.6659,0.546139,0.0158
DQN,123,136,12240,328564.00,0.6634,0.577117,0.0146
DQN,123,137,12330,304650.00,0.6609,0.561623,0.0147
DQN,123,138,12420,297494.00,0.6584,0.546927,0.0155
DQN,123,139,12510,299364.00,0.6560,0.570366,0.0139
DQN,123,140,12600,296982.00,0.6535,0.542727,0.0154
DQN,123,141,12690,271828.00,0.6510,0.558927,0.0147
DQN,123,142,12780,304980.00,0.6485,0.547089,0.0145
DQN,123,143,12870,288470.00,0.6461,0.538649,0.0145
DQN,123,144,12960,312320.00,0.6436,0.548626,0.0140
DQN,123,145,13050,303544.00,0.6411,0.578212,0.0148
DQN,123,146,13140,296416.00,0.6386,0.544812,0.0143
DQN,123,147,13230,296766.00,0.6362,0.544779,0.0151
DQN,123,148,13320,278662.00,0.6337,0.551233,0.0149
DQN,123,149,13410,292614.00,0.6312,0.538628,0.0132
DQN,123,150,13500,286864.00,0.6288,0.561312,0.0139
DQN,123,151,13590,298236.00,0.6263,0.543540,0.0155
DQN,123,152,13680,317740.00,0.6238,0.543725,0.0171
DQN,123,153,13770,319082.00,0.6213,0.558388,0.0145
DQN,123,154,13860,307428.00,0.6189,0.540278,0.0148
DQN,123,155,13950,303604.00,0.6164,0.531673,0.0146
DQN,123,156,14040,319724.00,0.6139,0.544557,0.0155
DQN,123,157,14130,284110.00,0.6114,0.529547,0.0145
DQN,123,158,14220,283840.00,0.6089,0.534755,0.0148
DQN,123,159,14310,301808.00,0.6065,0.539608,0.0139
DQN,123,160,14400,331978.00,0.6040,0.535034,0.0141
DQN,123,161,14490,303330.00,0.6015,0.532200,0.0169
DQN,123,162,14580,316360.00,0.5990,0.536534,0.0138
DQN,123,163,14670,298316.00,0.5966,0.516757,0.0148
DQN,123,164,14760,316482.00,0.5941,0.533218,0.0156
DQN,123,165,14850,315338.00,0.5916,0.531612,0.0144
DQN,123,166,14940,315308.00,0.5892,0.523581,0.0163
DQN,123,167,15030,295352.00,0.5867,0.538649,0.0154
DQN,123,168,15120,310542.00,0.5842,0.527440,0.0147
DQN,123,169,15210,297254.00,0.5817,0.529455,0.0133
DQN,123,170,15300,298998.00,0.5793,0.535126,0.0143
DQN,123,171,15390,294864.00,0.5768,0.525755,0.0147
DQN,123,172,15480,315764.00,0.5743,0.542716,0.0151
DQN,123,173,15570,283830.00,0.5718,0.536649,0.0167
DQN,123,174,15660,292708.00,0.5694,0.522528,0.0145
DQN,123,175,15750,310350.00,0.5669,0.538410,0.0145
DQN,123,176,15840,307416.00,0.5644,0.513527,0.0143
DQN,123,177,15930,308688.00,0.5619,0.521294,0.0148
DQN,123,178,16020,331250.00,0.5595,0.528837,0.0139
DQN,123,179,16110,308368.00,0.5570,0.538328,0.0145
DQN,123,180,16200,325100.00,0.5545,0.527094,0.0146
DQN,123,181,16290,324808.00,0.5520,0.537372,0.0160
DQN,123,182,16380,320212.00,0.5495,0.527046,0.0152
DQN,123,183,16470,293884.00,0.5471,0.530349,0.0159
DQN,123,184,16560,288706.00,0.5446,0.535914,0.0153
DQN,123,185,16650,296920.00,0.5421,0.525801,0.0155
DQN,123,186,16740,318400.00,0.5396,0.511113,0.0153
DQN,123,187,16830,318524.00,0.5372,0.515827,0.0179
DQN,123,188,16920,326960.00,0.5347,0.520924,0.0147
DQN,123,189,17010,320578.00,0.5322,0.514371,0.0146
DQN,123,190,17100,314458.00,0.5297,0.521056,0.0143
DQN,123,191,17190,303378.00,0.5273,0.522637,0.0155
DQN,123,192,17280,315400.00,0.5248,0.515766,0.0147
DQN,123,193,17370,335730.00,0.5223,0.534718,0.0141
DQN,123,194,17460,289080.00,0.5199,0.518630,0.0152
DQN,123,195,17550,290898.00,0.5174,0.524007,0.0149
DQN,123,196,17640,312678.00,0.5149,0.509901,0.0156
DQN,123,197,17730,326818.00,0.5124,0.509730,0.0168
DQN,123,198,17820,327316.00,0.5100,0.507160,0.0158
DQN,123,199,17910,315058.00,0.5075,0.504946,0.0150
DQN,123,200,18000,301152.00,0.5050,0.515629,0.0173
DQN,123,201,18090,321928.00,0.5025,0.501043,0.0160
DQN,123,202,18180,335536.00,0.5000,0.511323,0.0220
DQN,123,203,18270,324748.00,0.4976,0.501640,0.0266
DQN,123,204,18360,318852.00,0.4951,0.520087,0.0236
DQN,123,205,18450,310646.00,0.4926,0.523019,0.0144
DQN,123,206,18540,312620.00,0.4901,0.518979,0.0144
DQN,123,207,18630,322448.00,0.4877,0.532149,0.0153
DQN,123,208,18720,324932.00,0.4852,0.523745,0.0148
DQN,123,209,18810,296254.00,0.4827,0.492372,0.0154
DQN,123,210,18900,311532.00,0.4802,0.527828,0.0146
DQN,123,211,18990,324888.00,0.4778,0.522963,0.0150
DQN,123,212,19080,307326.00,0.4753,0.506353,0.0143
DQN,123,213,19170,331000.00,0.4728,0.516271,0.0174
DQN,123,214,19260,318160.00,0.4703,0.514643,0.0153
DQN,123,215,19350,330204.00,0.4679,0.491788,0.0161
DQN,123,216,19440,330298.00,0.4654,0.515885,0.0152
DQN,123,217,19530,321862.00,0.4629,0.517108,0.0156
DQN,123,218,19620,297392.00,0.4604,0.486118,0.0152
DQN,123,219,19710,312634.00,0.4580,0.501796,0.0162
DQN,123,220,19800,324092.00,0.4555,0.490638,0.0144
DQN,123,221,19890,340642.00,0.4530,0.509988,0.0147
DQN,123,222,19980,315886.00,0.4506,0.495039,0.0144
DQN,123,223,20070,307256.00,0.4481,0.498751,0.0149
DQN,123,224,20160,324806.00,0.4456,0.494331,0.0156
DQN,123,225,20250,313768.00,0.4431,0.482999,0.0134
DQN,123,226,20340,294998.00,0.4407,0.478363,0.0149
DQN,123,227,20430,312946.00,0.4382,0.468555,0.0151
DQN,123,228,20520,313866.00,0.4357,0.497688,0.0158
DQN,123,229,20610,310602.00,0.4332,0.495709,0.0147
DQN,123,230,20700,318540.00,0.4308,0.506174,0.0143
DQN,123,231,20790,293324.00,0.4283,0.502983,0.0144
DQN,123,232,20880,314450.00,0.4258,0.504374,0.0154
DQN,123,233,20970,331822.00,0.4233,0.482876,0.0152
DQN,123,234,21060,316182.00,0.4209,0.490730,0.0151
DQN,123,235,21150,329854.00,0.4184,0.493392,0.0141
DQN,123,236,21240,307746.00,0.4159,0.498139,0.0155
DQN,123,237,21330,308744.00,0.4134,0.485391,0.0157
DQN,123,238,21420,317766.00,0.4110,0.485935,0.0145
DQN,123,239,21510,321818.00,0.4085,0.486842,0.0148
DQN,123,240,21600,318528.00,0.4060,0.497760,0.0148
DQN,123,241,21690,291862.00,0.4035,0.486807,0.0146
DQN,123,242,21780,335218.00,0.4011,0.474819,0.0151
DQN,123,243,21870,299904.00,0.3986,0.472204,0.0149
DQN,123,244,21960,324432.00,0.3961,0.461669,0.0143
DQN,123,245,22050,313232.00,0.3936,0.498690,0.0148
DQN,123,246,22140,305242.00,0.3911,0.491881,0.0144
DQN,123,247,22230,337952.00,0.3887,0.471702,0.0158
DQN,123,248,22320,301176.00,0.3862,0.475011,0.0152
DQN,123,249,22410,321274.00,0.3837,0.490233,0.0146
DQN,123,250,22500,297798.00,0.3812,0.489265,0.0154
DQN,123,251,22590,309648.00,0.3788,0.465464,0.0164
DQN,123,252,22680,306196.00,0.3763,0.453833,0.0175
DQN,123,253,22770,325008.00,0.3738,0.469895,0.0147
DQN,123,254,22860,317920.00,0.3713,0.467619,0.0150
DQN,123,255,22950,315770.00,0.3689,0.451206,0.0146
DQN,123,256,23040,295080.00,0.3664,0.462855,0.0150
DQN,123,257,23130,309106.00,0.3639,0.455040,0.0149
DQN,123,258,23220,319730.00,0.3614,0.465417,0.0137
DQN,123,259,23310,312386.00,0.3590,0.460440,0.0152
DQN,123,260,23400,332420.00,0.3565,0.453064,0.0157
DQN,123,261,23490,307698.00,0.3540,0.451841,0.0157
DQN,123,262,23580,325960.00,0.3516,0.447854,0.0141
DQN,123,263,23670,325292.00,0.3491,0.467333,0.0164
DQN,123,264,23760,300134.00,0.3466,0.460127,0.0151
DQN,123,265,23850,332710.00,0.3441,0.461613,0.0146
DQN,123,266,23940,324332.00,0.3417,0.467391,0.0153
DQN,123,267,24030,323342.00,0.3392,0.468113,0.0150
DQN,123,268,24120,335828.00,0.3367,0.468912,0.0151
DQN,123,269,24210,313914.00,0.3342,0.465346,0.0160
DQN,123,270,24300,333752.00,0.3317,0.464021,0.0225
DQN,123,271,24390,298680.00,0.3293,0.451173,0.0161
DQN,123,272,24480,314862.00,0.3268,0.466406,0.0184
DQN,123,273,24570,311744.00,0.3243,0.448850,0.0185
DQN,123,274,24660,308924.00,0.3218,0.461014,0.0184
DQN,123,275,24750,317820.00,0.3194,0.441130,0.0207
DQN,123,276,24840,313636.00,0.3169,0.446702,0.0163
DQN,123,277,24930,302750.00,0.3144,0.439956,0.0149
DQN,123,278,25020,310000.00,0.3120,0.448931,0.0167
DQN,123,279,25110,326500.00,0.3095,0.437511,0.0161
DQN,123,280,25200,320466.00,0.3070,0.435043,0.0134
DQN,123,281,25290,312102.00,0.3045,0.428989,0.0160
DQN,123,282,25380,320454.00,0.3021,0.449451,0.0139
DQN,123,283,25470,316058.00,0.2996,0.426799,0.0136
DQN,123,284,25560,328000.00,0.2971,0.429512,0.0135
DQN,123,285,25650,312302.00,0.2946,0.428064,0.0133
DQN,123,286,25740,316828.00,0.2922,0.418968,0.0133
DQN,123,287,25830,317476.00,0.2897,0.434724,0.0132
DQN,123,288,25920,313808.00,0.2872,0.426762,0.0132
DQN,123,289,26010,308248.00,0.2847,0.415836,0.0132
DQN,123,290,26100,329690.00,0.2823,0.434446,0.0132
DQN,123,291,26190,326838.00,0.2798,0.417908,0.0133
DQN,123,292,26280,327398.00,0.2773,0.423014,0.0177
DQN,123,293,26370,307524.00,0.2748,0.433735,0.0136
DQN,123,294,26460,324186.00,0.2723,0.426772,0.0134
DQN,123,295,26550,314552.00,0.2699,0.452988,0.0133
DQN,123,296,26640,317392.00,0.2674,0.434427,0.0132
DQN,123,297,26730,317088.00,0.2649,0.439714,0.0134
DQN,123,298,26820,325716.00,0.2624,0.438235,0.0134
DQN,123,299,26910,325298.00,0.2600,0.427332,0.0134
DQN,123,300,27000,315222.00,0.2575,0.457049,0.0135
DQN,123,301,27090,324708.00,0.2550,0.417508,0.0191
DQN,123,302,27180,336298.00,0.2526,0.419844,0.0151
DQN,123,303,27270,327622.00,0.2501,0.419372,0.0135
DQN,123,304,27360,322912.00,0.2476,0.412500,0.0133
DQN,123,305,27450,318918.00,0.2451,0.405772,0.0135
DQN,123,306,27540,321600.00,0.2427,0.441301,0.0137
DQN,123,307,27630,340442.00,0.2402,0.446091,0.0136
DQN,123,308,27720,322998.00,0.2377,0.428153,0.0137
DQN,123,309,27810,315252.00,0.2352,0.439238,0.0135
DQN,123,310,27900,308864.00,0.2328,0.436060,0.0136
DQN,123,311,27990,325862.00,0.2303,0.445919,0.0136
DQN,123,312,28080,301812.00,0.2278,0.409804,0.0136
DQN,123,313,28170,327050.00,0.2253,0.440141,0.0136
DQN,123,314,28260,327090.00,0.2228,0.400042,0.0136
DQN,123,315,28350,319822.00,0.2204,0.401617,0.0137
DQN,123,316,28440,308288.00,0.2179,0.400059,0.0136
DQN,123,317,28530,324704.00,0.2154,0.412949,0.0137
DQN,123,318,28620,306950.00,0.2129,0.401533,0.0187
DQN,123,319,28710,330510.00,0.2105,0.399929,0.0168
DQN,123,320,28800,334880.00,0.2080,0.413327,0.0158
DQN,123,321,28890,320566.00,0.2055,0.386006,0.0136
DQN,123,322,28980,326354.00,0.2030,0.399733,0.0134
DQN,123,323,29070,308650.00,0.2006,0.410359,0.0134
DQN,123,324,29160,332226.00,0.1981,0.384630,0.0132
DQN,123,325,29250,333856.00,0.1956,0.390293,0.0133
DQN,123,326,29340,344454.00,0.1932,0.389342,0.0132
DQN,123,327,29430,326452.00,0.1907,0.376767,0.0133
DQN,123,328,29520,314452.00,0.1882,0.381422,0.0133
DQN,123,329,29610,326674.00,0.1857,0.389437,0.0132
DQN,123,330,29700,326726.00,0.1833,0.385909,0.0133
DQN,123,331,29790,308314.00,0.1808,0.377755,0.0134
DQN,123,332,29880,326548.00,0.1783,0.380417,0.0133
DQN,123,333,29970,325880.00,0.1758,0.382720,0.0133
DQN,123,334,30060,336746.00,0.1734,0.380005,0.0133
DQN,123,335,30150,326686.00,0.1709,0.378589,0.0133
DQN,123,336,30240,337890.00,0.1684,0.377742,0.0160
DQN,123,337,30330,333302.00,0.1659,0.373281,0.0160
DQN,123,338,30420,329650.00,0.1634,0.380082,0.0138
DQN,123,339,30510,316676.00,0.1610,0.376049,0.0133
DQN,123,340,30600,334818.00,0.1585,0.394541,0.0133
DQN,123,341,30690,320382.00,0.1560,0.385163,0.0133
DQN,123,342,30780,345626.00,0.1536,0.388169,0.0134
DQN,123,343,30870,335754.00,0.1511,0.392262,0.0134
DQN,123,344,30960,316972.00,0.1486,0.401529,0.0135
DQN,123,345,31050,325570.00,0.1461,0.385266,0.0136
DQN,123,346,31140,326160.00,0.1437,0.389240,0.0135
DQN,123,347,31230,324702.00,0.1412,0.395955,0.0137
DQN,123,348,31320,314262.00,0.1387,0.386021,0.0137
DQN,123,349,31410,316688.00,0.1362,0.391863,0.0137
DQN,123,350,31500,314724.00,0.1338,0.387591,0.0136
DQN,123,351,31590,318806.00,0.1313,0.376655,0.0230
DQN,123,352,31680,317902.00,0.1288,0.376057,0.0161
DQN,123,353,31770,322176.00,0.1263,0.387687,0.0176
DQN,123,354,31860,316162.00,0.1239,0.359839,0.0179
DQN,123,355,31950,327762.00,0.1214,0.364930,0.0164
DQN,123,356,32040,308126.00,0.1189,0.379858,0.0227
DQN,123,357,32130,337572.00,0.1164,0.376232,0.0171
DQN,123,358,32220,318208.00,0.1139,0.366163,0.0189
DQN,123,359,32310,332298.00,0.1115,0.366131,0.0148
DQN,123,360,32400,315120.00,0.1090,0.377865,0.0161
DQN,123,361,32490,330390.00,0.1065,0.362633,0.0161
DQN,123,362,32580,332822.00,0.1040,0.364930,0.0177
DQN,123,363,32670,330138.00,0.1016,0.378299,0.0174
DQN,123,364,32760,321326.00,0.0991,0.373164,0.0154
DQN,123,365,32850,323896.00,0.0966,0.369048,0.0146
DQN,123,366,32940,322808.00,0.0941,0.364117,0.0147
DQN,123,367,33030,329376.00,0.0917,0.369438,0.0160
DQN,123,368,33120,325642.00,0.0892,0.362339,0.0146
DQN,123,369,33210,307940.00,0.0867,0.383257,0.0137
DQN,123,370,33300,328532.00,0.0842,0.371312,0.0162
DQN,123,371,33390,325194.00,0.0818,0.364922,0.0145
DQN,123,372,33480,322792.00,0.0793,0.348668,0.0150
DQN,123,373,33570,332284.00,0.0768,0.355496,0.0162
DQN,123,374,33660,324744.00,0.0743,0.343152,0.0162
DQN,123,375,33750,311678.00,0.0719,0.353139,0.0150
DQN,123,376,33840,328784.00,0.0694,0.338830,0.0146
DQN,123,377,33930,315560.00,0.0669,0.354406,0.0148
DQN,123,378,34020,332086.00,0.0645,0.349003,0.0161
DQN,123,379,34110,343552.00,0.0620,0.332357,0.0158
DQN,123,380,34200,318216.00,0.0595,0.343275,0.0150
DQN,123,381,34290,327674.00,0.0570,0.339682,0.0159
DQN,123,382,34380,334750.00,0.0546,0.334856,0.0140
DQN,123,383,34470,325006.00,0.0521,0.337200,0.0147
DQN,123,384,34560,335958.00,0.0496,0.365716,0.0147
DQN,123,385,34650,331726.00,0.0471,0.361605,0.0145
DQN,123,386,34740,325058.00,0.0447,0.337719,0.0174
DQN,123,387,34830,322260.00,0.0422,0.342265,0.0149
DQN,123,388,34920,320740.00,0.0397,0.344079,0.0162
DQN,123,389,35010,321364.00,0.0372,0.344720,0.0150
DQN,123,390,35100,323234.00,0.0348,0.350248,0.0151
DQN,123,391,35190,340144.00,0.0323,0.346178,0.0152
DQN,123,392,35280,328510.00,0.0298,0.354383,0.0149
DQN,123,393,35370,329472.00,0.0273,0.351520,0.0142
DQN,123,394,35460,314602.00,0.0249,0.347277,0.0156
DQN,123,395,35550,314284.00,0.0224,0.343880,0.0151
DQN,123,396,35640,334938.00,0.0199,0.344718,0.0154
DQN,123,397,35730,338396.00,0.0174,0.334128,0.0150
DQN,123,398,35820,326506.00,0.0150,0.344674,0.0170
DQN,123,399,35910,328704.00,0.0125,0.332939,0.0155
DQN,123,400,36000,317854.00,0.0100,0.343043,0.0162
DQN,123,401,36090,331876.00,0.0100,0.356430,0.0147
DQN,123,402,36180,323784.00,0.0100,0.356221,0.0179
DQN,123,403,36270,333646.00,0.0100,0.345382,0.0155
DQN,123,404,36360,332486.00,0.0100,0.344758,0.0149
DQN,123,405,36450,329572.00,0.0100,0.354992,0.0152
DQN,123,406,36540,321426.00,0.0100,0.339357,0.0144
DQN,123,407,36630,318814.00,0.0100,0.319467,0.0141
DQN,123,408,36720,315198.00,0.0100,0.316470,0.0180
DQN,123,409,36810,325930.00,0.0100,0.323796,0.0165
DQN,123,410,36900,325062.00,0.0100,0.326892,0.0148
DQN,123,411,36990,323208.00,0.0100,0.315212,0.0158
DQN,123,412,37080,334296.00,0.0100,0.332877,0.0142
DQN,123,413,37170,344992.00,0.0100,0.322292,0.0167
DQN,123,414,37260,330946.00,0.0100,0.336589,0.0152
DQN,123,415,37350,319474.00,0.0100,0.331422,0.0160
DQN,123,416,37440,327624.00,0.0100,0.327595,0.0151
DQN,123,417,37530,335714.00,0.0100,0.333192,0.0154
DQN,123,418,37620,327776.00,0.0100,0.337930,0.0149
DQN,123,419,37710,306584.00,0.0100,0.345381,0.0152
DQN,123,420,37800,330850.00,0.0100,0.340936,0.0157
DQN,123,421,37890,338864.00,0.0100,0.333814,0.0146
DQN,123,422,37980,315566.00,0.0100,0.351308,0.0156
DQN,123,423,38070,324434.00,0.0100,0.343637,0.0159
DQN,123,424,38160,322584.00,0.0100,0.347133,0.0151
DQN,123,425,38250,328056.00,0.0100,0.337671,0.0137
DQN,123,426,38340,327148.00,0.0100,0.341786,0.0156
DQN,123,427,38430,326806.00,0.0100,0.337553,0.0151
DQN,123,428,38520,325152.00,0.0100,0.330051,0.0145
DQN,123,429,38610,314946.00,0.0100,0.328968,0.0158
DQN,123,430,38700,326946.00,0.0100,0.316343,0.0149
DQN,123,431,38790,331136.00,0.0100,0.323163,0.0166
DQN,123,432,38880,328494.00,0.0100,0.324046,0.0162
DQN,123,433,38970,330988.00,0.0100,0.313692,0.0170
DQN,123,434,39060,323126.00,0.0100,0.319961,0.0149
DQN,123,435,39150,316886.00,0.0100,0.322603,0.0144
DQN,123,436,39240,339694.00,0.0100,0.328462,0.0151
DQN,123,437,39330,323326.00,0.0100,0.308360,0.0165
DQN,123,438,39420,333704.00,0.0100,0.318708,0.0159
DQN,123,439,39510,322616.00,0.0100,0.326486,0.0160
DQN,123,440,39600,323406.00,0.0100,0.315787,0.0145
DQN,123,441,39690,329880.00,0.0100,0.323257,0.0141
DQN,123,442,39780,305240.00,0.0100,0.320272,0.0148
DQN,123,443,39870,324758.00,0.0100,0.326006,0.0153
DQN,123,444,39960,323820.00,0.0100,0.314628,0.0155
DQN,123,445,40050,318000.00,0.0100,0.318273,0.0149
DQN,123,446,40140,331616.00,0.0100,0.311996,0.0160
DQN,123,447,40230,333236.00,0.0100,0.303471,0.0152
DQN,123,448,40320,336124.00,0.0100,0.305145,0.0154
DQN,123,449,40410,326816.00,0.0100,0.304802,0.0157
DQN,123,450,40500,324862.00,0.0100,0.323267,0.0146
DQN,123,451,40590,322252.00,0.0100,0.316951,0.0153
DQN,123,452,40680,312344.00,0.0100,0.318500,0.0152
DQN,123,453,40770,326348.00,0.0100,0.321268,0.0166
DQN,123,454,40860,328628.00,0.0100,0.337981,0.0149
DQN,123,455,40950,344460.00,0.0100,0.331966,0.0173
DQN,123,456,41040,333786.00,0.0100,0.307157,0.0156
DQN,123,457,41130,324394.00,0.0100,0.305144,0.0165
DQN,123,458,41220,330426.00,0.0100,0.305558,0.0156
DQN,123,459,41310,331238.00,0.0100,0.317159,0.0140
DQN,123,460,41400,329084.00,0.0100,0.305664,0.0183
DQN,123,461,41490,324434.00,0.0100,0.313762,0.0189
DQN,123,462,41580,318816.00,0.0100,0.308131,0.0161
DQN,123,463,41670,325486.00,0.0100,0.321210,0.0177
DQN,123,464,41760,330506.00,0.0100,0.310270,0.0165
DQN,123,465,41850,323002.00,0.0100,0.317306,0.0157
DQN,123,466,41940,332570.00,0.0100,0.324309,0.0157
DQN,123,467,42030,342556.00,0.0100,0.309677,0.0139
DQN,123,468,42120,334960.00,0.0100,0.307763,0.0155
DQN,123,469,42210,321858.00,0.0100,0.309269,0.0153
DQN,123,470,42300,332492.00,0.0100,0.315145,0.0160
DQN,123,471,42390,320610.00,0.0100,0.313015,0.0152
DQN,123,472,42480,326778.00,0.0100,0.306685,0.0154
DQN,123,473,42570,318910.00,0.0100,0.298148,0.0146
DQN,123,474,42660,315738.00,0.0100,0.296879,0.0153
DQN,123,475,42750,327100.00,0.0100,0.298174,0.0155
DQN,123,476,42840,328152.00,0.0100,0.294550,0.0149
DQN,123,477,42930,324494.00,0.0100,0.297951,0.0164
DQN,123,478,43020,316422.00,0.0100,0.285815,0.0149
DQN,123,479,43110,323848.00,0.0100,0.306708,0.0160
DQN,123,480,43200,319728.00,0.0100,0.300736,0.0149
DQN,123,481,43290,322458.00,0.0100,0.301534,0.0135
DQN,123,482,43380,327928.00,0.0100,0.303435,0.0164
DQN,123,483,43470,350072.00,0.0100,0.299658,0.0148
DQN,123,484,43560,337962.00,0.0100,0.289947,0.0157
DQN,123,485,43650,321742.00,0.0100,0.285934,0.0157
DQN,123,486,43740,335958.00,0.0100,0.279588,0.0151
DQN,123,487,43830,335206.00,0.0100,0.282599,0.0154
DQN,123,488,43920,327666.00,0.0100,0.288638,0.0149
DQN,123,489,44010,335250.00,0.0100,0.280903,0.0157
DQN,123,490,44100,326726.00,0.0100,0.327861,0.0155
DQN,123,491,44190,317890.00,0.0100,0.317258,0.0153
DQN,123,492,44280,314706.00,0.0100,0.322245,0.0145
DQN,123,493,44370,327320.00,0.0100,0.324629,0.0146
DQN,123,494,44460,326736.00,0.0100,0.317909,0.0167
DQN,123,495,44550,323154.00,0.0100,0.344663,0.0140
DQN,123,496,44640,324622.00,0.0100,0.317220,0.0150
DQN,123,497,44730,325666.00,0.0100,0.338260,0.0144
DQN,123,498,44820,325294.00,0.0100,0.335220,0.0155
DQN,123,499,44910,328440.00,0.0100,0.322383,0.0156
DQN,123,500,45000,324260.00,0.0100,0.327187,0.0154
DQN,456,1,90,227836.00,0.9975,0.000000,0.0011
DQN,456,2,180,247842.00,0.9950,0.000000,0.0009
DQN,456,3,270,237844.00,0.9926,0.000000,0.0006
DQN,456,4,360,207268.00,0.9901,0.000000,0.0005
DQN,456,5,450,227404.00,0.9876,0.000000,0.0004
DQN,456,6,540,212306.00,0.9851,3.485865,0.0073
DQN,456,7,630,192248.00,0.9827,2.256369,0.0157
DQN,456,8,720,221944.00,0.9802,1.241946,0.0172
DQN,456,9,810,215540.00,0.9777,1.243900,0.0150
DQN,456,10,900,217894.00,0.9752,1.199096,0.0131
DQN,456,11,990,223794.00,0.9728,1.190038,0.0133
DQN,456,12,1080,206378.00,0.9703,2.277399,0.0140
DQN,456,13,1170,151250.00,0.9678,1.092894,0.0136
DQN,456,14,1260,259716.00,0.9654,1.084258,0.0139
DQN,456,15,1350,297618.00,0.9629,1.101131,0.0135
DQN,456,16,1440,262690.00,0.9604,1.043084,0.0134
DQN,456,17,1530,215272.00,0.9579,1.637313,0.0140
DQN,456,18,1620,213156.00,0.9555,1.136706,0.0143
DQN,456,19,1710,237526.00,0.9530,1.059204,0.0159
DQN,456,20,1800,243650.00,0.9505,1.029877,0.0148
DQN,456,21,1890,297040.00,0.9480,1.005660,0.0138
DQN,456,22,1980,232512.00,0.9456,1.020403,0.0147
DQN,456,23,2070,237358.00,0.9431,1.561402,0.0132
DQN,456,24,2160,208146.00,0.9406,1.032992,0.0137
DQN,456,25,2250,228348.00,0.9381,0.975713,0.0143
DQN,456,26,2340,271916.00,0.9356,0.950944,0.0148
DQN,456,27,2430,211128.00,0.9332,0.941366,0.0160
DQN,456,28,2520,260796.00,0.9307,1.242152,0.0160
DQN,456,29,2610,233958.00,0.9282,1.034104,0.0146
DQN,456,30,2700,237784.00,0.9257,0.955394,0.0139
DQN,456,31,2790,274940.00,0.9233,0.901712,0.0150
DQN,456,32,2880,256128.00,0.9208,0.885268,0.0134
DQN,456,33,2970,263030.00,0.9183,0.862783,0.0156
DQN,456,34,3060,281162.00,0.9159,1.261034,0.0145
DQN,456,35,3150,210058.00,0.9134,0.959789,0.0148
DQN,456,36,3240,247276.00,0.9109,0.923099,0.0144
DQN,456,37,3330,254776.00,0.9084,0.901986,0.0143
DQN,456,38,3420,238168.00,0.9060,0.844831,0.0148
DQN,456,39,3510,241564.00,0.9035,1.062870,0.0141
DQN,456,40,3600,253578.00,0.9010,1.072667,0.0131
DQN,456,41,3690,296914.00,0.8985,0.925561,0.0148
DQN,456,42,3780,235006.00,0.8961,0.878923,0.0144
DQN,456,43,3870,265504.00,0.8936,0.860349,0.0140
DQN,456,44,3960,226064.00,0.8911,0.836411,0.0141
DQN,456,45,4050,246420.00,0.8886,1.190249,0.0138
DQN,456,46,4140,264640.00,0.8861,0.979904,0.0149
DQN,456,47,4230,286244.00,0.8837,0.935151,0.0148
DQN,456,48,4320,190246.00,0.8812,0.906999,0.0139
DQN,456,49,4410,265702.00,0.8787,0.880709,0.0150
DQN,456,50,4500,248668.00,0.8762,0.883479,0.0224
DQN,456,51,4590,224728.00,0.8738,1.125032,0.0145
DQN,456,52,4680,246984.00,0.8713,0.941276,0.0153
DQN,456,53,4770,245456.00,0.8688,0.910590,0.0137
DQN,456,54,4860,265930.00,0.8663,0.907523,0.0141
DQN,456,55,4950,248834.00,0.8639,0.885569,0.0146
DQN,456,56,5040,255274.00,0.8614,1.098773,0.0143
DQN,456,57,5130,293234.00,0.8589,0.852222,0.0146
DQN,456,58,5220,279614.00,0.8565,0.859584,0.0145
DQN,456,59,5310,313840.00,0.8540,0.811601,0.0136
DQN,456,60,5400,287496.00,0.8515,0.829046,0.0136
DQN,456,61,5490,312170.00,0.8490,0.819442,0.0153
DQN,456,62,5580,309554.00,0.8466,0.840556,0.0155
DQN,456,63,5670,275204.00,0.8441,0.750462,0.0143
DQN,456,64,5760,273732.00,0.8416,0.718891,0.0141
DQN,456,65,5850,258458.00,0.8391,0.740832,0.0147
DQN,456,66,5940,270250.00,0.8367,0.731820,0.0137
DQN,456,67,6030,267268.00,0.8342,0.779366,0.0155
DQN,456,68,6120,286694.00,0.8317,0.692624,0.0131
DQN,456,69,6210,255472.00,0.8292,0.682277,0.0148
DQN,456,70,6300,312222.00,0.8267,0.653323,0.0144
DQN,456,71,6390,272940.00,0.8243,0.664554,0.0142
DQN,456,72,6480,295890.00,0.8218,0.676821,0.0154
DQN,456,73,6570,277788.00,0.8193,0.709049,0.0153
DQN,456,74,6660,202420.00,0.8168,0.651435,0.0142
DQN,456,75,6750,241902.00,0.8144,0.635623,0.0145
DQN,456,76,6840,302134.00,0.8119,0.635304,0.0136
DQN,456,77,6930,265452.00,0.8094,0.636648,0.0151
DQN,456,78,7020,295448.00,0.8070,0.682494,0.0164
DQN,456,79,7110,287994.00,0.8045,0.649982,0.0152
DQN,456,80,7200,286684.00,0.8020,0.620566,0.0148
DQN,456,81,7290,295576.00,0.7995,0.632781,0.0151
DQN,456,82,7380,295614.00,0.7971,0.621995,0.0146
DQN,456,83,7470,239506.00,0.7946,0.642692,0.0153
DQN,456,84,7560,236060.00,0.7921,0.660630,0.0145
DQN,456,85,7650,190992.00,0.7896,0.642428,0.0142
DQN,456,86,7740,300668.00,0.7872,0.617813,0.0141
DQN,456,87,7830,253910.00,0.7847,0.664250,0.0148
DQN,456,88,7920,259168.00,0.7822,0.625550,0.0152
DQN,456,89,8010,281552.00,0.7797,0.645241,0.0142
DQN,456,90,8100,246114.00,0.7772,0.637188,0.0143
DQN,456,91,8190,311344.00,0.7748,0.631805,0.0155
DQN,456,92,8280,295442.00,0.7723,0.658502,0.0149
DQN,456,93,8370,249534.00,0.7698,0.642302,0.0151
DQN,456,94,8460,272256.00,0.7673,0.627041,0.0163
DQN,456,95,8550,295860.00,0.7649,0.660563,0.0141
DQN,456,96,8640,239758.00,0.7624,0.616217,0.0245
DQN,456,97,8730,285732.00,0.7599,0.624354,0.0212
DQN,456,98,8820,264374.00,0.7574,0.623551,0.0166
DQN,456,99,8910,286846.00,0.7550,0.628084,0.0146
DQN,456,100,9000,287576.00,0.7525,0.627416,0.0135
DQN,456,101,9090,289998.00,0.7500,0.654180,0.0153
DQN,456,102,9180,285538.00,0.7475,0.642351,0.0155
DQN,456,103,9270,269866.00,0.7451,0.636613,0.0143
DQN,456,104,9360,302076.00,0.7426,0.634031,0.0157
DQN,456,105,9450,256982.00,0.7401,0.636270,0.0156
DQN,456,106,9540,293284.00,0.7376,0.645961,0.0132
DQN,456,107,9630,307580.00,0.7352,0.623795,0.0140
DQN,456,108,9720,317378.00,0.7327,0.608787,0.0141
DQN,456,109,9810,288672.00,0.7302,0.621162,0.0159
DQN,456,110,9900,309080.00,0.7278,0.622957,0.0158
DQN,456,111,9990,283690.00,0.7253,0.605208,0.0154
DQN,456,112,10080,292024.00,0.7228,0.651152,0.0151
DQN,456,113,10170,329048.00,0.7203,0.627356,0.0154
DQN,456,114,10260,276390.00,0.7179,0.599933,0.0147
DQN,456,115,10350,295008.00,0.7154,0.624694,0.0157
DQN,456,116,10440,254122.00,0.7129,0.638946,0.0137
DQN,456,117,10530,308140.00,0.7104,0.631931,0.0140
DQN,456,118,10620,300930.00,0.7080,0.622837,0.0148
DQN,456,119,10710,283152.00,0.7055,0.628317,0.0156
DQN,456,120,10800,299514.00,0.7030,0.633309,0.0147
DQN,456,121,10890,321676.00,0.7005,0.611983,0.0153
DQN,456,122,10980,299808.00,0.6981,0.635466,0.0139
DQN,456,123,11070,305446.00,0.6956,0.655468,0.0149
DQN,456,124,11160,267578.00,0.6931,0.632859,0.0172
DQN,456,125,11250,298118.00,0.6906,0.631047,0.0147
DQN,456,126,11340,305416.00,0.6882,0.626959,0.0145
DQN,456,127,11430,281982.00,0.6857,0.628245,0.0145
DQN,456,128,11520,292274.00,0.6832,0.635362,0.0151
DQN,456,129,11610,307216.00,0.6807,0.615024,0.0166
DQN,456,130,11700,275160.00,0.6783,0.615744,0.0144
DQN,456,131,11790,279020.00,0.6758,0.603762,0.0163
DQN,456,132,11880,281742.00,0.6733,0.599221,0.0145
DQN,456,133,11970,277044.00,0.6708,0.621090,0.0186
DQN,456,134,12060,297384.00,0.6683,0.645611,0.0225
DQN,456,135,12150,285440.00,0.6659,0.622266,0.0143
DQN,456,136,12240,316586.00,0.6634,0.605884,0.0154
DQN,456,137,12330,303966.00,0.6609,0.627137,0.0198
DQN,456,138,12420,300368.00,0.6584,0.596485,0.0144
DQN,456,139,12510,304420.00,0.6560,0.610531,0.0149
DQN,456,140,12600,280872.00,0.6535,0.633244,0.0137
DQN,456,141,12690,310880.00,0.6510,0.608117,0.0140
DQN,456,142,12780,310856.00,0.6485,0.616957,0.0152
DQN,456,143,12870,291656.00,0.6461,0.625562,0.0170
DQN,456,144,12960,270882.00,0.6436,0.629964,0.0143
DQN,456,145,13050,303732.00,0.6411,0.609791,0.0148
DQN,456,146,13140,287700.00,0.6386,0.602991,0.0140
DQN,456,147,13230,306020.00,0.6362,0.599474,0.0134
DQN,456,148,13320,298222.00,0.6337,0.593642,0.0152
DQN,456,149,13410,283174.00,0.6312,0.595144,0.0152
DQN,456,150,13500,290568.00,0.6288,0.596575,0.0143
DQN,456,151,13590,302288.00,0.6263,0.609758,0.0148
DQN,456,152,13680,300316.00,0.6238,0.610427,0.0172
DQN,456,153,13770,275664.00,0.6213,0.592528,0.0148
DQN,456,154,13860,265632.00,0.6189,0.591908,0.0159
DQN,456,155,13950,309600.00,0.6164,0.595183,0.0149
DQN,456,156,14040,303276.00,0.6139,0.586763,0.0150
DQN,456,157,14130,301336.00,0.6114,0.595812,0.0150
DQN,456,158,14220,322790.00,0.6089,0.603802,0.0135
DQN,456,159,14310,302628.00,0.6065,0.598781,0.0155
DQN,456,160,14400,299618.00,0.6040,0.609449,0.0161
DQN,456,161,14490,301396.00,0.6015,0.592127,0.0152
DQN,456,162,14580,303858.00,0.5990,0.594171,0.0151
DQN,456,163,14670,287882.00,0.5966,0.584343,0.0147
DQN,456,164,14760,284798.00,0.5941,0.593394,0.0144
DQN,456,165,14850,278156.00,0.5916,0.590459,0.0159
DQN,456,166,14940,316836.00,0.5892,0.587704,0.0150
DQN,456,167,15030,313864.00,0.5867,0.594803,0.0158
DQN,456,168,15120,308474.00,0.5842,0.564719,0.0145
DQN,456,169,15210,326586.00,0.5817,0.600370,0.0135
DQN,456,170,15300,314912.00,0.5793,0.596866,0.0157
DQN,456,171,15390,314994.00,0.5768,0.573125,0.0141
DQN,456,172,15480,305464.00,0.5743,0.581801,0.0154
DQN,456,173,15570,259450.00,0.5718,0.599651,0.0166
DQN,456,174,15660,280528.00,0.5694,0.583638,0.0144
DQN,456,175,15750,317276.00,0.5669,0.575168,0.0155
DQN,456,176,15840,314670.00,0.5644,0.578782,0.0171
DQN,456,177,15930,288292.00,0.5619,0.584018,0.0157
DQN,456,178,16020,318836.00,0.5595,0.592241,0.0148
DQN,456,179,16110,319556.00,0.5570,0.574630,0.0145
DQN,456,180,16200,328570.00,0.5545,0.567080,0.0149
DQN,456,181,16290,312634.00,0.5520,0.578607,0.0163
DQN,456,182,16380,339658.00,0.5495,0.547826,0.0152
DQN,456,183,16470,346734.00,0.5471,0.571524,0.0203
DQN,456,184,16560,296748.00,0.5446,0.551102,0.0150
DQN,456,185,16650,325304.00,0.5421,0.566812,0.0153
DQN,456,186,16740,305430.00,0.5396,0.557180,0.0136
DQN,456,187,16830,333188.00,0.5372,0.559491,0.0145
DQN,456,188,16920,324258.00,0.5347,0.555100,0.0153
DQN,456,189,17010,307588.00,0.5322,0.551155,0.0149
DQN,456,190,17100,304944.00,0.5297,0.552831,0.0155
DQN,456,191,17190,306722.00,0.5273,0.568711,0.0151
DQN,456,192,17280,331024.00,0.5248,0.555177,0.0144
DQN,456,193,17370,296682.00,0.5223,0.567359,0.0152
DQN,456,194,17460,326918.00,0.5199,0.565395,0.0148
DQN,456,195,17550,296898.00,0.5174,0.541876,0.0155
DQN,456,196,17640,311826.00,0.5149,0.537882,0.0138
DQN,456,197,17730,288050.00,0.5124,0.540057,0.0154
DQN,456,198,17820,311244.00,0.5100,0.538780,0.0151
DQN,456,199,17910,316606.00,0.5075,0.553065,0.0148
DQN,456,200,18000,299930.00,0.5050,0.532523,0.0172
DQN,456,201,18090,283868.00,0.5025,0.569850,0.0168
DQN,456,202,18180,313762.00,0.5000,0.562313,0.0156
DQN,456,203,18270,321782.00,0.4976,0.544923,0.0146
DQN,456,204,18360,289260.00,0.4951,0.552901,0.0155
DQN,456,205,18450,311998.00,0.4926,0.564479,0.0144
DQN,456,206,18540,305822.00,0.4901,0.548449,0.0144
DQN,456,207,18630,295108.00,0.4877,0.556304,0.0152
DQN,456,208,18720,331544.00,0.4852,0.543976,0.0150
DQN,456,209,18810,301254.00,0.4827,0.540156,0.0153
DQN,456,210,18900,316462.00,0.4802,0.542081,0.0139
DQN,456,211,18990,331832.00,0.4778,0.540065,0.0145
DQN,456,212,19080,306634.00,0.4753,0.553432,0.0152
DQN,456,213,19170,315764.00,0.4728,0.519928,0.0150
DQN,456,214,19260,312218.00,0.4703,0.515056,0.0150
DQN,456,215,19350,312416.00,0.4679,0.515372,0.0173
DQN,456,216,19440,304016.00,0.4654,0.510386,0.0147
DQN,456,217,19530,298508.00,0.4629,0.527688,0.0152
DQN,456,218,19620,324998.00,0.4604,0.521664,0.0148
DQN,456,219,19710,326032.00,0.4580,0.522566,0.0156
DQN,456,220,19800,308830.00,0.4555,0.530848,0.0145
DQN,456,221,19890,327984.00,0.4530,0.522670,0.0143
DQN,456,222,19980,284644.00,0.4506,0.536896,0.0146
DQN,456,223,20070,333746.00,0.4481,0.513260,0.0151
DQN,456,224,20160,290616.00,0.4456,0.509821,0.0147
DQN,456,225,20250,311680.00,0.4431,0.512249,0.0149
DQN,456,226,20340,305040.00,0.4407,0.517618,0.0150
DQN,456,227,20430,322414.00,0.4382,0.521289,0.0158
DQN,456,228,20520,314610.00,0.4357,0.521490,0.0148
DQN,456,229,20610,317314.00,0.4332,0.520758,0.0163
DQN,456,230,20700,320518.00,0.4308,0.516343,0.0150
DQN,456,231,20790,323648.00,0.4283,0.524648,0.0145
DQN,456,232,20880,307214.00,0.4258,0.512172,0.0148
DQN,456,233,20970,320846.00,0.4233,0.504517,0.0163
DQN,456,234,21060,316964.00,0.4209,0.520301,0.0157
DQN,456,235,21150,329416.00,0.4184,0.513184,0.0149
DQN,456,236,21240,327756.00,0.4159,0.504234,0.0164
DQN,456,237,21330,323050.00,0.4134,0.512560,0.0165
DQN,456,238,21420,321964.00,0.4110,0.519507,0.0151
DQN,456,239,21510,307546.00,0.4085,0.507811,0.0149
DQN,456,240,21600,329454.00,0.4060,0.506420,0.0151
DQN,456,241,21690,303216.00,0.4035,0.489554,0.0156
DQN,456,242,21780,311992.00,0.4011,0.494208,0.0160
DQN,456,243,21870,297092.00,0.3986,0.497273,0.0149
DQN,456,244,21960,298920.00,0.3961,0.496144,0.0158
DQN,456,245,22050,330914.00,0.3936,0.489131,0.0156
DQN,456,246,22140,332610.00,0.3911,0.502308,0.0149
DQN,456,247,22230,333652.00,0.3887,0.499185,0.0154
DQN,456,248,22320,324696.00,0.3862,0.472422,0.0158
DQN,456,249,22410,312432.00,0.3837,0.487037,0.0150
DQN,456,250,22500,323378.00,0.3812,0.479363,0.0144
DQN,456,251,22590,314748.00,0.3788,0.513743,0.0158
DQN,456,252,22680,308450.00,0.3763,0.485222,0.0161
DQN,456,253,22770,340194.00,0.3738,0.491996,0.0143
DQN,456,254,22860,327992.00,0.3713,0.487647,0.0163
DQN,456,255,22950,300512.00,0.3689,0.491026,0.0145
DQN,456,256,23040,295044.00,0.3664,0.504954,0.0162
DQN,456,257,23130,328118.00,0.3639,0.495630,0.0164
DQN,456,258,23220,322102.00,0.3614,0.489189,0.0175
DQN,456,259,23310,314272.00,0.3590,0.504013,0.0156
DQN,456,260,23400,329730.00,0.3565,0.507190,0.0169
DQN,456,261,23490,308366.00,0.3540,0.504391,0.0166
DQN,456,262,23580,335688.00,0.3516,0.496198,0.0188
DQN,456,263,23670,297962.00,0.3491,0.492673,0.0190
DQN,456,264,23760,320560.00,0.3466,0.477289,0.0168
DQN,456,265,23850,314318.00,0.3441,0.483133,0.0152
DQN,456,266,23940,325730.00,0.3417,0.469388,0.0159
DQN,456,267,24030,333254.00,0.3392,0.498804,0.0151
DQN,456,268,24120,313090.00,0.3367,0.508366,0.0164
DQN,456,269,24210,310092.00,0.3342,0.495839,0.0163
DQN,456,270,24300,306892.00,0.3317,0.479723,0.0160
DQN,456,271,24390,337842.00,0.3293,0.484368,0.0163
DQN,456,272,24480,317862.00,0.3268,0.483342,0.0159
DQN,456,273,24570,323012.00,0.3243,0.469090,0.0175
DQN,456,274,24660,325094.00,0.3218,0.482927,0.0156
DQN,456,275,24750,328716.00,0.3194,0.475777,0.0170
DQN,456,276,24840,328128.00,0.3169,0.465972,0.0149
DQN,456,277,24930,322996.00,0.3144,0.477729,0.0165
DQN,456,278,25020,324574.00,0.3120,0.467138,0.0167
DQN,456,279,25110,327700.00,0.3095,0.491591,0.0152
DQN,456,280,25200,332200.00,0.3070,0.477399,0.0152
DQN,456,281,25290,337592.00,0.3045,0.452311,0.0145
DQN,456,282,25380,337000.00,0.3021,0.470249,0.0140
DQN,456,283,25470,336912.00,0.2996,0.460693,0.0139
DQN,456,284,25560,322106.00,0.2971,0.451433,0.0154
DQN,456,285,25650,331870.00,0.2946,0.463145,0.0157
DQN,456,286,25740,310074.00,0.2922,0.471282,0.0147
DQN,456,287,25830,337368.00,0.2897,0.477225,0.0163
DQN,456,288,25920,313360.00,0.2872,0.464153,0.0151
DQN,456,289,26010,333308.00,0.2847,0.462570,0.0151
DQN,456,290,26100,314964.00,0.2823,0.491726,0.0149
DQN,456,291,26190,315706.00,0.2798,0.484212,0.0145
DQN,456,292,26280,320938.00,0.2773,0.479077,0.0163
DQN,456,293,26370,341942.00,0.2748,0.477816,0.0160
DQN,456,294,26460,302492.00,0.2723,0.454099,0.0145
DQN,456,295,26550,313894.00,0.2699,0.481021,0.0142
DQN,456,296,26640,336004.00,0.2674,0.463092,0.0154
DQN,456,297,26730,327406.00,0.2649,0.455903,0.0146
DQN,456,298,26820,327434.00,0.2624,0.454843,0.0159
DQN,456,299,26910,328784.00,0.2600,0.470168,0.0158
DQN,456,300,27000,327368.00,0.2575,0.454418,0.0145
DQN,456,301,27090,345514.00,0.2550,0.461449,0.0155
DQN,456,302,27180,324566.00,0.2526,0.463803,0.0167
DQN,456,303,27270,332056.00,0.2501,0.456848,0.0156
DQN,456,304,27360,312378.00,0.2476,0.444966,0.0142
DQN,456,305,27450,298188.00,0.2451,0.464102,0.0139
DQN,456,306,27540,315112.00,0.2427,0.472559,0.0136
DQN,456,307,27630,315892.00,0.2402,0.449690,0.0157
DQN,456,308,27720,343298.00,0.2377,0.455789,0.0151
DQN,456,309,27810,327908.00,0.2352,0.451772,0.0159
DQN,456,310,27900,311992.00,0.2328,0.448930,0.0146
DQN,456,311,27990,343670.00,0.2303,0.455731,0.0149
DQN,456,312,28080,318054.00,0.2278,0.435096,0.0165
DQN,456,313,28170,337412.00,0.2253,0.440332,0.0150
DQN,456,314,28260,319518.00,0.2228,0.451470,0.0154
DQN,456,315,28350,338522.00,0.2204,0.449305,0.0156
DQN,456,316,28440,324828.00,0.2179,0.444321,0.0156
DQN,456,317,28530,325328.00,0.2154,0.438893,0.0149
DQN,456,318,28620,329364.00,0.2129,0.428204,0.0149
DQN,456,319,28710,322310.00,0.2105,0.419351,0.0141
DQN,456,320,28800,317492.00,0.2080,0.427170,0.0156
DQN,456,321,28890,337704.00,0.2055,0.419775,0.0154
DQN,456,322,28980,337366.00,0.2030,0.415204,0.0165
DQN,456,323,29070,326404.00,0.2006,0.446131,0.0143
DQN,456,324,29160,325730.00,0.1981,0.448594,0.0145
DQN,456,325,29250,337250.00,0.1956,0.439290,0.0148
DQN,456,326,29340,316076.00,0.1932,0.444649,0.0149
DQN,456,327,29430,327506.00,0.1907,0.424737,0.0150
DQN,456,328,29520,333836.00,0.1882,0.436170,0.0166
DQN,456,329,29610,319112.00,0.1857,0.453805,0.0162
DQN,456,330,29700,340006.00,0.1833,0.448006,0.0153
DQN,456,331,29790,333978.00,0.1808,0.449672,0.0159
DQN,456,332,29880,328332.00,0.1783,0.449965,0.0151
DQN,456,333,29970,317334.00,0.1758,0.439715,0.0145
DQN,456,334,30060,327256.00,0.1734,0.430650,0.0150
DQN,456,335,30150,321436.00,0.1709,0.430551,0.0149
DQN,456,336,30240,310732.00,0.1684,0.433726,0.0155
DQN,456,337,30330,345246.00,0.1659,0.420177,0.0151
DQN,456,338,30420,334848.00,0.1634,0.422921,0.0218
DQN,456,339,30510,337620.00,0.1610,0.414524,0.0166
DQN,456,340,30600,339220.00,0.1585,0.403001,0.0168
DQN,456,341,30690,341232.00,0.1560,0.412634,0.0163
DQN,456,342,30780,323020.00,0.1536,0.421360,0.0150
DQN,456,343,30870,338346.00,0.1511,0.421525,0.0161
DQN,456,344,30960,319502.00,0.1486,0.408059,0.0161
DQN,456,345,31050,315750.00,0.1461,0.411987,0.0155
DQN,456,346,31140,321750.00,0.1437,0.417537,0.0147
DQN,456,347,31230,338604.00,0.1412,0.430722,0.0150
DQN,456,348,31320,306776.00,0.1387,0.417444,0.0146
DQN,456,349,31410,341004.00,0.1362,0.420758,0.0158
DQN,456,350,31500,328338.00,0.1338,0.422665,0.0149
DQN,456,351,31590,327050.00,0.1313,0.421651,0.0162
DQN,456,352,31680,339626.00,0.1288,0.428514,0.0187
DQN,456,353,31770,331312.00,0.1263,0.419199,0.0152
DQN,456,354,31860,327536.00,0.1239,0.439687,0.0160
DQN,456,355,31950,322160.00,0.1214,0.429837,0.0147
DQN,456,356,32040,328714.00,0.1189,0.429637,0.0139
DQN,456,357,32130,335422.00,0.1164,0.426489,0.0160
DQN,456,358,32220,315008.00,0.1139,0.418369,0.0153
DQN,456,359,32310,316132.00,0.1115,0.417648,0.0158
DQN,456,360,32400,339448.00,0.1090,0.412782,0.0145
DQN,456,361,32490,333476.00,0.1065,0.413659,0.0158
DQN,456,362,32580,322008.00,0.1040,0.427819,0.0155
DQN,456,363,32670,334126.00,0.1016,0.421027,0.0146
DQN,456,364,32760,305188.00,0.0991,0.417503,0.0154
DQN,456,365,32850,332414.00,0.0966,0.413462,0.0146
DQN,456,366,32940,329932.00,0.0941,0.411234,0.0150
DQN,456,367,33030,345706.00,0.0917,0.410713,0.0170
DQN,456,368,33120,329316.00,0.0892,0.401612,0.0163
DQN,456,369,33210,325460.00,0.0867,0.400570,0.0142
DQN,456,370,33300,330142.00,0.0842,0.401843,0.0148
DQN,456,371,33390,340924.00,0.0818,0.408581,0.0147
DQN,456,372,33480,340300.00,0.0793,0.394292,0.0148
DQN,456,373,33570,334956.00,0.0768,0.408576,0.0152
DQN,456,374,33660,321006.00,0.0743,0.398364,0.0148
DQN,456,375,33750,335404.00,0.0719,0.407100,0.0160
DQN,456,376,33840,320610.00,0.0694,0.390787,0.0153
DQN,456,377,33930,336302.00,0.0669,0.405247,0.0170
DQN,456,378,34020,324352.00,0.0645,0.395013,0.0154
DQN,456,379,34110,324976.00,0.0620,0.403023,0.0158
DQN,456,380,34200,327772.00,0.0595,0.392755,0.0156
DQN,456,381,34290,329562.00,0.0570,0.399873,0.0147
DQN,456,382,34380,320976.00,0.0546,0.412128,0.0139
DQN,456,383,34470,319958.00,0.0521,0.404153,0.0152
DQN,456,384,34560,333950.00,0.0496,0.405395,0.0154
DQN,456,385,34650,323460.00,0.0471,0.402968,0.0146
DQN,456,386,34740,318522.00,0.0447,0.394338,0.0159
DQN,456,387,34830,348678.00,0.0422,0.398585,0.0146
DQN,456,388,34920,340922.00,0.0397,0.386930,0.0152
DQN,456,389,35010,322194.00,0.0372,0.409272,0.0149
DQN,456,390,35100,325418.00,0.0348,0.361437,0.0157
DQN,456,391,35190,308866.00,0.0323,0.369139,0.0156
DQN,456,392,35280,318672.00,0.0298,0.368136,0.0149
DQN,456,393,35370,336688.00,0.0273,0.374018,0.0143
DQN,456,394,35460,339688.00,0.0249,0.372224,0.0170
DQN,456,395,35550,344038.00,0.0224,0.402998,0.0143
DQN,456,396,35640,326960.00,0.0199,0.400271,0.0155
DQN,456,397,35730,306846.00,0.0174,0.420588,0.0153
DQN,456,398,35820,327702.00,0.0150,0.422322,0.0143
DQN,456,399,35910,322776.00,0.0125,0.405142,0.0153
DQN,456,400,36000,332794.00,0.0100,0.412868,0.0150
DQN,456,401,36090,327558.00,0.0100,0.394010,0.0164
DQN,456,402,36180,334232.00,0.0100,0.379856,0.0158
DQN,456,403,36270,326534.00,0.0100,0.359815,0.0179
DQN,456,404,36360,325122.00,0.0100,0.377992,0.0161
DQN,456,405,36450,319944.00,0.0100,0.374238,0.0151
DQN,456,406,36540,347716.00,0.0100,0.379654,0.0150
DQN,456,407,36630,337404.00,0.0100,0.396656,0.0144
DQN,456,408,36720,328670.00,0.0100,0.405171,0.0154
DQN,456,409,36810,343044.00,0.0100,0.396531,0.0160
DQN,456,410,36900,324970.00,0.0100,0.400290,0.0141
DQN,456,411,36990,339278.00,0.0100,0.391745,0.0155
DQN,456,412,37080,315608.00,0.0100,0.409491,0.0153
DQN,456,413,37170,327224.00,0.0100,0.388610,0.0150
DQN,456,414,37260,330808.00,0.0100,0.392858,0.0151
DQN,456,415,37350,330116.00,0.0100,0.397221,0.0160
DQN,456,416,37440,337998.00,0.0100,0.389906,0.0169
DQN,456,417,37530,315090.00,0.0100,0.404444,0.0152
DQN,456,418,37620,330824.00,0.0100,0.402954,0.0150
DQN,456,419,37710,331662.00,0.0100,0.398025,0.0161
DQN,456,420,37800,329522.00,0.0100,0.392540,0.0162
DQN,456,421,37890,317514.00,0.0100,0.403410,0.0144
DQN,456,422,37980,320540.00,0.0100,0.393127,0.0147
DQN,456,423,38070,318248.00,0.0100,0.392459,0.0156
DQN,456,424,38160,336276.00,0.0100,0.395821,0.0140
DQN,456,425,38250,328276.00,0.0100,0.409121,0.0149
DQN,456,426,38340,327716.00,0.0100,0.399804,0.0157
DQN,456,427,38430,330746.00,0.0100,0.390810,0.0145
DQN,456,428,38520,339036.00,0.0100,0.427966,0.0144
DQN,456,429,38610,328414.00,0.0100,0.423552,0.0154
DQN,456,430,38700,337962.00,0.0100,0.415900,0.0157
DQN,456,431,38790,322442.00,0.0100,0.422070,0.0148
DQN,456,432,38880,311598.00,0.0100,0.417529,0.0164
DQN,456,433,38970,330990.00,0.0100,0.406375,0.0158
DQN,456,434,39060,323158.00,0.0100,0.417557,0.0159
DQN,456,435,39150,314314.00,0.0100,0.401206,0.0152
DQN,456,436,39240,329378.00,0.0100,0.403622,0.0156
DQN,456,437,39330,323892.00,0.0100,0.393029,0.0150
DQN,456,438,39420,325518.00,0.0100,0.397525,0.0140
DQN,456,439,39510,332256.00,0.0100,0.404038,0.0149
DQN,456,440,39600,340208.00,0.0100,0.365703,0.0152
DQN,456,441,39690,323130.00,0.0100,0.372767,0.0146
DQN,456,442,39780,347940.00,0.0100,0.375084,0.0170
DQN,456,443,39870,330408.00,0.0100,0.361978,0.0181
DQN,456,444,39960,335046.00,0.0100,0.351507,0.0157
DQN,456,445,40050,330478.00,0.0100,0.400236,0.0154
DQN,456,446,40140,320776.00,0.0100,0.374393,0.0160
DQN,456,447,40230,323044.00,0.0100,0.402156,0.0166
DQN,456,448,40320,339376.00,0.0100,0.391581,0.0151
DQN,456,449,40410,327812.00,0.0100,0.383689,0.0162
DQN,456,450,40500,330636.00,0.0100,0.390228,0.0150
DQN,456,451,40590,335100.00,0.0100,0.367681,0.0162
DQN,456,452,40680,334532.00,0.0100,0.382787,0.0170
DQN,456,453,40770,333364.00,0.0100,0.373902,0.0163
DQN,456,454,40860,330822.00,0.0100,0.374967,0.0152
DQN,456,455,40950,338680.00,0.0100,0.364702,0.0145
DQN,456,456,41040,327244.00,0.0100,0.386923,0.0150
DQN,456,457,41130,325706.00,0.0100,0.395063,0.0142
DQN,456,458,41220,317758.00,0.0100,0.380619,0.0171
DQN,456,459,41310,322502.00,0.0100,0.386431,0.0148
DQN,456,460,41400,335904.00,0.0100,0.384311,0.0147
DQN,456,461,41490,326552.00,0.0100,0.381259,0.0309
DQN,456,462,41580,319816.00,0.0100,0.377570,0.0313
DQN,456,463,41670,327038.00,0.0100,0.369402,0.0157
DQN,456,464,41760,327798.00,0.0100,0.379815,0.0148
DQN,456,465,41850,326516.00,0.0100,0.383914,0.0149
DQN,456,466,41940,322030.00,0.0100,0.370121,0.0148
DQN,456,467,42030,320694.00,0.0100,0.370504,0.0150
DQN,456,468,42120,327698.00,0.0100,0.374267,0.0143
DQN,456,469,42210,325800.00,0.0100,0.368641,0.0157
DQN,456,470,42300,327114.00,0.0100,0.378055,0.0153
DQN,456,471,42390,324662.00,0.0100,0.373969,0.0157
DQN,456,472,42480,330424.00,0.0100,0.378638,0.0155
DQN,456,473,42570,330212.00,0.0100,0.365916,0.0152
DQN,456,474,42660,335712.00,0.0100,0.384838,0.0155
DQN,456,475,42750,321522.00,0.0100,0.362455,0.0180
DQN,456,476,42840,337170.00,0.0100,0.372773,0.0148
DQN,456,477,42930,319956.00,0.0100,0.360166,0.0149
DQN,456,478,43020,337182.00,0.0100,0.370295,0.0149
DQN,456,479,43110,331450.00,0.0100,0.354697,0.0162
DQN,456,480,43200,336364.00,0.0100,0.338261,0.0149
DQN,456,481,43290,339078.00,0.0100,0.343721,0.0149
DQN,456,482,43380,341378.00,0.0100,0.331941,0.0156
DQN,456,483,43470,326012.00,0.0100,0.345878,0.0147
DQN,456,484,43560,337234.00,0.0100,0.356829,0.0151
DQN,456,485,43650,327028.00,0.0100,0.361474,0.0150
DQN,456,486,43740,333822.00,0.0100,0.362781,0.0156
DQN,456,487,43830,319724.00,0.0100,0.375007,0.0158
DQN,456,488,43920,322582.00,0.0100,0.377622,0.0155
DQN,456,489,44010,328358.00,0.0100,0.353917,0.0145
DQN,456,490,44100,337104.00,0.0100,0.373352,0.0150
DQN,456,491,44190,318058.00,0.0100,0.377112,0.0143
DQN,456,492,44280,321996.00,0.0100,0.374196,0.0144
DQN,456,493,44370,324516.00,0.0100,0.381348,0.0139
DQN,456,494,44460,328914.00,0.0100,0.374434,0.0162
DQN,456,495,44550,323096.00,0.0100,0.387063,0.0151
DQN,456,496,44640,317648.00,0.0100,0.392212,0.0144
DQN,456,497,44730,310460.00,0.0100,0.386324,0.0159
DQN,456,498,44820,327156.00,0.0100,0.380922,0.0152
DQN,456,499,44910,334644.00,0.0100,0.391420,0.0156
DQN,456,500,45000,314898.00,0.0100,0.387599,0.0150
DQN,789,1,90,177590.00,0.9975,0.000000,0.0004
DQN,789,2,180,232520.00,0.9950,0.000000,0.0004
DQN,789,3,270,237254.00,0.9926,0.000000,0.0005
DQN,789,4,360,240444.00,0.9901,0.000000,0.0004
DQN,789,5,450,238622.00,0.9876,0.000000,0.0004
DQN,789,6,540,297646.00,0.9851,3.730874,0.0071
DQN,789,7,630,241992.00,0.9827,2.685244,0.0137
DQN,789,8,720,198770.00,0.9802,1.567858,0.0154
DQN,789,9,810,276998.00,0.9777,1.311865,0.0135
DQN,789,10,900,263518.00,0.9752,1.231640,0.0151
DQN,789,11,990,240366.00,0.9728,1.183458,0.0150
DQN,789,12,1080,245728.00,0.9703,2.720316,0.0148
DQN,789,13,1170,276724.00,0.9678,1.144109,0.0136
DQN,789,14,1260,206374.00,0.9654,1.083213,0.0138
DQN,789,15,1350,224994.00,0.9629,0.991552,0.0162
DQN,789,16,1440,289450.00,0.9604,0.968865,0.0134
DQN,789,17,1530,242992.00,0.9579,1.639509,0.0137
DQN,789,18,1620,267870.00,0.9555,1.065212,0.0160
DQN,789,19,1710,251330.00,0.9530,0.985854,0.0151
DQN,789,20,1800,241186.00,0.9505,0.873968,0.0136
DQN,789,21,1890,300308.00,0.9480,0.853470,0.0141
DQN,789,22,1980,221644.00,0.9456,0.839487,0.0147
DQN,789,23,2070,236760.00,0.9431,1.461397,0.0133
DQN,789,24,2160,251206.00,0.9406,0.968736,0.0139
DQN,789,25,2250,204128.00,0.9381,0.910303,0.0159
DQN,789,26,2340,207454.00,0.9356,0.872230,0.0152
DQN,789,27,2430,182370.00,0.9332,0.825356,0.0148
DQN,789,28,2520,164380.00,0.9307,1.189007,0.0142
DQN,789,29,2610,263398.00,0.9282,1.064696,0.0143
DQN,789,30,2700,257576.00,0.9257,0.929190,0.0141
DQN,789,31,2790,280278.00,0.9233,0.888232,0.0133
DQN,789,32,2880,212062.00,0.9208,0.857289,0.0162
DQN,789,33,2970,233842.00,0.9183,0.901841,0.0149
DQN,789,34,3060,229956.00,0.9159,1.280028,0.0149
DQN,789,35,3150,265182.00,0.9134,0.912902,0.0161
DQN,789,36,3240,285824.00,0.9109,0.891593,0.0144
DQN,789,37,3330,201984.00,0.9084,0.885261,0.0137
DQN,789,38,3420,231318.00,0.9060,0.878895,0.0153
DQN,789,39,3510,218398.00,0.9035,1.128054,0.0153
DQN,789,40,3600,210960.00,0.9010,0.970681,0.0143
DQN,789,41,3690,274334.00,0.8985,0.831779,0.0138
DQN,789,42,3780,250040.00,0.8961,0.818390,0.0145
DQN,789,43,3870,217652.00,0.8936,0.815812,0.0144
DQN,789,44,3960,232312.00,0.8911,0.788448,0.0142
DQN,789,45,4050,307540.00,0.8886,1.054972,0.0165
DQN,789,46,4140,265276.00,0.8861,0.733039,0.0143
DQN,789,47,4230,279774.00,0.8837,0.707917,0.0140
DQN,789,48,4320,260544.00,0.8812,0.694776,0.0138
DQN,789,49,4410,251292.00,0.8787,0.682730,0.0149
DQN,789,50,4500,256984.00,0.8762,0.707789,0.0138
DQN,789,51,4590,283920.00,0.8738,0.793975,0.0147
DQN,789,52,4680,286918.00,0.8713,0.640176,0.0166
DQN,789,53,4770,209880.00,0.8688,0.639568,0.0145
DQN,789,54,4860,266714.00,0.8663,0.620953,0.0149
DQN,789,55,4950,243382.00,0.8639,0.598601,0.0155
DQN,789,56,5040,233032.00,0.8614,0.726903,0.0154
DQN,789,57,5130,249534.00,0.8589,0.611437,0.0147
DQN,789,58,5220,303062.00,0.8565,0.613430,0.0144
DQN,789,59,5310,298402.00,0.8540,0.600907,0.0137
DQN,789,60,5400,229690.00,0.8515,0.600170,0.0155
DQN,789,61,5490,271192.00,0.8490,0.616434,0.0145
DQN,789,62,5580,229056.00,0.8466,0.674891,0.0163
DQN,789,63,5670,266544.00,0.8441,0.635373,0.0145
DQN,789,64,5760,273866.00,0.8416,0.625504,0.0144
DQN,789,65,5850,278460.00,0.8391,0.623870,0.0147
DQN,789,66,5940,271182.00,0.8367,0.619982,0.0154
DQN,789,67,6030,287242.00,0.8342,0.661306,0.0148
DQN,789,68,6120,291542.00,0.8317,0.654986,0.0143
DQN,789,69,6210,299026.00,0.8292,0.640641,0.0140
DQN,789,70,6300,295440.00,0.8267,0.625249,0.0147
DQN,789,71,6390,258912.00,0.8243,0.642351,0.0144
DQN,789,72,6480,246918.00,0.8218,0.634009,0.0142
DQN,789,73,6570,261250.00,0.8193,0.662086,0.0144
DQN,789,74,6660,210774.00,0.8168,0.636001,0.0142
DQN,789,75,6750,212830.00,0.8144,0.626545,0.0164
DQN,789,76,6840,284194.00,0.8119,0.610583,0.0142
DQN,789,77,6930,263912.00,0.8094,0.621442,0.0133
DQN,789,78,7020,272884.00,0.8070,0.664143,0.0145
DQN,789,79,7110,293706.00,0.8045,0.617775,0.0147
DQN,789,80,7200,286260.00,0.8020,0.615486,0.0148
DQN,789,81,7290,306734.00,0.7995,0.629533,0.0154
DQN,789,82,7380,285802.00,0.7971,0.620421,0.0142
DQN,789,83,7470,256258.00,0.7946,0.593664,0.0179
DQN,789,84,7560,284842.00,0.7921,0.663857,0.0149
DQN,789,85,7650,281040.00,0.7896,0.600481,0.0150
DQN,789,86,7740,289492.00,0.7872,0.606948,0.0143
DQN,789,87,7830,286100.00,0.7847,0.603961,0.0133
DQN,789,88,7920,279628.00,0.7822,0.613584,0.0161
DQN,789,89,8010,286880.00,0.7797,0.653572,0.0142
DQN,789,90,8100,287718.00,0.7772,0.623976,0.0145
DQN,789,91,8190,197180.00,0.7748,0.605182,0.0155
DQN,789,92,8280,249848.00,0.7723,0.568114,0.0144
DQN,789,93,8370,306636.00,0.7698,0.602065,0.0156
DQN,789,94,8460,268236.00,0.7673,0.601295,0.0148
DQN,789,95,8550,302078.00,0.7649,0.619664,0.0145
DQN,789,96,8640,261200.00,0.7624,0.590506,0.0142
DQN,789,97,8730,306116.00,0.7599,0.598274,0.0154
DQN,789,98,8820,240080.00,0.7574,0.593128,0.0146
DQN,789,99,8910,313858.00,0.7550,0.578245,0.0157
DQN,789,100,9000,280366.00,0.7525,0.605504,0.0141
DQN,789,101,9090,308120.00,0.7500,0.672966,0.0144
DQN,789,102,9180,250110.00,0.7475,0.609986,0.0158
DQN,789,103,9270,321420.00,0.7451,0.613712,0.0156
DQN,789,104,9360,246746.00,0.7426,0.610910,0.0146
DQN,789,105,9450,283310.00,0.7401,0.629203,0.0163
DQN,789,106,9540,287016.00,0.7376,0.611056,0.0147
DQN,789,107,9630,252134.00,0.7352,0.604084,0.0158
DQN,789,108,9720,270980.00,0.7327,0.599211,0.0133
DQN,789,109,9810,311892.00,0.7302,0.591670,0.0141
DQN,789,110,9900,266296.00,0.7278,0.592719,0.0156
DQN,789,111,9990,292262.00,0.7253,0.588770,0.0154
DQN,789,112,10080,269760.00,0.7228,0.622972,0.0159
DQN,789,113,10170,304860.00,0.7203,0.592961,0.0147
DQN,789,114,10260,295726.00,0.7179,0.600532,0.0143
DQN,789,115,10350,304474.00,0.7154,0.585213,0.0147
DQN,789,116,10440,274750.00,0.7129,0.591859,0.0151
DQN,789,117,10530,311220.00,0.7104,0.618257,0.0147
DQN,789,118,10620,282388.00,0.7080,0.615379,0.0161
DQN,789,119,10710,299320.00,0.7055,0.577520,0.0212
DQN,789,120,10800,290630.00,0.7030,0.584590,0.0175
DQN,789,121,10890,279996.00,0.7005,0.601300,0.0147
DQN,789,122,10980,301578.00,0.6981,0.588644,0.0148
DQN,789,123,11070,301518.00,0.6956,0.620300,0.0143
DQN,789,124,11160,292406.00,0.6931,0.593267,0.0134
DQN,789,125,11250,299276.00,0.6906,0.589204,0.0155
DQN,789,126,11340,264066.00,0.6882,0.588836,0.0142
DQN,789,127,11430,274302.00,0.6857,0.600872,0.0151
DQN,789,128,11520,311752.00,0.6832,0.593757,0.0142
DQN,789,129,11610,280790.00,0.6807,0.581426,0.0147
DQN,789,130,11700,313418.00,0.6783,0.565737,0.0167
DQN,789,131,11790,292890.00,0.6758,0.563639,0.0158
DQN,789,132,11880,331332.00,0.6733,0.579722,0.0147
DQN,789,133,11970,280706.00,0.6708,0.580084,0.0175
DQN,789,134,12060,313154.00,0.6683,0.579360,0.0148
DQN,789,135,12150,316108.00,0.6659,0.575710,0.0150
DQN,789,136,12240,295904.00,0.6634,0.570860,0.0139
DQN,789,137,12330,318436.00,0.6609,0.600032,0.0150
DQN,789,138,12420,317894.00,0.6584,0.594957,0.0147
DQN,789,139,12510,304508.00,0.6560,0.581050,0.0145
DQN,789,140,12600,317246.00,0.6535,0.580825,0.0155
DQN,789,141,12690,280070.00,0.6510,0.592472,0.0152
DQN,789,142,12780,313300.00,0.6485,0.568119,0.0143
DQN,789,143,12870,288578.00,0.6461,0.581149,0.0163
DQN,789,144,12960,277416.00,0.6436,0.573218,0.0153
DQN,789,145,13050,293476.00,0.6411,0.607583,0.0151
DQN,789,146,13140,299276.00,0.6386,0.584773,0.0162
DQN,789,147,13230,309636.00,0.6362,0.585211,0.0156
DQN,789,148,13320,299750.00,0.6337,0.591544,0.0137
DQN,789,149,13410,305074.00,0.6312,0.576502,0.0176
DQN,789,150,13500,325702.00,0.6288,0.581919,0.0145
DQN,789,151,13590,309790.00,0.6263,0.590420,0.0159
DQN,789,152,13680,282146.00,0.6238,0.579768,0.0155
DQN,789,153,13770,303172.00,0.6213,0.576187,0.0149
DQN,789,154,13860,316742.00,0.6189,0.595499,0.0160
DQN,789,155,13950,287308.00,0.6164,0.577853,0.0147
DQN,789,156,14040,280084.00,0.6139,0.579880,0.0156
DQN,789,157,14130,304092.00,0.6114,0.568527,0.0153
DQN,789,158,14220,304306.00,0.6089,0.577201,0.0155
DQN,789,159,14310,296706.00,0.6065,0.578284,0.0165
DQN,789,160,14400,329494.00,0.6040,0.589818,0.0163
DQN,789,161,14490,322958.00,0.6015,0.567063,0.0176
DQN,789,162,14580,273988.00,0.5990,0.590999,0.0138
DQN,789,163,14670,304182.00,0.5966,0.576182,0.0148
DQN,789,164,14760,307090.00,0.5941,0.579885,0.0141
DQN,789,165,14850,283742.00,0.5916,0.574574,0.0201
DQN,789,166,14940,292542.00,0.5892,0.586019,0.0135
DQN,789,167,15030,310298.00,0.5867,0.602641,0.0155
DQN,789,168,15120,320680.00,0.5842,0.585751,0.0166
DQN,789,169,15210,313514.00,0.5817,0.581038,0.0155
DQN,789,170,15300,315030.00,0.5793,0.598058,0.0180
DQN,789,171,15390,293738.00,0.5768,0.588202,0.0150
DQN,789,172,15480,294354.00,0.5743,0.585220,0.0184
DQN,789,173,15570,313466.00,0.5718,0.598040,0.0192
DQN,789,174,15660,313258.00,0.5694,0.597096,0.0146
DQN,789,175,15750,276494.00,0.5669,0.590691,0.0201
DQN,789,176,15840,302184.00,0.5644,0.577911,0.0161
DQN,789,177,15930,325450.00,0.5619,0.585766,0.0166
DQN,789,178,16020,306738.00,0.5595,0.586406,0.0153
DQN,789,179,16110,285288.00,0.5570,0.572138,0.0152
DQN,789,180,16200,309160.00,0.5545,0.549366,0.0173
DQN,789,181,16290,315084.00,0.5520,0.559636,0.0150
DQN,789,182,16380,301612.00,0.5495,0.558768,0.0142
DQN,789,183,16470,315918.00,0.5471,0.555923,0.0151
DQN,789,184,16560,321856.00,0.5446,0.581892,0.0154
DQN,789,185,16650,323058.00,0.5421,0.580234,0.0151
DQN,789,186,16740,303382.00,0.5396,0.549114,0.0157
DQN,789,187,16830,324162.00,0.5372,0.572737,0.0151
DQN,789,188,16920,332712.00,0.5347,0.573596,0.0153
DQN,789,189,17010,303000.00,0.5322,0.555325,0.0152
DQN,789,190,17100,308014.00,0.5297,0.552092,0.0160
DQN,789,191,17190,296784.00,0.5273,0.539811,0.0149
DQN,789,192,17280,326576.00,0.5248,0.560109,0.0153
DQN,789,193,17370,284080.00,0.5223,0.575174,0.0178
DQN,789,194,17460,304810.00,0.5199,0.557049,0.0160
DQN,789,195,17550,288076.00,0.5174,0.568561,0.0152
DQN,789,196,17640,323642.00,0.5149,0.541316,0.0161
DQN,789,197,17730,305922.00,0.5124,0.547028,0.0140
DQN,789,198,17820,324772.00,0.5100,0.538721,0.0196
DQN,789,199,17910,317066.00,0.5075,0.567275,0.0194
DQN,789,200,18000,291534.00,0.5050,0.562182,0.0157
DQN,789,201,18090,293804.00,0.5025,0.575994,0.0171
DQN,789,202,18180,315216.00,0.5000,0.540795,0.0152
DQN,789,203,18270,318546.00,0.4976,0.542886,0.0148
DQN,789,204,18360,318488.00,0.4951,0.543658,0.0158
DQN,789,205,18450,339244.00,0.4926,0.551364,0.0136
DQN,789,206,18540,312354.00,0.4901,0.548838,0.0145
DQN,789,207,18630,339758.00,0.4877,0.552036,0.0147
DQN,789,208,18720,328818.00,0.4852,0.546668,0.0155
DQN,789,209,18810,322148.00,0.4827,0.542813,0.0159
DQN,789,210,18900,327970.00,0.4802,0.529365,0.0149
DQN,789,211,18990,296224.00,0.4778,0.553879,0.0165
DQN,789,212,19080,310456.00,0.4753,0.562744,0.0153
DQN,789,213,19170,343460.00,0.4728,0.538228,0.0161
DQN,789,214,19260,325390.00,0.4703,0.540567,0.0153
DQN,789,215,19350,318118.00,0.4679,0.532611,0.0157
DQN,789,216,19440,314460.00,0.4654,0.556503,0.0158
DQN,789,217,19530,319806.00,0.4629,0.550459,0.0156
DQN,789,218,19620,297174.00,0.4604,0.521885,0.0154
DQN,789,219,19710,336400.00,0.4580,0.526594,0.0135
DQN,789,220,19800,319016.00,0.4555,0.528634,0.0147
DQN,789,221,19890,295682.00,0.4530,0.534444,0.0155
DQN,789,222,19980,347846.00,0.4506,0.521884,0.0154
DQN,789,223,20070,318888.00,0.4481,0.525984,0.0156
DQN,789,224,20160,306512.00,0.4456,0.533540,0.0152
DQN,789,225,20250,301880.00,0.4431,0.541449,0.0161
DQN,789,226,20340,278326.00,0.4407,0.543569,0.0151
DQN,789,227,20430,311846.00,0.4382,0.537223,0.0151
DQN,789,228,20520,309530.00,0.4357,0.542452,0.0147
DQN,789,229,20610,316590.00,0.4332,0.518018,0.0156
DQN,789,230,20700,325696.00,0.4308,0.512866,0.0151
DQN,789,231,20790,289694.00,0.4283,0.505792,0.0138
DQN,789,232,20880,321554.00,0.4258,0.508674,0.0153
DQN,789,233,20970,311688.00,0.4233,0.514090,0.0160
DQN,789,234,21060,315378.00,0.4209,0.529666,0.0152
DQN,789,235,21150,308776.00,0.4184,0.538701,0.0156
DQN,789,236,21240,323810.00,0.4159,0.525879,0.0153
DQN,789,237,21330,324744.00,0.4134,0.538575,0.0163
DQN,789,238,21420,316550.00,0.4110,0.516003,0.0167
DQN,789,239,21510,317896.00,0.4085,0.522017,0.0150
DQN,789,240,21600,320678.00,0.4060,0.519202,0.0156
DQN,789,241,21690,327944.00,0.4035,0.501019,0.0161
DQN,789,242,21780,310886.00,0.4011,0.532130,0.0158
DQN,789,243,21870,321108.00,0.3986,0.518166,0.0149
DQN,789,244,21960,326006.00,0.3961,0.514244,0.0153
DQN,789,245,22050,307602.00,0.3936,0.506169,0.0148
DQN,789,246,22140,325060.00,0.3911,0.496482,0.0137
DQN,789,247,22230,312446.00,0.3887,0.507074,0.0156
DQN,789,248,22320,315462.00,0.3862,0.496666,0.0153
DQN,789,249,22410,311592.00,0.3837,0.505834,0.0166
DQN,789,250,22500,310896.00,0.3812,0.509059,0.0152
DQN,789,251,22590,318752.00,0.3788,0.482203,0.0202
DQN,789,252,22680,322238.00,0.3763,0.483772,0.0164
DQN,789,253,22770,314106.00,0.3738,0.478824,0.0154
DQN,789,254,22860,336966.00,0.3713,0.473548,0.0163
DQN,789,255,22950,330134.00,0.3689,0.467154,0.0154
DQN,789,256,23040,347528.00,0.3664,0.489319,0.0154
DQN,789,257,23130,313446.00,0.3639,0.505318,0.0156
DQN,789,258,23220,305064.00,0.3614,0.491479,0.0147
DQN,789,259,23310,326992.00,0.3590,0.491403,0.0156
DQN,789,260,23400,302324.00,0.3565,0.503085,0.0154
DQN,789,261,23490,313580.00,0.3540,0.512838,0.0148
DQN,789,262,23580,320994.00,0.3516,0.490046,0.0163
DQN,789,263,23670,325180.00,0.3491,0.468681,0.0166
DQN,789,264,23760,328722.00,0.3466,0.480039,0.0160
DQN,789,265,23850,326266.00,0.3441,0.465515,0.0143
DQN,789,266,23940,329074.00,0.3417,0.461963,0.0154
DQN,789,267,24030,325186.00,0.3392,0.451566,0.0141
DQN,789,268,24120,325470.00,0.3367,0.469687,0.0151
DQN,789,269,24210,326350.00,0.3342,0.464172,0.0161
DQN,789,270,24300,332548.00,0.3317,0.468057,0.0185
DQN,789,271,24390,296342.00,0.3293,0.470596,0.0145
DQN,789,272,24480,309294.00,0.3268,0.460883,0.0152
DQN,789,273,24570,324570.00,0.3243,0.452668,0.0145
DQN,789,274,24660,311758.00,0.3218,0.458395,0.0172
DQN,789,275,24750,345052.00,0.3194,0.455145,0.0159
DQN,789,276,24840,311116.00,0.3169,0.469030,0.0154
DQN,789,277,24930,305534.00,0.3144,0.460400,0.0156
DQN,789,278,25020,323586.00,0.3120,0.466003,0.0155
DQN,789,279,25110,327572.00,0.3095,0.460881,0.0170
DQN,789,280,25200,317232.00,0.3070,0.459706,0.0163
DQN,789,281,25290,329556.00,0.3045,0.475173,0.0147
DQN,789,282,25380,332942.00,0.3021,0.472383,0.0152
DQN,789,283,25470,326314.00,0.2996,0.451710,0.0144
DQN,789,284,25560,320450.00,0.2971,0.479196,0.0153
DQN,789,285,25650,318890.00,0.2946,0.479153,0.0151
DQN,789,286,25740,318480.00,0.2922,0.481181,0.0156
DQN,789,287,25830,327468.00,0.2897,0.467994,0.0154
DQN,789,288,25920,324442.00,0.2872,0.492374,0.0156
DQN,789,289,26010,322356.00,0.2847,0.486257,0.0162
DQN,789,290,26100,320360.00,0.2823,0.469088,0.0158
DQN,789,291,26190,330342.00,0.2798,0.475734,0.0146
DQN,789,292,26280,317832.00,0.2773,0.480262,0.0147
DQN,789,293,26370,311438.00,0.2748,0.482958,0.0162
DQN,789,294,26460,327826.00,0.2723,0.476958,0.0149
DQN,789,295,26550,336328.00,0.2699,0.460781,0.0150
DQN,789,296,26640,316906.00,0.2674,0.455173,0.0149
DQN,789,297,26730,325864.00,0.2649,0.446602,0.0155
DQN,789,298,26820,305924.00,0.2624,0.437978,0.0161
DQN,789,299,26910,327878.00,0.2600,0.447768,0.0139
DQN,789,300,27000,308170.00,0.2575,0.467204,0.0148
DQN,789,301,27090,328306.00,0.2550,0.447683,0.0151
DQN,789,302,27180,307730.00,0.2526,0.431483,0.0194
DQN,789,303,27270,340856.00,0.2501,0.436243,0.0152
DQN,789,304,27360,319442.00,0.2476,0.451154,0.0150
DQN,789,305,27450,335194.00,0.2451,0.451882,0.0149
DQN,789,306,27540,331632.00,0.2427,0.460394,0.0149
DQN,789,307,27630,316580.00,0.2402,0.453366,0.0152
DQN,789,308,27720,327316.00,0.2377,0.451420,0.0153
DQN,789,309,27810,332222.00,0.2352,0.452583,0.0149
DQN,789,310,27900,329010.00,0.2328,0.439606,0.0167
DQN,789,311,27990,313218.00,0.2303,0.455597,0.0146
DQN,789,312,28080,330804.00,0.2278,0.447773,0.0147
DQN,789,313,28170,313472.00,0.2253,0.443161,0.0179
DQN,789,314,28260,327030.00,0.2228,0.450881,0.0149
DQN,789,315,28350,342228.00,0.2204,0.450529,0.0145
DQN,789,316,28440,318364.00,0.2179,0.441795,0.0145
DQN,789,317,28530,321162.00,0.2154,0.431731,0.0163
DQN,789,318,28620,324726.00,0.2129,0.431536,0.0154
DQN,789,319,28710,319998.00,0.2105,0.450194,0.0158
DQN,789,320,28800,333756.00,0.2080,0.426998,0.0157
DQN,789,321,28890,324186.00,0.2055,0.431889,0.0151
DQN,789,322,28980,320996.00,0.2030,0.436843,0.0166
DQN,789,323,29070,331138.00,0.2006,0.448161,0.0147
DQN,789,324,29160,305762.00,0.1981,0.438631,0.0159
DQN,789,325,29250,325900.00,0.1956,0.442613,0.0154
DQN,789,326,29340,334616.00,0.1932,0.451365,0.0155
DQN,789,327,29430,331948.00,0.1907,0.443252,0.0149
DQN,789,328,29520,314138.00,0.1882,0.451596,0.0147
DQN,789,329,29610,343542.00,0.1857,0.419881,0.0148
DQN,789,330,29700,311144.00,0.1833,0.429077,0.0161
DQN,789,331,29790,318416.00,0.1808,0.425578,0.0159
DQN,789,332,29880,315460.00,0.1783,0.420745,0.0162
DQN,789,333,29970,333740.00,0.1758,0.420906,0.0152
DQN,789,334,30060,337586.00,0.1734,0.421093,0.0150
DQN,789,335,30150,322338.00,0.1709,0.426631,0.0156
DQN,789,336,30240,307080.00,0.1684,0.409584,0.0151
DQN,789,337,30330,316940.00,0.1659,0.416119,0.0155
DQN,789,338,30420,295432.00,0.1634,0.420068,0.0157
DQN,789,339,30510,310982.00,0.1610,0.413670,0.0157
DQN,789,340,30600,325414.00,0.1585,0.411756,0.0145
DQN,789,341,30690,326816.00,0.1560,0.416641,0.0171
DQN,789,342,30780,330836.00,0.1536,0.411439,0.0153
DQN,789,343,30870,345110.00,0.1511,0.412770,0.0159
DQN,789,344,30960,322592.00,0.1486,0.405210,0.0161
DQN,789,345,31050,321216.00,0.1461,0.384404,0.0144
DQN,789,346,31140,311944.00,0.1437,0.374552,0.0156
DQN,789,347,31230,308038.00,0.1412,0.386953,0.0168
DQN,789,348,31320,313858.00,0.1387,0.379103,0.0149
DQN,789,349,31410,327346.00,0.1362,0.382003,0.0154
DQN,789,350,31500,344554.00,0.1338,0.371046,0.0147
DQN,789,351,31590,314872.00,0.1313,0.412579,0.0322
DQN,789,352,31680,324570.00,0.1288,0.415868,0.0306
DQN,789,353,31770,316340.00,0.1263,0.393074,0.0166
DQN,789,354,31860,334140.00,0.1239,0.404270,0.0151
DQN,789,355,31950,327576.00,0.1214,0.411037,0.0146
DQN,789,356,32040,323446.00,0.1189,0.402163,0.0151
DQN,789,357,32130,335382.00,0.1164,0.408482,0.0142
DQN,789,358,32220,322394.00,0.1139,0.408554,0.0144
DQN,789,359,32310,324894.00,0.1115,0.400045,0.0158
DQN,789,360,32400,323494.00,0.1090,0.393295,0.0148
DQN,789,361,32490,336714.00,0.1065,0.399927,0.0152
DQN,789,362,32580,322640.00,0.1040,0.425844,0.0157
DQN,789,363,32670,332898.00,0.1016,0.420953,0.0153
DQN,789,364,32760,346324.00,0.0991,0.420924,0.0151
DQN,789,365,32850,341042.00,0.0966,0.416073,0.0171
DQN,789,366,32940,321064.00,0.0941,0.428910,0.0159
DQN,789,367,33030,332110.00,0.0917,0.421928,0.0174
DQN,789,368,33120,323680.00,0.0892,0.445224,0.0147
DQN,789,369,33210,328064.00,0.0867,0.446293,0.0160
DQN,789,370,33300,327128.00,0.0842,0.439230,0.0150
DQN,789,371,33390,315178.00,0.0818,0.422854,0.0149
DQN,789,372,33480,305060.00,0.0793,0.426946,0.0149
DQN,789,373,33570,316620.00,0.0768,0.442581,0.0140
DQN,789,374,33660,315844.00,0.0743,0.426496,0.0154
DQN,789,375,33750,314090.00,0.0719,0.426284,0.0154
DQN,789,376,33840,315906.00,0.0694,0.432039,0.0155
DQN,789,377,33930,296860.00,0.0669,0.451157,0.0170
DQN,789,378,34020,316708.00,0.0645,0.423889,0.0156
DQN,789,379,34110,331410.00,0.0620,0.411189,0.0149
DQN,789,380,34200,311216.00,0.0595,0.409396,0.0171
DQN,789,381,34290,325496.00,0.0570,0.412821,0.0160
DQN,789,382,34380,314276.00,0.0546,0.410455,0.0149
DQN,789,383,34470,323660.00,0.0521,0.409033,0.0152
DQN,789,384,34560,314098.00,0.0496,0.408939,0.0154
DQN,789,385,34650,327906.00,0.0471,0.417015,0.0158
DQN,789,386,34740,334906.00,0.0447,0.416602,0.0148
DQN,789,387,34830,331564.00,0.0422,0.407991,0.0150
DQN,789,388,34920,335558.00,0.0397,0.410828,0.0159
DQN,789,389,35010,312996.00,0.0372,0.409970,0.0164
DQN,789,390,35100,317388.00,0.0348,0.397386,0.0159
DQN,789,391,35190,323226.00,0.0323,0.378144,0.0147
DQN,789,392,35280,320620.00,0.0298,0.398713,0.0144
DQN,789,393,35370,335488.00,0.0273,0.390755,0.0153
DQN,789,394,35460,320448.00,0.0249,0.383114,0.0149
DQN,789,395,35550,337602.00,0.0224,0.369369,0.0159
DQN,789,396,35640,323692.00,0.0199,0.363103,0.0159
DQN,789,397,35730,333806.00,0.0174,0.375548,0.0153
DQN,789,398,35820,331258.00,0.0150,0.352880,0.0163
DQN,789,399,35910,344444.00,0.0125,0.352954,0.0156
DQN,789,400,36000,330606.00,0.0100,0.357510,0.0162
DQN,789,401,36090,332746.00,0.0100,0.357735,0.0169
DQN,789,402,36180,314604.00,0.0100,0.352618,0.0162
DQN,789,403,36270,345934.00,0.0100,0.356641,0.0144
DQN,789,404,36360,336140.00,0.0100,0.351941,0.0149
DQN,789,405,36450,322024.00,0.0100,0.353363,0.0147
DQN,789,406,36540,335370.00,0.0100,0.353494,0.0166
DQN,789,407,36630,330392.00,0.0100,0.353446,0.0152
DQN,789,408,36720,317816.00,0.0100,0.363643,0.0146
DQN,789,409,36810,324800.00,0.0100,0.367230,0.0158
DQN,789,410,36900,345872.00,0.0100,0.351449,0.0164
DQN,789,411,36990,334040.00,0.0100,0.356472,0.0154
DQN,789,412,37080,334182.00,0.0100,0.347499,0.0155
DQN,789,413,37170,341528.00,0.0100,0.349029,0.0154
DQN,789,414,37260,332066.00,0.0100,0.348559,0.0148
DQN,789,415,37350,319878.00,0.0100,0.339585,0.0148
DQN,789,416,37440,320470.00,0.0100,0.341418,0.0151
DQN,789,417,37530,322912.00,0.0100,0.365972,0.0180
DQN,789,418,37620,315694.00,0.0100,0.383275,0.0150
DQN,789,419,37710,317922.00,0.0100,0.373732,0.0166
DQN,789,420,37800,338960.00,0.0100,0.368352,0.0160
DQN,789,421,37890,320034.00,0.0100,0.374543,0.0150
DQN,789,422,37980,327612.00,0.0100,0.371010,0.0155
DQN,789,423,38070,328930.00,0.0100,0.363464,0.0159
DQN,789,424,38160,326536.00,0.0100,0.353973,0.0140
DQN,789,425,38250,333616.00,0.0100,0.379621,0.0151
DQN,789,426,38340,332772.00,0.0100,0.369061,0.0148
DQN,789,427,38430,333098.00,0.0100,0.362281,0.0166
DQN,789,428,38520,320290.00,0.0100,0.368168,0.0150
DQN,789,429,38610,322068.00,0.0100,0.374019,0.0163
DQN,789,430,38700,329248.00,0.0100,0.365915,0.0156
DQN,789,431,38790,330806.00,0.0100,0.365051,0.0154
DQN,789,432,38880,326268.00,0.0100,0.365438,0.0160
DQN,789,433,38970,320532.00,0.0100,0.376063,0.0152
DQN,789,434,39060,321614.00,0.0100,0.365605,0.0153
DQN,789,435,39150,326854.00,0.0100,0.351270,0.0154
DQN,789,436,39240,335714.00,0.0100,0.362191,0.0165
DQN,789,437,39330,312684.00,0.0100,0.364777,0.0144
DQN,789,438,39420,308914.00,0.0100,0.347883,0.0154
DQN,789,439,39510,320134.00,0.0100,0.354776,0.0172
DQN,789,440,39600,322884.00,0.0100,0.359397,0.0139
DQN,789,441,39690,319396.00,0.0100,0.360603,0.0163
DQN,789,442,39780,332894.00,0.0100,0.351502,0.0161
DQN,789,443,39870,327826.00,0.0100,0.368269,0.0160
DQN,789,444,39960,326886.00,0.0100,0.361103,0.0158
DQN,789,445,40050,334370.00,0.0100,0.371921,0.0150
DQN,789,446,40140,341500.00,0.0100,0.369949,0.0160
DQN,789,447,40230,311120.00,0.0100,0.379106,0.0151
DQN,789,448,40320,327750.00,0.0100,0.362086,0.0165
DQN,789,449,40410,329144.00,0.0100,0.376467,0.0150
DQN,789,450,40500,324356.00,0.0100,0.385257,0.0153
DQN,789,451,40590,323358.00,0.0100,0.378135,0.0162
DQN,789,452,40680,313482.00,0.0100,0.367718,0.0164
DQN,789,453,40770,320428.00,0.0100,0.367004,0.0156
DQN,789,454,40860,329168.00,0.0100,0.367461,0.0162
DQN,789,455,40950,314736.00,0.0100,0.373459,0.0151
DQN,789,456,41040,332094.00,0.0100,0.355712,0.0148
DQN,789,457,41130,327722.00,0.0100,0.348199,0.0140
DQN,789,458,41220,328660.00,0.0100,0.338673,0.0157
DQN,789,459,41310,323616.00,0.0100,0.342791,0.0153
DQN,789,460,41400,320696.00,0.0100,0.346229,0.0152
DQN,789,461,41490,325560.00,0.0100,0.336641,0.0156
DQN,789,462,41580,341378.00,0.0100,0.361381,0.0153
DQN,789,463,41670,327328.00,0.0100,0.360310,0.0168
DQN,789,464,41760,332252.00,0.0100,0.368582,0.0168
DQN,789,465,41850,332140.00,0.0100,0.355806,0.0156
DQN,789,466,41940,315536.00,0.0100,0.348617,0.0150
DQN,789,467,42030,341300.00,0.0100,0.355317,0.0152
DQN,789,468,42120,315226.00,0.0100,0.375067,0.0153
DQN,789,469,42210,336216.00,0.0100,0.374833,0.0153
DQN,789,470,42300,335132.00,0.0100,0.375851,0.0142
DQN,789,471,42390,333088.00,0.0100,0.375455,0.0138
DQN,789,472,42480,317012.00,0.0100,0.374431,0.0181
DQN,789,473,42570,321434.00,0.0100,0.374494,0.0140
DQN,789,474,42660,323164.00,0.0100,0.374865,0.0144
DQN,789,475,42750,327656.00,0.0100,0.366333,0.0166
DQN,789,476,42840,329308.00,0.0100,0.375593,0.0158
DQN,789,477,42930,319260.00,0.0100,0.384131,0.0156
DQN,789,478,43020,318842.00,0.0100,0.363632,0.0150
DQN,789,479,43110,329588.00,0.0100,0.352069,0.0158
DQN,789,480,43200,321958.00,0.0100,0.350619,0.0148
DQN,789,481,43290,327282.00,0.0100,0.350853,0.0159
DQN,789,482,43380,329620.00,0.0100,0.360991,0.0146
DQN,789,483,43470,336014.00,0.0100,0.337411,0.0177
DQN,789,484,43560,331858.00,0.0100,0.361107,0.0153
DQN,789,485,43650,334734.00,0.0100,0.351941,0.0146
DQN,789,486,43740,332078.00,0.0100,0.349430,0.0151
DQN,789,487,43830,326312.00,0.0100,0.357097,0.0162
DQN,789,488,43920,323114.00,0.0100,0.348322,0.0139
DQN,789,489,44010,327696.00,0.0100,0.349677,0.0151
DQN,789,490,44100,329720.00,0.0100,0.322503,0.0154
DQN,789,491,44190,319388.00,0.0100,0.344092,0.0164
DQN,789,492,44280,318420.00,0.0100,0.333362,0.0146
DQN,789,493,44370,323784.00,0.0100,0.328642,0.0154
DQN,789,494,44460,336012.00,0.0100,0.344018,0.0158
DQN,789,495,44550,332650.00,0.0100,0.331342,0.0161
DQN,789,496,44640,325822.00,0.0100,0.332690,0.0151
DQN,789,497,44730,339596.00,0.0100,0.325363,0.0157
DQN,789,498,44820,339424.00,0.0100,0.328220,0.0145
DQN,789,499,44910,326036.00,0.0100,0.317122,0.0149
DQN,789,500,45000,314344.00,0.0100,0.321100,0.0172
DQN,1024,1,90,258796.00,0.9975,0.000000,0.0005
DQN,1024,2,180,252300.00,0.9950,0.000000,0.0004
DQN,1024,3,270,195902.00,0.9926,0.000000,0.0004
DQN,1024,4,360,246388.00,0.9901,0.000000,0.0004
DQN,1024,5,450,240176.00,0.9876,0.000000,0.0004
DQN,1024,6,540,237664.00,0.9851,3.781081,0.0061
DQN,1024,7,630,288236.00,0.9827,2.775521,0.0165
DQN,1024,8,720,225656.00,0.9802,1.538508,0.0150
DQN,1024,9,810,257442.00,0.9777,1.252417,0.0141
DQN,1024,10,900,207144.00,0.9752,1.198918,0.0140
DQN,1024,11,990,239886.00,0.9728,1.196976,0.0139
DQN,1024,12,1080,226452.00,0.9703,2.226335,0.0132
DQN,1024,13,1170,220310.00,0.9678,1.061151,0.0131
DQN,1024,14,1260,270376.00,0.9654,1.037004,0.0137
DQN,1024,15,1350,226388.00,0.9629,0.991811,0.0135
DQN,1024,16,1440,172842.00,0.9604,0.955307,0.0159
DQN,1024,17,1530,250368.00,0.9579,1.587342,0.0156
DQN,1024,18,1620,233856.00,0.9555,0.999624,0.0147
DQN,1024,19,1710,220598.00,0.9530,0.906759,0.0151
DQN,1024,20,1800,227040.00,0.9505,0.888662,0.0132
DQN,1024,21,1890,245488.00,0.9480,0.803865,0.0145
DQN,1024,22,1980,105378.00,0.9456,0.826016,0.0141
DQN,1024,23,2070,258036.00,0.9431,1.468580,0.0147
DQN,1024,24,2160,322740.00,0.9406,0.915229,0.0143
DQN,1024,25,2250,289464.00,0.9381,0.862192,0.0164
DQN,1024,26,2340,274804.00,0.9356,0.850179,0.0153
DQN,1024,27,2430,259348.00,0.9332,0.807736,0.0138
DQN,1024,28,2520,274496.00,0.9307,1.210979,0.0147
DQN,1024,29,2610,242700.00,0.9282,0.956337,0.0130
DQN,1024,30,2700,256554.00,0.9257,0.857410,0.0159
DQN,1024,31,2790,240258.00,0.9233,0.818665,0.0146
DQN,1024,32,2880,178622.00,0.9208,0.786225,0.0147
DQN,1024,33,2970,296588.00,0.9183,0.777206,0.0152
DQN,1024,34,3060,240566.00,0.9159,1.181913,0.0144
DQN,1024,35,3150,280596.00,0.9134,0.887271,0.0149
DQN,1024,36,3240,226246.00,0.9109,0.846462,0.0142
DQN,1024,37,3330,228640.00,0.9084,0.841932,0.0139
DQN,1024,38,3420,293916.00,0.9060,0.800165,0.0149
DQN,1024,39,3510,175490.00,0.9035,0.999134,0.0147
DQN,1024,40,3600,258654.00,0.9010,0.970774,0.0141
DQN,1024,41,3690,238304.00,0.8985,0.831462,0.0155
DQN,1024,42,3780,267872.00,0.8961,0.816670,0.0143
DQN,1024,43,3870,202922.00,0.8936,0.804064,0.0158
DQN,1024,44,3960,253882.00,0.8911,0.786083,0.0153
DQN,1024,45,4050,303880.00,0.8886,1.001535,0.0146
DQN,1024,46,4140,232886.00,0.8861,0.845490,0.0155
DQN,1024,47,4230,258398.00,0.8837,0.824957,0.0129
DQN,1024,48,4320,256414.00,0.8812,0.809489,0.0155
DQN,1024,49,4410,295994.00,0.8787,0.783002,0.0150
DQN,1024,50,4500,258150.00,0.8762,0.824468,0.0140
DQN,1024,51,4590,258628.00,0.8738,0.881774,0.0153
DQN,1024,52,4680,235508.00,0.8713,0.755211,0.0166
DQN,1024,53,4770,241436.00,0.8688,0.732918,0.0141
DQN,1024,54,4860,284146.00,0.8663,0.729639,0.0149
DQN,1024,55,4950,282770.00,0.8639,0.736888,0.0138
DQN,1024,56,5040,274666.00,0.8614,0.817889,0.0136
DQN,1024,57,5130,293842.00,0.8589,0.713046,0.0147
DQN,1024,58,5220,289456.00,0.8565,0.677511,0.0156
DQN,1024,59,5310,252914.00,0.8540,0.676428,0.0147
DQN,1024,60,5400,260014.00,0.8515,0.666484,0.0140
DQN,1024,61,5490,333896.00,0.8490,0.675703,0.0167
DQN,1024,62,5580,245242.00,0.8466,0.730738,0.0140
DQN,1024,63,5670,253958.00,0.8441,0.654669,0.0151
DQN,1024,64,5760,176062.00,0.8416,0.641978,0.0151
DQN,1024,65,5850,291602.00,0.8391,0.655231,0.0133
DQN,1024,66,5940,313570.00,0.8367,0.631222,0.0129
DQN,1024,67,6030,269398.00,0.8342,0.685475,0.0128
DQN,1024,68,6120,266084.00,0.8317,0.657277,0.0158
DQN,1024,69,6210,292474.00,0.8292,0.633893,0.0171
DQN,1024,70,6300,292078.00,0.8267,0.642799,0.0173
DQN,1024,71,6390,257506.00,0.8243,0.622699,0.0154
DQN,1024,72,6480,238604.00,0.8218,0.633388,0.0164
DQN,1024,73,6570,235848.00,0.8193,0.697276,0.0203
DQN,1024,74,6660,291210.00,0.8168,0.612424,0.0152
DQN,1024,75,6750,282946.00,0.8144,0.626472,0.0165
DQN,1024,76,6840,280138.00,0.8119,0.612609,0.0147
DQN,1024,77,6930,225550.00,0.8094,0.625396,0.0145
DQN,1024,78,7020,225956.00,0.8070,0.692905,0.0159
DQN,1024,79,7110,267578.00,0.8045,0.616839,0.0160
DQN,1024,80,7200,252912.00,0.8020,0.644290,0.0155
DQN,1024,81,7290,262030.00,0.7995,0.610880,0.0181
DQN,1024,82,7380,290662.00,0.7971,0.622687,0.0151
DQN,1024,83,7470,304504.00,0.7946,0.633532,0.0160
DQN,1024,84,7560,263406.00,0.7921,0.670141,0.0144
DQN,1024,85,7650,279706.00,0.7896,0.641336,0.0175
DQN,1024,86,7740,280548.00,0.7872,0.622270,0.0149
DQN,1024,87,7830,274628.00,0.7847,0.629751,0.0136
DQN,1024,88,7920,256246.00,0.7822,0.618064,0.0148
DQN,1024,89,8010,277748.00,0.7797,0.652777,0.0172
DQN,1024,90,8100,314284.00,0.7772,0.631504,0.0146
DQN,1024,91,8190,296118.00,0.7748,0.622205,0.0142
DQN,1024,92,8280,268846.00,0.7723,0.616265,0.0157
DQN,1024,93,8370,263960.00,0.7698,0.614470,0.0152
DQN,1024,94,8460,291408.00,0.7673,0.628062,0.0151
DQN,1024,95,8550,276522.00,0.7649,0.656672,0.0142
DQN,1024,96,8640,293474.00,0.7624,0.604387,0.0145
DQN,1024,97,8730,266134.00,0.7599,0.600568,0.0133
DQN,1024,98,8820,264726.00,0.7574,0.600658,0.0138
DQN,1024,99,8910,258934.00,0.7550,0.602697,0.0149
DQN,1024,100,9000,243236.00,0.7525,0.634168,0.0142
DQN,1024,101,9090,316014.00,0.7500,0.599838,0.0180
DQN,1024,102,9180,277396.00,0.7475,0.608341,0.0146
DQN,1024,103,9270,285916.00,0.7451,0.614850,0.0150
DQN,1024,104,9360,265576.00,0.7426,0.596959,0.0149
DQN,1024,105,9450,294418.00,0.7401,0.604659,0.0150
DQN,1024,106,9540,313050.00,0.7376,0.617883,0.0141
DQN,1024,107,9630,287836.00,0.7352,0.592139,0.0131
DQN,1024,108,9720,284806.00,0.7327,0.606257,0.0137
DQN,1024,109,9810,277644.00,0.7302,0.605011,0.0145
DQN,1024,110,9900,231420.00,0.7278,0.605575,0.0147
DQN,1024,111,9990,318746.00,0.7253,0.608098,0.0142
DQN,1024,112,10080,307010.00,0.7228,0.622941,0.0148
DQN,1024,113,10170,260356.00,0.7203,0.607813,0.0143
DQN,1024,114,10260,299746.00,0.7179,0.607057,0.0136
DQN,1024,115,10350,234572.00,0.7154,0.606702,0.0153
DQN,1024,116,10440,284542.00,0.7129,0.599622,0.0147
DQN,1024,117,10530,243924.00,0.7104,0.616432,0.0148
DQN,1024,118,10620,270692.00,0.7080,0.604223,0.0146
DQN,1024,119,10710,299740.00,0.7055,0.612074,0.0164
DQN,1024,120,10800,295404.00,0.7030,0.602390,0.0150
DQN,1024,121,10890,332932.00,0.7005,0.604623,0.0151
DQN,1024,122,10980,271548.00,0.6981,0.612418,0.0156
DQN,1024,123,11070,282952.00,0.6956,0.629000,0.0144
DQN,1024,124,11160,296442.00,0.6931,0.625963,0.0132
DQN,1024,125,11250,320226.00,0.6906,0.606110,0.0149
DQN,1024,126,11340,268286.00,0.6882,0.614758,0.0153
DQN,1024,127,11430,245792.00,0.6857,0.613614,0.0147
DQN,1024,128,11520,301766.00,0.6832,0.633998,0.0142
DQN,1024,129,11610,292230.00,0.6807,0.616191,0.0148
DQN,1024,130,11700,284444.00,0.6783,0.618796,0.0152
DQN,1024,131,11790,288344.00,0.6758,0.621833,0.0154
DQN,1024,132,11880,311900.00,0.6733,0.606562,0.0148
DQN,1024,133,11970,322892.00,0.6708,0.603735,0.0151
DQN,1024,134,12060,305240.00,0.6683,0.633231,0.0150
DQN,1024,135,12150,248716.00,0.6659,0.598526,0.0142
DQN,1024,136,12240,285440.00,0.6634,0.594042,0.0141
DQN,1024,137,12330,284862.00,0.6609,0.604715,0.0143
DQN,1024,138,12420,323448.00,0.6584,0.605813,0.0155
DQN,1024,139,12510,322552.00,0.6560,0.624344,0.0147
DQN,1024,140,12600,274430.00,0.6535,0.597030,0.0154
DQN,1024,141,12690,279748.00,0.6510,0.588263,0.0157
DQN,1024,142,12780,289596.00,0.6485,0.616856,0.0150
DQN,1024,143,12870,300204.00,0.6461,0.623975,0.0146
DQN,1024,144,12960,326536.00,0.6436,0.581450,0.0148
DQN,1024,145,13050,308964.00,0.6411,0.601373,0.0140
DQN,1024,146,13140,299200.00,0.6386,0.607688,0.0153
DQN,1024,147,13230,269358.00,0.6362,0.586137,0.0141
DQN,1024,148,13320,298056.00,0.6337,0.581198,0.0144
DQN,1024,149,13410,304306.00,0.6312,0.590449,0.0140
DQN,1024,150,13500,308890.00,0.6288,0.591650,0.0157
DQN,1024,151,13590,308436.00,0.6263,0.612211,0.0169
DQN,1024,152,13680,293664.00,0.6238,0.595324,0.0163
DQN,1024,153,13770,247800.00,0.6213,0.626372,0.0144
DQN,1024,154,13860,274868.00,0.6189,0.606522,0.0141
DQN,1024,155,13950,322258.00,0.6164,0.608521,0.0140
DQN,1024,156,14040,316138.00,0.6139,0.609448,0.0145
DQN,1024,157,14130,319472.00,0.6114,0.609357,0.0146
DQN,1024,158,14220,283740.00,0.6089,0.595706,0.0160
DQN,1024,159,14310,323440.00,0.6065,0.584398,0.0145
DQN,1024,160,14400,280046.00,0.6040,0.579505,0.0149
DQN,1024,161,14490,298638.00,0.6015,0.583065,0.0146
DQN,1024,162,14580,304654.00,0.5990,0.630914,0.0156
DQN,1024,163,14670,303896.00,0.5966,0.592913,0.0147
DQN,1024,164,14760,332972.00,0.5941,0.587928,0.0146
DQN,1024,165,14850,278722.00,0.5916,0.584911,0.0138
DQN,1024,166,14940,311880.00,0.5892,0.591877,0.0157
DQN,1024,167,15030,318370.00,0.5867,0.597986,0.0146
DQN,1024,168,15120,331568.00,0.5842,0.591876,0.0148
DQN,1024,169,15210,334276.00,0.5817,0.609198,0.0166
DQN,1024,170,15300,316354.00,0.5793,0.571956,0.0165
DQN,1024,171,15390,292284.00,0.5768,0.594029,0.0152
DQN,1024,172,15480,309666.00,0.5743,0.584427,0.0146
DQN,1024,173,15570,304406.00,0.5718,0.604964,0.0164
DQN,1024,174,15660,308604.00,0.5694,0.586948,0.0151
DQN,1024,175,15750,304656.00,0.5669,0.601247,0.0143
DQN,1024,176,15840,311252.00,0.5644,0.585108,0.0144
DQN,1024,177,15930,347046.00,0.5619,0.579725,0.0142
DQN,1024,178,16020,283480.00,0.5595,0.596253,0.0158
DQN,1024,179,16110,297428.00,0.5570,0.583561,0.0139
DQN,1024,180,16200,300628.00,0.5545,0.590627,0.0162
DQN,1024,181,16290,286926.00,0.5520,0.583836,0.0141
DQN,1024,182,16380,304464.00,0.5495,0.600836,0.0144
DQN,1024,183,16470,301288.00,0.5471,0.586312,0.0144
DQN,1024,184,16560,301460.00,0.5446,0.573990,0.0137
DQN,1024,185,16650,321760.00,0.5421,0.553867,0.0140
DQN,1024,186,16740,310610.00,0.5396,0.564391,0.0147
DQN,1024,187,16830,287270.00,0.5372,0.589156,0.0159
DQN,1024,188,16920,313228.00,0.5347,0.568127,0.0159
DQN,1024,189,17010,289802.00,0.5322,0.552925,0.0157
DQN,1024,190,17100,338232.00,0.5297,0.575831,0.0147
DQN,1024,191,17190,311860.00,0.5273,0.562094,0.0143
DQN,1024,192,17280,333598.00,0.5248,0.561879,0.0145
DQN,1024,193,17370,330982.00,0.5223,0.558059,0.0146
DQN,1024,194,17460,319430.00,0.5199,0.561912,0.0132
DQN,1024,195,17550,320960.00,0.5174,0.578591,0.0142
DQN,1024,196,17640,298316.00,0.5149,0.580398,0.0141
DQN,1024,197,17730,297554.00,0.5124,0.569447,0.0170
DQN,1024,198,17820,309716.00,0.5100,0.568467,0.0144
DQN,1024,199,17910,310332.00,0.5075,0.560236,0.0151
DQN,1024,200,18000,300438.00,0.5050,0.572118,0.0163
DQN,1024,201,18090,335692.00,0.5025,0.573367,0.0157
DQN,1024,202,18180,307792.00,0.5000,0.572070,0.0175
DQN,1024,203,18270,323258.00,0.4976,0.561419,0.0147
DQN,1024,204,18360,299128.00,0.4951,0.556278,0.0143
DQN,1024,205,18450,324742.00,0.4926,0.553400,0.0155
DQN,1024,206,18540,299920.00,0.4901,0.537188,0.0153
DQN,1024,207,18630,311394.00,0.4877,0.548144,0.0138
DQN,1024,208,18720,306034.00,0.4852,0.540849,0.0151
DQN,1024,209,18810,295428.00,0.4827,0.530558,0.0146
DQN,1024,210,18900,320692.00,0.4802,0.538385,0.0143
DQN,1024,211,18990,301902.00,0.4778,0.537052,0.0149
DQN,1024,212,19080,318852.00,0.4753,0.536023,0.0167
DQN,1024,213,19170,317454.00,0.4728,0.534309,0.0148
DQN,1024,214,19260,308512.00,0.4703,0.531231,0.0145
DQN,1024,215,19350,297108.00,0.4679,0.522445,0.0143
DQN,1024,216,19440,320836.00,0.4654,0.539397,0.0142
DQN,1024,217,19530,313904.00,0.4629,0.555843,0.0136
DQN,1024,218,19620,307520.00,0.4604,0.548893,0.0147
DQN,1024,219,19710,336812.00,0.4580,0.566830,0.0161
DQN,1024,220,19800,315694.00,0.4555,0.545212,0.0149
DQN,1024,221,19890,302458.00,0.4530,0.546270,0.0149
DQN,1024,222,19980,310118.00,0.4506,0.540031,0.0156
DQN,1024,223,20070,315064.00,0.4481,0.556556,0.0144
DQN,1024,224,20160,321804.00,0.4456,0.530247,0.0149
DQN,1024,225,20250,320414.00,0.4431,0.538009,0.0145
DQN,1024,226,20340,324442.00,0.4407,0.559100,0.0162
DQN,1024,227,20430,314402.00,0.4382,0.527807,0.0137
DQN,1024,228,20520,322300.00,0.4357,0.537282,0.0148
DQN,1024,229,20610,325458.00,0.4332,0.543010,0.0146
DQN,1024,230,20700,322072.00,0.4308,0.540323,0.0150
DQN,1024,231,20790,304056.00,0.4283,0.533811,0.0147
DQN,1024,232,20880,315466.00,0.4258,0.525195,0.0153
DQN,1024,233,20970,320432.00,0.4233,0.539177,0.0142
DQN,1024,234,21060,329682.00,0.4209,0.550193,0.0153
DQN,1024,235,21150,337152.00,0.4184,0.546488,0.0223
DQN,1024,236,21240,296444.00,0.4159,0.542955,0.0140
DQN,1024,237,21330,336694.00,0.4134,0.536014,0.0145
DQN,1024,238,21420,317472.00,0.4110,0.538340,0.0148
DQN,1024,239,21510,290210.00,0.4085,0.528449,0.0137
DQN,1024,240,21600,327268.00,0.4060,0.526006,0.0139
DQN,1024,241,21690,318436.00,0.4035,0.517582,0.0144
DQN,1024,242,21780,317704.00,0.4011,0.509789,0.0151
DQN,1024,243,21870,316246.00,0.3986,0.524291,0.0147
DQN,1024,244,21960,331328.00,0.3961,0.508147,0.0147
DQN,1024,245,22050,306428.00,0.3936,0.517266,0.0146
DQN,1024,246,22140,344108.00,0.3911,0.506795,0.0152
DQN,1024,247,22230,323502.00,0.3887,0.527570,0.0156
DQN,1024,248,22320,296560.00,0.3862,0.524553,0.0145
DQN,1024,249,22410,302652.00,0.3837,0.521575,0.0143
DQN,1024,250,22500,336316.00,0.3812,0.530715,0.0142
DQN,1024,251,22590,319712.00,0.3788,0.522576,0.0154
DQN,1024,252,22680,319094.00,0.3763,0.526774,0.0279
DQN,1024,253,22770,337038.00,0.3738,0.538335,0.0262
DQN,1024,254,22860,313134.00,0.3713,0.523276,0.0180
DQN,1024,255,22950,315500.00,0.3689,0.551472,0.0141
DQN,1024,256,23040,327114.00,0.3664,0.523659,0.0137
DQN,1024,257,23130,326184.00,0.3639,0.529367,0.0135
DQN,1024,258,23220,318554.00,0.3614,0.520077,0.0164
DQN,1024,259,23310,327308.00,0.3590,0.510741,0.0148
DQN,1024,260,23400,322636.00,0.3565,0.504544,0.0148
DQN,1024,261,23490,316308.00,0.3540,0.506957,0.0153
DQN,1024,262,23580,324552.00,0.3516,0.529539,0.0146
DQN,1024,263,23670,315272.00,0.3491,0.512807,0.0134
DQN,1024,264,23760,327198.00,0.3466,0.510536,0.0157
DQN,1024,265,23850,324608.00,0.3441,0.502042,0.0160
DQN,1024,266,23940,326620.00,0.3417,0.512234,0.0145
DQN,1024,267,24030,330426.00,0.3392,0.509088,0.0157
DQN,1024,268,24120,315502.00,0.3367,0.509337,0.0149
DQN,1024,269,24210,319728.00,0.3342,0.501117,0.0153
DQN,1024,270,24300,316754.00,0.3317,0.492288,0.0147
DQN,1024,271,24390,335286.00,0.3293,0.504840,0.0150
DQN,1024,272,24480,313002.00,0.3268,0.501648,0.0151
DQN,1024,273,24570,318804.00,0.3243,0.497143,0.0148
DQN,1024,274,24660,321232.00,0.3218,0.495660,0.0146
DQN,1024,275,24750,346684.00,0.3194,0.491452,0.0149
DQN,1024,276,24840,322844.00,0.3169,0.502787,0.0144
DQN,1024,277,24930,301548.00,0.3144,0.488328,0.0149
DQN,1024,278,25020,325636.00,0.3120,0.519354,0.0162
DQN,1024,279,25110,320086.00,0.3095,0.525185,0.0154
DQN,1024,280,25200,316176.00,0.3070,0.498707,0.0154
DQN,1024,281,25290,318526.00,0.3045,0.506919,0.0150
DQN,1024,282,25380,313894.00,0.3021,0.510602,0.0148
DQN,1024,283,25470,325786.00,0.2996,0.505032,0.0149
DQN,1024,284,25560,333252.00,0.2971,0.500623,0.0168
DQN,1024,285,25650,308866.00,0.2946,0.494565,0.0155
DQN,1024,286,25740,340578.00,0.2922,0.477963,0.0138
DQN,1024,287,25830,329278.00,0.2897,0.481002,0.0148
DQN,1024,288,25920,327366.00,0.2872,0.476406,0.0142
DQN,1024,289,26010,321200.00,0.2847,0.486288,0.0147
DQN,1024,290,26100,318234.00,0.2823,0.521005,0.0154
DQN,1024,291,26190,307460.00,0.2798,0.502305,0.0149
DQN,1024,292,26280,322808.00,0.2773,0.495483,0.0157
DQN,1024,293,26370,315308.00,0.2748,0.503675,0.0159
DQN,1024,294,26460,329886.00,0.2723,0.500440,0.0146
DQN,1024,295,26550,322900.00,0.2699,0.518030,0.0160
DQN,1024,296,26640,314408.00,0.2674,0.496967,0.0143
DQN,1024,297,26730,329010.00,0.2649,0.502248,0.0157
DQN,1024,298,26820,340846.00,0.2624,0.507498,0.0167
DQN,1024,299,26910,313246.00,0.2600,0.499375,0.0136
DQN,1024,300,27000,329026.00,0.2575,0.512456,0.0154
DQN,1024,301,27090,323656.00,0.2550,0.468386,0.0144
DQN,1024,302,27180,322406.00,0.2526,0.488041,0.0163
DQN,1024,303,27270,329000.00,0.2501,0.481392,0.0158
DQN,1024,304,27360,313602.00,0.2476,0.461141,0.0155
DQN,1024,305,27450,324140.00,0.2451,0.485544,0.0149
DQN,1024,306,27540,321994.00,0.2427,0.487978,0.0144
DQN,1024,307,27630,312914.00,0.2402,0.466000,0.0142
DQN,1024,308,27720,319070.00,0.2377,0.454429,0.0144
DQN,1024,309,27810,327022.00,0.2352,0.465757,0.0168
DQN,1024,310,27900,325780.00,0.2328,0.454662,0.0139
DQN,1024,311,27990,318196.00,0.2303,0.448858,0.0159
DQN,1024,312,28080,310540.00,0.2278,0.461326,0.0155
DQN,1024,313,28170,319868.00,0.2253,0.467060,0.0151
DQN,1024,314,28260,329474.00,0.2228,0.472048,0.0147
DQN,1024,315,28350,322632.00,0.2204,0.464262,0.0156
DQN,1024,316,28440,345916.00,0.2179,0.441564,0.0152
DQN,1024,317,28530,312986.00,0.2154,0.438912,0.0153
DQN,1024,318,28620,325870.00,0.2129,0.429529,0.0168
DQN,1024,319,28710,313346.00,0.2105,0.428774,0.0153
DQN,1024,320,28800,327178.00,0.2080,0.423829,0.0147
DQN,1024,321,28890,322242.00,0.2055,0.427814,0.0144
DQN,1024,322,28980,331296.00,0.2030,0.423109,0.0149
DQN,1024,323,29070,326592.00,0.2006,0.428984,0.0138
DQN,1024,324,29160,308370.00,0.1981,0.437520,0.0149
DQN,1024,325,29250,331272.00,0.1956,0.417582,0.0151
DQN,1024,326,29340,332520.00,0.1932,0.436369,0.0151
DQN,1024,327,29430,316112.00,0.1907,0.431978,0.0143
DQN,1024,328,29520,320366.00,0.1882,0.428746,0.0156
DQN,1024,329,29610,337226.00,0.1857,0.438228,0.0155
DQN,1024,330,29700,326174.00,0.1833,0.449534,0.0151
DQN,1024,331,29790,326192.00,0.1808,0.441581,0.0154
DQN,1024,332,29880,345648.00,0.1783,0.435144,0.0172
DQN,1024,333,29970,325694.00,0.1758,0.413495,0.0166
DQN,1024,334,30060,331484.00,0.1734,0.443228,0.0151
DQN,1024,335,30150,318096.00,0.1709,0.431701,0.0135
DQN,1024,336,30240,338290.00,0.1684,0.434282,0.0149
DQN,1024,337,30330,327858.00,0.1659,0.434706,0.0151
DQN,1024,338,30420,332642.00,0.1634,0.418906,0.0162
DQN,1024,339,30510,324782.00,0.1610,0.426178,0.0146
DQN,1024,340,30600,296264.00,0.1585,0.434368,0.0147
DQN,1024,341,30690,328766.00,0.1560,0.441537,0.0160
DQN,1024,342,30780,328534.00,0.1536,0.429062,0.0154
DQN,1024,343,30870,316806.00,0.1511,0.419351,0.0149
DQN,1024,344,30960,332290.00,0.1486,0.420138,0.0150
DQN,1024,345,31050,317206.00,0.1461,0.415417,0.0170
DQN,1024,346,31140,332504.00,0.1437,0.389922,0.0143
DQN,1024,347,31230,324448.00,0.1412,0.396363,0.0135
DQN,1024,348,31320,308978.00,0.1387,0.401845,0.0156
DQN,1024,349,31410,324204.00,0.1362,0.398023,0.0144
DQN,1024,350,31500,323764.00,0.1338,0.392753,0.0153
DQN,1024,351,31590,330350.00,0.1313,0.435693,0.0155
DQN,1024,352,31680,334710.00,0.1288,0.433401,0.0170
DQN,1024,353,31770,320202.00,0.1263,0.427035,0.0149
DQN,1024,354,31860,325802.00,0.1239,0.412744,0.0154
DQN,1024,355,31950,342188.00,0.1214,0.409606,0.0155
DQN,1024,356,32040,327228.00,0.1189,0.435991,0.0152
DQN,1024,357,32130,324808.00,0.1164,0.420824,0.0142
DQN,1024,358,32220,324958.00,0.1139,0.424293,0.0151
DQN,1024,359,32310,329142.00,0.1115,0.433563,0.0146
DQN,1024,360,32400,314044.00,0.1090,0.429817,0.0145
DQN,1024,361,32490,313638.00,0.1065,0.413624,0.0166
DQN,1024,362,32580,325334.00,0.1040,0.417617,0.0142
DQN,1024,363,32670,335268.00,0.1016,0.426622,0.0149
DQN,1024,364,32760,314298.00,0.0991,0.429062,0.0161
DQN,1024,365,32850,331754.00,0.0966,0.404009,0.0153
DQN,1024,366,32940,330972.00,0.0941,0.435175,0.0160
DQN,1024,367,33030,328470.00,0.0917,0.411772,0.0156
DQN,1024,368,33120,334048.00,0.0892,0.410405,0.0148
DQN,1024,369,33210,322416.00,0.0867,0.421866,0.0152
DQN,1024,370,33300,336528.00,0.0842,0.412760,0.0154
DQN,1024,371,33390,326646.00,0.0818,0.407762,0.0154
DQN,1024,372,33480,339046.00,0.0793,0.411336,0.0148
DQN,1024,373,33570,326968.00,0.0768,0.447662,0.0142
DQN,1024,374,33660,310748.00,0.0743,0.432951,0.0160
DQN,1024,375,33750,305606.00,0.0719,0.429333,0.0153
DQN,1024,376,33840,296310.00,0.0694,0.438231,0.0161
DQN,1024,377,33930,295798.00,0.0669,0.454568,0.0161
DQN,1024,378,34020,304736.00,0.0645,0.415753,0.0158
DQN,1024,379,34110,307242.00,0.0620,0.418819,0.0154
DQN,1024,380,34200,312728.00,0.0595,0.410768,0.0148
DQN,1024,381,34290,321726.00,0.0570,0.406435,0.0161
DQN,1024,382,34380,332076.00,0.0546,0.417771,0.0148
DQN,1024,383,34470,338166.00,0.0521,0.408439,0.0154
DQN,1024,384,34560,301100.00,0.0496,0.410593,0.0145
DQN,1024,385,34650,319238.00,0.0471,0.387762,0.0154
DQN,1024,386,34740,314548.00,0.0447,0.400188,0.0140
DQN,1024,387,34830,325972.00,0.0422,0.405888,0.0148
DQN,1024,388,34920,332596.00,0.0397,0.395933,0.0151
DQN,1024,389,35010,329186.00,0.0372,0.404811,0.0162
DQN,1024,390,35100,324950.00,0.0348,0.385830,0.0148
DQN,1024,391,35190,324790.00,0.0323,0.397788,0.0158
DQN,1024,392,35280,332400.00,0.0298,0.389013,0.0149
DQN,1024,393,35370,311334.00,0.0273,0.388322,0.0149
DQN,1024,394,35460,315338.00,0.0249,0.379528,0.0141
DQN,1024,395,35550,333972.00,0.0224,0.379718,0.0152
DQN,1024,396,35640,340638.00,0.0199,0.394936,0.0136
DQN,1024,397,35730,347258.00,0.0174,0.387558,0.0193
DQN,1024,398,35820,324346.00,0.0150,0.387656,0.0166
DQN,1024,399,35910,323074.00,0.0125,0.383092,0.0155
DQN,1024,400,36000,327724.00,0.0100,0.383520,0.0155
DQN,1024,401,36090,327202.00,0.0100,0.378219,0.0142
DQN,1024,402,36180,335608.00,0.0100,0.391494,0.0162
DQN,1024,403,36270,327378.00,0.0100,0.376898,0.0158
DQN,1024,404,36360,347366.00,0.0100,0.381187,0.0152
DQN,1024,405,36450,337138.00,0.0100,0.390012,0.0158
DQN,1024,406,36540,315734.00,0.0100,0.362788,0.0158
DQN,1024,407,36630,328434.00,0.0100,0.346792,0.0143
DQN,1024,408,36720,335314.00,0.0100,0.373254,0.0157
DQN,1024,409,36810,333488.00,0.0100,0.361681,0.0159
DQN,1024,410,36900,331728.00,0.0100,0.352521,0.0148
DQN,1024,411,36990,331988.00,0.0100,0.366071,0.0147
DQN,1024,412,37080,318568.00,0.0100,0.359335,0.0151
DQN,1024,413,37170,344482.00,0.0100,0.353059,0.0140
DQN,1024,414,37260,337484.00,0.0100,0.358543,0.0152
DQN,1024,415,37350,327434.00,0.0100,0.364273,0.0148
DQN,1024,416,37440,324908.00,0.0100,0.366322,0.0150
DQN,1024,417,37530,327064.00,0.0100,0.356451,0.0160
DQN,1024,418,37620,330114.00,0.0100,0.358543,0.0150
DQN,1024,419,37710,323562.00,0.0100,0.351014,0.0153
DQN,1024,420,37800,320692.00,0.0100,0.354875,0.0168
DQN,1024,421,37890,342530.00,0.0100,0.362542,0.0171
DQN,1024,422,37980,334546.00,0.0100,0.352170,0.0154
DQN,1024,423,38070,321890.00,0.0100,0.375472,0.0157
DQN,1024,424,38160,320638.00,0.0100,0.367073,0.0153
DQN,1024,425,38250,327488.00,0.0100,0.368806,0.0155
DQN,1024,426,38340,325384.00,0.0100,0.370378,0.0152
DQN,1024,427,38430,339146.00,0.0100,0.377516,0.0150
DQN,1024,428,38520,326732.00,0.0100,0.373135,0.0138
DQN,1024,429,38610,323270.00,0.0100,0.359937,0.0155
DQN,1024,430,38700,338902.00,0.0100,0.360557,0.0150
DQN,1024,431,38790,324030.00,0.0100,0.349778,0.0156
DQN,1024,432,38880,345644.00,0.0100,0.350456,0.0153
DQN,1024,433,38970,311132.00,0.0100,0.362625,0.0154
DQN,1024,434,39060,325938.00,0.0100,0.354317,0.0154
DQN,1024,435,39150,303430.00,0.0100,0.354267,0.0146
DQN,1024,436,39240,331408.00,0.0100,0.335286,0.0150
DQN,1024,437,39330,317246.00,0.0100,0.349861,0.0156
DQN,1024,438,39420,324680.00,0.0100,0.350125,0.0151
DQN,1024,439,39510,320890.00,0.0100,0.354330,0.0148
DQN,1024,440,39600,332500.00,0.0100,0.350915,0.0140
DQN,1024,441,39690,333414.00,0.0100,0.361439,0.0144
DQN,1024,442,39780,332318.00,0.0100,0.359480,0.0160
DQN,1024,443,39870,320946.00,0.0100,0.351566,0.0150
DQN,1024,444,39960,325440.00,0.0100,0.346397,0.0155
DQN,1024,445,40050,330024.00,0.0100,0.350222,0.0157
DQN,1024,446,40140,313650.00,0.0100,0.348041,0.0146
DQN,1024,447,40230,328866.00,0.0100,0.364895,0.0150
DQN,1024,448,40320,323776.00,0.0100,0.361851,0.0162
DQN,1024,449,40410,318978.00,0.0100,0.351306,0.0157
DQN,1024,450,40500,319054.00,0.0100,0.363734,0.0157
DQN,1024,451,40590,337318.00,0.0100,0.317958,0.0160
DQN,1024,452,40680,328848.00,0.0100,0.317816,0.0158
DQN,1024,453,40770,334888.00,0.0100,0.326561,0.0166
DQN,1024,454,40860,331072.00,0.0100,0.313568,0.0161
DQN,1024,455,40950,322846.00,0.0100,0.317768,0.0149
DQN,1024,456,41040,344270.00,0.0100,0.325714,0.0136
DQN,1024,457,41130,333810.00,0.0100,0.347568,0.0149
DQN,1024,458,41220,342154.00,0.0100,0.347001,0.0166
DQN,1024,459,41310,343026.00,0.0100,0.345006,0.0160
DQN,1024,460,41400,336194.00,0.0100,0.340694,0.0154
DQN,1024,461,41490,329534.00,0.0100,0.339970,0.0159
DQN,1024,462,41580,335864.00,0.0100,0.349932,0.0149
DQN,1024,463,41670,320454.00,0.0100,0.361388,0.0155
DQN,1024,464,41760,345786.00,0.0100,0.349970,0.0166
DQN,1024,465,41850,342292.00,0.0100,0.342135,0.0148
DQN,1024,466,41940,309964.00,0.0100,0.352596,0.0160
DQN,1024,467,42030,330276.00,0.0100,0.351933,0.0179
DQN,1024,468,42120,329904.00,0.0100,0.322330,0.0151
DQN,1024,469,42210,331056.00,0.0100,0.310311,0.0139
DQN,1024,470,42300,328316.00,0.0100,0.326896,0.0134
DQN,1024,471,42390,326686.00,0.0100,0.326557,0.0133
DQN,1024,472,42480,323100.00,0.0100,0.318297,0.0160
DQN,1024,473,42570,350216.00,0.0100,0.318558,0.0135
DQN,1024,474,42660,322080.00,0.0100,0.317443,0.0133
DQN,1024,475,42750,332276.00,0.0100,0.323049,0.0134
DQN,1024,476,42840,338018.00,0.0100,0.329180,0.0133
DQN,1024,477,42930,314928.00,0.0100,0.322467,0.0133
DQN,1024,478,43020,340580.00,0.0100,0.334244,0.0133
DQN,1024,479,43110,337140.00,0.0100,0.343749,0.0133
DQN,1024,480,43200,306114.00,0.0100,0.352807,0.0132
DQN,1024,481,43290,335756.00,0.0100,0.351693,0.0132
DQN,1024,482,43380,321916.00,0.0100,0.347187,0.0133
DQN,1024,483,43470,326462.00,0.0100,0.350073,0.0132
DQN,1024,484,43560,322446.00,0.0100,0.339133,0.0177
DQN,1024,485,43650,327230.00,0.0100,0.327604,0.0137
DQN,1024,486,43740,331658.00,0.0100,0.326017,0.0142
DQN,1024,487,43830,336676.00,0.0100,0.345468,0.0135
DQN,1024,488,43920,337236.00,0.0100,0.348047,0.0133
DQN,1024,489,44010,325888.00,0.0100,0.332738,0.0133
DQN,1024,490,44100,323186.00,0.0100,0.337900,0.0135
DQN,1024,491,44190,328768.00,0.0100,0.354200,0.0135
DQN,1024,492,44280,314834.00,0.0100,0.343911,0.0144
DQN,1024,493,44370,302512.00,0.0100,0.338046,0.0139
DQN,1024,494,44460,322980.00,0.0100,0.341709,0.0136
DQN,1024,495,44550,316958.00,0.0100,0.336252,0.0133
DQN,1024,496,44640,322078.00,0.0100,0.321538,0.0133
DQN,1024,497,44730,339926.00,0.0100,0.329729,0.0133
DQN,1024,498,44820,334474.00,0.0100,0.322661,0.0132
DQN,1024,499,44910,330442.00,0.0100,0.331817,0.0133
DQN,1024,500,45000,329172.00,0.0100,0.320118,0.0133
