policy,seed,episode,total_steps,reward,epsilon,loss,duration_sec
DQN,42,1,90,126860.00,0.9975,0.000000,0.0005
DQN,42,2,180,187440.00,0.9950,0.000000,0.0004
DQN,42,3,270,90717.50,0.9926,0.000000,0.0004
DQN,42,4,360,152030.00,0.9901,0.000000,0.0004
DQN,42,5,450,77000.00,0.9876,0.000000,0.0004
DQN,42,6,540,164712.50,0.9851,3.868630,0.0064
DQN,42,7,630,152142.50,0.9827,2.721890,0.0161
DQN,42,8,720,123452.50,0.9802,1.984349,0.0129
DQN,42,9,810,41665.00,0.9777,1.897500,0.0190
DQN,42,10,900,64812.50,0.9752,1.776034,0.0158
DQN,42,11,990,134000.00,0.9728,1.711091,0.0128
DQN,42,12,1080,90247.50,0.9703,3.091750,0.0129
DQN,42,13,1170,136227.50,0.9678,2.067433,0.0131
DQN,42,14,1260,152317.50,0.9654,2.042158,0.0131
DQN,42,15,1350,133262.50,0.9629,1.939766,0.0133
DQN,42,16,1440,141965.00,0.9604,1.837765,0.0154
DQN,42,17,1530,132385.00,0.9579,2.465481,0.0134
DQN,42,18,1620,146760.00,0.9555,2.084727,0.0133
DQN,42,19,1710,181465.00,0.9530,1.986293,0.0135
DQN,42,20,1800,118422.50,0.9505,1.807862,0.0135
DQN,42,21,1890,119312.50,0.9480,1.801049,0.0135
DQN,42,22,1980,110182.50,0.9456,1.792299,0.0136
DQN,42,23,2070,146877.50,0.9431,2.247874,0.0135
DQN,42,24,2160,197412.50,0.9406,1.657063,0.0136
DQN,42,25,2250,180960.00,0.9381,1.544943,0.0136
DQN,42,26,2340,128377.50,0.9356,1.507902,0.0136
DQN,42,27,2430,160562.50,0.9332,1.436556,0.0136
DQN,42,28,2520,183895.00,0.9307,1.635589,0.0136
DQN,42,29,2610,115940.00,0.9282,1.438539,0.0136
DQN,42,30,2700,103615.00,0.9257,1.248645,0.0135
DQN,42,31,2790,94980.00,0.9233,1.236962,0.0136
DQN,42,32,2880,175667.50,0.9208,1.214874,0.0136
DQN,42,33,2970,152692.50,0.9183,1.167222,0.0151
DQN,42,34,3060,135192.50,0.9159,1.430637,0.0162
DQN,42,35,3150,142630.00,0.9134,1.159029,0.0167
DQN,42,36,3240,109795.00,0.9109,1.107073,0.0188
DQN,42,37,3330,151395.00,0.9084,1.085273,0.0174
DQN,42,38,3420,107922.50,0.9060,1.014714,0.0133
DQN,42,39,3510,119057.50,0.9035,1.162850,0.0132
DQN,42,40,3600,148840.00,0.9010,1.108922,0.0131
DQN,42,41,3690,134660.00,0.8985,0.956833,0.0130
DQN,42,42,3780,153617.50,0.8961,0.923644,0.0130
DQN,42,43,3870,127820.00,0.8936,0.901074,0.0175
DQN,42,44,3960,162060.00,0.8911,0.881806,0.0133
DQN,42,45,4050,117745.00,0.8886,1.164079,0.0131
DQN,42,46,4140,142620.00,0.8861,0.978081,0.0131
DQN,42,47,4230,139400.00,0.8837,0.926084,0.0131
DQN,42,48,4320,165837.50,0.8812,0.911388,0.0130
DQN,42,49,4410,59027.50,0.8787,0.908675,0.0130
DQN,42,50,4500,161752.50,0.8762,0.917355,0.0131
DQN,42,51,4590,146875.00,0.8738,1.162030,0.0142
DQN,42,52,4680,173262.50,0.8713,1.018782,0.0131
DQN,42,53,4770,170600.00,0.8688,0.970529,0.0160
DQN,42,54,4860,128740.00,0.8663,0.963577,0.0141
DQN,42,55,4950,181702.50,0.8639,0.951863,0.0138
DQN,42,56,5040,148555.00,0.8614,1.122051,0.0148
DQN,42,57,5130,171802.50,0.8589,0.946604,0.0147
DQN,42,58,5220,139692.50,0.8565,0.918811,0.0133
DQN,42,59,5310,135050.00,0.8540,0.917530,0.0134
DQN,42,60,5400,195180.00,0.8515,0.896302,0.0148
DQN,42,61,5490,146837.50,0.8490,0.904003,0.0152
DQN,42,62,5580,181385.00,0.8466,0.919991,0.0162
DQN,42,63,5670,178100.00,0.8441,0.786166,0.0168
DQN,42,64,5760,174600.00,0.8416,0.777856,0.0139
DQN,42,65,5850,183247.50,0.8391,0.798662,0.0132
DQN,42,66,5940,181017.50,0.8367,0.782576,0.0217
DQN,42,67,6030,141430.00,0.8342,0.809660,0.0146
DQN,42,68,6120,110407.50,0.8317,0.699295,0.0131
DQN,42,69,6210,140842.50,0.8292,0.696717,0.0133
DQN,42,70,6300,166202.50,0.8267,0.683861,0.0134
DQN,42,71,6390,97662.50,0.8243,0.668549,0.0135
DQN,42,72,6480,197082.50,0.8218,0.653846,0.0191
DQN,42,73,6570,180272.50,0.8193,0.700477,0.0192
DQN,42,74,6660,127170.00,0.8168,0.625912,0.0176
DQN,42,75,6750,112227.50,0.8144,0.623916,0.0170
DQN,42,76,6840,158930.00,0.8119,0.624480,0.0157
DQN,42,77,6930,178335.00,0.8094,0.629934,0.0145
DQN,42,78,7020,157365.00,0.8070,0.614530,0.0223
DQN,42,79,7110,166355.00,0.8045,0.639842,0.0164
DQN,42,80,7200,197632.50,0.8020,0.613554,0.0178
DQN,42,81,7290,178187.50,0.7995,0.600563,0.0144
DQN,42,82,7380,159302.50,0.7971,0.595336,0.0182
DQN,42,83,7470,185125.00,0.7946,0.602096,0.0174
DQN,42,84,7560,182030.00,0.7921,0.609071,0.0205
DQN,42,85,7650,207060.00,0.7896,0.591609,0.0158
DQN,42,86,7740,173287.50,0.7872,0.603319,0.0147
DQN,42,87,7830,182880.00,0.7847,0.587872,0.0143
DQN,42,88,7920,135777.50,0.7822,0.591381,0.0159
DQN,42,89,8010,181212.50,0.7797,0.584578,0.0162
DQN,42,90,8100,202902.50,0.7772,0.583987,0.0145
DQN,42,91,8190,198750.00,0.7748,0.586125,0.0150
DQN,42,92,8280,198985.00,0.7723,0.573352,0.0133
DQN,42,93,8370,183832.50,0.7698,0.583017,0.0149
DQN,42,94,8460,189862.50,0.7673,0.565974,0.0259
DQN,42,95,8550,197760.00,0.7649,0.588216,0.0142
DQN,42,96,8640,217842.50,0.7624,0.556397,0.0171
DQN,42,97,8730,130415.00,0.7599,0.559341,0.0149
DQN,42,98,8820,224720.00,0.7574,0.540936,0.0150
DQN,42,99,8910,184532.50,0.7550,0.551779,0.0141
DQN,42,100,9000,166247.50,0.7525,0.561072,0.0145
DQN,42,101,9090,157460.00,0.7500,0.538925,0.0151
DQN,42,102,9180,226997.50,0.7475,0.561087,0.0198
DQN,42,103,9270,207707.50,0.7451,0.532321,0.0144
DQN,42,104,9360,240962.50,0.7426,0.524332,0.0141
DQN,42,105,9450,172692.50,0.7401,0.552820,0.0150
DQN,42,106,9540,196007.50,0.7376,0.559893,0.0144
DQN,42,107,9630,211307.50,0.7352,0.529354,0.0149
DQN,42,108,9720,213442.50,0.7327,0.544410,0.0148
DQN,42,109,9810,166370.00,0.7302,0.555448,0.0158
DQN,42,110,9900,198347.50,0.7278,0.550040,0.0152
DQN,42,111,9990,209122.50,0.7253,0.546802,0.0138
DQN,42,112,10080,170457.50,0.7228,0.535586,0.0153
DQN,42,113,10170,229667.50,0.7203,0.550444,0.0152
DQN,42,114,10260,203920.00,0.7179,0.529598,0.0152
DQN,42,115,10350,180402.50,0.7154,0.541370,0.0145
DQN,42,116,10440,220850.00,0.7129,0.543197,0.0150
DQN,42,117,10530,221117.50,0.7104,0.567350,0.0151
DQN,42,118,10620,192675.00,0.7080,0.540831,0.0150
DQN,42,119,10710,220235.00,0.7055,0.542753,0.0155
DQN,42,120,10800,202700.00,0.7030,0.532763,0.0157
DQN,42,121,10890,198325.00,0.7005,0.553442,0.0148
DQN,42,122,10980,212982.50,0.6981,0.535889,0.0155
DQN,42,123,11070,159012.50,0.6956,0.562338,0.0145
DQN,42,124,11160,188287.50,0.6931,0.533207,0.0147
DQN,42,125,11250,179042.50,0.6906,0.536244,0.0161
DQN,42,126,11340,186295.00,0.6882,0.530316,0.0149
DQN,42,127,11430,204557.50,0.6857,0.547106,0.0153
DQN,42,128,11520,178932.50,0.6832,0.549207,0.0147
DQN,42,129,11610,198112.50,0.6807,0.519770,0.0147
DQN,42,130,11700,214532.50,0.6783,0.524906,0.0145
DQN,42,131,11790,187432.50,0.6758,0.516343,0.0164
DQN,42,132,11880,178802.50,0.6733,0.522635,0.0157
DQN,42,133,11970,228132.50,0.6708,0.512982,0.0139
DQN,42,134,12060,179677.50,0.6683,0.542289,0.0140
DQN,42,135,12150,212712.50,0.6659,0.521860,0.0147
DQN,42,136,12240,231970.00,0.6634,0.527953,0.0149
DQN,42,137,12330,176795.00,0.6609,0.535312,0.0157
DQN,42,138,12420,161307.50,0.6584,0.526718,0.0150
DQN,42,139,12510,196177.50,0.6560,0.519990,0.0145
DQN,42,140,12600,167335.00,0.6535,0.523115,0.0145
DQN,42,141,12690,204470.00,0.6510,0.524857,0.0144
DQN,42,142,12780,201865.00,0.6485,0.532010,0.0146
DQN,42,143,12870,226287.50,0.6461,0.527736,0.0142
DQN,42,144,12960,206630.00,0.6436,0.518429,0.0147
DQN,42,145,13050,222090.00,0.6411,0.529864,0.0223
DQN,42,146,13140,170095.00,0.6386,0.520357,0.0159
DQN,42,147,13230,207175.00,0.6362,0.517337,0.0158
DQN,42,148,13320,193485.00,0.6337,0.503025,0.0150
DQN,42,149,13410,199092.50,0.6312,0.501897,0.0155
DQN,42,150,13500,216482.50,0.6288,0.503357,0.0148
DQN,42,151,13590,185227.50,0.6263,0.518184,0.0160
DQN,42,152,13680,226677.50,0.6238,0.510466,0.0164
DQN,42,153,13770,221667.50,0.6213,0.498064,0.0146
DQN,42,154,13860,246315.00,0.6189,0.514926,0.0166
DQN,42,155,13950,171770.00,0.6164,0.495887,0.0154
DQN,42,156,14040,215827.50,0.6139,0.512818,0.0145
DQN,42,157,14130,200792.50,0.6114,0.503466,0.0152
DQN,42,158,14220,229485.00,0.6089,0.504704,0.0153
DQN,42,159,14310,186005.00,0.6065,0.505737,0.0166
DQN,42,160,14400,195685.00,0.6040,0.492013,0.0153
DQN,42,161,14490,214507.50,0.6015,0.490203,0.0161
DQN,42,162,14580,219560.00,0.5990,0.502421,0.0154
DQN,42,163,14670,230140.00,0.5966,0.490966,0.0146
DQN,42,164,14760,226452.50,0.5941,0.506355,0.0140
DQN,42,165,14850,222307.50,0.5916,0.500321,0.0148
DQN,42,166,14940,206787.50,0.5892,0.510976,0.0162
DQN,42,167,15030,220802.50,0.5867,0.495911,0.0154
DQN,42,168,15120,218497.50,0.5842,0.505583,0.0148
DQN,42,169,15210,210800.00,0.5817,0.503376,0.0159
DQN,42,170,15300,190280.00,0.5793,0.502454,0.0153
DQN,42,171,15390,210582.50,0.5768,0.490780,0.0166
DQN,42,172,15480,189855.00,0.5743,0.520970,0.0150
DQN,42,173,15570,214490.00,0.5718,0.508141,0.0160
DQN,42,174,15660,173562.50,0.5694,0.492545,0.0149
DQN,42,175,15750,203897.50,0.5669,0.490625,0.0147
DQN,42,176,15840,231305.00,0.5644,0.488922,0.0152
DQN,42,177,15930,212350.00,0.5619,0.497626,0.0148
DQN,42,178,16020,217702.50,0.5595,0.504407,0.0153
DQN,42,179,16110,206792.50,0.5570,0.507454,0.0153
DQN,42,180,16200,226400.00,0.5545,0.497600,0.0149
DQN,42,181,16290,214365.00,0.5520,0.504139,0.0156
DQN,42,182,16380,191112.50,0.5495,0.497458,0.0147
DQN,42,183,16470,222185.00,0.5471,0.512935,0.0152
DQN,42,184,16560,227037.50,0.5446,0.491730,0.0172
DQN,42,185,16650,185012.50,0.5421,0.498149,0.0147
DQN,42,186,16740,190517.50,0.5396,0.486466,0.0149
DQN,42,187,16830,197125.00,0.5372,0.485389,0.0154
DQN,42,188,16920,218445.00,0.5347,0.497586,0.0157
DQN,42,189,17010,228037.50,0.5322,0.505688,0.0166
DQN,42,190,17100,207137.50,0.5297,0.474074,0.0144
DQN,42,191,17190,214860.00,0.5273,0.496529,0.0138
DQN,42,192,17280,194580.00,0.5248,0.500172,0.0164
DQN,42,193,17370,209802.50,0.5223,0.485058,0.0156
DQN,42,194,17460,201602.50,0.5199,0.480431,0.0163
DQN,42,195,17550,224890.00,0.5174,0.502458,0.0160
DQN,42,196,17640,229502.50,0.5149,0.501243,0.0151
DQN,42,197,17730,220732.50,0.5124,0.488191,0.0161
DQN,42,198,17820,209340.00,0.5100,0.485626,0.0154
DQN,42,199,17910,234945.00,0.5075,0.487996,0.0151
DQN,42,200,18000,221145.00,0.5050,0.478949,0.0155
DQN,42,201,18090,226362.50,0.5025,0.482824,0.0184
DQN,42,202,18180,219037.50,0.5000,0.491538,0.0146
DQN,42,203,18270,196685.00,0.4976,0.495667,0.0179
DQN,42,204,18360,206640.00,0.4951,0.481041,0.0154
DQN,42,205,18450,210250.00,0.4926,0.461468,0.0146
DQN,42,206,18540,216310.00,0.4901,0.472238,0.0150
DQN,42,207,18630,232645.00,0.4877,0.501206,0.0175
DQN,42,208,18720,209880.00,0.4852,0.481562,0.0158
DQN,42,209,18810,229920.00,0.4827,0.473852,0.0146
DQN,42,210,18900,231997.50,0.4802,0.480829,0.0141
DQN,42,211,18990,180297.50,0.4778,0.481026,0.0156
DQN,42,212,19080,220987.50,0.4753,0.481620,0.0173
DQN,42,213,19170,220140.00,0.4728,0.496272,0.0144
DQN,42,214,19260,209190.00,0.4703,0.480537,0.0150
DQN,42,215,19350,222805.00,0.4679,0.498680,0.0154
DQN,42,216,19440,224352.50,0.4654,0.496702,0.0147
DQN,42,217,19530,229445.00,0.4629,0.484655,0.0151
DQN,42,218,19620,238997.50,0.4604,0.486544,0.0164
DQN,42,219,19710,225555.00,0.4580,0.506681,0.0144
DQN,42,220,19800,202220.00,0.4555,0.488135,0.0153
DQN,42,221,19890,213305.00,0.4530,0.527161,0.0182
DQN,42,222,19980,227402.50,0.4506,0.508638,0.0148
DQN,42,223,20070,212682.50,0.4481,0.499384,0.0163
DQN,42,224,20160,226190.00,0.4456,0.483708,0.0147
DQN,42,225,20250,221727.50,0.4431,0.480489,0.0155
DQN,42,226,20340,211450.00,0.4407,0.488930,0.0161
DQN,42,227,20430,230942.50,0.4382,0.492919,0.0151
DQN,42,228,20520,226432.50,0.4357,0.467606,0.0141
DQN,42,229,20610,217100.00,0.4332,0.484816,0.0151
DQN,42,230,20700,207762.50,0.4308,0.464421,0.0158
DQN,42,231,20790,236732.50,0.4283,0.471150,0.0161
DQN,42,232,20880,225002.50,0.4258,0.464070,0.0148
DQN,42,233,20970,236782.50,0.4233,0.473993,0.0155
DQN,42,234,21060,228397.50,0.4209,0.472324,0.0168
DQN,42,235,21150,203612.50,0.4184,0.476054,0.0151
DQN,42,236,21240,224427.50,0.4159,0.468386,0.0152
DQN,42,237,21330,221817.50,0.4134,0.450910,0.0158
DQN,42,238,21420,209250.00,0.4110,0.454633,0.0151
DQN,42,239,21510,243922.50,0.4085,0.459631,0.0152
DQN,42,240,21600,229907.50,0.4060,0.452775,0.0150
DQN,42,241,21690,229227.50,0.4035,0.449895,0.0152
DQN,42,242,21780,219455.00,0.4011,0.428179,0.0142
DQN,42,243,21870,207087.50,0.3986,0.440683,0.0152
DQN,42,244,21960,212312.50,0.3961,0.435581,0.0172
DQN,42,245,22050,221025.00,0.3936,0.432337,0.0161
DQN,42,246,22140,211877.50,0.3911,0.448453,0.0165
DQN,42,247,22230,224950.00,0.3887,0.436260,0.0170
DQN,42,248,22320,199590.00,0.3862,0.455929,0.0159
DQN,42,249,22410,230987.50,0.3837,0.445773,0.0150
DQN,42,250,22500,211347.50,0.3812,0.449796,0.0157
DQN,42,251,22590,244330.00,0.3788,0.418728,0.0166
DQN,42,252,22680,235730.00,0.3763,0.407028,0.0173
DQN,42,253,22770,219355.00,0.3738,0.427525,0.0159
DQN,42,254,22860,231765.00,0.3713,0.435884,0.0177
DQN,42,255,22950,241752.50,0.3689,0.428767,0.0150
DQN,42,256,23040,230987.50,0.3664,0.408730,0.0152
DQN,42,257,23130,226272.50,0.3639,0.414132,0.0158
DQN,42,258,23220,229322.50,0.3614,0.407808,0.0154
DQN,42,259,23310,219182.50,0.3590,0.411319,0.0153
DQN,42,260,23400,237402.50,0.3565,0.412291,0.0158
DQN,42,261,23490,218597.50,0.3540,0.417746,0.0166
DQN,42,262,23580,235655.00,0.3516,0.416179,0.0158
DQN,42,263,23670,231872.50,0.3491,0.408968,0.0157
DQN,42,264,23760,253612.50,0.3466,0.425848,0.0153
DQN,42,265,23850,237040.00,0.3441,0.405635,0.0176
DQN,42,266,23940,225550.00,0.3417,0.409310,0.0157
DQN,42,267,24030,233227.50,0.3392,0.422107,0.0155
DQN,42,268,24120,236455.00,0.3367,0.397490,0.0151
DQN,42,269,24210,249725.00,0.3342,0.412902,0.0178
DQN,42,270,24300,213222.50,0.3317,0.414414,0.0168
DQN,42,271,24390,232590.00,0.3293,0.411774,0.0176
DQN,42,272,24480,240890.00,0.3268,0.407008,0.0151
DQN,42,273,24570,230045.00,0.3243,0.416651,0.0154
DQN,42,274,24660,232677.50,0.3218,0.383741,0.0143
DQN,42,275,24750,246415.00,0.3194,0.401350,0.0152
DQN,42,276,24840,235347.50,0.3169,0.400474,0.0155
DQN,42,277,24930,233037.50,0.3144,0.402923,0.0162
DQN,42,278,25020,240867.50,0.3120,0.396570,0.0160
DQN,42,279,25110,230962.50,0.3095,0.396332,0.0165
DQN,42,280,25200,220920.00,0.3070,0.398740,0.0157
DQN,42,281,25290,243672.50,0.3045,0.400485,0.0158
DQN,42,282,25380,225202.50,0.3021,0.397294,0.0166
DQN,42,283,25470,248987.50,0.2996,0.398022,0.0153
DQN,42,284,25560,231360.00,0.2971,0.383302,0.0149
DQN,42,285,25650,240200.00,0.2946,0.394821,0.0157
DQN,42,286,25740,232480.00,0.2922,0.392918,0.0169
DQN,42,287,25830,234252.50,0.2897,0.383438,0.0183
DQN,42,288,25920,230597.50,0.2872,0.389354,0.0150
DQN,42,289,26010,238205.00,0.2847,0.408319,0.0156
DQN,42,290,26100,224200.00,0.2823,0.388011,0.0156
DQN,42,291,26190,235500.00,0.2798,0.395404,0.0149
DQN,42,292,26280,251247.50,0.2773,0.398809,0.0153
DQN,42,293,26370,238145.00,0.2748,0.394993,0.0152
DQN,42,294,26460,239240.00,0.2723,0.388869,0.0140
DQN,42,295,26550,213290.00,0.2699,0.393838,0.0154
DQN,42,296,26640,222410.00,0.2674,0.371126,0.0155
DQN,42,297,26730,231225.00,0.2649,0.390223,0.0157
DQN,42,298,26820,243770.00,0.2624,0.368237,0.0153
DQN,42,299,26910,230870.00,0.2600,0.361805,0.0154
DQN,42,300,27000,240382.50,0.2575,0.367705,0.0157
DQN,42,301,27090,225587.50,0.2550,0.356787,0.0181
DQN,42,302,27180,240980.00,0.2526,0.362464,0.0158
DQN,42,303,27270,227677.50,0.2501,0.375274,0.0142
DQN,42,304,27360,237315.00,0.2476,0.364475,0.0158
DQN,42,305,27450,238760.00,0.2451,0.356351,0.0160
DQN,42,306,27540,233595.00,0.2427,0.363961,0.0145
DQN,42,307,27630,233902.50,0.2402,0.365095,0.0158
DQN,42,308,27720,230292.50,0.2377,0.369708,0.0150
DQN,42,309,27810,219062.50,0.2352,0.358405,0.0149
DQN,42,310,27900,253897.50,0.2328,0.356034,0.0151
DQN,42,311,27990,221150.00,0.2303,0.341608,0.0156
DQN,42,312,28080,237022.50,0.2278,0.368576,0.0155
DQN,42,313,28170,224445.00,0.2253,0.365338,0.0164
DQN,42,314,28260,236062.50,0.2228,0.353708,0.0161
DQN,42,315,28350,242507.50,0.2204,0.371995,0.0172
DQN,42,316,28440,230532.50,0.2179,0.358141,0.0155
DQN,42,317,28530,237782.50,0.2154,0.362536,0.0152
DQN,42,318,28620,220652.50,0.2129,0.336600,0.0156
DQN,42,319,28710,239497.50,0.2105,0.342615,0.0166
DQN,42,320,28800,234587.50,0.2080,0.344118,0.0157
DQN,42,321,28890,248405.00,0.2055,0.340921,0.0156
DQN,42,322,28980,243495.00,0.2030,0.347733,0.0158
DQN,42,323,29070,241847.50,0.2006,0.342229,0.0247
DQN,42,324,29160,250290.00,0.1981,0.353592,0.0214
DQN,42,325,29250,249660.00,0.1956,0.339630,0.0190
DQN,42,326,29340,231207.50,0.1932,0.353357,0.0150
DQN,42,327,29430,241985.00,0.1907,0.361771,0.0155
DQN,42,328,29520,238752.50,0.1882,0.338967,0.0160
DQN,42,329,29610,237085.00,0.1857,0.334581,0.0150
DQN,42,330,29700,240955.00,0.1833,0.335292,0.0147
DQN,42,331,29790,223990.00,0.1808,0.334623,0.0140
DQN,42,332,29880,229692.50,0.1783,0.333009,0.0155
DQN,42,333,29970,243700.00,0.1758,0.337059,0.0141
DQN,42,334,30060,231427.50,0.1734,0.339432,0.0174
DQN,42,335,30150,236180.00,0.1709,0.345547,0.0156
DQN,42,336,30240,234307.50,0.1684,0.350410,0.0164
DQN,42,337,30330,229027.50,0.1659,0.334440,0.0165
DQN,42,338,30420,243927.50,0.1634,0.343296,0.0157
DQN,42,339,30510,230497.50,0.1610,0.336347,0.0165
DQN,42,340,30600,222210.00,0.1585,0.325393,0.0152
DQN,42,341,30690,235367.50,0.1560,0.324301,0.0152
DQN,42,342,30780,222675.00,0.1536,0.332535,0.0167
DQN,42,343,30870,246992.50,0.1511,0.313190,0.0166
DQN,42,344,30960,248280.00,0.1486,0.323224,0.0166
DQN,42,345,31050,253365.00,0.1461,0.320265,0.0153
DQN,42,346,31140,238002.50,0.1437,0.330431,0.0163
DQN,42,347,31230,245182.50,0.1412,0.326293,0.0157
DQN,42,348,31320,231505.00,0.1387,0.324981,0.0160
DQN,42,349,31410,233112.50,0.1362,0.333181,0.0194
DQN,42,350,31500,245007.50,0.1338,0.319724,0.0154
DQN,42,351,31590,242822.50,0.1313,0.309313,0.0167
DQN,42,352,31680,248015.00,0.1288,0.308359,0.0161
DQN,42,353,31770,237012.50,0.1263,0.310967,0.0150
DQN,42,354,31860,243935.00,0.1239,0.304231,0.0150
DQN,42,355,31950,236507.50,0.1214,0.311267,0.0162
DQN,42,356,32040,243390.00,0.1189,0.308616,0.0148
DQN,42,357,32130,238192.50,0.1164,0.300294,0.0157
DQN,42,358,32220,236030.00,0.1139,0.308272,0.0145
DQN,42,359,32310,258672.50,0.1115,0.301800,0.0168
DQN,42,360,32400,253125.00,0.1090,0.306464,0.0152
DQN,42,361,32490,251562.50,0.1065,0.293784,0.0162
DQN,42,362,32580,245432.50,0.1040,0.338894,0.0157
DQN,42,363,32670,253775.00,0.1016,0.320810,0.0161
DQN,42,364,32760,230787.50,0.0991,0.317719,0.0171
DQN,42,365,32850,253672.50,0.0966,0.310132,0.0171
DQN,42,366,32940,227575.00,0.0941,0.304599,0.0166
DQN,42,367,33030,242290.00,0.0917,0.314267,0.0161
DQN,42,368,33120,245827.50,0.0892,0.306281,0.0155
DQN,42,369,33210,236837.50,0.0867,0.301500,0.0162
DQN,42,370,33300,242225.00,0.0842,0.302200,0.0164
DQN,42,371,33390,238002.50,0.0818,0.312366,0.0151
DQN,42,372,33480,237550.00,0.0793,0.310987,0.0154
DQN,42,373,33570,242652.50,0.0768,0.306159,0.0150
DQN,42,374,33660,240977.50,0.0743,0.313053,0.0151
DQN,42,375,33750,248165.00,0.0719,0.309656,0.0157
DQN,42,376,33840,241440.00,0.0694,0.321135,0.0155
DQN,42,377,33930,228060.00,0.0669,0.303624,0.0149
DQN,42,378,34020,243577.50,0.0645,0.312924,0.0159
DQN,42,379,34110,241017.50,0.0620,0.320172,0.0151
DQN,42,380,34200,238795.00,0.0595,0.317615,0.0172
DQN,42,381,34290,247365.00,0.0570,0.324358,0.0159
DQN,42,382,34380,225810.00,0.0546,0.311706,0.0172
DQN,42,383,34470,243060.00,0.0521,0.321919,0.0152
DQN,42,384,34560,229525.00,0.0496,0.299066,0.0142
DQN,42,385,34650,224537.50,0.0471,0.297022,0.0161
DQN,42,386,34740,245935.00,0.0447,0.287679,0.0148
DQN,42,387,34830,232290.00,0.0422,0.305240,0.0148
DQN,42,388,34920,240600.00,0.0397,0.295252,0.0177
DQN,42,389,35010,240767.50,0.0372,0.301736,0.0162
DQN,42,390,35100,219637.50,0.0348,0.314795,0.0158
DQN,42,391,35190,232425.00,0.0323,0.314486,0.0159
DQN,42,392,35280,239170.00,0.0298,0.304999,0.0173
DQN,42,393,35370,239697.50,0.0273,0.313581,0.0188
DQN,42,394,35460,243565.00,0.0249,0.293604,0.0154
DQN,42,395,35550,245687.50,0.0224,0.288775,0.0154
DQN,42,396,35640,237527.50,0.0199,0.283215,0.0162
DQN,42,397,35730,244565.00,0.0174,0.278316,0.0166
DQN,42,398,35820,242860.00,0.0150,0.280336,0.0146
DQN,42,399,35910,240535.00,0.0125,0.281450,0.0163
DQN,42,400,36000,231762.50,0.0100,0.271860,0.0158
DQN,42,401,36090,235755.00,0.0100,0.270707,0.0201
DQN,42,402,36180,237397.50,0.0100,0.274419,0.0154
DQN,42,403,36270,234725.00,0.0100,0.278567,0.0162
DQN,42,404,36360,240532.50,0.0100,0.270686,0.0156
DQN,42,405,36450,244377.50,0.0100,0.269910,0.0168
DQN,42,406,36540,237062.50,0.0100,0.264320,0.0162
DQN,42,407,36630,238972.50,0.0100,0.266104,0.0183
DQN,42,408,36720,241795.00,0.0100,0.251814,0.0157
DQN,42,409,36810,228137.50,0.0100,0.265276,0.0156
DQN,42,410,36900,245607.50,0.0100,0.263592,0.0165
DQN,42,411,36990,246140.00,0.0100,0.267076,0.0151
DQN,42,412,37080,224420.00,0.0100,0.249708,0.0168
DQN,42,413,37170,239935.00,0.0100,0.270415,0.0160
DQN,42,414,37260,238695.00,0.0100,0.260878,0.0187
DQN,42,415,37350,239602.50,0.0100,0.263619,0.0158
DQN,42,416,37440,244090.00,0.0100,0.260757,0.0157
DQN,42,417,37530,234387.50,0.0100,0.267064,0.0150
DQN,42,418,37620,241427.50,0.0100,0.259423,0.0157
DQN,42,419,37710,235117.50,0.0100,0.269456,0.0167
DQN,42,420,37800,239955.00,0.0100,0.260269,0.0163
DQN,42,421,37890,239532.50,0.0100,0.259415,0.0153
DQN,42,422,37980,232262.50,0.0100,0.260245,0.0150
DQN,42,423,38070,236305.00,0.0100,0.278597,0.0148
DQN,42,424,38160,242697.50,0.0100,0.271472,0.0141
DQN,42,425,38250,238682.50,0.0100,0.266829,0.0166
DQN,42,426,38340,233010.00,0.0100,0.261745,0.0149
DQN,42,427,38430,235037.50,0.0100,0.263844,0.0157
DQN,42,428,38520,252435.00,0.0100,0.267874,0.0146
DQN,42,429,38610,224750.00,0.0100,0.256223,0.0152
DQN,42,430,38700,244260.00,0.0100,0.257436,0.0162
DQN,42,431,38790,241952.50,0.0100,0.254687,0.0157
DQN,42,432,38880,239930.00,0.0100,0.263820,0.0173
DQN,42,433,38970,237890.00,0.0100,0.259507,0.0173
DQN,42,434,39060,242950.00,0.0100,0.244903,0.0158
DQN,42,435,39150,245682.50,0.0100,0.243549,0.0182
DQN,42,436,39240,251637.50,0.0100,0.242228,0.0176
DQN,42,437,39330,242200.00,0.0100,0.248137,0.0157
DQN,42,438,39420,233085.00,0.0100,0.249302,0.0163
DQN,42,439,39510,235342.50,0.0100,0.243291,0.0157
DQN,42,440,39600,244912.50,0.0100,0.246520,0.0154
DQN,42,441,39690,238325.00,0.0100,0.243075,0.0151
DQN,42,442,39780,243645.00,0.0100,0.244978,0.0161
DQN,42,443,39870,239060.00,0.0100,0.241350,0.0151
DQN,42,444,39960,241215.00,0.0100,0.235962,0.0170
DQN,42,445,40050,248007.50,0.0100,0.240423,0.0153
DQN,42,446,40140,241067.50,0.0100,0.237586,0.0151
DQN,42,447,40230,245457.50,0.0100,0.234300,0.0156
DQN,42,448,40320,239362.50,0.0100,0.242679,0.0162
DQN,42,449,40410,254377.50,0.0100,0.239989,0.0161
DQN,42,450,40500,246030.00,0.0100,0.240228,0.0160
DQN,42,451,40590,237880.00,0.0100,0.260663,0.0202
DQN,42,452,40680,234120.00,0.0100,0.254488,0.0156
DQN,42,453,40770,238072.50,0.0100,0.249515,0.0155
DQN,42,454,40860,228972.50,0.0100,0.259681,0.0152
DQN,42,455,40950,232677.50,0.0100,0.262712,0.0148
DQN,42,456,41040,240055.00,0.0100,0.250650,0.0153
DQN,42,457,41130,248015.00,0.0100,0.240118,0.0153
DQN,42,458,41220,239827.50,0.0100,0.232686,0.0152
DQN,42,459,41310,250180.00,0.0100,0.240158,0.0174
DQN,42,460,41400,234457.50,0.0100,0.228146,0.0194
DQN,42,461,41490,246235.00,0.0100,0.234874,0.0175
DQN,42,462,41580,232355.00,0.0100,0.233134,0.0181
DQN,42,463,41670,234095.00,0.0100,0.236914,0.0142
DQN,42,464,41760,243495.00,0.0100,0.220130,0.0215
DQN,42,465,41850,227305.00,0.0100,0.232649,0.0160
DQN,42,466,41940,239432.50,0.0100,0.224273,0.0183
DQN,42,467,42030,235607.50,0.0100,0.233688,0.0142
DQN,42,468,42120,235217.50,0.0100,0.238608,0.0204
DQN,42,469,42210,228585.00,0.0100,0.232538,0.0198
DQN,42,470,42300,224482.50,0.0100,0.235767,0.0226
DQN,42,471,42390,233002.50,0.0100,0.229665,0.0165
DQN,42,472,42480,222415.00,0.0100,0.234127,0.0180
DQN,42,473,42570,221960.00,0.0100,0.227894,0.0168
DQN,42,474,42660,230832.50,0.0100,0.224812,0.0141
DQN,42,475,42750,234652.50,0.0100,0.205994,0.0137
DQN,42,476,42840,244470.00,0.0100,0.223232,0.0137
DQN,42,477,42930,232780.00,0.0100,0.226019,0.0136
DQN,42,478,43020,236385.00,0.0100,0.228065,0.0135
DQN,42,479,43110,239980.00,0.0100,0.235446,0.0136
DQN,42,480,43200,227572.50,0.0100,0.233043,0.0136
DQN,42,481,43290,242725.00,0.0100,0.234236,0.0136
DQN,42,482,43380,233345.00,0.0100,0.226601,0.0136
DQN,42,483,43470,241047.50,0.0100,0.230971,0.0136
DQN,42,484,43560,234482.50,0.0100,0.218434,0.0136
DQN,42,485,43650,243797.50,0.0100,0.219492,0.0136
DQN,42,486,43740,244745.00,0.0100,0.225723,0.0136
DQN,42,487,43830,239382.50,0.0100,0.212254,0.0136
DQN,42,488,43920,246695.00,0.0100,0.218231,0.0136
DQN,42,489,44010,245255.00,0.0100,0.220985,0.0136
DQN,42,490,44100,229462.50,0.0100,0.225392,0.0137
DQN,42,491,44190,236107.50,0.0100,0.218143,0.0136
DQN,42,492,44280,231735.00,0.0100,0.216629,0.0136
DQN,42,493,44370,242355.00,0.0100,0.215377,0.0136
DQN,42,494,44460,240235.00,0.0100,0.207670,0.0137
DQN,42,495,44550,240052.50,0.0100,0.223011,0.0136
DQN,42,496,44640,232410.00,0.0100,0.225637,0.0136
DQN,42,497,44730,231337.50,0.0100,0.232345,0.0178
DQN,42,498,44820,235585.00,0.0100,0.215348,0.0141
DQN,42,499,44910,243347.50,0.0100,0.224975,0.0138
DQN,42,500,45000,240895.00,0.0100,0.225563,0.0167
DQN,123,1,90,195702.50,0.9975,0.000000,0.0009
DQN,123,2,180,168715.00,0.9950,0.000000,0.0005
DQN,123,3,270,105772.50,0.9926,0.000000,0.0004
DQN,123,4,360,139717.50,0.9901,0.000000,0.0004
DQN,123,5,450,88740.00,0.9876,0.000000,0.0004
DQN,123,6,540,144975.00,0.9851,3.430155,0.0062
DQN,123,7,630,124340.00,0.9827,2.313624,0.0186
DQN,123,8,720,159460.00,0.9802,1.988218,0.0192
DQN,123,9,810,137797.50,0.9777,1.909473,0.0154
DQN,123,10,900,160632.50,0.9752,1.912830,0.0141
DQN,123,11,990,202862.50,0.9728,1.895991,0.0192
DQN,123,12,1080,166912.50,0.9703,2.978228,0.0162
DQN,123,13,1170,166655.00,0.9678,1.822658,0.0161
DQN,123,14,1260,136357.50,0.9654,1.762282,0.0146
DQN,123,15,1350,33960.00,0.9629,1.722434,0.0241
DQN,123,16,1440,182250.00,0.9604,1.690300,0.0166
DQN,123,17,1530,211160.00,0.9579,2.283156,0.0166
DQN,123,18,1620,56292.50,0.9555,1.796562,0.0142
DQN,123,19,1710,145645.00,0.9530,1.649316,0.0137
DQN,123,20,1800,108172.50,0.9505,1.577872,0.0140
DQN,123,21,1890,68890.00,0.9480,1.551563,0.0157
DQN,123,22,1980,173840.00,0.9456,1.499847,0.0151
DQN,123,23,2070,153207.50,0.9431,2.069466,0.0145
DQN,123,24,2160,136532.50,0.9406,1.521712,0.0142
DQN,123,25,2250,185157.50,0.9381,1.463254,0.0137
DQN,123,26,2340,130377.50,0.9356,1.361883,0.0137
DQN,123,27,2430,97220.00,0.9332,1.342558,0.0142
DQN,123,28,2520,125530.00,0.9307,1.681694,0.0144
DQN,123,29,2610,191515.00,0.9282,1.390296,0.0147
DQN,123,30,2700,91732.50,0.9257,1.303614,0.0156
DQN,123,31,2790,146960.00,0.9233,1.182585,0.0150
DQN,123,32,2880,176755.00,0.9208,1.193888,0.0154
DQN,123,33,2970,192255.00,0.9183,1.121782,0.0153
DQN,123,34,3060,140800.00,0.9159,1.324468,0.0152
DQN,123,35,3150,204465.00,0.9134,1.123680,0.0149
DQN,123,36,3240,157090.00,0.9109,1.051140,0.0162
DQN,123,37,3330,117310.00,0.9084,1.002544,0.0150
DQN,123,38,3420,119787.50,0.9060,0.990365,0.0131
DQN,123,39,3510,120820.00,0.9035,1.073602,0.0147
DQN,123,40,3600,168800.00,0.9010,1.065399,0.0146
DQN,123,41,3690,127987.50,0.8985,0.975394,0.0163
DQN,123,42,3780,93565.00,0.8961,0.969753,0.0160
DQN,123,43,3870,138977.50,0.8936,0.921711,0.0160
DQN,123,44,3960,145540.00,0.8911,0.904834,0.0151
DQN,123,45,4050,164802.50,0.8886,1.074315,0.0149
DQN,123,46,4140,112007.50,0.8861,0.964275,0.0145
DQN,123,47,4230,164482.50,0.8837,0.910823,0.0172
DQN,123,48,4320,85300.00,0.8812,0.898391,0.0143
DQN,123,49,4410,177020.00,0.8787,0.904476,0.0136
DQN,123,50,4500,107782.50,0.8762,0.909351,0.0138
DQN,123,51,4590,137407.50,0.8738,1.076988,0.0143
DQN,123,52,4680,183977.50,0.8713,0.959445,0.0177
DQN,123,53,4770,206480.00,0.8688,0.926957,0.0144
DQN,123,54,4860,199392.50,0.8663,0.915845,0.0146
DQN,123,55,4950,124895.00,0.8639,0.899626,0.0159
DQN,123,56,5040,138607.50,0.8614,0.999222,0.0141
DQN,123,57,5130,149262.50,0.8589,0.881114,0.0141
DQN,123,58,5220,163695.00,0.8565,0.844216,0.0155
DQN,123,59,5310,177635.00,0.8540,0.831588,0.0160
DQN,123,60,5400,151322.50,0.8515,0.810476,0.0135
DQN,123,61,5490,168162.50,0.8490,0.816663,0.0147
DQN,123,62,5580,226185.00,0.8466,0.867447,0.0145
DQN,123,63,5670,135920.00,0.8441,0.799654,0.0150
DQN,123,64,5760,165595.00,0.8416,0.770485,0.0155
DQN,123,65,5850,181897.50,0.8391,0.785435,0.0142
DQN,123,66,5940,185932.50,0.8367,0.771677,0.0151
DQN,123,67,6030,198222.50,0.8342,0.794685,0.0153
DQN,123,68,6120,163647.50,0.8317,0.729233,0.0142
DQN,123,69,6210,147497.50,0.8292,0.695972,0.0133
DQN,123,70,6300,179532.50,0.8267,0.724377,0.0142
DQN,123,71,6390,191227.50,0.8243,0.697995,0.0144
DQN,123,72,6480,212732.50,0.8218,0.693410,0.0139
DQN,123,73,6570,188650.00,0.8193,0.678073,0.0143
DQN,123,74,6660,192445.00,0.8168,0.636452,0.0147
DQN,123,75,6750,184165.00,0.8144,0.625361,0.0144
DQN,123,76,6840,149640.00,0.8119,0.613101,0.0142
DQN,123,77,6930,178197.50,0.8094,0.620428,0.0151
DQN,123,78,7020,195077.50,0.8070,0.629756,0.0148
DQN,123,79,7110,162782.50,0.8045,0.616030,0.0147
DQN,123,80,7200,130212.50,0.8020,0.582779,0.0163
DQN,123,81,7290,148670.00,0.7995,0.605689,0.0148
DQN,123,82,7380,151377.50,0.7971,0.616376,0.0185
DQN,123,83,7470,211175.00,0.7946,0.617388,0.0154
DQN,123,84,7560,187957.50,0.7921,0.597494,0.0149
DQN,123,85,7650,192935.00,0.7896,0.586491,0.0150
DQN,123,86,7740,163402.50,0.7872,0.585913,0.0155
DQN,123,87,7830,155017.50,0.7847,0.597748,0.0150
DQN,123,88,7920,161707.50,0.7822,0.588033,0.0164
DQN,123,89,8010,206050.00,0.7797,0.598948,0.0139
DQN,123,90,8100,148330.00,0.7772,0.586273,0.0158
DQN,123,91,8190,160112.50,0.7748,0.591927,0.0138
DQN,123,92,8280,175015.00,0.7723,0.569442,0.0142
DQN,123,93,8370,190667.50,0.7698,0.565773,0.0158
DQN,123,94,8460,191135.00,0.7673,0.559939,0.0150
DQN,123,95,8550,186662.50,0.7649,0.586409,0.0148
DQN,123,96,8640,190752.50,0.7624,0.564907,0.0169
DQN,123,97,8730,183572.50,0.7599,0.550223,0.0151
DQN,123,98,8820,191667.50,0.7574,0.557895,0.0140
DQN,123,99,8910,116082.50,0.7550,0.537286,0.0143
DQN,123,100,9000,222950.00,0.7525,0.538724,0.0159
DQN,123,101,9090,207805.00,0.7500,0.553556,0.0139
DQN,123,102,9180,166530.00,0.7475,0.550095,0.0169
DQN,123,103,9270,195092.50,0.7451,0.558055,0.0147
DQN,123,104,9360,180147.50,0.7426,0.550931,0.0156
DQN,123,105,9450,197847.50,0.7401,0.538285,0.0176
DQN,123,106,9540,176355.00,0.7376,0.564041,0.0150
DQN,123,107,9630,167975.00,0.7352,0.533309,0.0147
DQN,123,108,9720,154650.00,0.7327,0.529329,0.0178
DQN,123,109,9810,172707.50,0.7302,0.534768,0.0156
DQN,123,110,9900,171452.50,0.7278,0.524701,0.0154
DQN,123,111,9990,179840.00,0.7253,0.543687,0.0154
DQN,123,112,10080,218720.00,0.7228,0.540103,0.0150
DQN,123,113,10170,178020.00,0.7203,0.541872,0.0149
DQN,123,114,10260,204350.00,0.7179,0.532864,0.0169
DQN,123,115,10350,218772.50,0.7154,0.529638,0.0157
DQN,123,116,10440,196542.50,0.7129,0.529689,0.0152
DQN,123,117,10530,194472.50,0.7104,0.551997,0.0169
DQN,123,118,10620,183955.00,0.7080,0.530637,0.0177
DQN,123,119,10710,218382.50,0.7055,0.533223,0.0151
DQN,123,120,10800,223797.50,0.7030,0.527824,0.0147
DQN,123,121,10890,225322.50,0.7005,0.522054,0.0143
DQN,123,122,10980,213227.50,0.6981,0.531849,0.0137
DQN,123,123,11070,162282.50,0.6956,0.528338,0.0145
DQN,123,124,11160,199975.00,0.6931,0.536378,0.0147
DQN,123,125,11250,181437.50,0.6906,0.532319,0.0148
DQN,123,126,11340,200322.50,0.6882,0.550507,0.0176
DQN,123,127,11430,182837.50,0.6857,0.525717,0.0153
DQN,123,128,11520,152365.00,0.6832,0.531063,0.0170
DQN,123,129,11610,186857.50,0.6807,0.536836,0.0155
DQN,123,130,11700,192060.00,0.6783,0.535271,0.0148
DQN,123,131,11790,189842.50,0.6758,0.531865,0.0150
DQN,123,132,11880,152777.50,0.6733,0.539068,0.0155
DQN,123,133,11970,134710.00,0.6708,0.536595,0.0165
DQN,123,134,12060,181855.00,0.6683,0.535714,0.0160
DQN,123,135,12150,198427.50,0.6659,0.520202,0.0144
DQN,123,136,12240,228432.50,0.6634,0.547236,0.0152
DQN,123,137,12330,203532.50,0.6609,0.522435,0.0144
DQN,123,138,12420,205942.50,0.6584,0.539560,0.0146
DQN,123,139,12510,202880.00,0.6560,0.546276,0.0146
DQN,123,140,12600,211112.50,0.6535,0.525602,0.0149
DQN,123,141,12690,190082.50,0.6510,0.524018,0.0140
DQN,123,142,12780,218585.00,0.6485,0.551613,0.0146
DQN,123,143,12870,193847.50,0.6461,0.530666,0.0143
DQN,123,144,12960,215527.50,0.6436,0.517974,0.0139
DQN,123,145,13050,220642.50,0.6411,0.521031,0.0144
DQN,123,146,13140,205295.00,0.6386,0.511881,0.0142
DQN,123,147,13230,204450.00,0.6362,0.500961,0.0214
DQN,123,148,13320,174957.50,0.6337,0.521535,0.0145
DQN,123,149,13410,201592.50,0.6312,0.503601,0.0154
DQN,123,150,13500,201597.50,0.6288,0.514183,0.0161
DQN,123,151,13590,207845.00,0.6263,0.511595,0.0163
DQN,123,152,13680,211042.50,0.6238,0.523385,0.0157
DQN,123,153,13770,228450.00,0.6213,0.517593,0.0175
DQN,123,154,13860,212332.50,0.6189,0.512478,0.0169
DQN,123,155,13950,211385.00,0.6164,0.496203,0.0153
DQN,123,156,14040,235045.00,0.6139,0.507300,0.0178
DQN,123,157,14130,200227.50,0.6114,0.492931,0.0146
DQN,123,158,14220,177770.00,0.6089,0.512515,0.0159
DQN,123,159,14310,181137.50,0.6065,0.480951,0.0151
DQN,123,160,14400,226085.00,0.6040,0.486315,0.0144
DQN,123,161,14490,218237.50,0.6015,0.486382,0.0153
DQN,123,162,14580,234455.00,0.5990,0.510356,0.0151
DQN,123,163,14670,205885.00,0.5966,0.520449,0.0144
DQN,123,164,14760,214750.00,0.5941,0.511154,0.0156
DQN,123,165,14850,223552.50,0.5916,0.513115,0.0146
DQN,123,166,14940,224257.50,0.5892,0.520135,0.0142
DQN,123,167,15030,216820.00,0.5867,0.501942,0.0145
DQN,123,168,15120,203897.50,0.5842,0.512153,0.0144
DQN,123,169,15210,222730.00,0.5817,0.510382,0.0146
DQN,123,170,15300,204902.50,0.5793,0.497150,0.0154
DQN,123,171,15390,196472.50,0.5768,0.490139,0.0153
DQN,123,172,15480,214257.50,0.5743,0.503115,0.0145
DQN,123,173,15570,185855.00,0.5718,0.534348,0.0150
DQN,123,174,15660,210522.50,0.5694,0.532363,0.0145
DQN,123,175,15750,207347.50,0.5669,0.505175,0.0138
DQN,123,176,15840,218782.50,0.5644,0.504647,0.0170
DQN,123,177,15930,222262.50,0.5619,0.529548,0.0151
DQN,123,178,16020,236900.00,0.5595,0.524032,0.0162
DQN,123,179,16110,230402.50,0.5570,0.508378,0.0152
DQN,123,180,16200,232935.00,0.5545,0.505070,0.0169
DQN,123,181,16290,243715.00,0.5520,0.503017,0.0242
DQN,123,182,16380,220990.00,0.5495,0.490787,0.0194
DQN,123,183,16470,212615.00,0.5471,0.484976,0.0146
DQN,123,184,16560,185352.50,0.5446,0.491720,0.0152
DQN,123,185,16650,216342.50,0.5421,0.501828,0.0147
DQN,123,186,16740,220230.00,0.5396,0.485306,0.0144
DQN,123,187,16830,223972.50,0.5372,0.484943,0.0152
DQN,123,188,16920,229520.00,0.5347,0.497138,0.0152
DQN,123,189,17010,234720.00,0.5322,0.474767,0.0148
DQN,123,190,17100,223612.50,0.5297,0.479890,0.0151
DQN,123,191,17190,220075.00,0.5273,0.488175,0.0149
DQN,123,192,17280,229650.00,0.5248,0.478108,0.0154
DQN,123,193,17370,242325.00,0.5223,0.498422,0.0157
DQN,123,194,17460,204047.50,0.5199,0.497247,0.0151
DQN,123,195,17550,199187.50,0.5174,0.484905,0.0150
DQN,123,196,17640,219952.50,0.5149,0.482566,0.0157
DQN,123,197,17730,229237.50,0.5124,0.481882,0.0183
DQN,123,198,17820,240870.00,0.5100,0.483631,0.0146
DQN,123,199,17910,227272.50,0.5075,0.486845,0.0148
DQN,123,200,18000,210947.50,0.5050,0.484931,0.0147
DQN,123,201,18090,229862.50,0.5025,0.465102,0.0204
DQN,123,202,18180,237640.00,0.5000,0.480741,0.0299
DQN,123,203,18270,217190.00,0.4976,0.462734,0.0302
DQN,123,204,18360,219575.00,0.4951,0.490189,0.0150
DQN,123,205,18450,221772.50,0.4926,0.482189,0.0141
DQN,123,206,18540,225565.00,0.4901,0.480474,0.0149
DQN,123,207,18630,233567.50,0.4877,0.483183,0.0158
DQN,123,208,18720,237557.50,0.4852,0.480376,0.0157
DQN,123,209,18810,194980.00,0.4827,0.475233,0.0149
DQN,123,210,18900,193650.00,0.4802,0.486398,0.0148
DQN,123,211,18990,228025.00,0.4778,0.483451,0.0144
DQN,123,212,19080,217475.00,0.4753,0.479331,0.0148
DQN,123,213,19170,238870.00,0.4728,0.463543,0.0147
DQN,123,214,19260,242007.50,0.4703,0.458092,0.0149
DQN,123,215,19350,243797.50,0.4679,0.475310,0.0202
DQN,123,216,19440,230645.00,0.4654,0.466317,0.0156
DQN,123,217,19530,237080.00,0.4629,0.454957,0.0152
DQN,123,218,19620,219127.50,0.4604,0.451692,0.0149
DQN,123,219,19710,217655.00,0.4580,0.477021,0.0172
DQN,123,220,19800,218355.00,0.4555,0.457883,0.0155
DQN,123,221,19890,251615.00,0.4530,0.460253,0.0147
DQN,123,222,19980,237577.50,0.4506,0.442649,0.0152
DQN,123,223,20070,227420.00,0.4481,0.460785,0.0161
DQN,123,224,20160,223775.00,0.4456,0.475153,0.0164
DQN,123,225,20250,228472.50,0.4431,0.468102,0.0147
DQN,123,226,20340,209870.00,0.4407,0.459162,0.0155
DQN,123,227,20430,233685.00,0.4382,0.459031,0.0153
DQN,123,228,20520,229305.00,0.4357,0.456776,0.0159
DQN,123,229,20610,213665.00,0.4332,0.442117,0.0151
DQN,123,230,20700,211797.50,0.4308,0.450929,0.0143
DQN,123,231,20790,229795.00,0.4283,0.446011,0.0156
DQN,123,232,20880,205635.00,0.4258,0.450396,0.0158
DQN,123,233,20970,247772.50,0.4233,0.431889,0.0151
DQN,123,234,21060,240630.00,0.4209,0.459977,0.0150
DQN,123,235,21150,228477.50,0.4184,0.456263,0.0150
DQN,123,236,21240,228777.50,0.4159,0.467197,0.0160
DQN,123,237,21330,217510.00,0.4134,0.453747,0.0163
DQN,123,238,21420,238732.50,0.4110,0.449629,0.0167
DQN,123,239,21510,220037.50,0.4085,0.445804,0.0167
DQN,123,240,21600,237370.00,0.4060,0.441716,0.0157
DQN,123,241,21690,194485.00,0.4035,0.457314,0.0160
DQN,123,242,21780,237540.00,0.4011,0.454482,0.0152
DQN,123,243,21870,215097.50,0.3986,0.433108,0.0154
DQN,123,244,21960,233045.00,0.3961,0.444490,0.0161
DQN,123,245,22050,223245.00,0.3936,0.444732,0.0149
DQN,123,246,22140,231820.00,0.3911,0.434017,0.0157
DQN,123,247,22230,244622.50,0.3887,0.436823,0.0151
DQN,123,248,22320,210252.50,0.3862,0.441808,0.0140
DQN,123,249,22410,224470.00,0.3837,0.455773,0.0157
DQN,123,250,22500,217225.00,0.3812,0.441688,0.0157
DQN,123,251,22590,229107.50,0.3788,0.441109,0.0180
DQN,123,252,22680,226322.50,0.3763,0.427911,0.0153
DQN,123,253,22770,236725.00,0.3738,0.450725,0.0147
DQN,123,254,22860,235907.50,0.3713,0.452067,0.0157
DQN,123,255,22950,239365.00,0.3689,0.442495,0.0172
DQN,123,256,23040,199732.50,0.3664,0.434207,0.0152
DQN,123,257,23130,222880.00,0.3639,0.413073,0.0156
DQN,123,258,23220,246212.50,0.3614,0.422568,0.0152
DQN,123,259,23310,233602.50,0.3590,0.411670,0.0162
DQN,123,260,23400,249422.50,0.3565,0.417690,0.0154
DQN,123,261,23490,213752.50,0.3540,0.421649,0.0146
DQN,123,262,23580,229355.00,0.3516,0.413075,0.0158
DQN,123,263,23670,234820.00,0.3491,0.430207,0.0165
DQN,123,264,23760,218445.00,0.3466,0.415238,0.0192
DQN,123,265,23850,238962.50,0.3441,0.415611,0.0152
DQN,123,266,23940,231302.50,0.3417,0.425951,0.0154
DQN,123,267,24030,233825.00,0.3392,0.411952,0.0161
DQN,123,268,24120,251667.50,0.3367,0.405599,0.0151
DQN,123,269,24210,216705.00,0.3342,0.416375,0.0139
DQN,123,270,24300,243370.00,0.3317,0.420161,0.0160
DQN,123,271,24390,202310.00,0.3293,0.401083,0.0159
DQN,123,272,24480,224335.00,0.3268,0.409871,0.0163
DQN,123,273,24570,236675.00,0.3243,0.401148,0.0150
DQN,123,274,24660,230645.00,0.3218,0.415426,0.0160
DQN,123,275,24750,224787.50,0.3194,0.414775,0.0168
DQN,123,276,24840,223432.50,0.3169,0.409316,0.0150
DQN,123,277,24930,210442.50,0.3144,0.397292,0.0152
DQN,123,278,25020,217740.00,0.3120,0.406693,0.0156
DQN,123,279,25110,241632.50,0.3095,0.402875,0.0148
DQN,123,280,25200,243787.50,0.3070,0.400657,0.0158
DQN,123,281,25290,221425.00,0.3045,0.400000,0.0149
DQN,123,282,25380,225982.50,0.3021,0.403083,0.0153
DQN,123,283,25470,239685.00,0.2996,0.402624,0.0154
DQN,123,284,25560,232077.50,0.2971,0.411723,0.0147
DQN,123,285,25650,224512.50,0.2946,0.403736,0.0147
DQN,123,286,25740,220377.50,0.2922,0.398193,0.0150
DQN,123,287,25830,221527.50,0.2897,0.392522,0.0166
DQN,123,288,25920,215550.00,0.2872,0.393886,0.0154
DQN,123,289,26010,221672.50,0.2847,0.405156,0.0150
DQN,123,290,26100,228537.50,0.2823,0.383614,0.0159
DQN,123,291,26190,238942.50,0.2798,0.378216,0.0153
DQN,123,292,26280,234857.50,0.2773,0.385123,0.0163
DQN,123,293,26370,211912.50,0.2748,0.408374,0.0162
DQN,123,294,26460,236540.00,0.2723,0.404180,0.0155
DQN,123,295,26550,223985.00,0.2699,0.398736,0.0149
DQN,123,296,26640,216512.50,0.2674,0.399762,0.0161
DQN,123,297,26730,215480.00,0.2649,0.411662,0.0157
DQN,123,298,26820,236502.50,0.2624,0.395331,0.0161
DQN,123,299,26910,234457.50,0.2600,0.389261,0.0149
DQN,123,300,27000,231010.00,0.2575,0.411640,0.0155
DQN,123,301,27090,244072.50,0.2550,0.375949,0.0162
DQN,123,302,27180,252337.50,0.2526,0.375187,0.0195
DQN,123,303,27270,238802.50,0.2501,0.361531,0.0156
DQN,123,304,27360,224935.00,0.2476,0.367055,0.0165
DQN,123,305,27450,219095.00,0.2451,0.356870,0.0148
DQN,123,306,27540,227877.50,0.2427,0.370638,0.0139
DQN,123,307,27630,247342.50,0.2402,0.373313,0.0159
DQN,123,308,27720,229412.50,0.2377,0.365345,0.0153
DQN,123,309,27810,231892.50,0.2352,0.373749,0.0149
DQN,123,310,27900,219850.00,0.2328,0.361659,0.0161
DQN,123,311,27990,232902.50,0.2303,0.362526,0.0165
DQN,123,312,28080,223700.00,0.2278,0.344119,0.0148
DQN,123,313,28170,248352.50,0.2253,0.349099,0.0156
DQN,123,314,28260,240487.50,0.2228,0.355376,0.0152
DQN,123,315,28350,235817.50,0.2204,0.350214,0.0159
DQN,123,316,28440,224642.50,0.2179,0.339506,0.0151
DQN,123,317,28530,232037.50,0.2154,0.349537,0.0164
DQN,123,318,28620,218405.00,0.2129,0.335203,0.0151
DQN,123,319,28710,242245.00,0.2105,0.333914,0.0142
DQN,123,320,28800,230595.00,0.2080,0.338948,0.0238
DQN,123,321,28890,235637.50,0.2055,0.333284,0.0154
DQN,123,322,28980,244970.00,0.2030,0.352964,0.0151
DQN,123,323,29070,234165.00,0.2006,0.336227,0.0147
DQN,123,324,29160,242102.50,0.1981,0.333252,0.0169
DQN,123,325,29250,238282.50,0.1956,0.330791,0.0155
DQN,123,326,29340,242597.50,0.1932,0.342447,0.0183
DQN,123,327,29430,236602.50,0.1907,0.322698,0.0180
DQN,123,328,29520,233197.50,0.1882,0.331812,0.0159
DQN,123,329,29610,243670.00,0.1857,0.337495,0.0159
DQN,123,330,29700,235675.00,0.1833,0.344993,0.0169
DQN,123,331,29790,231387.50,0.1808,0.350487,0.0146
DQN,123,332,29880,245147.50,0.1783,0.343112,0.0147
DQN,123,333,29970,237907.50,0.1758,0.320409,0.0154
DQN,123,334,30060,243127.50,0.1734,0.344586,0.0142
DQN,123,335,30150,241045.00,0.1709,0.339379,0.0164
DQN,123,336,30240,243957.50,0.1684,0.346216,0.0152
DQN,123,337,30330,250462.50,0.1659,0.341143,0.0218
DQN,123,338,30420,239667.50,0.1634,0.337173,0.0150
DQN,123,339,30510,230130.00,0.1610,0.333544,0.0156
DQN,123,340,30600,238640.00,0.1585,0.331001,0.0147
DQN,123,341,30690,235787.50,0.1560,0.322585,0.0153
DQN,123,342,30780,249405.00,0.1536,0.337349,0.0158
DQN,123,343,30870,242810.00,0.1511,0.338785,0.0154
DQN,123,344,30960,234367.50,0.1486,0.322255,0.0151
DQN,123,345,31050,241235.00,0.1461,0.328432,0.0150
DQN,123,346,31140,241822.50,0.1437,0.337601,0.0151
DQN,123,347,31230,254845.00,0.1412,0.331962,0.0169
DQN,123,348,31320,220427.50,0.1387,0.327170,0.0165
DQN,123,349,31410,235845.00,0.1362,0.333886,0.0157
DQN,123,350,31500,233315.00,0.1338,0.327240,0.0148
DQN,123,351,31590,243772.50,0.1313,0.319195,0.0204
DQN,123,352,31680,233285.00,0.1288,0.303048,0.0154
DQN,123,353,31770,237562.50,0.1263,0.317466,0.0152
DQN,123,354,31860,234530.00,0.1239,0.310394,0.0152
DQN,123,355,31950,241612.50,0.1214,0.302246,0.0148
DQN,123,356,32040,233890.00,0.1189,0.328496,0.0150
DQN,123,357,32130,246822.50,0.1164,0.329982,0.0148
DQN,123,358,32220,225202.50,0.1139,0.336242,0.0142
DQN,123,359,32310,232377.50,0.1115,0.329026,0.0156
DQN,123,360,32400,231052.50,0.1090,0.329427,0.0148
DQN,123,361,32490,239635.00,0.1065,0.321920,0.0146
DQN,123,362,32580,243550.00,0.1040,0.316345,0.0155
DQN,123,363,32670,236407.50,0.1016,0.319408,0.0152
DQN,123,364,32760,227660.00,0.0991,0.315646,0.0167
DQN,123,365,32850,238015.00,0.0966,0.321745,0.0152
DQN,123,366,32940,241627.50,0.0941,0.308170,0.0158
DQN,123,367,33030,236890.00,0.0917,0.315198,0.0149
DQN,123,368,33120,243047.50,0.0892,0.321475,0.0156
DQN,123,369,33210,229240.00,0.0867,0.324576,0.0155
DQN,123,370,33300,239897.50,0.0842,0.316063,0.0144
DQN,123,371,33390,234062.50,0.0818,0.301297,0.0141
DQN,123,372,33480,235785.00,0.0793,0.310491,0.0153
DQN,123,373,33570,240740.00,0.0768,0.312363,0.0149
DQN,123,374,33660,229787.50,0.0743,0.290736,0.0155
DQN,123,375,33750,220352.50,0.0719,0.297086,0.0155
DQN,123,376,33840,242020.00,0.0694,0.303081,0.0150
DQN,123,377,33930,233997.50,0.0669,0.295674,0.0154
DQN,123,378,34020,245452.50,0.0645,0.295733,0.0151
DQN,123,379,34110,247367.50,0.0620,0.296362,0.0165
DQN,123,380,34200,230362.50,0.0595,0.297840,0.0158
DQN,123,381,34290,238815.00,0.0570,0.313305,0.0145
DQN,123,382,34380,234175.00,0.0546,0.305035,0.0163
DQN,123,383,34470,226460.00,0.0521,0.295333,0.0148
DQN,123,384,34560,245450.00,0.0496,0.302055,0.0148
DQN,123,385,34650,238622.50,0.0471,0.293424,0.0172
DQN,123,386,34740,230227.50,0.0447,0.297771,0.0145
DQN,123,387,34830,227685.00,0.0422,0.291134,0.0146
DQN,123,388,34920,226960.00,0.0397,0.290366,0.0219
DQN,123,389,35010,228752.50,0.0372,0.291699,0.0157
DQN,123,390,35100,226277.50,0.0348,0.294052,0.0160
DQN,123,391,35190,252440.00,0.0323,0.292173,0.0157
DQN,123,392,35280,243387.50,0.0298,0.290686,0.0158
DQN,123,393,35370,235947.50,0.0273,0.287252,0.0162
DQN,123,394,35460,231252.50,0.0249,0.290109,0.0151
DQN,123,395,35550,235137.50,0.0224,0.294690,0.0150
DQN,123,396,35640,247237.50,0.0199,0.299035,0.0150
DQN,123,397,35730,255682.50,0.0174,0.284409,0.0149
DQN,123,398,35820,245107.50,0.0150,0.290536,0.0149
DQN,123,399,35910,245115.00,0.0125,0.280973,0.0150
DQN,123,400,36000,243402.50,0.0100,0.297984,0.0174
DQN,123,401,36090,238430.00,0.0100,0.284843,0.0236
DQN,123,402,36180,236717.50,0.0100,0.285442,0.0181
DQN,123,403,36270,246227.50,0.0100,0.272466,0.0139
DQN,123,404,36360,239580.00,0.0100,0.277242,0.0137
DQN,123,405,36450,243210.00,0.0100,0.279492,0.0138
DQN,123,406,36540,225507.50,0.0100,0.277189,0.0138
DQN,123,407,36630,246927.50,0.0100,0.282143,0.0138
DQN,123,408,36720,225877.50,0.0100,0.281984,0.0139
DQN,123,409,36810,239350.00,0.0100,0.286683,0.0140
DQN,123,410,36900,237497.50,0.0100,0.280950,0.0139
DQN,123,411,36990,243717.50,0.0100,0.278159,0.0139
DQN,123,412,37080,239510.00,0.0100,0.286472,0.0152
DQN,123,413,37170,245582.50,0.0100,0.278269,0.0143
DQN,123,414,37260,243417.50,0.0100,0.289389,0.0141
DQN,123,415,37350,235050.00,0.0100,0.279132,0.0140
DQN,123,416,37440,248395.00,0.0100,0.281622,0.0236
DQN,123,417,37530,241775.00,0.0100,0.280158,0.0148
DQN,123,418,37620,236630.00,0.0100,0.287859,0.0139
DQN,123,419,37710,232535.00,0.0100,0.282637,0.0139
DQN,123,420,37800,233220.00,0.0100,0.293739,0.0140
DQN,123,421,37890,238797.50,0.0100,0.286963,0.0139
DQN,123,422,37980,227170.00,0.0100,0.284450,0.0140
DQN,123,423,38070,236270.00,0.0100,0.294893,0.0140
DQN,123,424,38160,228897.50,0.0100,0.294313,0.0140
DQN,123,425,38250,236195.00,0.0100,0.280016,0.0140
DQN,123,426,38340,245045.00,0.0100,0.286558,0.0141
DQN,123,427,38430,236777.50,0.0100,0.284190,0.0140
DQN,123,428,38520,238212.50,0.0100,0.291980,0.0140
DQN,123,429,38610,223120.00,0.0100,0.282040,0.0140
DQN,123,430,38700,235795.00,0.0100,0.286068,0.0140
DQN,123,431,38790,233920.00,0.0100,0.280816,0.0140
DQN,123,432,38880,217097.50,0.0100,0.267079,0.0140
DQN,123,433,38970,236005.00,0.0100,0.264753,0.0141
DQN,123,434,39060,242865.00,0.0100,0.259104,0.0140
DQN,123,435,39150,235180.00,0.0100,0.271512,0.0140
DQN,123,436,39240,252160.00,0.0100,0.267741,0.0140
DQN,123,437,39330,245510.00,0.0100,0.266437,0.0141
DQN,123,438,39420,249947.50,0.0100,0.262036,0.0140
DQN,123,439,39510,243910.00,0.0100,0.265695,0.0140
DQN,123,440,39600,237040.00,0.0100,0.273656,0.0141
DQN,123,441,39690,240912.50,0.0100,0.275665,0.0140
DQN,123,442,39780,224240.00,0.0100,0.267327,0.0140
DQN,123,443,39870,236725.00,0.0100,0.265865,0.0140
DQN,123,444,39960,234322.50,0.0100,0.259548,0.0140
DQN,123,445,40050,230297.50,0.0100,0.282569,0.0141
DQN,123,446,40140,226175.00,0.0100,0.270109,0.0140
DQN,123,447,40230,227785.00,0.0100,0.264551,0.0140
DQN,123,448,40320,236750.00,0.0100,0.270310,0.0162
DQN,123,449,40410,240602.50,0.0100,0.274874,0.0142
DQN,123,450,40500,230217.50,0.0100,0.280187,0.0141
DQN,123,451,40590,228860.00,0.0100,0.265910,0.0149
DQN,123,452,40680,225470.00,0.0100,0.261923,0.0147
DQN,123,453,40770,237982.50,0.0100,0.273127,0.0140
DQN,123,454,40860,230532.50,0.0100,0.262766,0.0137
DQN,123,455,40950,232237.50,0.0100,0.254968,0.0138
DQN,123,456,41040,240872.50,0.0100,0.257712,0.0140
DQN,123,457,41130,234545.00,0.0100,0.272938,0.0139
DQN,123,458,41220,233605.00,0.0100,0.269320,0.0140
DQN,123,459,41310,239957.50,0.0100,0.263979,0.0139
DQN,123,460,41400,238447.50,0.0100,0.258141,0.0140
DQN,123,461,41490,236347.50,0.0100,0.258287,0.0140
DQN,123,462,41580,232257.50,0.0100,0.255203,0.0203
DQN,123,463,41670,238110.00,0.0100,0.265834,0.0166
DQN,123,464,41760,237190.00,0.0100,0.248160,0.0138
DQN,123,465,41850,223525.00,0.0100,0.248410,0.0138
DQN,123,466,41940,238215.00,0.0100,0.257954,0.0139
DQN,123,467,42030,239837.50,0.0100,0.260339,0.0140
DQN,123,468,42120,245150.00,0.0100,0.237597,0.0140
DQN,123,469,42210,234677.50,0.0100,0.238224,0.0179
DQN,123,470,42300,238990.00,0.0100,0.250353,0.0197
DQN,123,471,42390,234770.00,0.0100,0.248057,0.0140
DQN,123,472,42480,243452.50,0.0100,0.237178,0.0139
DQN,123,473,42570,241910.00,0.0100,0.244573,0.0139
DQN,123,474,42660,232455.00,0.0100,0.245049,0.0139
DQN,123,475,42750,242132.50,0.0100,0.244493,0.0140
DQN,123,476,42840,248060.00,0.0100,0.243399,0.0140
DQN,123,477,42930,247585.00,0.0100,0.248560,0.0140
DQN,123,478,43020,231015.00,0.0100,0.235777,0.0140
DQN,123,479,43110,231942.50,0.0100,0.248696,0.0140
DQN,123,480,43200,235945.00,0.0100,0.240456,0.0140
DQN,123,481,43290,237950.00,0.0100,0.237079,0.0141
DQN,123,482,43380,234755.00,0.0100,0.245334,0.0141
DQN,123,483,43470,250340.00,0.0100,0.233739,0.0140
DQN,123,484,43560,234060.00,0.0100,0.242090,0.0140
DQN,123,485,43650,240135.00,0.0100,0.247564,0.0140
DQN,123,486,43740,239867.50,0.0100,0.237402,0.0140
DQN,123,487,43830,235852.50,0.0100,0.248379,0.0140
DQN,123,488,43920,239495.00,0.0100,0.254085,0.0140
DQN,123,489,44010,236165.00,0.0100,0.235165,0.0205
DQN,123,490,44100,229850.00,0.0100,0.231867,0.0181
DQN,123,491,44190,226112.50,0.0100,0.240410,0.0139
DQN,123,492,44280,230812.50,0.0100,0.234954,0.0140
DQN,123,493,44370,247030.00,0.0100,0.231992,0.0139
DQN,123,494,44460,245605.00,0.0100,0.231054,0.0140
DQN,123,495,44550,229595.00,0.0100,0.236622,0.0139
DQN,123,496,44640,233480.00,0.0100,0.229096,0.0140
DQN,123,497,44730,240417.50,0.0100,0.231645,0.0140
DQN,123,498,44820,240600.00,0.0100,0.237188,0.0140
DQN,123,499,44910,232787.50,0.0100,0.223107,0.0139
DQN,123,500,45000,238560.00,0.0100,0.231100,0.0140
DQN,456,1,90,109970.00,0.9975,0.000000,0.0008
DQN,456,2,180,144892.50,0.9950,0.000000,0.0007
DQN,456,3,270,108220.00,0.9926,0.000000,0.0004
DQN,456,4,360,99827.50,0.9901,0.000000,0.0004
DQN,456,5,450,116395.00,0.9876,0.000000,0.0004
DQN,456,6,540,134285.00,0.9851,3.221818,0.0065
DQN,456,7,630,79607.50,0.9827,2.409529,0.0129
DQN,456,8,720,104592.50,0.9802,1.751872,0.0127
DQN,456,9,810,106837.50,0.9777,1.735197,0.0126
DQN,456,10,900,99332.50,0.9752,1.651802,0.0155
DQN,456,11,990,105642.50,0.9728,1.640322,0.0142
DQN,456,12,1080,91180.00,0.9703,3.200394,0.0129
DQN,456,13,1170,33752.50,0.9678,1.865556,0.0128
DQN,456,14,1260,150382.50,0.9654,1.843472,0.0129
DQN,456,15,1350,177675.00,0.9629,1.821104,0.0131
DQN,456,16,1440,153722.50,0.9604,1.717208,0.0131
DQN,456,17,1530,110025.00,0.9579,2.285935,0.0132
DQN,456,18,1620,103512.50,0.9555,1.689608,0.0132
DQN,456,19,1710,117500.00,0.9530,1.575332,0.0132
DQN,456,20,1800,125772.50,0.9505,1.566195,0.0133
DQN,456,21,1890,207465.00,0.9480,1.528338,0.0133
DQN,456,22,1980,118845.00,0.9456,1.526469,0.0134
DQN,456,23,2070,115127.50,0.9431,1.843922,0.0133
DQN,456,24,2160,93900.00,0.9406,1.378046,0.0133
DQN,456,25,2250,120002.50,0.9381,1.327082,0.0133
DQN,456,26,2340,164515.00,0.9356,1.335432,0.0141
DQN,456,27,2430,104065.00,0.9332,1.292860,0.0134
DQN,456,28,2520,143105.00,0.9307,1.563002,0.0134
DQN,456,29,2610,117495.00,0.9282,1.271380,0.0223
DQN,456,30,2700,125775.00,0.9257,1.179153,0.0139
DQN,456,31,2790,159200.00,0.9233,1.162411,0.0130
DQN,456,32,2880,151462.50,0.9208,1.187516,0.0132
DQN,456,33,2970,166970.00,0.9183,1.146888,0.0132
DQN,456,34,3060,190500.00,0.9159,1.335288,0.0133
DQN,456,35,3150,97927.50,0.9134,1.076819,0.0133
DQN,456,36,3240,165465.00,0.9109,1.025945,0.0134
DQN,456,37,3330,139467.50,0.9084,1.044897,0.0134
DQN,456,38,3420,125355.00,0.9060,1.005850,0.0134
DQN,456,39,3510,137532.50,0.9035,1.102607,0.0203
DQN,456,40,3600,156857.50,0.9010,1.069113,0.0166
DQN,456,41,3690,195785.00,0.8985,0.948869,0.0131
DQN,456,42,3780,132757.50,0.8961,0.934720,0.0131
DQN,456,43,3870,153015.00,0.8936,0.868302,0.0132
DQN,456,44,3960,115435.00,0.8911,0.867266,0.0133
DQN,456,45,4050,133397.50,0.8886,1.145846,0.0133
DQN,456,46,4140,158812.50,0.8861,0.916223,0.0196
DQN,456,47,4230,184812.50,0.8837,0.888934,0.0163
DQN,456,48,4320,66692.50,0.8812,0.857953,0.0151
DQN,456,49,4410,175562.50,0.8787,0.832050,0.0134
DQN,456,50,4500,144010.00,0.8762,0.846345,0.0132
DQN,456,51,4590,115240.00,0.8738,1.154169,0.0151
DQN,456,52,4680,130230.00,0.8713,0.928735,0.0131
DQN,456,53,4770,154125.00,0.8688,0.890756,0.0129
DQN,456,54,4860,165002.50,0.8663,0.839899,0.0129
DQN,456,55,4950,124240.00,0.8639,0.838221,0.0130
DQN,456,56,5040,131295.00,0.8614,1.140430,0.0130
DQN,456,57,5130,184365.00,0.8589,0.953011,0.0130
DQN,456,58,5220,136302.50,0.8565,0.921510,0.0130
DQN,456,59,5310,217400.00,0.8540,0.875481,0.0130
DQN,456,60,5400,175512.50,0.8515,0.891457,0.0130
DQN,456,61,5490,178207.50,0.8490,0.862633,0.0129
DQN,456,62,5580,205730.00,0.8466,1.124279,0.0129
DQN,456,63,5670,159192.50,0.8441,0.968302,0.0129
DQN,456,64,5760,165307.50,0.8416,0.943019,0.0129
DQN,456,65,5850,146230.00,0.8391,0.921720,0.0156
DQN,456,66,5940,166897.50,0.8367,0.910435,0.0130
DQN,456,67,6030,158962.50,0.8342,1.045503,0.0130
DQN,456,68,6120,196872.50,0.8317,0.976687,0.0130
DQN,456,69,6210,154020.00,0.8292,0.957271,0.0129
DQN,456,70,6300,208310.00,0.8267,0.939359,0.0130
DQN,456,71,6390,164892.50,0.8243,0.926724,0.0130
DQN,456,72,6480,208085.00,0.8218,0.903431,0.0159
DQN,456,73,6570,151367.50,0.8193,0.916030,0.0152
DQN,456,74,6660,101250.00,0.8168,0.845543,0.0152
DQN,456,75,6750,155310.00,0.8144,0.794816,0.0139
DQN,456,76,6840,192462.50,0.8119,0.805651,0.0155
DQN,456,77,6930,154150.00,0.8094,0.780465,0.0169
DQN,456,78,7020,186025.00,0.8070,0.805422,0.0139
DQN,456,79,7110,191552.50,0.8045,0.729546,0.0135
DQN,456,80,7200,172017.50,0.8020,0.711767,0.0134
DQN,456,81,7290,215080.00,0.7995,0.706327,0.0139
DQN,456,82,7380,199455.00,0.7971,0.678032,0.0158
DQN,456,83,7470,156075.00,0.7946,0.672826,0.0138
DQN,456,84,7560,113910.00,0.7921,0.674416,0.0179
DQN,456,85,7650,70900.00,0.7896,0.630931,0.0239
DQN,456,86,7740,188322.50,0.7872,0.638098,0.0166
DQN,456,87,7830,133867.50,0.7847,0.639780,0.0162
DQN,456,88,7920,148020.00,0.7822,0.622951,0.0240
DQN,456,89,8010,183662.50,0.7797,0.603244,0.0208
DQN,456,90,8100,143175.00,0.7772,0.613177,0.0209
DQN,456,91,8190,192257.50,0.7748,0.574516,0.0150
DQN,456,92,8280,184427.50,0.7723,0.625097,0.0139
DQN,456,93,8370,141767.50,0.7698,0.589450,0.0157
DQN,456,94,8460,184490.00,0.7673,0.572957,0.0152
DQN,456,95,8550,210167.50,0.7649,0.596809,0.0172
DQN,456,96,8640,119125.00,0.7624,0.590755,0.0152
DQN,456,97,8730,188845.00,0.7599,0.588661,0.0145
DQN,456,98,8820,167227.50,0.7574,0.568842,0.0149
DQN,456,99,8910,194282.50,0.7550,0.586182,0.0162
DQN,456,100,9000,179775.00,0.7525,0.574857,0.0149
DQN,456,101,9090,187777.50,0.7500,0.610006,0.0178
DQN,456,102,9180,188102.50,0.7475,0.609868,0.0153
DQN,456,103,9270,154600.00,0.7451,0.596516,0.0155
DQN,456,104,9360,197637.50,0.7426,0.602023,0.0153
DQN,456,105,9450,141847.50,0.7401,0.603123,0.0155
DQN,456,106,9540,201787.50,0.7376,0.606950,0.0155
DQN,456,107,9630,207775.00,0.7352,0.593815,0.0161
DQN,456,108,9720,206280.00,0.7327,0.581874,0.0147
DQN,456,109,9810,195222.50,0.7302,0.597687,0.0147
DQN,456,110,9900,212422.50,0.7278,0.601108,0.0137
DQN,456,111,9990,186387.50,0.7253,0.589615,0.0147
DQN,456,112,10080,197655.00,0.7228,0.576755,0.0147
DQN,456,113,10170,229027.50,0.7203,0.581785,0.0152
DQN,456,114,10260,183942.50,0.7179,0.569110,0.0151
DQN,456,115,10350,188657.50,0.7154,0.590750,0.0166
DQN,456,116,10440,149420.00,0.7129,0.580577,0.0148
DQN,456,117,10530,217332.50,0.7104,0.564885,0.0163
DQN,456,118,10620,205780.00,0.7080,0.578221,0.0150
DQN,456,119,10710,157130.00,0.7055,0.582086,0.0164
DQN,456,120,10800,208665.00,0.7030,0.576868,0.0145
DQN,456,121,10890,239020.00,0.7005,0.570581,0.0143
DQN,456,122,10980,214387.50,0.6981,0.572381,0.0143
DQN,456,123,11070,208167.50,0.6956,0.585245,0.0157
DQN,456,124,11160,199270.00,0.6931,0.564475,0.0157
DQN,456,125,11250,203310.00,0.6906,0.569676,0.0168
DQN,456,126,11340,201590.00,0.6882,0.580368,0.0153
DQN,456,127,11430,171470.00,0.6857,0.590348,0.0147
DQN,456,128,11520,206442.50,0.6832,0.559680,0.0145
DQN,456,129,11610,201037.50,0.6807,0.575438,0.0150
DQN,456,130,11700,175517.50,0.6783,0.578459,0.0151
DQN,456,131,11790,180715.00,0.6758,0.536181,0.0152
DQN,456,132,11880,174720.00,0.6733,0.550550,0.0170
DQN,456,133,11970,190295.00,0.6708,0.591473,0.0142
DQN,456,134,12060,203600.00,0.6683,0.555202,0.0175
DQN,456,135,12150,193435.00,0.6659,0.558472,0.0140
DQN,456,136,12240,218060.00,0.6634,0.535777,0.0150
DQN,456,137,12330,186140.00,0.6609,0.529623,0.0153
DQN,456,138,12420,206132.50,0.6584,0.542321,0.0171
DQN,456,139,12510,203637.50,0.6560,0.539450,0.0140
DQN,456,140,12600,173540.00,0.6535,0.545475,0.0145
DQN,456,141,12690,210465.00,0.6510,0.557203,0.0153
DQN,456,142,12780,215310.00,0.6485,0.551913,0.0157
DQN,456,143,12870,183015.00,0.6461,0.561650,0.0148
DQN,456,144,12960,173450.00,0.6436,0.542856,0.0171
DQN,456,145,13050,186872.50,0.6411,0.553568,0.0151
DQN,456,146,13140,180175.00,0.6386,0.570727,0.0167
DQN,456,147,13230,202215.00,0.6362,0.535567,0.0154
DQN,456,148,13320,203537.50,0.6337,0.547505,0.0154
DQN,456,149,13410,209510.00,0.6312,0.546486,0.0137
DQN,456,150,13500,203285.00,0.6288,0.536631,0.0143
DQN,456,151,13590,195905.00,0.6263,0.541333,0.0180
DQN,456,152,13680,207810.00,0.6238,0.533759,0.0161
DQN,456,153,13770,179825.00,0.6213,0.543488,0.0160
DQN,456,154,13860,159262.50,0.6189,0.550292,0.0188
DQN,456,155,13950,211357.50,0.6164,0.525294,0.0164
DQN,456,156,14040,189347.50,0.6139,0.532573,0.0162
DQN,456,157,14130,195525.00,0.6114,0.552850,0.0158
DQN,456,158,14220,205695.00,0.6089,0.537899,0.0142
DQN,456,159,14310,210225.00,0.6065,0.522466,0.0151
DQN,456,160,14400,217730.00,0.6040,0.547298,0.0147
DQN,456,161,14490,208567.50,0.6015,0.555142,0.0148
DQN,456,162,14580,212117.50,0.5990,0.574295,0.0143
DQN,456,163,14670,190687.50,0.5966,0.552839,0.0164
DQN,456,164,14760,177415.00,0.5941,0.547031,0.0146
DQN,456,165,14850,182957.50,0.5916,0.541173,0.0150
DQN,456,166,14940,221815.00,0.5892,0.554115,0.0160
DQN,456,167,15030,225217.50,0.5867,0.541441,0.0145
DQN,456,168,15120,227282.50,0.5842,0.540451,0.0150
DQN,456,169,15210,230815.00,0.5817,0.534537,0.0144
DQN,456,170,15300,224660.00,0.5793,0.531899,0.0152
DQN,456,171,15390,223567.50,0.5768,0.527259,0.0157
DQN,456,172,15480,213382.50,0.5743,0.517225,0.0155
DQN,456,173,15570,161955.00,0.5718,0.541049,0.0152
DQN,456,174,15660,171792.50,0.5694,0.531825,0.0153
DQN,456,175,15750,219967.50,0.5669,0.540478,0.0152
DQN,456,176,15840,225300.00,0.5644,0.534677,0.0160
DQN,456,177,15930,193585.00,0.5619,0.522732,0.0157
DQN,456,178,16020,213752.50,0.5595,0.541632,0.0151
DQN,456,179,16110,206262.50,0.5570,0.557903,0.0184
DQN,456,180,16200,233602.50,0.5545,0.565104,0.0158
DQN,456,181,16290,231765.00,0.5520,0.557043,0.0147
DQN,456,182,16380,245545.00,0.5495,0.537780,0.0157
DQN,456,183,16470,241670.00,0.5471,0.522166,0.0149
DQN,456,184,16560,194177.50,0.5446,0.542025,0.0147
DQN,456,185,16650,223775.00,0.5421,0.510383,0.0151
DQN,456,186,16740,206622.50,0.5396,0.515877,0.0148
DQN,456,187,16830,240365.00,0.5372,0.528280,0.0146
DQN,456,188,16920,243192.50,0.5347,0.511205,0.0151
DQN,456,189,17010,217327.50,0.5322,0.515596,0.0155
DQN,456,190,17100,205810.00,0.5297,0.500625,0.0152
DQN,456,191,17190,212127.50,0.5273,0.502016,0.0154
DQN,456,192,17280,249777.50,0.5248,0.499471,0.0142
DQN,456,193,17370,199025.00,0.5223,0.504046,0.0167
DQN,456,194,17460,235367.50,0.5199,0.506003,0.0172
DQN,456,195,17550,218065.00,0.5174,0.496651,0.0146
DQN,456,196,17640,225277.50,0.5149,0.500454,0.0147
DQN,456,197,17730,187560.00,0.5124,0.506448,0.0142
DQN,456,198,17820,216630.00,0.5100,0.504936,0.0144
DQN,456,199,17910,231702.50,0.5075,0.503297,0.0151
DQN,456,200,18000,202630.00,0.5050,0.513786,0.0165
DQN,456,201,18090,187652.50,0.5025,0.490150,0.0159
DQN,456,202,18180,220207.50,0.5000,0.486580,0.0169
DQN,456,203,18270,232325.00,0.4976,0.488121,0.0151
DQN,456,204,18360,216282.50,0.4951,0.503701,0.0197
DQN,456,205,18450,228850.00,0.4926,0.489386,0.0147
DQN,456,206,18540,210552.50,0.4901,0.477858,0.0145
DQN,456,207,18630,215560.00,0.4877,0.478836,0.0161
DQN,456,208,18720,235357.50,0.4852,0.466008,0.0157
DQN,456,209,18810,214832.50,0.4827,0.492738,0.0155
DQN,456,210,18900,202940.00,0.4802,0.477765,0.0166
DQN,456,211,18990,235540.00,0.4778,0.480519,0.0150
DQN,456,212,19080,209555.00,0.4753,0.494346,0.0155
DQN,456,213,19170,222935.00,0.4728,0.479957,0.0162
DQN,456,214,19260,214090.00,0.4703,0.471503,0.0153
DQN,456,215,19350,219830.00,0.4679,0.460530,0.0151
DQN,456,216,19440,216232.50,0.4654,0.480481,0.0147
DQN,456,217,19530,207265.00,0.4629,0.459642,0.0160
DQN,456,218,19620,222437.50,0.4604,0.472814,0.0166
DQN,456,219,19710,235320.00,0.4580,0.452588,0.0162
DQN,456,220,19800,215462.50,0.4555,0.466128,0.0144
DQN,456,221,19890,230717.50,0.4530,0.464769,0.0152
DQN,456,222,19980,191972.50,0.4506,0.481882,0.0161
DQN,456,223,20070,232817.50,0.4481,0.486562,0.0148
DQN,456,224,20160,201812.50,0.4456,0.496115,0.0144
DQN,456,225,20250,226445.00,0.4431,0.487479,0.0146
DQN,456,226,20340,214970.00,0.4407,0.464522,0.0161
DQN,456,227,20430,239167.50,0.4382,0.470055,0.0170
DQN,456,228,20520,226730.00,0.4357,0.488480,0.0152
DQN,456,229,20610,219507.50,0.4332,0.455948,0.0169
DQN,456,230,20700,226702.50,0.4308,0.458561,0.0146
DQN,456,231,20790,244892.50,0.4283,0.468315,0.0154
DQN,456,232,20880,221042.50,0.4258,0.446787,0.0159
DQN,456,233,20970,226857.50,0.4233,0.441643,0.0152
DQN,456,234,21060,219797.50,0.4209,0.457588,0.0171
DQN,456,235,21150,231985.00,0.4184,0.469064,0.0135
DQN,456,236,21240,238342.50,0.4159,0.445903,0.0174
DQN,456,237,21330,230260.00,0.4134,0.456245,0.0172
DQN,456,238,21420,227477.50,0.4110,0.453274,0.0148
DQN,456,239,21510,220355.00,0.4085,0.453416,0.0167
DQN,456,240,21600,232167.50,0.4060,0.464320,0.0155
DQN,456,241,21690,214572.50,0.4035,0.434515,0.0163
DQN,456,242,21780,224392.50,0.4011,0.421041,0.0149
DQN,456,243,21870,223190.00,0.3986,0.433728,0.0153
DQN,456,244,21960,216330.00,0.3961,0.441217,0.0158
DQN,456,245,22050,234762.50,0.3936,0.439202,0.0144
DQN,456,246,22140,236195.00,0.3911,0.447796,0.0161
DQN,456,247,22230,234860.00,0.3887,0.454870,0.0159
DQN,456,248,22320,227577.50,0.3862,0.432278,0.0167
DQN,456,249,22410,228615.00,0.3837,0.432680,0.0152
DQN,456,250,22500,245025.00,0.3812,0.440411,0.0154
DQN,456,251,22590,217832.50,0.3788,0.436635,0.0184
DQN,456,252,22680,216805.00,0.3763,0.438597,0.0178
DQN,456,253,22770,239542.50,0.3738,0.456020,0.0155
DQN,456,254,22860,241182.50,0.3713,0.436462,0.0151
DQN,456,255,22950,224130.00,0.3689,0.423545,0.0151
DQN,456,256,23040,210112.50,0.3664,0.432492,0.0147
DQN,456,257,23130,229700.00,0.3639,0.435791,0.0170
DQN,456,258,23220,233807.50,0.3614,0.442047,0.0149
DQN,456,259,23310,231537.50,0.3590,0.435201,0.0140
DQN,456,260,23400,241710.00,0.3565,0.449692,0.0149
DQN,456,261,23490,224512.50,0.3540,0.434684,0.0146
DQN,456,262,23580,245612.50,0.3516,0.426481,0.0152
DQN,456,263,23670,218485.00,0.3491,0.434746,0.0155
DQN,456,264,23760,233400.00,0.3466,0.404269,0.0152
DQN,456,265,23850,226917.50,0.3441,0.425456,0.0149
DQN,456,266,23940,227725.00,0.3417,0.420984,0.0148
DQN,456,267,24030,239682.50,0.3392,0.419944,0.0158
DQN,456,268,24120,234410.00,0.3367,0.424302,0.0152
DQN,456,269,24210,224447.50,0.3342,0.419132,0.0152
DQN,456,270,24300,220327.50,0.3317,0.413152,0.0151
DQN,456,271,24390,239800.00,0.3293,0.415437,0.0144
DQN,456,272,24480,238932.50,0.3268,0.401526,0.0182
DQN,456,273,24570,232012.50,0.3243,0.409582,0.0149
DQN,456,274,24660,232722.50,0.3218,0.427698,0.0155
DQN,456,275,24750,243777.50,0.3194,0.410302,0.0185
DQN,456,276,24840,230070.00,0.3169,0.413940,0.0156
DQN,456,277,24930,236382.50,0.3144,0.413146,0.0145
DQN,456,278,25020,244937.50,0.3120,0.421563,0.0161
DQN,456,279,25110,235540.00,0.3095,0.422717,0.0147
DQN,456,280,25200,247735.00,0.3070,0.403657,0.0230
DQN,456,281,25290,253450.00,0.3045,0.405916,0.0194
DQN,456,282,25380,247107.50,0.3021,0.395858,0.0170
DQN,456,283,25470,251055.00,0.2996,0.387052,0.0156
DQN,456,284,25560,235795.00,0.2971,0.386851,0.0164
DQN,456,285,25650,239715.00,0.2946,0.396579,0.0144
DQN,456,286,25740,229050.00,0.2922,0.388274,0.0142
DQN,456,287,25830,247672.50,0.2897,0.409927,0.0160
DQN,456,288,25920,225922.50,0.2872,0.397540,0.0145
DQN,456,289,26010,242760.00,0.2847,0.398789,0.0153
DQN,456,290,26100,219580.00,0.2823,0.394889,0.0147
DQN,456,291,26190,235917.50,0.2798,0.397813,0.0158
DQN,456,292,26280,225195.00,0.2773,0.413155,0.0148
DQN,456,293,26370,251425.00,0.2748,0.389042,0.0150
DQN,456,294,26460,206915.00,0.2723,0.374312,0.0156
DQN,456,295,26550,228390.00,0.2699,0.387602,0.0163
DQN,456,296,26640,248245.00,0.2674,0.372311,0.0152
DQN,456,297,26730,238645.00,0.2649,0.356378,0.0149
DQN,456,298,26820,227395.00,0.2624,0.364428,0.0149
DQN,456,299,26910,245427.50,0.2600,0.370676,0.0143
DQN,456,300,27000,238175.00,0.2575,0.363930,0.0154
DQN,456,301,27090,248420.00,0.2550,0.368395,0.0155
DQN,456,302,27180,234462.50,0.2526,0.369500,0.0193
DQN,456,303,27270,238022.50,0.2501,0.361022,0.0147
DQN,456,304,27360,220742.50,0.2476,0.364395,0.0149
DQN,456,305,27450,207765.00,0.2451,0.372143,0.0151
DQN,456,306,27540,227615.00,0.2427,0.378649,0.0148
DQN,456,307,27630,244625.00,0.2402,0.384034,0.0151
DQN,456,308,27720,255127.50,0.2377,0.385553,0.0146
DQN,456,309,27810,244592.50,0.2352,0.378955,0.0163
DQN,456,310,27900,230402.50,0.2328,0.379729,0.0148
DQN,456,311,27990,251600.00,0.2303,0.388411,0.0151
DQN,456,312,28080,230667.50,0.2278,0.375081,0.0152
DQN,456,313,28170,234915.00,0.2253,0.378545,0.0147
DQN,456,314,28260,228507.50,0.2228,0.368784,0.0179
DQN,456,315,28350,244995.00,0.2204,0.379542,0.0142
DQN,456,316,28440,243040.00,0.2179,0.367139,0.0157
DQN,456,317,28530,243515.00,0.2154,0.368868,0.0156
DQN,456,318,28620,241315.00,0.2129,0.336994,0.0165
DQN,456,319,28710,228867.50,0.2105,0.365140,0.0147
DQN,456,320,28800,234255.00,0.2080,0.352243,0.0149
DQN,456,321,28890,249467.50,0.2055,0.350904,0.0148
DQN,456,322,28980,250532.50,0.2030,0.347046,0.0170
DQN,456,323,29070,240417.50,0.2006,0.362372,0.0144
DQN,456,324,29160,244147.50,0.1981,0.363210,0.0155
DQN,456,325,29250,247490.00,0.1956,0.351802,0.0155
DQN,456,326,29340,224602.50,0.1932,0.369729,0.0157
DQN,456,327,29430,238532.50,0.1907,0.359394,0.0162
DQN,456,328,29520,243775.00,0.1882,0.363606,0.0146
DQN,456,329,29610,241667.50,0.1857,0.357423,0.0146
DQN,456,330,29700,245542.50,0.1833,0.346216,0.0148
DQN,456,331,29790,235010.00,0.1808,0.363193,0.0148
DQN,456,332,29880,246082.50,0.1783,0.351356,0.0158
DQN,456,333,29970,228972.50,0.1758,0.350399,0.0153
DQN,456,334,30060,233877.50,0.1734,0.352867,0.0150
DQN,456,335,30150,238610.00,0.1709,0.342193,0.0149
DQN,456,336,30240,229967.50,0.1684,0.345922,0.0150
DQN,456,337,30330,255820.00,0.1659,0.333920,0.0161
DQN,456,338,30420,251852.50,0.1634,0.359005,0.0150
DQN,456,339,30510,253252.50,0.1610,0.341619,0.0192
DQN,456,340,30600,247820.00,0.1585,0.348212,0.0168
DQN,456,341,30690,249655.00,0.1560,0.346695,0.0153
DQN,456,342,30780,234005.00,0.1536,0.342148,0.0155
DQN,456,343,30870,241817.50,0.1511,0.329732,0.0142
DQN,456,344,30960,242420.00,0.1486,0.332492,0.0151
DQN,456,345,31050,237772.50,0.1461,0.348034,0.0172
DQN,456,346,31140,235230.00,0.1437,0.344298,0.0183
DQN,456,347,31230,244255.00,0.1412,0.376100,0.0159
DQN,456,348,31320,225607.50,0.1387,0.342011,0.0149
DQN,456,349,31410,249540.00,0.1362,0.352879,0.0156
DQN,456,350,31500,241142.50,0.1338,0.337393,0.0175
DQN,456,351,31590,245892.50,0.1313,0.341622,0.0154
DQN,456,352,31680,250657.50,0.1288,0.325294,0.0174
DQN,456,353,31770,239237.50,0.1263,0.327853,0.0158
DQN,456,354,31860,236267.50,0.1239,0.348290,0.0151
DQN,456,355,31950,239615.00,0.1214,0.330906,0.0149
DQN,456,356,32040,240572.50,0.1189,0.341464,0.0147
DQN,456,357,32130,249297.50,0.1164,0.337883,0.0148
DQN,456,358,32220,229507.50,0.1139,0.313889,0.0149
DQN,456,359,32310,232675.00,0.1115,0.328051,0.0152
DQN,456,360,32400,242287.50,0.1090,0.332895,0.0146
DQN,456,361,32490,240640.00,0.1065,0.320886,0.0149
DQN,456,362,32580,231642.50,0.1040,0.329633,0.0147
DQN,456,363,32670,241722.50,0.1016,0.330053,0.0165
DQN,456,364,32760,228575.00,0.0991,0.319243,0.0147
DQN,456,365,32850,238580.00,0.0966,0.320090,0.0145
DQN,456,366,32940,239637.50,0.0941,0.319443,0.0171
DQN,456,367,33030,253082.50,0.0917,0.320120,0.0151
DQN,456,368,33120,240115.00,0.0892,0.317492,0.0155
DQN,456,369,33210,242342.50,0.0867,0.317176,0.0155
DQN,456,370,33300,244052.50,0.0842,0.326609,0.0163
DQN,456,371,33390,256115.00,0.0818,0.307236,0.0166
DQN,456,372,33480,252130.00,0.0793,0.310161,0.0144
DQN,456,373,33570,248422.50,0.0768,0.305531,0.0152
DQN,456,374,33660,241437.50,0.0743,0.310531,0.0149
DQN,456,375,33750,251600.00,0.0719,0.297247,0.0161
DQN,456,376,33840,234317.50,0.0694,0.294292,0.0156
DQN,456,377,33930,244875.00,0.0669,0.310382,0.0165
DQN,456,378,34020,230932.50,0.0645,0.301826,0.0174
DQN,456,379,34110,242680.00,0.0620,0.290743,0.0155
DQN,456,380,34200,238130.00,0.0595,0.281418,0.0159
DQN,456,381,34290,247370.00,0.0570,0.295837,0.0162
DQN,456,382,34380,230705.00,0.0546,0.288756,0.0170
DQN,456,383,34470,235730.00,0.0521,0.289473,0.0171
DQN,456,384,34560,242685.00,0.0496,0.307358,0.0162
DQN,456,385,34650,238285.00,0.0471,0.304201,0.0159
DQN,456,386,34740,240110.00,0.0447,0.301298,0.0151
DQN,456,387,34830,259352.50,0.0422,0.288805,0.0155
DQN,456,388,34920,252092.50,0.0397,0.303176,0.0143
DQN,456,389,35010,235765.00,0.0372,0.282404,0.0150
DQN,456,390,35100,237180.00,0.0348,0.311442,0.0149
DQN,456,391,35190,237280.00,0.0323,0.305773,0.0153
DQN,456,392,35280,233042.50,0.0298,0.298005,0.0165
DQN,456,393,35370,248832.50,0.0273,0.312268,0.0159
DQN,456,394,35460,252877.50,0.0249,0.292900,0.0155
DQN,456,395,35550,249285.00,0.0224,0.299368,0.0155
DQN,456,396,35640,246425.00,0.0199,0.286922,0.0161
DQN,456,397,35730,228482.50,0.0174,0.285966,0.0160
DQN,456,398,35820,243392.50,0.0150,0.297251,0.0157
DQN,456,399,35910,235530.00,0.0125,0.288329,0.0156
DQN,456,400,36000,250882.50,0.0100,0.284868,0.0150
DQN,456,401,36090,242192.50,0.0100,0.292858,0.0184
DQN,456,402,36180,244645.00,0.0100,0.285010,0.0173
DQN,456,403,36270,242795.00,0.0100,0.287632,0.0153
DQN,456,404,36360,242485.00,0.0100,0.297620,0.0153
DQN,456,405,36450,226885.00,0.0100,0.295210,0.0159
DQN,456,406,36540,251032.50,0.0100,0.289483,0.0145
DQN,456,407,36630,250925.00,0.0100,0.295860,0.0166
DQN,456,408,36720,250237.50,0.0100,0.300198,0.0150
DQN,456,409,36810,239905.00,0.0100,0.298851,0.0149
DQN,456,410,36900,241490.00,0.0100,0.305363,0.0137
DQN,456,411,36990,253985.00,0.0100,0.293502,0.0161
DQN,456,412,37080,236757.50,0.0100,0.290840,0.0150
DQN,456,413,37170,244687.50,0.0100,0.284482,0.0148
DQN,456,414,37260,240112.50,0.0100,0.277048,0.0148
DQN,456,415,37350,247572.50,0.0100,0.277357,0.0150
DQN,456,416,37440,247047.50,0.0100,0.286829,0.0146
DQN,456,417,37530,224797.50,0.0100,0.279099,0.0169
DQN,456,418,37620,242360.00,0.0100,0.295613,0.0160
DQN,456,419,37710,246882.50,0.0100,0.280761,0.0165
DQN,456,420,37800,241782.50,0.0100,0.278706,0.0151
DQN,456,421,37890,237815.00,0.0100,0.297110,0.0148
DQN,456,422,37980,230262.50,0.0100,0.281745,0.0149
DQN,456,423,38070,233825.00,0.0100,0.297446,0.0149
DQN,456,424,38160,253070.00,0.0100,0.283974,0.0148
DQN,456,425,38250,248517.50,0.0100,0.300454,0.0149
DQN,456,426,38340,238390.00,0.0100,0.299004,0.0170
DQN,456,427,38430,244627.50,0.0100,0.293229,0.0146
DQN,456,428,38520,251802.50,0.0100,0.305537,0.0157
DQN,456,429,38610,243900.00,0.0100,0.280735,0.0153
DQN,456,430,38700,248480.00,0.0100,0.279424,0.0144
DQN,456,431,38790,240205.00,0.0100,0.286460,0.0135
DQN,456,432,38880,224067.50,0.0100,0.287449,0.0156
DQN,456,433,38970,244725.00,0.0100,0.290796,0.0158
DQN,456,434,39060,240880.00,0.0100,0.279451,0.0149
DQN,456,435,39150,232052.50,0.0100,0.289525,0.0157
DQN,456,436,39240,238047.50,0.0100,0.292237,0.0144
DQN,456,437,39330,245875.00,0.0100,0.284568,0.0173
DQN,456,438,39420,243465.00,0.0100,0.277926,0.0155
DQN,456,439,39510,250255.00,0.0100,0.292528,0.0157
DQN,456,440,39600,243142.50,0.0100,0.293164,0.0154
DQN,456,441,39690,235472.50,0.0100,0.293935,0.0151
DQN,456,442,39780,249052.50,0.0100,0.298543,0.0154
DQN,456,443,39870,227092.50,0.0100,0.293078,0.0154
DQN,456,444,39960,235385.00,0.0100,0.294468,0.0158
DQN,456,445,40050,239507.50,0.0100,0.285009,0.0158
DQN,456,446,40140,235142.50,0.0100,0.283518,0.0156
DQN,456,447,40230,230725.00,0.0100,0.277824,0.0160
DQN,456,448,40320,254630.00,0.0100,0.276457,0.0171
DQN,456,449,40410,240042.50,0.0100,0.281169,0.0159
DQN,456,450,40500,243777.50,0.0100,0.278639,0.0152
DQN,456,451,40590,237750.00,0.0100,0.283419,0.0171
DQN,456,452,40680,253510.00,0.0100,0.278421,0.0272
DQN,456,453,40770,255782.50,0.0100,0.267780,0.0201
DQN,456,454,40860,240772.50,0.0100,0.283583,0.0141
DQN,456,455,40950,245255.00,0.0100,0.270774,0.0148
DQN,456,456,41040,242340.00,0.0100,0.272720,0.0146
DQN,456,457,41130,237420.00,0.0100,0.271736,0.0163
DQN,456,458,41220,237300.00,0.0100,0.277259,0.0148
DQN,456,459,41310,242275.00,0.0100,0.266592,0.0152
DQN,456,460,41400,251775.00,0.0100,0.283987,0.0149
DQN,456,461,41490,244067.50,0.0100,0.278684,0.0141
DQN,456,462,41580,229915.00,0.0100,0.292477,0.0141
DQN,456,463,41670,236407.50,0.0100,0.294391,0.0163
DQN,456,464,41760,226195.00,0.0100,0.292575,0.0159
DQN,456,465,41850,231757.50,0.0100,0.298186,0.0161
DQN,456,466,41940,234837.50,0.0100,0.275941,0.0145
DQN,456,467,42030,239920.00,0.0100,0.282412,0.0155
DQN,456,468,42120,238712.50,0.0100,0.273147,0.0151
DQN,456,469,42210,243097.50,0.0100,0.269817,0.0149
DQN,456,470,42300,247777.50,0.0100,0.270652,0.0159
DQN,456,471,42390,240702.50,0.0100,0.277156,0.0158
DQN,456,472,42480,243007.50,0.0100,0.281320,0.0151
DQN,456,473,42570,235817.50,0.0100,0.278611,0.0159
DQN,456,474,42660,244055.00,0.0100,0.286561,0.0199
DQN,456,475,42750,235267.50,0.0100,0.280599,0.0162
DQN,456,476,42840,239875.00,0.0100,0.273637,0.0139
DQN,456,477,42930,231830.00,0.0100,0.288672,0.0136
DQN,456,478,43020,246532.50,0.0100,0.275428,0.0138
DQN,456,479,43110,240275.00,0.0100,0.249499,0.0138
DQN,456,480,43200,244815.00,0.0100,0.254705,0.0138
DQN,456,481,43290,246537.50,0.0100,0.267665,0.0138
DQN,456,482,43380,243922.50,0.0100,0.255097,0.0138
DQN,456,483,43470,248835.00,0.0100,0.246745,0.0139
DQN,456,484,43560,242105.00,0.0100,0.279554,0.0139
DQN,456,485,43650,246077.50,0.0100,0.287050,0.0157
DQN,456,486,43740,238055.00,0.0100,0.290419,0.0171
DQN,456,487,43830,228020.00,0.0100,0.290380,0.0141
DQN,456,488,43920,234182.50,0.0100,0.296489,0.0136
DQN,456,489,44010,242832.50,0.0100,0.275237,0.0138
DQN,456,490,44100,243702.50,0.0100,0.282346,0.0138
DQN,456,491,44190,229752.50,0.0100,0.284275,0.0139
DQN,456,492,44280,232925.00,0.0100,0.280335,0.0139
DQN,456,493,44370,240952.50,0.0100,0.280387,0.0139
DQN,456,494,44460,249530.00,0.0100,0.280218,0.0139
DQN,456,495,44550,234727.50,0.0100,0.268681,0.0138
DQN,456,496,44640,232860.00,0.0100,0.267416,0.0139
DQN,456,497,44730,232902.50,0.0100,0.263681,0.0139
DQN,456,498,44820,222630.00,0.0100,0.259827,0.0139
DQN,456,499,44910,249330.00,0.0100,0.262163,0.0141
DQN,456,500,45000,234687.50,0.0100,0.256259,0.0141
DQN,789,1,90,64275.00,0.9975,0.000000,0.0013
DQN,789,2,180,139780.00,0.9950,0.000000,0.0009
DQN,789,3,270,116072.50,0.9926,0.000000,0.0009
DQN,789,4,360,133015.00,0.9901,0.000000,0.0008
DQN,789,5,450,122462.50,0.9876,0.000000,0.0006
DQN,789,6,540,204692.50,0.9851,3.740793,0.0086
DQN,789,7,630,111272.50,0.9827,2.673263,0.0145
DQN,789,8,720,81345.00,0.9802,2.005471,0.0131
DQN,789,9,810,180572.50,0.9777,1.994252,0.0129
DQN,789,10,900,150305.00,0.9752,1.912514,0.0130
DQN,789,11,990,113495.00,0.9728,1.842331,0.0166
DQN,789,12,1080,121302.50,0.9703,3.359305,0.0129
DQN,789,13,1170,168140.00,0.9678,2.065835,0.0128
DQN,789,14,1260,91657.50,0.9654,1.951579,0.0127
DQN,789,15,1350,100555.00,0.9629,1.855788,0.0128
DQN,789,16,1440,183002.50,0.9604,1.783119,0.0128
DQN,789,17,1530,133727.50,0.9579,2.298361,0.0129
DQN,789,18,1620,174402.50,0.9555,1.701477,0.0129
DQN,789,19,1710,156965.00,0.9530,1.619083,0.0131
DQN,789,20,1800,113155.00,0.9505,1.529103,0.0159
DQN,789,21,1890,199662.50,0.9480,1.454279,0.0132
DQN,789,22,1980,120925.00,0.9456,1.396158,0.0151
DQN,789,23,2070,140950.00,0.9431,1.806719,0.0164
DQN,789,24,2160,163847.50,0.9406,1.222064,0.0133
DQN,789,25,2250,91327.50,0.9381,1.157129,0.0131
DQN,789,26,2340,80772.50,0.9356,1.130788,0.0131
DQN,789,27,2430,77402.50,0.9332,1.101729,0.0132
DQN,789,28,2520,45250.00,0.9307,1.385877,0.0133
DQN,789,29,2610,160852.50,0.9282,1.213732,0.0133
DQN,789,30,2700,148280.00,0.9257,1.056894,0.0134
DQN,789,31,2790,176245.00,0.9233,0.989725,0.0134
DQN,789,32,2880,106237.50,0.9208,0.935414,0.0133
DQN,789,33,2970,129280.00,0.9183,0.953789,0.0133
DQN,789,34,3060,111145.00,0.9159,1.229994,0.0134
DQN,789,35,3150,181855.00,0.9134,0.983991,0.0135
DQN,789,36,3240,181322.50,0.9109,0.917407,0.0134
DQN,789,37,3330,91250.00,0.9084,0.890190,0.0134
DQN,789,38,3420,128370.00,0.9060,0.857211,0.0135
DQN,789,39,3510,109822.50,0.9035,0.997818,0.0135
DQN,789,40,3600,102775.00,0.9010,1.082370,0.0135
DQN,789,41,3690,158387.50,0.8985,0.954469,0.0134
DQN,789,42,3780,134320.00,0.8961,0.889699,0.0159
DQN,789,43,3870,106037.50,0.8936,0.872443,0.0134
DQN,789,44,3960,139927.50,0.8911,0.877453,0.0135
DQN,789,45,4050,209122.50,0.8886,1.147116,0.0136
DQN,789,46,4140,144707.50,0.8861,0.961793,0.0134
DQN,789,47,4230,172610.00,0.8837,0.940816,0.0135
DQN,789,48,4320,155425.00,0.8812,0.914500,0.0135
DQN,789,49,4410,143222.50,0.8787,0.919644,0.0173
DQN,789,50,4500,146002.50,0.8762,0.946568,0.0205
DQN,789,51,4590,204885.00,0.8738,1.106292,0.0154
DQN,789,52,4680,183825.00,0.8713,0.949300,0.0133
DQN,789,53,4770,99535.00,0.8688,0.956922,0.0131
DQN,789,54,4860,162707.50,0.8663,0.915433,0.0131
DQN,789,55,4950,141275.00,0.8639,0.919350,0.0131
DQN,789,56,5040,128452.50,0.8614,1.026099,0.0131
DQN,789,57,5130,166870.00,0.8589,0.867290,0.0131
DQN,789,58,5220,209455.00,0.8565,0.845578,0.0132
DQN,789,59,5310,208240.00,0.8540,0.834840,0.0131
DQN,789,60,5400,155477.50,0.8515,0.812960,0.0132
DQN,789,61,5490,180012.50,0.8490,0.818531,0.0131
DQN,789,62,5580,124025.00,0.8466,0.841221,0.0150
DQN,789,63,5670,172350.00,0.8441,0.748186,0.0133
DQN,789,64,5760,174010.00,0.8416,0.728825,0.0131
DQN,789,65,5850,178535.00,0.8391,0.727475,0.0174
DQN,789,66,5940,198752.50,0.8367,0.718713,0.0134
DQN,789,67,6030,175002.50,0.8342,0.729560,0.0131
DQN,789,68,6120,200575.00,0.8317,0.667198,0.0132
DQN,789,69,6210,209102.50,0.8292,0.666047,0.0132
DQN,789,70,6300,187287.50,0.8267,0.658061,0.0131
DQN,789,71,6390,143070.00,0.8243,0.654198,0.0131
DQN,789,72,6480,149482.50,0.8218,0.644347,0.0131
DQN,789,73,6570,180535.00,0.8193,0.662814,0.0131
DQN,789,74,6660,93420.00,0.8168,0.643152,0.0169
DQN,789,75,6750,112530.00,0.8144,0.659638,0.0137
DQN,789,76,6840,178835.00,0.8119,0.667095,0.0131
DQN,789,77,6930,187590.00,0.8094,0.622996,0.0132
DQN,789,78,7020,158177.50,0.8070,0.648603,0.0132
DQN,789,79,7110,207157.50,0.8045,0.627269,0.0151
DQN,789,80,7200,187845.00,0.8020,0.618481,0.0133
DQN,789,81,7290,207912.50,0.7995,0.634303,0.0131
DQN,789,82,7380,181940.00,0.7971,0.626437,0.0131
DQN,789,83,7470,174722.50,0.7946,0.590079,0.0133
DQN,789,84,7560,168560.00,0.7921,0.615696,0.0132
DQN,789,85,7650,170120.00,0.7896,0.628841,0.0132
DQN,789,86,7740,181370.00,0.7872,0.620302,0.0132
DQN,789,87,7830,192305.00,0.7847,0.605868,0.0132
DQN,789,88,7920,168622.50,0.7822,0.626410,0.0131
DQN,789,89,8010,195012.50,0.7797,0.618625,0.0132
DQN,789,90,8100,182222.50,0.7772,0.623208,0.0131
DQN,789,91,8190,83600.00,0.7748,0.620823,0.0132
DQN,789,92,8280,156717.50,0.7723,0.620236,0.0131
DQN,789,93,8370,216680.00,0.7698,0.634762,0.0132
DQN,789,94,8460,167817.50,0.7673,0.616444,0.0132
DQN,789,95,8550,198520.00,0.7649,0.610846,0.0132
DQN,789,96,8640,160357.50,0.7624,0.600838,0.0131
DQN,789,97,8730,214555.00,0.7599,0.611242,0.0132
DQN,789,98,8820,152132.50,0.7574,0.580664,0.0132
DQN,789,99,8910,209232.50,0.7550,0.601617,0.0132
DQN,789,100,9000,167005.00,0.7525,0.580026,0.0133
DQN,789,101,9090,210047.50,0.7500,0.600386,0.0142
DQN,789,102,9180,159075.00,0.7475,0.604178,0.0136
DQN,789,103,9270,230232.50,0.7451,0.593065,0.0131
DQN,789,104,9360,139800.00,0.7426,0.600213,0.0132
DQN,789,105,9450,176170.00,0.7401,0.588856,0.0133
DQN,789,106,9540,182710.00,0.7376,0.600921,0.0133
DQN,789,107,9630,144287.50,0.7352,0.584273,0.0134
DQN,789,108,9720,161275.00,0.7327,0.584863,0.0134
DQN,789,109,9810,207467.50,0.7302,0.575288,0.0135
DQN,789,110,9900,178362.50,0.7278,0.580727,0.0167
DQN,789,111,9990,195182.50,0.7253,0.588859,0.0136
DQN,789,112,10080,179325.00,0.7228,0.594048,0.0132
DQN,789,113,10170,218342.50,0.7203,0.596285,0.0133
DQN,789,114,10260,197277.50,0.7179,0.573412,0.0132
DQN,789,115,10350,211757.50,0.7154,0.584731,0.0133
DQN,789,116,10440,174645.00,0.7129,0.580745,0.0132
DQN,789,117,10530,207210.00,0.7104,0.588516,0.0132
DQN,789,118,10620,191667.50,0.7080,0.584388,0.0132
DQN,789,119,10710,204985.00,0.7055,0.570159,0.0134
DQN,789,120,10800,191910.00,0.7030,0.566845,0.0219
DQN,789,121,10890,181655.00,0.7005,0.564237,0.0133
DQN,789,122,10980,209102.50,0.6981,0.556151,0.0132
DQN,789,123,11070,213587.50,0.6956,0.560162,0.0185
DQN,789,124,11160,205007.50,0.6931,0.557742,0.0134
DQN,789,125,11250,206525.00,0.6906,0.569678,0.0136
DQN,789,126,11340,149255.00,0.6882,0.565009,0.0134
DQN,789,127,11430,164902.50,0.6857,0.549511,0.0134
DQN,789,128,11520,223490.00,0.6832,0.564839,0.0135
DQN,789,129,11610,192977.50,0.6807,0.567184,0.0135
DQN,789,130,11700,218562.50,0.6783,0.555870,0.0136
DQN,789,131,11790,199420.00,0.6758,0.563224,0.0136
DQN,789,132,11880,237367.50,0.6733,0.542719,0.0136
DQN,789,133,11970,178197.50,0.6708,0.545297,0.0135
DQN,789,134,12060,227930.00,0.6683,0.548633,0.0136
DQN,789,135,12150,221365.00,0.6659,0.548429,0.0136
DQN,789,136,12240,205560.00,0.6634,0.541775,0.0136
DQN,789,137,12330,225722.50,0.6609,0.551883,0.0154
DQN,789,138,12420,224772.50,0.6584,0.559860,0.0137
DQN,789,139,12510,205132.50,0.6560,0.543050,0.0136
DQN,789,140,12600,216805.00,0.6535,0.563732,0.0167
DQN,789,141,12690,180812.50,0.6510,0.557920,0.0135
DQN,789,142,12780,211677.50,0.6485,0.540246,0.0167
DQN,789,143,12870,180662.50,0.6461,0.542230,0.0164
DQN,789,144,12960,172907.50,0.6436,0.526156,0.0135
DQN,789,145,13050,206892.50,0.6411,0.553375,0.0166
DQN,789,146,13140,208080.00,0.6386,0.542671,0.0139
DQN,789,147,13230,224207.50,0.6362,0.539486,0.0134
DQN,789,148,13320,210115.00,0.6337,0.569595,0.0134
DQN,789,149,13410,204180.00,0.6312,0.526182,0.0136
DQN,789,150,13500,236190.00,0.6288,0.536302,0.0136
DQN,789,151,13590,213435.00,0.6263,0.539990,0.0138
DQN,789,152,13680,197157.50,0.6238,0.520770,0.0151
DQN,789,153,13770,209922.50,0.6213,0.546302,0.0139
DQN,789,154,13860,213270.00,0.6189,0.544909,0.0138
DQN,789,155,13950,202360.00,0.6164,0.534613,0.0139
DQN,789,156,14040,194662.50,0.6139,0.522948,0.0137
DQN,789,157,14130,206187.50,0.6114,0.535894,0.0138
DQN,789,158,14220,208460.00,0.6089,0.520527,0.0137
DQN,789,159,14310,198022.50,0.6065,0.544291,0.0137
DQN,789,160,14400,234675.00,0.6040,0.531347,0.0137
DQN,789,161,14490,221417.50,0.6015,0.537774,0.0138
DQN,789,162,14580,171095.00,0.5990,0.523569,0.0137
DQN,789,163,14670,203875.00,0.5966,0.525040,0.0137
DQN,789,164,14760,213657.50,0.5941,0.526506,0.0138
DQN,789,165,14850,183525.00,0.5916,0.511924,0.0137
DQN,789,166,14940,189112.50,0.5892,0.511164,0.0137
DQN,789,167,15030,201280.00,0.5867,0.521361,0.0137
DQN,789,168,15120,227412.50,0.5842,0.522275,0.0138
DQN,789,169,15210,233635.00,0.5817,0.522696,0.0138
DQN,789,170,15300,206040.00,0.5793,0.543120,0.0168
DQN,789,171,15390,204660.00,0.5768,0.509619,0.0139
DQN,789,172,15480,195830.00,0.5743,0.524224,0.0138
DQN,789,173,15570,234715.00,0.5718,0.524975,0.0137
DQN,789,174,15660,227985.00,0.5694,0.524271,0.0137
DQN,789,175,15750,187820.00,0.5669,0.542977,0.0137
DQN,789,176,15840,220477.50,0.5644,0.526318,0.0138
DQN,789,177,15930,227895.00,0.5619,0.517911,0.0138
DQN,789,178,16020,207357.50,0.5595,0.539726,0.0137
DQN,789,179,16110,196262.50,0.5570,0.513659,0.0138
DQN,789,180,16200,217147.50,0.5545,0.517322,0.0138
DQN,789,181,16290,220180.00,0.5520,0.522628,0.0137
DQN,789,182,16380,232187.50,0.5495,0.515038,0.0137
DQN,789,183,16470,220965.00,0.5471,0.502956,0.0138
DQN,789,184,16560,217992.50,0.5446,0.513986,0.0138
DQN,789,185,16650,213052.50,0.5421,0.515165,0.0138
DQN,789,186,16740,218602.50,0.5396,0.493918,0.0138
DQN,789,187,16830,226475.00,0.5372,0.540565,0.0161
DQN,789,188,16920,238700.00,0.5347,0.501724,0.0134
DQN,789,189,17010,207610.00,0.5322,0.498157,0.0134
DQN,789,190,17100,215077.50,0.5297,0.519432,0.0133
DQN,789,191,17190,212390.00,0.5273,0.483137,0.0152
DQN,789,192,17280,227435.00,0.5248,0.499700,0.0135
DQN,789,193,17370,199482.50,0.5223,0.508661,0.0134
DQN,789,194,17460,220197.50,0.5199,0.486704,0.0224
DQN,789,195,17550,191062.50,0.5174,0.501829,0.0140
DQN,789,196,17640,230092.50,0.5149,0.472862,0.0135
DQN,789,197,17730,197730.00,0.5124,0.481719,0.0136
DQN,789,198,17820,237327.50,0.5100,0.487796,0.0136
DQN,789,199,17910,230585.00,0.5075,0.489953,0.0137
DQN,789,200,18000,193465.00,0.5050,0.490247,0.0136
DQN,789,201,18090,215080.00,0.5025,0.488960,0.0156
DQN,789,202,18180,230247.50,0.5000,0.476084,0.0138
DQN,789,203,18270,216020.00,0.4976,0.471729,0.0134
DQN,789,204,18360,234785.00,0.4951,0.469429,0.0135
DQN,789,205,18450,235462.50,0.4926,0.480178,0.0134
DQN,789,206,18540,221600.00,0.4901,0.482804,0.0177
DQN,789,207,18630,253110.00,0.4877,0.477091,0.0140
DQN,789,208,18720,234492.50,0.4852,0.466081,0.0136
DQN,789,209,18810,236600.00,0.4827,0.478292,0.0135
DQN,789,210,18900,231427.50,0.4802,0.464269,0.0174
DQN,789,211,18990,200885.00,0.4778,0.479807,0.0178
DQN,789,212,19080,227157.50,0.4753,0.485880,0.0135
DQN,789,213,19170,255500.00,0.4728,0.464065,0.0136
DQN,789,214,19260,231927.50,0.4703,0.448606,0.0136
DQN,789,215,19350,227120.00,0.4679,0.438461,0.0138
DQN,789,216,19440,217112.50,0.4654,0.463060,0.0138
DQN,789,217,19530,231792.50,0.4629,0.453783,0.0138
DQN,789,218,19620,210622.50,0.4604,0.474163,0.0138
DQN,789,219,19710,241830.00,0.4580,0.473434,0.0138
DQN,789,220,19800,219842.50,0.4555,0.453983,0.0138
DQN,789,221,19890,208150.00,0.4530,0.474048,0.0213
DQN,789,222,19980,249835.00,0.4506,0.470838,0.0183
DQN,789,223,20070,227180.00,0.4481,0.479535,0.0155
DQN,789,224,20160,227255.00,0.4456,0.468861,0.0208
DQN,789,225,20250,214677.50,0.4431,0.476523,0.0147
DQN,789,226,20340,199087.50,0.4407,0.469373,0.0135
DQN,789,227,20430,215557.50,0.4382,0.478076,0.0229
DQN,789,228,20520,210272.50,0.4357,0.461041,0.0143
DQN,789,229,20610,222752.50,0.4332,0.458937,0.0135
DQN,789,230,20700,243492.50,0.4308,0.480686,0.0137
DQN,789,231,20790,202932.50,0.4283,0.460259,0.0137
DQN,789,232,20880,224037.50,0.4258,0.459066,0.0137
DQN,789,233,20970,228815.00,0.4233,0.467181,0.0138
DQN,789,234,21060,219482.50,0.4209,0.452382,0.0138
DQN,789,235,21150,222152.50,0.4184,0.462015,0.0139
DQN,789,236,21240,213695.00,0.4159,0.463522,0.0139
DQN,789,237,21330,232567.50,0.4134,0.454276,0.0139
DQN,789,238,21420,224975.00,0.4110,0.456062,0.0137
DQN,789,239,21510,219430.00,0.4085,0.450541,0.0138
DQN,789,240,21600,233182.50,0.4060,0.450746,0.0137
DQN,789,241,21690,215085.00,0.4035,0.448262,0.0138
DQN,789,242,21780,204980.00,0.4011,0.444618,0.0221
DQN,789,243,21870,227375.00,0.3986,0.432264,0.0141
DQN,789,244,21960,235290.00,0.3961,0.444624,0.0136
DQN,789,245,22050,226255.00,0.3936,0.427028,0.0137
DQN,789,246,22140,234280.00,0.3911,0.419538,0.0138
DQN,789,247,22230,218410.00,0.3887,0.424998,0.0138
DQN,789,248,22320,228027.50,0.3862,0.429149,0.0139
DQN,789,249,22410,219242.50,0.3837,0.430991,0.0138
DQN,789,250,22500,209542.50,0.3812,0.429114,0.0139
DQN,789,251,22590,215952.50,0.3788,0.434314,0.0159
DQN,789,252,22680,235080.00,0.3763,0.436899,0.0171
DQN,789,253,22770,239327.50,0.3738,0.432927,0.0137
DQN,789,254,22860,235197.50,0.3713,0.442746,0.0136
DQN,789,255,22950,248965.00,0.3689,0.431353,0.0165
DQN,789,256,23040,242197.50,0.3664,0.422586,0.0138
DQN,789,257,23130,232240.00,0.3639,0.427400,0.0135
DQN,789,258,23220,217485.00,0.3614,0.431194,0.0136
DQN,789,259,23310,245550.00,0.3590,0.431091,0.0136
DQN,789,260,23400,219867.50,0.3565,0.412840,0.0137
DQN,789,261,23490,219667.50,0.3540,0.425192,0.0213
DQN,789,262,23580,216605.00,0.3516,0.419510,0.0150
DQN,789,263,23670,239402.50,0.3491,0.405516,0.0157
DQN,789,264,23760,239542.50,0.3466,0.396739,0.0141
DQN,789,265,23850,219647.50,0.3441,0.407011,0.0135
DQN,789,266,23940,244587.50,0.3417,0.395824,0.0134
DQN,789,267,24030,238472.50,0.3392,0.374062,0.0134
DQN,789,268,24120,249160.00,0.3367,0.403849,0.0134
DQN,789,269,24210,232542.50,0.3342,0.396728,0.0135
DQN,789,270,24300,241880.00,0.3317,0.384473,0.0134
DQN,789,271,24390,190210.00,0.3293,0.386106,0.0134
DQN,789,272,24480,220132.50,0.3268,0.399816,0.0134
DQN,789,273,24570,240932.50,0.3243,0.381720,0.0135
DQN,789,274,24660,211550.00,0.3218,0.385060,0.0183
DQN,789,275,24750,248135.00,0.3194,0.381123,0.0136
DQN,789,276,24840,233040.00,0.3169,0.375825,0.0136
DQN,789,277,24930,219522.50,0.3144,0.371801,0.0135
DQN,789,278,25020,238277.50,0.3120,0.362793,0.0136
DQN,789,279,25110,240592.50,0.3095,0.370468,0.0136
DQN,789,280,25200,220650.00,0.3070,0.367145,0.0136
DQN,789,281,25290,232382.50,0.3045,0.384866,0.0137
DQN,789,282,25380,230857.50,0.3021,0.375765,0.0138
DQN,789,283,25470,232742.50,0.2996,0.374806,0.0138
DQN,789,284,25560,230525.00,0.2971,0.383122,0.0138
DQN,789,285,25650,224972.50,0.2946,0.376742,0.0138
DQN,789,286,25740,231477.50,0.2922,0.374877,0.0138
DQN,789,287,25830,238752.50,0.2897,0.363109,0.0162
DQN,789,288,25920,234415.00,0.2872,0.368183,0.0138
DQN,789,289,26010,227362.50,0.2847,0.382747,0.0135
DQN,789,290,26100,229737.50,0.2823,0.364500,0.0135
DQN,789,291,26190,238482.50,0.2798,0.368429,0.0135
DQN,789,292,26280,230490.00,0.2773,0.370525,0.0185
DQN,789,293,26370,234380.00,0.2748,0.375421,0.0190
DQN,789,294,26460,237815.00,0.2723,0.379893,0.0141
DQN,789,295,26550,249227.50,0.2699,0.368824,0.0135
DQN,789,296,26640,223432.50,0.2674,0.359768,0.0135
DQN,789,297,26730,241680.00,0.2649,0.370492,0.0135
DQN,789,298,26820,205920.00,0.2624,0.372701,0.0136
DQN,789,299,26910,232430.00,0.2600,0.364734,0.0134
DQN,789,300,27000,212357.50,0.2575,0.368122,0.0135
DQN,789,301,27090,224272.50,0.2550,0.371781,0.0198
DQN,789,302,27180,230127.50,0.2526,0.339111,0.0138
DQN,789,303,27270,253115.00,0.2501,0.348847,0.0135
DQN,789,304,27360,227860.00,0.2476,0.352544,0.0135
DQN,789,305,27450,248530.00,0.2451,0.348429,0.0155
DQN,789,306,27540,241672.50,0.2427,0.340098,0.0137
DQN,789,307,27630,228312.50,0.2402,0.342253,0.0136
DQN,789,308,27720,241707.50,0.2377,0.340338,0.0142
DQN,789,309,27810,233742.50,0.2352,0.339307,0.0135
DQN,789,310,27900,246415.00,0.2328,0.349157,0.0136
DQN,789,311,27990,230872.50,0.2303,0.342672,0.0135
DQN,789,312,28080,233452.50,0.2278,0.333075,0.0135
DQN,789,313,28170,221845.00,0.2253,0.333721,0.0162
DQN,789,314,28260,249545.00,0.2228,0.337302,0.0179
DQN,789,315,28350,246665.00,0.2204,0.326358,0.0154
DQN,789,316,28440,232940.00,0.2179,0.336191,0.0138
DQN,789,317,28530,237487.50,0.2154,0.325931,0.0135
DQN,789,318,28620,235670.00,0.2129,0.344871,0.0135
DQN,789,319,28710,247262.50,0.2105,0.349400,0.0136
DQN,789,320,28800,240645.00,0.2080,0.349594,0.0136
DQN,789,321,28890,240650.00,0.2055,0.329867,0.0160
DQN,789,322,28980,230730.00,0.2030,0.337461,0.0141
DQN,789,323,29070,245975.00,0.2006,0.344088,0.0137
DQN,789,324,29160,228675.00,0.1981,0.349052,0.0136
DQN,789,325,29250,247595.00,0.1956,0.344589,0.0136
DQN,789,326,29340,254960.00,0.1932,0.358164,0.0136
DQN,789,327,29430,248827.50,0.1907,0.358813,0.0137
DQN,789,328,29520,237040.00,0.1882,0.346325,0.0214
DQN,789,329,29610,245102.50,0.1857,0.329464,0.0154
DQN,789,330,29700,227640.00,0.1833,0.342743,0.0135
DQN,789,331,29790,233642.50,0.1808,0.340427,0.0135
DQN,789,332,29880,219490.00,0.1783,0.327720,0.0136
DQN,789,333,29970,247727.50,0.1758,0.337557,0.0138
DQN,789,334,30060,241765.00,0.1734,0.354914,0.0138
DQN,789,335,30150,241872.50,0.1709,0.340630,0.0139
DQN,789,336,30240,234427.50,0.1684,0.340197,0.0137
DQN,789,337,30330,234242.50,0.1659,0.340008,0.0139
DQN,789,338,30420,223542.50,0.1634,0.342111,0.0139
DQN,789,339,30510,236407.50,0.1610,0.342849,0.0139
DQN,789,340,30600,237845.00,0.1585,0.341911,0.0138
DQN,789,341,30690,242267.50,0.1560,0.350422,0.0139
DQN,789,342,30780,239020.00,0.1536,0.325286,0.0139
DQN,789,343,30870,248655.00,0.1511,0.335454,0.0139
DQN,789,344,30960,234770.00,0.1486,0.344572,0.0139
DQN,789,345,31050,237535.00,0.1461,0.325462,0.0139
DQN,789,346,31140,234870.00,0.1437,0.331499,0.0139
DQN,789,347,31230,229817.50,0.1412,0.323399,0.0138
DQN,789,348,31320,243367.50,0.1387,0.323811,0.0138
DQN,789,349,31410,237905.00,0.1362,0.332701,0.0139
DQN,789,350,31500,244965.00,0.1338,0.323771,0.0139
DQN,789,351,31590,219452.50,0.1313,0.320909,0.0151
DQN,789,352,31680,237755.00,0.1288,0.344254,0.0143
DQN,789,353,31770,227042.50,0.1263,0.350501,0.0295
DQN,789,354,31860,247097.50,0.1239,0.340241,0.0185
DQN,789,355,31950,238032.50,0.1214,0.317848,0.0142
DQN,789,356,32040,231397.50,0.1189,0.321904,0.0138
DQN,789,357,32130,247170.00,0.1164,0.317540,0.0138
DQN,789,358,32220,233622.50,0.1139,0.311703,0.0138
DQN,789,359,32310,235395.00,0.1115,0.321091,0.0204
DQN,789,360,32400,237670.00,0.1090,0.296318,0.0158
DQN,789,361,32490,242812.50,0.1065,0.302504,0.0136
DQN,789,362,32580,235800.00,0.1040,0.322773,0.0138
DQN,789,363,32670,249120.00,0.1016,0.315042,0.0140
DQN,789,364,32760,242525.00,0.0991,0.304802,0.0139
DQN,789,365,32850,246320.00,0.0966,0.316388,0.0139
DQN,789,366,32940,239040.00,0.0941,0.319196,0.0139
DQN,789,367,33030,235920.00,0.0917,0.322841,0.0139
DQN,789,368,33120,226007.50,0.0892,0.314299,0.0139
DQN,789,369,33210,234422.50,0.0867,0.322935,0.0188
DQN,789,370,33300,232320.00,0.0842,0.309642,0.0187
DQN,789,371,33390,230307.50,0.0818,0.295327,0.0135
DQN,789,372,33480,224800.00,0.0793,0.307065,0.0138
DQN,789,373,33570,239410.00,0.0768,0.304043,0.0139
DQN,789,374,33660,238250.00,0.0743,0.309820,0.0181
DQN,789,375,33750,249177.50,0.0719,0.303742,0.0201
DQN,789,376,33840,241512.50,0.0694,0.293945,0.0137
DQN,789,377,33930,232785.00,0.0669,0.302962,0.0137
DQN,789,378,34020,235710.00,0.0645,0.292668,0.0138
DQN,789,379,34110,241295.00,0.0620,0.297154,0.0138
DQN,789,380,34200,221907.50,0.0595,0.289114,0.0139
DQN,789,381,34290,233280.00,0.0570,0.291593,0.0200
DQN,789,382,34380,231055.00,0.0546,0.296933,0.0164
DQN,789,383,34470,239010.00,0.0521,0.297453,0.0143
DQN,789,384,34560,226775.00,0.0496,0.306659,0.0139
DQN,789,385,34650,235502.50,0.0471,0.309337,0.0215
DQN,789,386,34740,237335.00,0.0447,0.322155,0.0157
DQN,789,387,34830,222915.00,0.0422,0.311277,0.0137
DQN,789,388,34920,227992.50,0.0397,0.302746,0.0158
DQN,789,389,35010,232187.50,0.0372,0.308823,0.0216
DQN,789,390,35100,235410.00,0.0348,0.310405,0.0215
DQN,789,391,35190,238800.00,0.0323,0.288557,0.0153
DQN,789,392,35280,238507.50,0.0298,0.300221,0.0138
DQN,789,393,35370,245507.50,0.0273,0.310018,0.0160
DQN,789,394,35460,229270.00,0.0249,0.297738,0.0138
DQN,789,395,35550,239077.50,0.0224,0.287538,0.0137
DQN,789,396,35640,241697.50,0.0199,0.284508,0.0136
DQN,789,397,35730,238877.50,0.0174,0.291071,0.0136
DQN,789,398,35820,241720.00,0.0150,0.294862,0.0138
DQN,789,399,35910,240185.00,0.0125,0.292681,0.0144
DQN,789,400,36000,240742.50,0.0100,0.280979,0.0138
DQN,789,401,36090,243677.50,0.0100,0.292886,0.0170
DQN,789,402,36180,224705.00,0.0100,0.286590,0.0163
DQN,789,403,36270,244530.00,0.0100,0.295158,0.0140
DQN,789,404,36360,245450.00,0.0100,0.287865,0.0136
DQN,789,405,36450,232937.50,0.0100,0.290612,0.0137
DQN,789,406,36540,238832.50,0.0100,0.279121,0.0135
DQN,789,407,36630,243542.50,0.0100,0.302146,0.0152
DQN,789,408,36720,229662.50,0.0100,0.302825,0.0138
DQN,789,409,36810,237225.00,0.0100,0.294908,0.0143
DQN,789,410,36900,248182.50,0.0100,0.280947,0.0139
DQN,789,411,36990,236717.50,0.0100,0.295728,0.0136
DQN,789,412,37080,238847.50,0.0100,0.289245,0.0234
DQN,789,413,37170,241937.50,0.0100,0.287056,0.0202
DQN,789,414,37260,241097.50,0.0100,0.282369,0.0141
DQN,789,415,37350,232065.00,0.0100,0.274567,0.0136
DQN,789,416,37440,239782.50,0.0100,0.277843,0.0164
DQN,789,417,37530,242095.00,0.0100,0.286436,0.0246
DQN,789,418,37620,226332.50,0.0100,0.281131,0.0137
DQN,789,419,37710,241512.50,0.0100,0.275327,0.0141
DQN,789,420,37800,250395.00,0.0100,0.274548,0.0136
DQN,789,421,37890,234930.00,0.0100,0.273850,0.0136
DQN,789,422,37980,236117.50,0.0100,0.280715,0.0136
DQN,789,423,38070,224910.00,0.0100,0.281712,0.0136
DQN,789,424,38160,212687.50,0.0100,0.277135,0.0135
DQN,789,425,38250,236917.50,0.0100,0.272207,0.0136
DQN,789,426,38340,236825.00,0.0100,0.278124,0.0186
DQN,789,427,38430,222520.00,0.0100,0.276163,0.0226
DQN,789,428,38520,225655.00,0.0100,0.276799,0.0139
DQN,789,429,38610,229585.00,0.0100,0.269272,0.0202
DQN,789,430,38700,239667.50,0.0100,0.259432,0.0198
DQN,789,431,38790,231457.50,0.0100,0.258717,0.0140
DQN,789,432,38880,231355.00,0.0100,0.256010,0.0137
DQN,789,433,38970,212790.00,0.0100,0.259002,0.0137
DQN,789,434,39060,228417.50,0.0100,0.270288,0.0137
DQN,789,435,39150,244485.00,0.0100,0.257908,0.0180
DQN,789,436,39240,246835.00,0.0100,0.275440,0.0139
DQN,789,437,39330,244205.00,0.0100,0.265305,0.0137
DQN,789,438,39420,229562.50,0.0100,0.265346,0.0139
DQN,789,439,39510,231660.00,0.0100,0.263828,0.0138
DQN,789,440,39600,246802.50,0.0100,0.258595,0.0172
DQN,789,441,39690,238135.00,0.0100,0.248589,0.0170
DQN,789,442,39780,253870.00,0.0100,0.247845,0.0138
DQN,789,443,39870,244842.50,0.0100,0.251598,0.0156
DQN,789,444,39960,243222.50,0.0100,0.243002,0.0142
DQN,789,445,40050,238940.00,0.0100,0.246576,0.0149
DQN,789,446,40140,251705.00,0.0100,0.242401,0.0177
DQN,789,447,40230,236657.50,0.0100,0.242680,0.0139
DQN,789,448,40320,230132.50,0.0100,0.243279,0.0140
DQN,789,449,40410,236607.50,0.0100,0.249534,0.0137
DQN,789,450,40500,237315.00,0.0100,0.256549,0.0139
DQN,789,451,40590,241685.00,0.0100,0.247733,0.0222
DQN,789,452,40680,235387.50,0.0100,0.251018,0.0140
DQN,789,453,40770,242422.50,0.0100,0.246552,0.0138
DQN,789,454,40860,249215.00,0.0100,0.241920,0.0205
DQN,789,455,40950,227132.50,0.0100,0.257286,0.0150
DQN,789,456,41040,243117.50,0.0100,0.253272,0.0137
DQN,789,457,41130,238880.00,0.0100,0.251961,0.0138
DQN,789,458,41220,238415.00,0.0100,0.256761,0.0138
DQN,789,459,41310,237645.00,0.0100,0.247235,0.0139
DQN,789,460,41400,228612.50,0.0100,0.261804,0.0139
DQN,789,461,41490,231625.00,0.0100,0.255682,0.0139
DQN,789,462,41580,253080.00,0.0100,0.266228,0.0140
DQN,789,463,41670,237907.50,0.0100,0.254713,0.0139
DQN,789,464,41760,228125.00,0.0100,0.259998,0.0140
DQN,789,465,41850,234880.00,0.0100,0.254603,0.0139
DQN,789,466,41940,227207.50,0.0100,0.248328,0.0140
DQN,789,467,42030,248537.50,0.0100,0.252613,0.0140
DQN,789,468,42120,215002.50,0.0100,0.254626,0.0140
DQN,789,469,42210,236050.00,0.0100,0.264360,0.0140
DQN,789,470,42300,238360.00,0.0100,0.250474,0.0140
DQN,789,471,42390,241527.50,0.0100,0.253638,0.0140
DQN,789,472,42480,225547.50,0.0100,0.252849,0.0140
DQN,789,473,42570,231607.50,0.0100,0.240187,0.0140
DQN,789,474,42660,229490.00,0.0100,0.234695,0.0140
DQN,789,475,42750,236525.00,0.0100,0.233036,0.0140
DQN,789,476,42840,229947.50,0.0100,0.236241,0.0140
DQN,789,477,42930,238377.50,0.0100,0.235494,0.0175
DQN,789,478,43020,239205.00,0.0100,0.231529,0.0163
DQN,789,479,43110,236785.00,0.0100,0.238671,0.0171
DQN,789,480,43200,230647.50,0.0100,0.233563,0.0146
DQN,789,481,43290,233310.00,0.0100,0.231761,0.0152
DQN,789,482,43380,237185.00,0.0100,0.236362,0.0141
DQN,789,483,43470,250380.00,0.0100,0.221720,0.0147
DQN,789,484,43560,244860.00,0.0100,0.238489,0.0185
DQN,789,485,43650,252150.00,0.0100,0.216435,0.0171
DQN,789,486,43740,241827.50,0.0100,0.218872,0.0139
DQN,789,487,43830,250465.00,0.0100,0.236899,0.0142
DQN,789,488,43920,244380.00,0.0100,0.233543,0.0137
DQN,789,489,44010,244795.00,0.0100,0.225071,0.0139
DQN,789,490,44100,243310.00,0.0100,0.231473,0.0139
DQN,789,491,44190,227537.50,0.0100,0.228794,0.0139
DQN,789,492,44280,229630.00,0.0100,0.230862,0.0143
DQN,789,493,44370,244005.00,0.0100,0.222684,0.0140
DQN,789,494,44460,236837.50,0.0100,0.223985,0.0159
DQN,789,495,44550,250320.00,0.0100,0.217209,0.0136
DQN,789,496,44640,233320.00,0.0100,0.211241,0.0142
DQN,789,497,44730,244787.50,0.0100,0.216485,0.0136
DQN,789,498,44820,238007.50,0.0100,0.218012,0.0136
DQN,789,499,44910,238972.50,0.0100,0.219437,0.0137
DQN,789,500,45000,239187.50,0.0100,0.207618,0.0136
DQN,1024,1,90,155812.50,0.9975,0.000000,0.0010
DQN,1024,2,180,140187.50,0.9950,0.000000,0.0009
DQN,1024,3,270,79055.00,0.9926,0.000000,0.0007
DQN,1024,4,360,140897.50,0.9901,0.000000,0.0007
DQN,1024,5,450,128312.50,0.9876,0.000000,0.0004
DQN,1024,6,540,142992.50,0.9851,3.807375,0.0064
DQN,1024,7,630,175075.00,0.9827,2.668700,0.0127
DQN,1024,8,720,123135.00,0.9802,1.793640,0.0127
DQN,1024,9,810,145350.00,0.9777,1.759215,0.0126
DQN,1024,10,900,112547.50,0.9752,1.689836,0.0145
DQN,1024,11,990,130642.50,0.9728,1.715463,0.0161
DQN,1024,12,1080,130100.00,0.9703,2.979318,0.0130
DQN,1024,13,1170,104345.00,0.9678,1.918251,0.0132
DQN,1024,14,1260,176862.50,0.9654,1.844318,0.0146
DQN,1024,15,1350,120832.50,0.9629,1.807437,0.0144
DQN,1024,16,1440,54112.50,0.9604,1.773681,0.0133
DQN,1024,17,1530,143060.00,0.9579,2.185948,0.0130
DQN,1024,18,1620,113185.00,0.9555,1.766016,0.0156
DQN,1024,19,1710,118277.50,0.9530,1.694773,0.0130
DQN,1024,20,1800,114362.50,0.9505,1.666672,0.0131
DQN,1024,21,1890,161242.50,0.9480,1.631726,0.0139
DQN,1024,22,1980,-6637.50,0.9456,1.614665,0.0130
DQN,1024,23,2070,161672.50,0.9431,2.075400,0.0156
DQN,1024,24,2160,209345.00,0.9406,1.549993,0.0146
DQN,1024,25,2250,192702.50,0.9381,1.483365,0.0132
DQN,1024,26,2340,160970.00,0.9356,1.408633,0.0130
DQN,1024,27,2430,164712.50,0.9332,1.357447,0.0129
DQN,1024,28,2520,161082.50,0.9307,1.679636,0.0176
DQN,1024,29,2610,132602.50,0.9282,1.393323,0.0179
DQN,1024,30,2700,156055.00,0.9257,1.237436,0.0174
DQN,1024,31,2790,136070.00,0.9233,1.180764,0.0154
DQN,1024,32,2880,47695.00,0.9208,1.174947,0.0154
DQN,1024,33,2970,179407.50,0.9183,1.144852,0.0131
DQN,1024,34,3060,142827.50,0.9159,1.370187,0.0137
DQN,1024,35,3150,176762.50,0.9134,1.048324,0.0132
DQN,1024,36,3240,135070.00,0.9109,1.033798,0.0135
DQN,1024,37,3330,117255.00,0.9084,0.947196,0.0130
DQN,1024,38,3420,185865.00,0.9060,0.970982,0.0137
DQN,1024,39,3510,59917.50,0.9035,1.080804,0.0131
DQN,1024,40,3600,142257.50,0.9010,1.083270,0.0134
DQN,1024,41,3690,112102.50,0.8985,0.978431,0.0133
DQN,1024,42,3780,155420.00,0.8961,0.938566,0.0132
DQN,1024,43,3870,86777.50,0.8936,0.956775,0.0133
DQN,1024,44,3960,148535.00,0.8911,0.900895,0.0133
DQN,1024,45,4050,200132.50,0.8886,1.150268,0.0170
DQN,1024,46,4140,113880.00,0.8861,0.989180,0.0131
DQN,1024,47,4230,159347.50,0.8837,0.947514,0.0135
DQN,1024,48,4320,150497.50,0.8812,0.928013,0.0134
DQN,1024,49,4410,186367.50,0.8787,0.906120,0.0133
DQN,1024,50,4500,151485.00,0.8762,0.917003,0.0134
DQN,1024,51,4590,166260.00,0.8738,1.072429,0.0200
DQN,1024,52,4680,142277.50,0.8713,0.950600,0.0178
DQN,1024,53,4770,150612.50,0.8688,0.912735,0.0133
DQN,1024,54,4860,177247.50,0.8663,0.879423,0.0132
DQN,1024,55,4950,176602.50,0.8639,0.874723,0.0169
DQN,1024,56,5040,175192.50,0.8614,0.947113,0.0133
DQN,1024,57,5130,189825.00,0.8589,0.868520,0.0218
DQN,1024,58,5220,186560.00,0.8565,0.834166,0.0139
DQN,1024,59,5310,164765.00,0.8540,0.800106,0.0130
DQN,1024,60,5400,149192.50,0.8515,0.779537,0.0132
DQN,1024,61,5490,232080.00,0.8490,0.785067,0.0132
DQN,1024,62,5580,130082.50,0.8466,0.795918,0.0133
DQN,1024,63,5670,161442.50,0.8441,0.757041,0.0133
DQN,1024,64,5760,60895.00,0.8416,0.763102,0.0134
DQN,1024,65,5850,192002.50,0.8391,0.738088,0.0133
DQN,1024,66,5940,207987.50,0.8367,0.711746,0.0134
DQN,1024,67,6030,169907.50,0.8342,0.785277,0.0133
DQN,1024,68,6120,156757.50,0.8317,0.769858,0.0134
DQN,1024,69,6210,191525.00,0.8292,0.752918,0.0136
DQN,1024,70,6300,198432.50,0.8267,0.748031,0.0135
DQN,1024,71,6390,155102.50,0.8243,0.704064,0.0134
DQN,1024,72,6480,134070.00,0.8218,0.722175,0.0134
DQN,1024,73,6570,128712.50,0.8193,0.730678,0.0135
DQN,1024,74,6660,186805.00,0.8168,0.700206,0.0135
DQN,1024,75,6750,189820.00,0.8144,0.738129,0.0134
DQN,1024,76,6840,180400.00,0.8119,0.702801,0.0134
DQN,1024,77,6930,106995.00,0.8094,0.713716,0.0135
DQN,1024,78,7020,114975.00,0.8070,0.716958,0.0134
DQN,1024,79,7110,160865.00,0.8045,0.708996,0.0176
DQN,1024,80,7200,148360.00,0.8020,0.710844,0.0180
DQN,1024,81,7290,146535.00,0.7995,0.702632,0.0132
DQN,1024,82,7380,192820.00,0.7971,0.699856,0.0227
DQN,1024,83,7470,196322.50,0.7946,0.701383,0.0172
DQN,1024,84,7560,163612.50,0.7921,0.689620,0.0149
DQN,1024,85,7650,191505.00,0.7896,0.667709,0.0136
DQN,1024,86,7740,172537.50,0.7872,0.673034,0.0205
DQN,1024,87,7830,172455.00,0.7847,0.659985,0.0167
DQN,1024,88,7920,151125.00,0.7822,0.661785,0.0138
DQN,1024,89,8010,192002.50,0.7797,0.650201,0.0153
DQN,1024,90,8100,215845.00,0.7772,0.632562,0.0137
DQN,1024,91,8190,178157.50,0.7748,0.636197,0.0133
DQN,1024,92,8280,187365.00,0.7723,0.643670,0.0131
DQN,1024,93,8370,170582.50,0.7698,0.631010,0.0132
DQN,1024,94,8460,194205.00,0.7673,0.624864,0.0130
DQN,1024,95,8550,187135.00,0.7649,0.627229,0.0130
DQN,1024,96,8640,196977.50,0.7624,0.634472,0.0131
DQN,1024,97,8730,164965.00,0.7599,0.607779,0.0131
DQN,1024,98,8820,165357.50,0.7574,0.597089,0.0130
DQN,1024,99,8910,163197.50,0.7550,0.606112,0.0130
DQN,1024,100,9000,146365.00,0.7525,0.614487,0.0131
DQN,1024,101,9090,231717.50,0.7500,0.617497,0.0160
DQN,1024,102,9180,180622.50,0.7475,0.613365,0.0158
DQN,1024,103,9270,200757.50,0.7451,0.615647,0.0170
DQN,1024,104,9360,192422.50,0.7426,0.617015,0.0154
DQN,1024,105,9450,211467.50,0.7401,0.630138,0.0195
DQN,1024,106,9540,219960.00,0.7376,0.610748,0.0163
DQN,1024,107,9630,168490.00,0.7352,0.600785,0.0143
DQN,1024,108,9720,178320.00,0.7327,0.595854,0.0145
DQN,1024,109,9810,197530.00,0.7302,0.588169,0.0173
DQN,1024,110,9900,126720.00,0.7278,0.598521,0.0142
DQN,1024,111,9990,236277.50,0.7253,0.594159,0.0136
DQN,1024,112,10080,213715.00,0.7228,0.602404,0.0134
DQN,1024,113,10170,152755.00,0.7203,0.580459,0.0132
DQN,1024,114,10260,208240.00,0.7179,0.568313,0.0132
DQN,1024,115,10350,128650.00,0.7154,0.563003,0.0177
DQN,1024,116,10440,183612.50,0.7129,0.558224,0.0132
DQN,1024,117,10530,149080.00,0.7104,0.592964,0.0132
DQN,1024,118,10620,172677.50,0.7080,0.599783,0.0131
DQN,1024,119,10710,209050.00,0.7055,0.587944,0.0131
DQN,1024,120,10800,211667.50,0.7030,0.578088,0.0141
DQN,1024,121,10890,221850.00,0.7005,0.572843,0.0200
DQN,1024,122,10980,188235.00,0.6981,0.585272,0.0179
DQN,1024,123,11070,189197.50,0.6956,0.575769,0.0153
DQN,1024,124,11160,194165.00,0.6931,0.572713,0.0154
DQN,1024,125,11250,212675.00,0.6906,0.572897,0.0133
DQN,1024,126,11340,168310.00,0.6882,0.572068,0.0131
DQN,1024,127,11430,152290.00,0.6857,0.586166,0.0138
DQN,1024,128,11520,217930.00,0.6832,0.592293,0.0162
DQN,1024,129,11610,190970.00,0.6807,0.609676,0.0135
DQN,1024,130,11700,200200.00,0.6783,0.593063,0.0159
DQN,1024,131,11790,185292.50,0.6758,0.590696,0.0133
DQN,1024,132,11880,222482.50,0.6733,0.565747,0.0131
DQN,1024,133,11970,219962.50,0.6708,0.573644,0.0154
DQN,1024,134,12060,207255.00,0.6683,0.586484,0.0156
DQN,1024,135,12150,152580.00,0.6659,0.589468,0.0136
DQN,1024,136,12240,207370.00,0.6634,0.561602,0.0133
DQN,1024,137,12330,177972.50,0.6609,0.617475,0.0133
DQN,1024,138,12420,213090.00,0.6584,0.578101,0.0183
DQN,1024,139,12510,229062.50,0.6560,0.585163,0.0166
DQN,1024,140,12600,179737.50,0.6535,0.572069,0.0133
DQN,1024,141,12690,212392.50,0.6510,0.582979,0.0156
DQN,1024,142,12780,217542.50,0.6485,0.545169,0.0174
DQN,1024,143,12870,200210.00,0.6461,0.565886,0.0135
DQN,1024,144,12960,221687.50,0.6436,0.554336,0.0159
DQN,1024,145,13050,223392.50,0.6411,0.552694,0.0172
DQN,1024,146,13140,225585.00,0.6386,0.555055,0.0195
DQN,1024,147,13230,183922.50,0.6362,0.557231,0.0179
DQN,1024,148,13320,202970.00,0.6337,0.563141,0.0143
DQN,1024,149,13410,220600.00,0.6312,0.548419,0.0148
DQN,1024,150,13500,211115.00,0.6288,0.539352,0.0138
DQN,1024,151,13590,212557.50,0.6263,0.549761,0.0153
DQN,1024,152,13680,206370.00,0.6238,0.532891,0.0162
DQN,1024,153,13770,140175.00,0.6213,0.538415,0.0139
DQN,1024,154,13860,172790.00,0.6189,0.523799,0.0134
DQN,1024,155,13950,234440.00,0.6164,0.544502,0.0132
DQN,1024,156,14040,213662.50,0.6139,0.528231,0.0133
DQN,1024,157,14130,236195.00,0.6114,0.521721,0.0133
DQN,1024,158,14220,186442.50,0.6089,0.528129,0.0132
DQN,1024,159,14310,239040.00,0.6065,0.532923,0.0132
DQN,1024,160,14400,177125.00,0.6040,0.531118,0.0132
DQN,1024,161,14490,214122.50,0.6015,0.533423,0.0132
DQN,1024,162,14580,198710.00,0.5990,0.546512,0.0132
DQN,1024,163,14670,210702.50,0.5966,0.514857,0.0132
DQN,1024,164,14760,238492.50,0.5941,0.508644,0.0132
DQN,1024,165,14850,185757.50,0.5916,0.531776,0.0132
DQN,1024,166,14940,234455.00,0.5892,0.525556,0.0132
DQN,1024,167,15030,231165.00,0.5867,0.521831,0.0132
DQN,1024,168,15120,246122.50,0.5842,0.532196,0.0132
DQN,1024,169,15210,248487.50,0.5817,0.498286,0.0133
DQN,1024,170,15300,220130.00,0.5793,0.520188,0.0132
DQN,1024,171,15390,213280.00,0.5768,0.497827,0.0321
DQN,1024,172,15480,217615.00,0.5743,0.512964,0.0340
DQN,1024,173,15570,216115.00,0.5718,0.511194,0.0254
DQN,1024,174,15660,213870.00,0.5694,0.507394,0.0224
DQN,1024,175,15750,206277.50,0.5669,0.505333,0.0221
DQN,1024,176,15840,220385.00,0.5644,0.506280,0.0275
DQN,1024,177,15930,251387.50,0.5619,0.510882,0.0386
DQN,1024,178,16020,181332.50,0.5595,0.513337,0.0198
DQN,1024,179,16110,218445.00,0.5570,0.525724,0.0148
DQN,1024,180,16200,197040.00,0.5545,0.543992,0.0163
DQN,1024,181,16290,195587.50,0.5520,0.524433,0.0161
DQN,1024,182,16380,207305.00,0.5495,0.532854,0.0232
DQN,1024,183,16470,211975.00,0.5471,0.532747,0.0205
DQN,1024,184,16560,211815.00,0.5446,0.526165,0.0204
DQN,1024,185,16650,230245.00,0.5421,0.494308,0.0173
DQN,1024,186,16740,223635.00,0.5396,0.516892,0.0175
DQN,1024,187,16830,201950.00,0.5372,0.520688,0.0178
DQN,1024,188,16920,227395.00,0.5347,0.507628,0.0176
DQN,1024,189,17010,191077.50,0.5322,0.510515,0.0163
DQN,1024,190,17100,241297.50,0.5297,0.523216,0.0143
DQN,1024,191,17190,221270.00,0.5273,0.505228,0.0154
DQN,1024,192,17280,243570.00,0.5248,0.499085,0.0234
DQN,1024,193,17370,245202.50,0.5223,0.492906,0.0254
DQN,1024,194,17460,202952.50,0.5199,0.507414,0.0201
DQN,1024,195,17550,225620.00,0.5174,0.497496,0.0178
DQN,1024,196,17640,195305.00,0.5149,0.515305,0.0188
DQN,1024,197,17730,210162.50,0.5124,0.509793,0.0173
DQN,1024,198,17820,225327.50,0.5100,0.498419,0.0170
DQN,1024,199,17910,214215.00,0.5075,0.486925,0.0167
DQN,1024,200,18000,214967.50,0.5050,0.493365,0.0157
DQN,1024,201,18090,245897.50,0.5025,0.495297,0.0218
DQN,1024,202,18180,217990.00,0.5000,0.502671,0.0158
DQN,1024,203,18270,237920.00,0.4976,0.480220,0.0143
DQN,1024,204,18360,210055.00,0.4951,0.489318,0.0182
DQN,1024,205,18450,240517.50,0.4926,0.476888,0.0167
DQN,1024,206,18540,217342.50,0.4901,0.476090,0.0151
DQN,1024,207,18630,226215.00,0.4877,0.475013,0.0170
DQN,1024,208,18720,220972.50,0.4852,0.486613,0.0192
DQN,1024,209,18810,221607.50,0.4827,0.458507,0.0161
DQN,1024,210,18900,244137.50,0.4802,0.469432,0.0139
DQN,1024,211,18990,224065.00,0.4778,0.447059,0.0163
DQN,1024,212,19080,228265.00,0.4753,0.487411,0.0151
DQN,1024,213,19170,218585.00,0.4728,0.478990,0.0151
DQN,1024,214,19260,221085.00,0.4703,0.467233,0.0137
DQN,1024,215,19350,210905.00,0.4679,0.476000,0.0157
DQN,1024,216,19440,233245.00,0.4654,0.459431,0.0135
DQN,1024,217,19530,228170.00,0.4629,0.470140,0.0158
DQN,1024,218,19620,222902.50,0.4604,0.477678,0.0149
DQN,1024,219,19710,235352.50,0.4580,0.485770,0.0140
DQN,1024,220,19800,234855.00,0.4555,0.456994,0.0162
DQN,1024,221,19890,208087.50,0.4530,0.468191,0.0158
DQN,1024,222,19980,226400.00,0.4506,0.457427,0.0152
DQN,1024,223,20070,218905.00,0.4481,0.486100,0.0154
DQN,1024,224,20160,230620.00,0.4456,0.474081,0.0180
DQN,1024,225,20250,235150.00,0.4431,0.483993,0.0155
DQN,1024,226,20340,236502.50,0.4407,0.508567,0.0148
DQN,1024,227,20430,220450.00,0.4382,0.461634,0.0149
DQN,1024,228,20520,234260.00,0.4357,0.458404,0.0136
DQN,1024,229,20610,245257.50,0.4332,0.473679,0.0150
DQN,1024,230,20700,229922.50,0.4308,0.468689,0.0171
DQN,1024,231,20790,222582.50,0.4283,0.472243,0.0139
DQN,1024,232,20880,231682.50,0.4258,0.452972,0.0155
DQN,1024,233,20970,231480.00,0.4233,0.471921,0.0146
DQN,1024,234,21060,245195.00,0.4209,0.466842,0.0160
DQN,1024,235,21150,249515.00,0.4184,0.479855,0.0150
DQN,1024,236,21240,225292.50,0.4159,0.479967,0.0152
DQN,1024,237,21330,243027.50,0.4134,0.466298,0.0136
DQN,1024,238,21420,239020.00,0.4110,0.459771,0.0159
DQN,1024,239,21510,201615.00,0.4085,0.450225,0.0136
DQN,1024,240,21600,225777.50,0.4060,0.465368,0.0167
DQN,1024,241,21690,212357.50,0.4035,0.443818,0.0163
DQN,1024,242,21780,230322.50,0.4011,0.432812,0.0139
DQN,1024,243,21870,225200.00,0.3986,0.446011,0.0154
DQN,1024,244,21960,230940.00,0.3961,0.446849,0.0144
DQN,1024,245,22050,217227.50,0.3936,0.445078,0.0142
DQN,1024,246,22140,238970.00,0.3911,0.441121,0.0154
DQN,1024,247,22230,212382.50,0.3887,0.445876,0.0139
DQN,1024,248,22320,215167.50,0.3862,0.440534,0.0174
DQN,1024,249,22410,218437.50,0.3837,0.438016,0.0146
DQN,1024,250,22500,243237.50,0.3812,0.446033,0.0139
DQN,1024,251,22590,235967.50,0.3788,0.422005,0.0188
DQN,1024,252,22680,229280.00,0.3763,0.425929,0.0143
DQN,1024,253,22770,242937.50,0.3738,0.440189,0.0158
DQN,1024,254,22860,225717.50,0.3713,0.441162,0.0158
DQN,1024,255,22950,230707.50,0.3689,0.429411,0.0136
DQN,1024,256,23040,237570.00,0.3664,0.421598,0.0163
DQN,1024,257,23130,243257.50,0.3639,0.433829,0.0167
DQN,1024,258,23220,230680.00,0.3614,0.409884,0.0137
DQN,1024,259,23310,252632.50,0.3590,0.421372,0.0151
DQN,1024,260,23400,235532.50,0.3565,0.421615,0.0145
DQN,1024,261,23490,204145.00,0.3540,0.419321,0.0165
DQN,1024,262,23580,226432.50,0.3516,0.410808,0.0137
DQN,1024,263,23670,230697.50,0.3491,0.407220,0.0134
DQN,1024,264,23760,240020.00,0.3466,0.404453,0.0135
DQN,1024,265,23850,237777.50,0.3441,0.411423,0.0146
DQN,1024,266,23940,232302.50,0.3417,0.420736,0.0152
DQN,1024,267,24030,240495.00,0.3392,0.420848,0.0169
DQN,1024,268,24120,232255.00,0.3367,0.401124,0.0149
DQN,1024,269,24210,214690.00,0.3342,0.395882,0.0148
DQN,1024,270,24300,222215.00,0.3317,0.404727,0.0137
DQN,1024,271,24390,250437.50,0.3293,0.387237,0.0145
DQN,1024,272,24480,232505.00,0.3268,0.388550,0.0172
DQN,1024,273,24570,231180.00,0.3243,0.408405,0.0139
DQN,1024,274,24660,236925.00,0.3218,0.399437,0.0188
DQN,1024,275,24750,249730.00,0.3194,0.399427,0.0155
DQN,1024,276,24840,226227.50,0.3169,0.402113,0.0134
DQN,1024,277,24930,221857.50,0.3144,0.390549,0.0152
DQN,1024,278,25020,232770.00,0.3120,0.406412,0.0144
DQN,1024,279,25110,220415.00,0.3095,0.414095,0.0148
DQN,1024,280,25200,230887.50,0.3070,0.373968,0.0144
DQN,1024,281,25290,229547.50,0.3045,0.397409,0.0142
DQN,1024,282,25380,229525.00,0.3021,0.386288,0.0133
DQN,1024,283,25470,231312.50,0.2996,0.392245,0.0150
DQN,1024,284,25560,237372.50,0.2971,0.391110,0.0153
DQN,1024,285,25650,223380.00,0.2946,0.402000,0.0141
DQN,1024,286,25740,254477.50,0.2922,0.380999,0.0135
DQN,1024,287,25830,241995.00,0.2897,0.388643,0.0133
DQN,1024,288,25920,239612.50,0.2872,0.382510,0.0183
DQN,1024,289,26010,236402.50,0.2847,0.385349,0.0159
DQN,1024,290,26100,227517.50,0.2823,0.388785,0.0141
DQN,1024,291,26190,225262.50,0.2798,0.382532,0.0173
DQN,1024,292,26280,233155.00,0.2773,0.382957,0.0174
DQN,1024,293,26370,234332.50,0.2748,0.358725,0.0159
DQN,1024,294,26460,229425.00,0.2723,0.389954,0.0148
DQN,1024,295,26550,231882.50,0.2699,0.384095,0.0140
DQN,1024,296,26640,228482.50,0.2674,0.386723,0.0157
DQN,1024,297,26730,236072.50,0.2649,0.385350,0.0176
DQN,1024,298,26820,244947.50,0.2624,0.380836,0.0164
DQN,1024,299,26910,217047.50,0.2600,0.371011,0.0157
DQN,1024,300,27000,237787.50,0.2575,0.371437,0.0150
DQN,1024,301,27090,226225.00,0.2550,0.366407,0.0158
DQN,1024,302,27180,231612.50,0.2526,0.349800,0.0154
DQN,1024,303,27270,229995.00,0.2501,0.364109,0.0147
DQN,1024,304,27360,229532.50,0.2476,0.351899,0.0170
DQN,1024,305,27450,236520.00,0.2451,0.364399,0.0142
DQN,1024,306,27540,237955.00,0.2427,0.371642,0.0158
DQN,1024,307,27630,229027.50,0.2402,0.368734,0.0165
DQN,1024,308,27720,226117.50,0.2377,0.360221,0.0158
DQN,1024,309,27810,229845.00,0.2352,0.383448,0.0150
DQN,1024,310,27900,242547.50,0.2328,0.354853,0.0143
DQN,1024,311,27990,229192.50,0.2303,0.373278,0.0159
DQN,1024,312,28080,228982.50,0.2278,0.338761,0.0147
DQN,1024,313,28170,228657.50,0.2253,0.341688,0.0140
DQN,1024,314,28260,242487.50,0.2228,0.346326,0.0155
DQN,1024,315,28350,231175.00,0.2204,0.370147,0.0162
DQN,1024,316,28440,248512.50,0.2179,0.332224,0.0156
DQN,1024,317,28530,226455.00,0.2154,0.338622,0.0149
DQN,1024,318,28620,239170.00,0.2129,0.332118,0.0150
DQN,1024,319,28710,228202.50,0.2105,0.336243,0.0150
DQN,1024,320,28800,225600.00,0.2080,0.324203,0.0136
DQN,1024,321,28890,228235.00,0.2055,0.323609,0.0158
DQN,1024,322,28980,222680.00,0.2030,0.326479,0.0144
DQN,1024,323,29070,230240.00,0.2006,0.308366,0.0141
DQN,1024,324,29160,218112.50,0.1981,0.311395,0.0202
DQN,1024,325,29250,243925.00,0.1956,0.296676,0.0162
DQN,1024,326,29340,244962.50,0.1932,0.326938,0.0153
DQN,1024,327,29430,225312.50,0.1907,0.312313,0.0148
DQN,1024,328,29520,229122.50,0.1882,0.306534,0.0135
DQN,1024,329,29610,241277.50,0.1857,0.302534,0.0158
DQN,1024,330,29700,239842.50,0.1833,0.311653,0.0160
DQN,1024,331,29790,233260.00,0.1808,0.299831,0.0152
DQN,1024,332,29880,253115.00,0.1783,0.294183,0.0137
DQN,1024,333,29970,231750.00,0.1758,0.298812,0.0156
DQN,1024,334,30060,249115.00,0.1734,0.301640,0.0136
DQN,1024,335,30150,229115.00,0.1709,0.298786,0.0156
DQN,1024,336,30240,237097.50,0.1684,0.303770,0.0160
DQN,1024,337,30330,240572.50,0.1659,0.311616,0.0148
DQN,1024,338,30420,241372.50,0.1634,0.303105,0.0140
DQN,1024,339,30510,232785.00,0.1610,0.296034,0.0150
DQN,1024,340,30600,227525.00,0.1585,0.284486,0.0147
DQN,1024,341,30690,234337.50,0.1560,0.287316,0.0139
DQN,1024,342,30780,243320.00,0.1536,0.281031,0.0149
DQN,1024,343,30870,239065.00,0.1511,0.276067,0.0169
DQN,1024,344,30960,245920.00,0.1486,0.294427,0.0155
DQN,1024,345,31050,235330.00,0.1461,0.298707,0.0156
DQN,1024,346,31140,244805.00,0.1437,0.287485,0.0158
DQN,1024,347,31230,239910.00,0.1412,0.296747,0.0139
DQN,1024,348,31320,229945.00,0.1387,0.283733,0.0156
DQN,1024,349,31410,235012.50,0.1362,0.303875,0.0152
DQN,1024,350,31500,237157.50,0.1338,0.296277,0.0138
DQN,1024,351,31590,240985.00,0.1313,0.298549,0.0152
DQN,1024,352,31680,232565.00,0.1288,0.291470,0.0147
DQN,1024,353,31770,224010.00,0.1263,0.310104,0.0157
DQN,1024,354,31860,240480.00,0.1239,0.305963,0.0151
DQN,1024,355,31950,245912.50,0.1214,0.294092,0.0168
DQN,1024,356,32040,243895.00,0.1189,0.294716,0.0170
DQN,1024,357,32130,216042.50,0.1164,0.295903,0.0150
DQN,1024,358,32220,232047.50,0.1139,0.285897,0.0146
DQN,1024,359,32310,230207.50,0.1115,0.287854,0.0148
DQN,1024,360,32400,234632.50,0.1090,0.296348,0.0137
DQN,1024,361,32490,220587.50,0.1065,0.282052,0.0151
DQN,1024,362,32580,238997.50,0.1040,0.271949,0.0144
DQN,1024,363,32670,231420.00,0.1016,0.265061,0.0137
DQN,1024,364,32760,237865.00,0.0991,0.268703,0.0163
DQN,1024,365,32850,243602.50,0.0966,0.262135,0.0138
DQN,1024,366,32940,250870.00,0.0941,0.265859,0.0149
DQN,1024,367,33030,230347.50,0.0917,0.265383,0.0144
DQN,1024,368,33120,250380.00,0.0892,0.260683,0.0138
DQN,1024,369,33210,232635.00,0.0867,0.264754,0.0150
DQN,1024,370,33300,248925.00,0.0842,0.268454,0.0137
DQN,1024,371,33390,236140.00,0.0818,0.259067,0.0156
DQN,1024,372,33480,248300.00,0.0793,0.267362,0.0157
DQN,1024,373,33570,240967.50,0.0768,0.294653,0.0139
DQN,1024,374,33660,238942.50,0.0743,0.292005,0.0156
DQN,1024,375,33750,227345.00,0.0719,0.279392,0.0148
DQN,1024,376,33840,223490.00,0.0694,0.271511,0.0170
DQN,1024,377,33930,228542.50,0.0669,0.273342,0.0150
DQN,1024,378,34020,225795.00,0.0645,0.272922,0.0137
DQN,1024,379,34110,229627.50,0.0620,0.276732,0.0148
DQN,1024,380,34200,230445.00,0.0595,0.268674,0.0135
DQN,1024,381,34290,224502.50,0.0570,0.269985,0.0150
DQN,1024,382,34380,240582.50,0.0546,0.265427,0.0166
DQN,1024,383,34470,241602.50,0.0521,0.284254,0.0140
DQN,1024,384,34560,221492.50,0.0496,0.260542,0.0150
DQN,1024,385,34650,228520.00,0.0471,0.247243,0.0163
DQN,1024,386,34740,238620.00,0.0447,0.254953,0.0140
DQN,1024,387,34830,228090.00,0.0422,0.251738,0.0152
DQN,1024,388,34920,233212.50,0.0397,0.263526,0.0159
DQN,1024,389,35010,246297.50,0.0372,0.268394,0.0138
DQN,1024,390,35100,241587.50,0.0348,0.248283,0.0162
DQN,1024,391,35190,236132.50,0.0323,0.252063,0.0165
DQN,1024,392,35280,247320.00,0.0298,0.265969,0.0149
DQN,1024,393,35370,230375.00,0.0273,0.262986,0.0146
DQN,1024,394,35460,228242.50,0.0249,0.256984,0.0149
DQN,1024,395,35550,238232.50,0.0224,0.249298,0.0140
DQN,1024,396,35640,250375.00,0.0199,0.261549,0.0159
DQN,1024,397,35730,250807.50,0.0174,0.246137,0.0149
DQN,1024,398,35820,240545.00,0.0150,0.246253,0.0147
DQN,1024,399,35910,242172.50,0.0125,0.243761,0.0160
DQN,1024,400,36000,240112.50,0.0100,0.249085,0.0167
DQN,1024,401,36090,239692.50,0.0100,0.251807,0.0178
DQN,1024,402,36180,244342.50,0.0100,0.255952,0.0166
DQN,1024,403,36270,239745.00,0.0100,0.250874,0.0163
DQN,1024,404,36360,248725.00,0.0100,0.253505,0.0178
DQN,1024,405,36450,240180.00,0.0100,0.249969,0.0153
DQN,1024,406,36540,229802.50,0.0100,0.238590,0.0163
DQN,1024,407,36630,245017.50,0.0100,0.236990,0.0136
DQN,1024,408,36720,250575.00,0.0100,0.243813,0.0162
DQN,1024,409,36810,233410.00,0.0100,0.235012,0.0159
DQN,1024,410,36900,240130.00,0.0100,0.240541,0.0147
DQN,1024,411,36990,244345.00,0.0100,0.237252,0.0159
DQN,1024,412,37080,228540.00,0.0100,0.246635,0.0175
DQN,1024,413,37170,247520.00,0.0100,0.258246,0.0148
DQN,1024,414,37260,237250.00,0.0100,0.247169,0.0148
DQN,1024,415,37350,227890.00,0.0100,0.238093,0.0161
DQN,1024,416,37440,233852.50,0.0100,0.251794,0.0146
DQN,1024,417,37530,235005.00,0.0100,0.244054,0.0139
DQN,1024,418,37620,235982.50,0.0100,0.244330,0.0150
DQN,1024,419,37710,228905.00,0.0100,0.241567,0.0155
DQN,1024,420,37800,223147.50,0.0100,0.235644,0.0144
DQN,1024,421,37890,225097.50,0.0100,0.231111,0.0178
DQN,1024,422,37980,230270.00,0.0100,0.224054,0.0148
DQN,1024,423,38070,229670.00,0.0100,0.225756,0.0151
DQN,1024,424,38160,234125.00,0.0100,0.234207,0.0162
DQN,1024,425,38250,237100.00,0.0100,0.222809,0.0148
DQN,1024,426,38340,241382.50,0.0100,0.221671,0.0151
DQN,1024,427,38430,232140.00,0.0100,0.238394,0.0148
DQN,1024,428,38520,236720.00,0.0100,0.229593,0.0148
DQN,1024,429,38610,225917.50,0.0100,0.230581,0.0137
DQN,1024,430,38700,248972.50,0.0100,0.246623,0.0168
DQN,1024,431,38790,231142.50,0.0100,0.239596,0.0149
DQN,1024,432,38880,251470.00,0.0100,0.229896,0.0147
DQN,1024,433,38970,231897.50,0.0100,0.240005,0.0159
DQN,1024,434,39060,241462.50,0.0100,0.233998,0.0146
DQN,1024,435,39150,232397.50,0.0100,0.215055,0.0137
DQN,1024,436,39240,239735.00,0.0100,0.224355,0.0160
DQN,1024,437,39330,230467.50,0.0100,0.224514,0.0150
DQN,1024,438,39420,241147.50,0.0100,0.220877,0.0149
DQN,1024,439,39510,238105.00,0.0100,0.225590,0.0139
DQN,1024,440,39600,240047.50,0.0100,0.231921,0.0151
DQN,1024,441,39690,238777.50,0.0100,0.240367,0.0136
DQN,1024,442,39780,251380.00,0.0100,0.232724,0.0149
DQN,1024,443,39870,244535.00,0.0100,0.228362,0.0157
DQN,1024,444,39960,244230.00,0.0100,0.222104,0.0140
DQN,1024,445,40050,239525.00,0.0100,0.232229,0.0155
DQN,1024,446,40140,234095.00,0.0100,0.228961,0.0154
DQN,1024,447,40230,238710.00,0.0100,0.226402,0.0152
DQN,1024,448,40320,242917.50,0.0100,0.233275,0.0157
DQN,1024,449,40410,225517.50,0.0100,0.226510,0.0149
DQN,1024,450,40500,240977.50,0.0100,0.230869,0.0160
DQN,1024,451,40590,246017.50,0.0100,0.231575,0.0180
DQN,1024,452,40680,237375.00,0.0100,0.238583,0.0150
DQN,1024,453,40770,245987.50,0.0100,0.237776,0.0152
DQN,1024,454,40860,239915.00,0.0100,0.233920,0.0146
DQN,1024,455,40950,238395.00,0.0100,0.229463,0.0148
DQN,1024,456,41040,236750.00,0.0100,0.222981,0.0160
DQN,1024,457,41130,238922.50,0.0100,0.222292,0.0137
DQN,1024,458,41220,244725.00,0.0100,0.229898,0.0155
DQN,1024,459,41310,250090.00,0.0100,0.228700,0.0148
DQN,1024,460,41400,243447.50,0.0100,0.223192,0.0147
DQN,1024,461,41490,242910.00,0.0100,0.219758,0.0142
DQN,1024,462,41580,237350.00,0.0100,0.225282,0.0159
DQN,1024,463,41670,228480.00,0.0100,0.227549,0.0150
DQN,1024,464,41760,240657.50,0.0100,0.225267,0.0164
DQN,1024,465,41850,231727.50,0.0100,0.222729,0.0152
DQN,1024,466,41940,222530.00,0.0100,0.216023,0.0147
DQN,1024,467,42030,225900.00,0.0100,0.209350,0.0174
DQN,1024,468,42120,237527.50,0.0100,0.212260,0.0143
DQN,1024,469,42210,236370.00,0.0100,0.199691,0.0153
DQN,1024,470,42300,235882.50,0.0100,0.207283,0.0142
DQN,1024,471,42390,236752.50,0.0100,0.200289,0.0152
DQN,1024,472,42480,241152.50,0.0100,0.203564,0.0173
DQN,1024,473,42570,244352.50,0.0100,0.210280,0.0147
DQN,1024,474,42660,236142.50,0.0100,0.204381,0.0151
DQN,1024,475,42750,238580.00,0.0100,0.208346,0.0157
DQN,1024,476,42840,244975.00,0.0100,0.200862,0.0145
DQN,1024,477,42930,234742.50,0.0100,0.201044,0.0143
DQN,1024,478,43020,247855.00,0.0100,0.215115,0.0157
DQN,1024,479,43110,254817.50,0.0100,0.214818,0.0135
DQN,1024,480,43200,229102.50,0.0100,0.215296,0.0168
DQN,1024,481,43290,245757.50,0.0100,0.216016,0.0147
DQN,1024,482,43380,248655.00,0.0100,0.210120,0.0138
DQN,1024,483,43470,239062.50,0.0100,0.207485,0.0155
DQN,1024,484,43560,241170.00,0.0100,0.216580,0.0145
DQN,1024,485,43650,236997.50,0.0100,0.212875,0.0155
DQN,1024,486,43740,238242.50,0.0100,0.203912,0.0150
DQN,1024,487,43830,247317.50,0.0100,0.219183,0.0155
DQN,1024,488,43920,243732.50,0.0100,0.219264,0.0146
DQN,1024,489,44010,235972.50,0.0100,0.215530,0.0157
DQN,1024,490,44100,235870.00,0.0100,0.215233,0.0136
DQN,1024,491,44190,245430.00,0.0100,0.215300,0.0147
DQN,1024,492,44280,235352.50,0.0100,0.219786,0.0175
DQN,1024,493,44370,221455.00,0.0100,0.213148,0.0157
DQN,1024,494,44460,228587.50,0.0100,0.221112,0.0139
DQN,1024,495,44550,232370.00,0.0100,0.215614,0.0151
DQN,1024,496,44640,238465.00,0.0100,0.224213,0.0136
DQN,1024,497,44730,245080.00,0.0100,0.222187,0.0159
DQN,1024,498,44820,233657.50,0.0100,0.206568,0.0166
DQN,1024,499,44910,241015.00,0.0100,0.210984,0.0138
DQN,1024,500,45000,247605.00,0.0100,0.211762,0.0165
