policy,seed,episode,total_steps,reward,epsilon,loss,duration_sec
DQN,42,1,90,-44245.00,0.9975,0.000000,0.0005
DQN,42,2,180,10882.50,0.9950,0.000000,0.0004
DQN,42,3,270,-56667.50,0.9926,0.000000,0.0005
DQN,42,4,360,-36397.50,0.9901,0.000000,0.0004
DQN,42,5,450,-93602.50,0.9876,0.000000,0.0004
DQN,42,6,540,865.00,0.9851,3.155507,0.0072
DQN,42,7,630,-7905.00,0.9827,1.827728,0.0132
DQN,42,8,720,-70267.50,0.9802,1.044534,0.0138
DQN,42,9,810,-136337.50,0.9777,0.996951,0.0134
DQN,42,10,900,-104905.00,0.9752,0.965205,0.0143
DQN,42,11,990,-36427.50,0.9728,0.902468,0.0146
DQN,42,12,1080,-32005.00,0.9703,2.051917,0.0134
DQN,42,13,1170,-49462.50,0.9678,0.852623,0.0127
DQN,42,14,1260,-11147.50,0.9654,0.805925,0.0137
DQN,42,15,1350,-6960.00,0.9629,0.774786,0.0136
DQN,42,16,1440,6485.00,0.9604,0.792811,0.0157
DQN,42,17,1530,-16722.50,0.9579,1.335864,0.0149
DQN,42,18,1620,885.00,0.9555,0.852354,0.0140
DQN,42,19,1710,-6210.00,0.9530,0.820764,0.0140
DQN,42,20,1800,-56725.00,0.9505,0.795278,0.0129
DQN,42,21,1890,-49217.50,0.9480,0.779151,0.0135
DQN,42,22,1980,-39132.50,0.9456,0.748647,0.0147
DQN,42,23,2070,-13547.50,0.9431,1.222954,0.0145
DQN,42,24,2160,51570.00,0.9406,0.812759,0.0147
DQN,42,25,2250,25545.00,0.9381,0.790817,0.0143
DQN,42,26,2340,-30985.00,0.9356,0.779157,0.0139
DQN,42,27,2430,-18362.50,0.9332,0.745823,0.0135
DQN,42,28,2520,28212.50,0.9307,1.083969,0.0148
DQN,42,29,2610,-47262.50,0.9282,0.907969,0.0149
DQN,42,30,2700,-41610.00,0.9257,0.799639,0.0142
DQN,42,31,2790,-67137.50,0.9233,0.785641,0.0145
DQN,42,32,2880,31387.50,0.9208,0.751572,0.0143
DQN,42,33,2970,840.00,0.9183,0.770146,0.0130
DQN,42,34,3060,-18315.00,0.9159,1.096673,0.0128
DQN,42,35,3150,-23902.50,0.9134,0.826696,0.0136
DQN,42,36,3240,-61585.00,0.9109,0.799961,0.0133
DQN,42,37,3330,2047.50,0.9084,0.787744,0.0135
DQN,42,38,3420,-17627.50,0.9060,0.780154,0.0131
DQN,42,39,3510,8442.50,0.9035,1.021299,0.0126
DQN,42,40,3600,16995.00,0.9010,0.918255,0.0149
DQN,42,41,3690,-352.50,0.8985,0.831020,0.0137
DQN,42,42,3780,-17250.00,0.8961,0.813611,0.0148
DQN,42,43,3870,-18502.50,0.8936,0.801650,0.0144
DQN,42,44,3960,-5407.50,0.8911,0.810067,0.0146
DQN,42,45,4050,-40497.50,0.8886,1.043322,0.0123
DQN,42,46,4140,42707.50,0.8861,0.839020,0.0134
DQN,42,47,4230,13877.50,0.8837,0.801419,0.0151
DQN,42,48,4320,37715.00,0.8812,0.822241,0.0140
DQN,42,49,4410,-106672.50,0.8787,0.804263,0.0133
DQN,42,50,4500,30472.50,0.8762,0.824571,0.0130
DQN,42,51,4590,-10540.00,0.8738,0.988242,0.0130
DQN,42,52,4680,76512.50,0.8713,0.827953,0.0150
DQN,42,53,4770,-3225.00,0.8688,0.778975,0.0137
DQN,42,54,4860,-49545.00,0.8663,0.803590,0.0146
DQN,42,55,4950,70110.00,0.8639,0.809817,0.0127
DQN,42,56,5040,18687.50,0.8614,0.905866,0.0143
DQN,42,57,5130,-14785.00,0.8589,0.755031,0.0128
DQN,42,58,5220,-8192.50,0.8565,0.745069,0.0137
DQN,42,59,5310,-17890.00,0.8540,0.764269,0.0148
DQN,42,60,5400,69585.00,0.8515,0.732486,0.0132
DQN,42,61,5490,26167.50,0.8490,0.737039,0.0126
DQN,42,62,5580,31572.50,0.8466,0.823349,0.0126
DQN,42,63,5670,62750.00,0.8441,0.723534,0.0129
DQN,42,64,5760,31422.50,0.8416,0.705808,0.0170
DQN,42,65,5850,34082.50,0.8391,0.736304,0.0136
DQN,42,66,5940,49222.50,0.8367,0.721010,0.0140
DQN,42,67,6030,-40490.00,0.8342,0.737193,0.0140
DQN,42,68,6120,-33965.00,0.8317,0.676675,0.0140
DQN,42,69,6210,22055.00,0.8292,0.673102,0.0126
DQN,42,70,6300,25777.50,0.8267,0.661629,0.0143
DQN,42,71,6390,-61615.00,0.8243,0.684461,0.0139
DQN,42,72,6480,62742.50,0.8218,0.670955,0.0132
DQN,42,73,6570,28670.00,0.8193,0.691006,0.0136
DQN,42,74,6660,-35482.50,0.8168,0.649585,0.0136
DQN,42,75,6750,-39777.50,0.8144,0.647270,0.0132
DQN,42,76,6840,24697.50,0.8119,0.626980,0.0139
DQN,42,77,6930,58585.00,0.8094,0.634151,0.0133
DQN,42,78,7020,17950.00,0.8070,0.648022,0.0128
DQN,42,79,7110,15057.50,0.8045,0.634226,0.0134
DQN,42,80,7200,68022.50,0.8020,0.630124,0.0136
DQN,42,81,7290,28090.00,0.7995,0.642023,0.0138
DQN,42,82,7380,20442.50,0.7971,0.627712,0.0146
DQN,42,83,7470,73802.50,0.7946,0.622533,0.0139
DQN,42,84,7560,42147.50,0.7921,0.609780,0.0151
DQN,42,85,7650,78415.00,0.7896,0.609843,0.0152
DQN,42,86,7740,59492.50,0.7872,0.649089,0.0136
DQN,42,87,7830,74637.50,0.7847,0.618009,0.0132
DQN,42,88,7920,-43917.50,0.7822,0.634928,0.0152
DQN,42,89,8010,83845.00,0.7797,0.604603,0.0168
DQN,42,90,8100,126470.00,0.7772,0.638730,0.0159
DQN,42,91,8190,81602.50,0.7748,0.619097,0.0143
DQN,42,92,8280,100472.50,0.7723,0.620320,0.0152
DQN,42,93,8370,79557.50,0.7698,0.606839,0.0146
DQN,42,94,8460,64740.00,0.7673,0.590241,0.0136
DQN,42,95,8550,85835.00,0.7649,0.621811,0.0130
DQN,42,96,8640,139862.50,0.7624,0.618260,0.0129
DQN,42,97,8730,-24390.00,0.7599,0.604825,0.0144
DQN,42,98,8820,82172.50,0.7574,0.600917,0.0144
DQN,42,99,8910,42695.00,0.7550,0.603539,0.0157
DQN,42,100,9000,35355.00,0.7525,0.610643,0.0168
DQN,42,101,9090,5705.00,0.7500,0.587645,0.0153
DQN,42,102,9180,87447.50,0.7475,0.607616,0.0145
DQN,42,103,9270,88057.50,0.7451,0.601448,0.0145
DQN,42,104,9360,141780.00,0.7426,0.611270,0.0141
DQN,42,105,9450,39687.50,0.7401,0.604314,0.0133
DQN,42,106,9540,42177.50,0.7376,0.606085,0.0144
DQN,42,107,9630,97547.50,0.7352,0.605387,0.0160
DQN,42,108,9720,131902.50,0.7327,0.604040,0.0148
DQN,42,109,9810,27887.50,0.7302,0.605555,0.0147
DQN,42,110,9900,76132.50,0.7278,0.600506,0.0145
DQN,42,111,9990,120132.50,0.7253,0.576331,0.0141
DQN,42,112,10080,33900.00,0.7228,0.612975,0.0138
DQN,42,113,10170,137985.00,0.7203,0.611174,0.0134
DQN,42,114,10260,92985.00,0.7179,0.598946,0.0135
DQN,42,115,10350,82542.50,0.7154,0.615433,0.0146
DQN,42,116,10440,130690.00,0.7129,0.611388,0.0149
DQN,42,117,10530,91537.50,0.7104,0.600411,0.0141
DQN,42,118,10620,64595.00,0.7080,0.603297,0.0136
DQN,42,119,10710,112225.00,0.7055,0.600022,0.0142
DQN,42,120,10800,105190.00,0.7030,0.591789,0.0131
DQN,42,121,10890,51007.50,0.7005,0.602305,0.0151
DQN,42,122,10980,87750.00,0.6981,0.591853,0.0146
DQN,42,123,11070,11127.50,0.6956,0.594188,0.0140
DQN,42,124,11160,88915.00,0.6931,0.575492,0.0153
DQN,42,125,11250,46005.00,0.6906,0.590293,0.0138
DQN,42,126,11340,43267.50,0.6882,0.589888,0.0156
DQN,42,127,11430,130352.50,0.6857,0.606305,0.0149
DQN,42,128,11520,33960.00,0.6832,0.602609,0.0130
DQN,42,129,11610,96445.00,0.6807,0.595383,0.0144
DQN,42,130,11700,121952.50,0.6783,0.610289,0.0142
DQN,42,131,11790,127037.50,0.6758,0.603510,0.0140
DQN,42,132,11880,99230.00,0.6733,0.577031,0.0149
DQN,42,133,11970,124872.50,0.6708,0.589085,0.0148
DQN,42,134,12060,87227.50,0.6683,0.603063,0.0148
DQN,42,135,12150,118832.50,0.6659,0.583291,0.0155
DQN,42,136,12240,119777.50,0.6634,0.579310,0.0133
DQN,42,137,12330,81037.50,0.6609,0.593825,0.0159
DQN,42,138,12420,57542.50,0.6584,0.587107,0.0151
DQN,42,139,12510,108137.50,0.6560,0.575450,0.0157
DQN,42,140,12600,26717.50,0.6535,0.572365,0.0148
DQN,42,141,12690,100450.00,0.6510,0.581121,0.0141
DQN,42,142,12780,104377.50,0.6485,0.576632,0.0133
DQN,42,143,12870,131070.00,0.6461,0.569432,0.0149
DQN,42,144,12960,126265.00,0.6436,0.563564,0.0142
DQN,42,145,13050,160032.50,0.6411,0.568964,0.0148
DQN,42,146,13140,55830.00,0.6386,0.571458,0.0146
DQN,42,147,13230,74890.00,0.6362,0.558653,0.0157
DQN,42,148,13320,122002.50,0.6337,0.563327,0.0147
DQN,42,149,13410,129160.00,0.6312,0.560121,0.0146
DQN,42,150,13500,123282.50,0.6288,0.549617,0.0138
DQN,42,151,13590,68150.00,0.6263,0.563877,0.0145
DQN,42,152,13680,147570.00,0.6238,0.577147,0.0135
DQN,42,153,13770,154165.00,0.6213,0.541622,0.0129
DQN,42,154,13860,167932.50,0.6189,0.572030,0.0150
DQN,42,155,13950,64927.50,0.6164,0.552138,0.0142
DQN,42,156,14040,105125.00,0.6139,0.551447,0.0172
DQN,42,157,14130,131750.00,0.6114,0.556874,0.0144
DQN,42,158,14220,165540.00,0.6089,0.543719,0.0151
DQN,42,159,14310,109367.50,0.6065,0.540876,0.0138
DQN,42,160,14400,132737.50,0.6040,0.534756,0.0144
DQN,42,161,14490,146207.50,0.6015,0.532341,0.0134
DQN,42,162,14580,139452.50,0.5990,0.546684,0.0136
DQN,42,163,14670,153430.00,0.5966,0.548347,0.0133
DQN,42,164,14760,115295.00,0.5941,0.539362,0.0133
DQN,42,165,14850,96672.50,0.5916,0.541134,0.0157
DQN,42,166,14940,128747.50,0.5892,0.543647,0.0149
DQN,42,167,15030,158557.50,0.5867,0.556182,0.0150
DQN,42,168,15120,96030.00,0.5842,0.527803,0.0147
DQN,42,169,15210,114905.00,0.5817,0.541550,0.0138
DQN,42,170,15300,69020.00,0.5793,0.528075,0.0140
DQN,42,171,15390,128190.00,0.5768,0.517306,0.0135
DQN,42,172,15480,100630.00,0.5743,0.538713,0.0151
DQN,42,173,15570,110307.50,0.5718,0.542697,0.0138
DQN,42,174,15660,51492.50,0.5694,0.522216,0.0148
DQN,42,175,15750,106402.50,0.5669,0.540948,0.0159
DQN,42,176,15840,151175.00,0.5644,0.545832,0.0156
DQN,42,177,15930,160822.50,0.5619,0.531441,0.0139
DQN,42,178,16020,119102.50,0.5595,0.512964,0.0138
DQN,42,179,16110,139117.50,0.5570,0.541366,0.0141
DQN,42,180,16200,157922.50,0.5545,0.539467,0.0147
DQN,42,181,16290,132402.50,0.5520,0.541462,0.0154
DQN,42,182,16380,72282.50,0.5495,0.528701,0.0153
DQN,42,183,16470,143207.50,0.5471,0.533096,0.0158
DQN,42,184,16560,163165.00,0.5446,0.510297,0.0155
DQN,42,185,16650,96127.50,0.5421,0.530190,0.0158
DQN,42,186,16740,98675.00,0.5396,0.541722,0.0152
DQN,42,187,16830,107490.00,0.5372,0.515664,0.0148
DQN,42,188,16920,129645.00,0.5347,0.528910,0.0137
DQN,42,189,17010,143337.50,0.5322,0.534353,0.0136
DQN,42,190,17100,133105.00,0.5297,0.509089,0.0150
DQN,42,191,17190,99147.50,0.5273,0.528550,0.0141
DQN,42,192,17280,147835.00,0.5248,0.533629,0.0134
DQN,42,193,17370,139965.00,0.5223,0.536770,0.0150
DQN,42,194,17460,132390.00,0.5199,0.532151,0.0153
DQN,42,195,17550,150665.00,0.5174,0.525144,0.0154
DQN,42,196,17640,164627.50,0.5149,0.533460,0.0140
DQN,42,197,17730,150740.00,0.5124,0.521112,0.0150
DQN,42,198,17820,138860.00,0.5100,0.516221,0.0154
DQN,42,199,17910,165685.00,0.5075,0.528517,0.0144
DQN,42,200,18000,122625.00,0.5050,0.516831,0.0145
DQN,42,201,18090,144995.00,0.5025,0.522441,0.0164
DQN,42,202,18180,125052.50,0.5000,0.529476,0.0201
DQN,42,203,18270,103707.50,0.4976,0.554972,0.0157
DQN,42,204,18360,136935.00,0.4951,0.521898,0.0143
DQN,42,205,18450,134367.50,0.4926,0.517968,0.0157
DQN,42,206,18540,162257.50,0.4901,0.512947,0.0159
DQN,42,207,18630,175820.00,0.4877,0.508289,0.0145
DQN,42,208,18720,144107.50,0.4852,0.513524,0.0152
DQN,42,209,18810,142110.00,0.4827,0.521731,0.0152
DQN,42,210,18900,176237.50,0.4802,0.520680,0.0133
DQN,42,211,18990,106487.50,0.4778,0.508299,0.0136
DQN,42,212,19080,162647.50,0.4753,0.498644,0.0145
DQN,42,213,19170,166000.00,0.4728,0.509047,0.0151
DQN,42,214,19260,131502.50,0.4703,0.493953,0.0177
DQN,42,215,19350,152290.00,0.4679,0.503307,0.0166
DQN,42,216,19440,157202.50,0.4654,0.500440,0.0152
DQN,42,217,19530,147965.00,0.4629,0.514691,0.0140
DQN,42,218,19620,186275.00,0.4604,0.507621,0.0157
DQN,42,219,19710,136687.50,0.4580,0.506389,0.0138
DQN,42,220,19800,131555.00,0.4555,0.488605,0.0166
DQN,42,221,19890,148047.50,0.4530,0.492021,0.0149
DQN,42,222,19980,183397.50,0.4506,0.492624,0.0157
DQN,42,223,20070,127435.00,0.4481,0.512588,0.0134
DQN,42,224,20160,166162.50,0.4456,0.483755,0.0146
DQN,42,225,20250,171117.50,0.4431,0.491770,0.0149
DQN,42,226,20340,145400.00,0.4407,0.492591,0.0174
DQN,42,227,20430,167652.50,0.4382,0.489898,0.0142
DQN,42,228,20520,151567.50,0.4357,0.497743,0.0162
DQN,42,229,20610,151525.00,0.4332,0.487614,0.0157
DQN,42,230,20700,138287.50,0.4308,0.487953,0.0146
DQN,42,231,20790,162220.00,0.4283,0.496416,0.0148
DQN,42,232,20880,155080.00,0.4258,0.490490,0.0143
DQN,42,233,20970,177725.00,0.4233,0.479993,0.0139
DQN,42,234,21060,150717.50,0.4209,0.468406,0.0141
DQN,42,235,21150,129822.50,0.4184,0.478389,0.0160
DQN,42,236,21240,149290.00,0.4159,0.463533,0.0146
DQN,42,237,21330,160050.00,0.4134,0.467262,0.0135
DQN,42,238,21420,120797.50,0.4110,0.462432,0.0137
DQN,42,239,21510,172277.50,0.4085,0.474647,0.0136
DQN,42,240,21600,172265.00,0.4060,0.457521,0.0140
DQN,42,241,21690,174332.50,0.4035,0.470700,0.0144
DQN,42,242,21780,163597.50,0.4011,0.440620,0.0161
DQN,42,243,21870,138772.50,0.3986,0.472003,0.0139
DQN,42,244,21960,154442.50,0.3961,0.460141,0.0143
DQN,42,245,22050,154507.50,0.3936,0.459880,0.0154
DQN,42,246,22140,149512.50,0.3911,0.465576,0.0156
DQN,42,247,22230,156345.00,0.3887,0.462958,0.0144
DQN,42,248,22320,114700.00,0.3862,0.461437,0.0144
DQN,42,249,22410,174462.50,0.3837,0.451367,0.0135
DQN,42,250,22500,163327.50,0.3812,0.438568,0.0137
DQN,42,251,22590,178330.00,0.3788,0.450112,0.0156
DQN,42,252,22680,174430.00,0.3763,0.439748,0.0161
DQN,42,253,22770,155905.00,0.3738,0.425472,0.0152
DQN,42,254,22860,164975.00,0.3713,0.428862,0.0156
DQN,42,255,22950,159002.50,0.3689,0.427953,0.0151
DQN,42,256,23040,165810.00,0.3664,0.429336,0.0163
DQN,42,257,23130,156880.00,0.3639,0.428594,0.0160
DQN,42,258,23220,167202.50,0.3614,0.424710,0.0145
DQN,42,259,23310,157900.00,0.3590,0.426754,0.0151
DQN,42,260,23400,175865.00,0.3565,0.429238,0.0149
DQN,42,261,23490,158275.00,0.3540,0.428695,0.0131
DQN,42,262,23580,170855.00,0.3516,0.422687,0.0137
DQN,42,263,23670,165475.00,0.3491,0.421479,0.0150
DQN,42,264,23760,189512.50,0.3466,0.432559,0.0152
DQN,42,265,23850,171000.00,0.3441,0.433777,0.0158
DQN,42,266,23940,173492.50,0.3417,0.420513,0.0156
DQN,42,267,24030,166777.50,0.3392,0.412155,0.0145
DQN,42,268,24120,175545.00,0.3367,0.399265,0.0148
DQN,42,269,24210,190150.00,0.3342,0.402730,0.0149
DQN,42,270,24300,135877.50,0.3317,0.410267,0.0143
DQN,42,271,24390,156122.50,0.3293,0.409652,0.0135
DQN,42,272,24480,192695.00,0.3268,0.432109,0.0158
DQN,42,273,24570,181072.50,0.3243,0.403363,0.0148
DQN,42,274,24660,157657.50,0.3218,0.404875,0.0158
DQN,42,275,24750,191452.50,0.3194,0.407050,0.0143
DQN,42,276,24840,169090.00,0.3169,0.412994,0.0145
DQN,42,277,24930,170565.00,0.3144,0.396449,0.0145
DQN,42,278,25020,167147.50,0.3120,0.397582,0.0137
DQN,42,279,25110,161330.00,0.3095,0.398534,0.0136
DQN,42,280,25200,160505.00,0.3070,0.413873,0.0143
DQN,42,281,25290,178290.00,0.3045,0.405154,0.0153
DQN,42,282,25380,166730.00,0.3021,0.395151,0.0146
DQN,42,283,25470,179975.00,0.2996,0.402344,0.0150
DQN,42,284,25560,168070.00,0.2971,0.399015,0.0143
DQN,42,285,25650,167305.00,0.2946,0.387685,0.0156
DQN,42,286,25740,174322.50,0.2922,0.391625,0.0149
DQN,42,287,25830,174835.00,0.2897,0.385782,0.0140
DQN,42,288,25920,175275.00,0.2872,0.378579,0.0135
DQN,42,289,26010,172067.50,0.2847,0.399101,0.0153
DQN,42,290,26100,171475.00,0.2823,0.371345,0.0151
DQN,42,291,26190,169412.50,0.2798,0.366468,0.0149
DQN,42,292,26280,195712.50,0.2773,0.374814,0.0159
DQN,42,293,26370,180925.00,0.2748,0.373738,0.0162
DQN,42,294,26460,181162.50,0.2723,0.371404,0.0147
DQN,42,295,26550,154090.00,0.2699,0.367517,0.0142
DQN,42,296,26640,157245.00,0.2674,0.347819,0.0148
DQN,42,297,26730,169372.50,0.2649,0.364363,0.0138
DQN,42,298,26820,177592.50,0.2624,0.355098,0.0133
DQN,42,299,26910,165940.00,0.2600,0.353778,0.0138
DQN,42,300,27000,184692.50,0.2575,0.359627,0.0145
DQN,42,301,27090,170522.50,0.2550,0.358639,0.0179
DQN,42,302,27180,176310.00,0.2526,0.367489,0.0150
DQN,42,303,27270,172080.00,0.2501,0.357630,0.0143
DQN,42,304,27360,179547.50,0.2476,0.347616,0.0163
DQN,42,305,27450,168125.00,0.2451,0.355519,0.0149
DQN,42,306,27540,183465.00,0.2427,0.343733,0.0150
DQN,42,307,27630,170667.50,0.2402,0.330469,0.0146
DQN,42,308,27720,156227.50,0.2377,0.345487,0.0146
DQN,42,309,27810,168620.00,0.2352,0.332684,0.0132
DQN,42,310,27900,187962.50,0.2328,0.337387,0.0145
DQN,42,311,27990,163837.50,0.2303,0.329463,0.0156
DQN,42,312,28080,179452.50,0.2278,0.331046,0.0157
DQN,42,313,28170,159100.00,0.2253,0.331668,0.0155
DQN,42,314,28260,172790.00,0.2228,0.321361,0.0166
DQN,42,315,28350,181707.50,0.2204,0.332283,0.0145
DQN,42,316,28440,174590.00,0.2179,0.347636,0.0145
DQN,42,317,28530,183265.00,0.2154,0.320580,0.0167
DQN,42,318,28620,154737.50,0.2129,0.326067,0.0155
DQN,42,319,28710,172765.00,0.2105,0.317951,0.0149
DQN,42,320,28800,181907.50,0.2080,0.331802,0.0152
DQN,42,321,28890,182467.50,0.2055,0.321155,0.0135
DQN,42,322,28980,179795.00,0.2030,0.328559,0.0147
DQN,42,323,29070,176832.50,0.2006,0.319231,0.0151
DQN,42,324,29160,185942.50,0.1981,0.323146,0.0154
DQN,42,325,29250,187625.00,0.1956,0.309517,0.0152
DQN,42,326,29340,178342.50,0.1932,0.316922,0.0162
DQN,42,327,29430,173915.00,0.1907,0.325588,0.0149
DQN,42,328,29520,175152.50,0.1882,0.309460,0.0163
DQN,42,329,29610,169845.00,0.1857,0.312794,0.0167
DQN,42,330,29700,171022.50,0.1833,0.305692,0.0160
DQN,42,331,29790,164100.00,0.1808,0.317273,0.0170
DQN,42,332,29880,167980.00,0.1783,0.311427,0.0162
DQN,42,333,29970,178900.00,0.1758,0.309922,0.0173
DQN,42,334,30060,174455.00,0.1734,0.311472,0.0158
DQN,42,335,30150,169997.50,0.1709,0.299126,0.0173
DQN,42,336,30240,171337.50,0.1684,0.298556,0.0156
DQN,42,337,30330,169922.50,0.1659,0.307509,0.0157
DQN,42,338,30420,169060.00,0.1634,0.299973,0.0148
DQN,42,339,30510,180230.00,0.1610,0.293840,0.0160
DQN,42,340,30600,168907.50,0.1585,0.302526,0.0151
DQN,42,341,30690,171855.00,0.1560,0.291373,0.0141
DQN,42,342,30780,166437.50,0.1536,0.296338,0.0138
DQN,42,343,30870,187682.50,0.1511,0.303321,0.0135
DQN,42,344,30960,178670.00,0.1486,0.284441,0.0134
DQN,42,345,31050,184627.50,0.1461,0.284213,0.0150
DQN,42,346,31140,173240.00,0.1437,0.286784,0.0145
DQN,42,347,31230,187717.50,0.1412,0.283060,0.0139
DQN,42,348,31320,176887.50,0.1387,0.292336,0.0136
DQN,42,349,31410,173180.00,0.1362,0.293203,0.0144
DQN,42,350,31500,181835.00,0.1338,0.286903,0.0158
DQN,42,351,31590,180097.50,0.1313,0.292200,0.0164
DQN,42,352,31680,184570.00,0.1288,0.280218,0.0182
DQN,42,353,31770,176257.50,0.1263,0.283482,0.0160
DQN,42,354,31860,185457.50,0.1239,0.280572,0.0140
DQN,42,355,31950,178640.00,0.1214,0.269808,0.0168
DQN,42,356,32040,168172.50,0.1189,0.283153,0.0150
DQN,42,357,32130,175037.50,0.1164,0.268755,0.0147
DQN,42,358,32220,175852.50,0.1139,0.274571,0.0146
DQN,42,359,32310,181332.50,0.1115,0.274363,0.0140
DQN,42,360,32400,180002.50,0.1090,0.271518,0.0168
DQN,42,361,32490,176497.50,0.1065,0.268684,0.0158
DQN,42,362,32580,184272.50,0.1040,0.269497,0.0156
DQN,42,363,32670,183727.50,0.1016,0.272362,0.0151
DQN,42,364,32760,177967.50,0.0991,0.277629,0.0151
DQN,42,365,32850,187240.00,0.0966,0.267564,0.0146
DQN,42,366,32940,174847.50,0.0941,0.266144,0.0141
DQN,42,367,33030,179935.00,0.0917,0.258293,0.0149
DQN,42,368,33120,179907.50,0.0892,0.268758,0.0218
DQN,42,369,33210,175750.00,0.0867,0.274849,0.0169
DQN,42,370,33300,184760.00,0.0842,0.265104,0.0155
DQN,42,371,33390,170792.50,0.0818,0.264804,0.0137
DQN,42,372,33480,171532.50,0.0793,0.269010,0.0135
DQN,42,373,33570,174705.00,0.0768,0.262867,0.0134
DQN,42,374,33660,175675.00,0.0743,0.260862,0.0150
DQN,42,375,33750,187595.00,0.0719,0.260954,0.0154
DQN,42,376,33840,169607.50,0.0694,0.269996,0.0144
DQN,42,377,33930,173387.50,0.0669,0.263571,0.0137
DQN,42,378,34020,176135.00,0.0645,0.257189,0.0162
DQN,42,379,34110,174972.50,0.0620,0.249355,0.0151
DQN,42,380,34200,176900.00,0.0595,0.267735,0.0143
DQN,42,381,34290,177012.50,0.0570,0.254455,0.0139
DQN,42,382,34380,179497.50,0.0546,0.261027,0.0148
DQN,42,383,34470,178082.50,0.0521,0.261359,0.0145
DQN,42,384,34560,168450.00,0.0496,0.246424,0.0148
DQN,42,385,34650,174265.00,0.0471,0.244363,0.0140
DQN,42,386,34740,183942.50,0.0447,0.245588,0.0143
DQN,42,387,34830,174265.00,0.0422,0.252193,0.0142
DQN,42,388,34920,184610.00,0.0397,0.247341,0.0147
DQN,42,389,35010,177097.50,0.0372,0.252699,0.0158
DQN,42,390,35100,168457.50,0.0348,0.263352,0.0156
DQN,42,391,35190,166982.50,0.0323,0.264460,0.0145
DQN,42,392,35280,179060.00,0.0298,0.248625,0.0149
DQN,42,393,35370,176320.00,0.0273,0.258593,0.0158
DQN,42,394,35460,171447.50,0.0249,0.261084,0.0155
DQN,42,395,35550,180725.00,0.0224,0.248147,0.0139
DQN,42,396,35640,176132.50,0.0199,0.237698,0.0135
DQN,42,397,35730,172395.00,0.0174,0.234731,0.0142
DQN,42,398,35820,172615.00,0.0150,0.239890,0.0137
DQN,42,399,35910,175325.00,0.0125,0.229924,0.0153
DQN,42,400,36000,174915.00,0.0100,0.228848,0.0159
DQN,42,401,36090,174680.00,0.0100,0.231378,0.0160
DQN,42,402,36180,179367.50,0.0100,0.214708,0.0148
DQN,42,403,36270,171807.50,0.0100,0.230742,0.0143
DQN,42,404,36360,177537.50,0.0100,0.225262,0.0141
DQN,42,405,36450,178377.50,0.0100,0.211929,0.0142
DQN,42,406,36540,175175.00,0.0100,0.212333,0.0137
DQN,42,407,36630,173442.50,0.0100,0.203251,0.0133
DQN,42,408,36720,182610.00,0.0100,0.202927,0.0133
DQN,42,409,36810,165375.00,0.0100,0.208537,0.0134
DQN,42,410,36900,173465.00,0.0100,0.207890,0.0146
DQN,42,411,36990,186520.00,0.0100,0.205755,0.0146
DQN,42,412,37080,185355.00,0.0100,0.207101,0.0136
DQN,42,413,37170,174115.00,0.0100,0.214333,0.0130
DQN,42,414,37260,179590.00,0.0100,0.210432,0.0132
DQN,42,415,37350,181665.00,0.0100,0.214653,0.0130
DQN,42,416,37440,181212.50,0.0100,0.212678,0.0131
DQN,42,417,37530,167225.00,0.0100,0.208511,0.0132
DQN,42,418,37620,179750.00,0.0100,0.198841,0.0148
DQN,42,419,37710,180032.50,0.0100,0.200614,0.0135
DQN,42,420,37800,184060.00,0.0100,0.198325,0.0134
DQN,42,421,37890,182307.50,0.0100,0.200043,0.0133
DQN,42,422,37980,174225.00,0.0100,0.199034,0.0135
DQN,42,423,38070,177187.50,0.0100,0.189702,0.0135
DQN,42,424,38160,181240.00,0.0100,0.183877,0.0134
DQN,42,425,38250,178795.00,0.0100,0.192445,0.0135
DQN,42,426,38340,178137.50,0.0100,0.186269,0.0154
DQN,42,427,38430,176222.50,0.0100,0.180257,0.0137
DQN,42,428,38520,186400.00,0.0100,0.183421,0.0133
DQN,42,429,38610,167845.00,0.0100,0.180213,0.0153
DQN,42,430,38700,186840.00,0.0100,0.181834,0.0134
DQN,42,431,38790,184165.00,0.0100,0.181224,0.0161
DQN,42,432,38880,180240.00,0.0100,0.183488,0.0156
DQN,42,433,38970,181812.50,0.0100,0.182275,0.0134
DQN,42,434,39060,178717.50,0.0100,0.186493,0.0132
DQN,42,435,39150,182212.50,0.0100,0.186225,0.0133
DQN,42,436,39240,188330.00,0.0100,0.182755,0.0135
DQN,42,437,39330,180240.00,0.0100,0.180963,0.0135
DQN,42,438,39420,174447.50,0.0100,0.188471,0.0134
DQN,42,439,39510,174450.00,0.0100,0.181824,0.0165
DQN,42,440,39600,185147.50,0.0100,0.178505,0.0129
DQN,42,441,39690,180472.50,0.0100,0.184357,0.0128
DQN,42,442,39780,180005.00,0.0100,0.172420,0.0161
DQN,42,443,39870,178092.50,0.0100,0.174963,0.0159
DQN,42,444,39960,181600.00,0.0100,0.174918,0.0136
DQN,42,445,40050,182017.50,0.0100,0.185606,0.0136
DQN,42,446,40140,184412.50,0.0100,0.190755,0.0136
DQN,42,447,40230,177907.50,0.0100,0.187581,0.0136
DQN,42,448,40320,178737.50,0.0100,0.183027,0.0137
DQN,42,449,40410,181370.00,0.0100,0.186087,0.0138
DQN,42,450,40500,177300.00,0.0100,0.182957,0.0138
DQN,42,451,40590,171652.50,0.0100,0.193429,0.0156
DQN,42,452,40680,176190.00,0.0100,0.189604,0.0138
DQN,42,453,40770,174805.00,0.0100,0.184649,0.0139
DQN,42,454,40860,183895.00,0.0100,0.184542,0.0227
DQN,42,455,40950,166782.50,0.0100,0.192120,0.0131
DQN,42,456,41040,177260.00,0.0100,0.187142,0.0176
DQN,42,457,41130,182787.50,0.0100,0.183194,0.0135
DQN,42,458,41220,183610.00,0.0100,0.176508,0.0139
DQN,42,459,41310,178085.00,0.0100,0.188438,0.0134
DQN,42,460,41400,177500.00,0.0100,0.183657,0.0135
DQN,42,461,41490,188060.00,0.0100,0.183597,0.0164
DQN,42,462,41580,175782.50,0.0100,0.170922,0.0154
DQN,42,463,41670,170765.00,0.0100,0.179121,0.0132
DQN,42,464,41760,185735.00,0.0100,0.179110,0.0138
DQN,42,465,41850,169770.00,0.0100,0.178315,0.0149
DQN,42,466,41940,177312.50,0.0100,0.171809,0.0131
DQN,42,467,42030,181975.00,0.0100,0.177642,0.0139
DQN,42,468,42120,178282.50,0.0100,0.178115,0.0138
DQN,42,469,42210,177577.50,0.0100,0.174943,0.0136
DQN,42,470,42300,171365.00,0.0100,0.181453,0.0143
DQN,42,471,42390,176955.00,0.0100,0.176707,0.0155
DQN,42,472,42480,174905.00,0.0100,0.172411,0.0138
DQN,42,473,42570,166570.00,0.0100,0.166578,0.0137
DQN,42,474,42660,169990.00,0.0100,0.170517,0.0138
DQN,42,475,42750,175552.50,0.0100,0.169521,0.0145
DQN,42,476,42840,184342.50,0.0100,0.168029,0.0140
DQN,42,477,42930,175195.00,0.0100,0.173970,0.0142
DQN,42,478,43020,181472.50,0.0100,0.169039,0.0142
DQN,42,479,43110,170677.50,0.0100,0.179006,0.0147
DQN,42,480,43200,173850.00,0.0100,0.179188,0.0134
DQN,42,481,43290,183265.00,0.0100,0.176237,0.0191
DQN,42,482,43380,168475.00,0.0100,0.174818,0.0159
DQN,42,483,43470,177735.00,0.0100,0.170588,0.0138
DQN,42,484,43560,169212.50,0.0100,0.173305,0.0144
DQN,42,485,43650,182267.50,0.0100,0.176301,0.0164
DQN,42,486,43740,183560.00,0.0100,0.182271,0.0157
DQN,42,487,43830,174417.50,0.0100,0.175682,0.0143
DQN,42,488,43920,183352.50,0.0100,0.178421,0.0135
DQN,42,489,44010,177067.50,0.0100,0.171539,0.0146
DQN,42,490,44100,170805.00,0.0100,0.173587,0.0133
DQN,42,491,44190,179342.50,0.0100,0.161979,0.0135
DQN,42,492,44280,174885.00,0.0100,0.168387,0.0148
DQN,42,493,44370,178812.50,0.0100,0.173293,0.0139
DQN,42,494,44460,183362.50,0.0100,0.165906,0.0134
DQN,42,495,44550,185552.50,0.0100,0.165503,0.0135
DQN,42,496,44640,175892.50,0.0100,0.166002,0.0130
DQN,42,497,44730,174760.00,0.0100,0.160468,0.0131
DQN,42,498,44820,170257.50,0.0100,0.158828,0.0132
DQN,42,499,44910,176810.00,0.0100,0.157938,0.0132
DQN,42,500,45000,180165.00,0.0100,0.163665,0.0138
DQN,123,1,90,29082.50,0.9975,0.000000,0.0008
DQN,123,2,180,960.00,0.9950,0.000000,0.0007
DQN,123,3,270,-55595.00,0.9926,0.000000,0.0005
DQN,123,4,360,-47490.00,0.9901,0.000000,0.0004
DQN,123,5,450,-80445.00,0.9876,0.000000,0.0004
DQN,123,6,540,-45707.50,0.9851,3.181946,0.0057
DQN,123,7,630,-22587.50,0.9827,1.758287,0.0132
DQN,123,8,720,17765.00,0.9802,1.116022,0.0122
DQN,123,9,810,-18660.00,0.9777,1.037537,0.0126
DQN,123,10,900,-8617.50,0.9752,1.042064,0.0118
DQN,123,11,990,81327.50,0.9728,0.976834,0.0125
DQN,123,12,1080,20142.50,0.9703,1.933619,0.0122
DQN,123,13,1170,21327.50,0.9678,0.874140,0.0156
DQN,123,14,1260,-30105.00,0.9654,0.858043,0.0124
DQN,123,15,1350,-138350.00,0.9629,0.852755,0.0122
DQN,123,16,1440,21040.00,0.9604,0.875768,0.0126
DQN,123,17,1530,38662.50,0.9579,1.397432,0.0124
DQN,123,18,1620,-103220.00,0.9555,0.843932,0.0124
DQN,123,19,1710,-1092.50,0.9530,0.786612,0.0123
DQN,123,20,1800,-44452.50,0.9505,0.791397,0.0124
DQN,123,21,1890,-52347.50,0.9480,0.771968,0.0145
DQN,123,22,1980,6855.00,0.9456,0.747084,0.0129
DQN,123,23,2070,-3342.50,0.9431,1.210654,0.0123
DQN,123,24,2160,-43657.50,0.9406,0.801908,0.0125
DQN,123,25,2250,38417.50,0.9381,0.751613,0.0126
DQN,123,26,2340,-4650.00,0.9356,0.757916,0.0125
DQN,123,27,2430,-82907.50,0.9332,0.738126,0.0127
DQN,123,28,2520,-51185.00,0.9307,1.051672,0.0125
DQN,123,29,2610,50270.00,0.9282,0.838460,0.0158
DQN,123,30,2700,-45597.50,0.9257,0.781495,0.0128
DQN,123,31,2790,-28280.00,0.9233,0.749156,0.0150
DQN,123,32,2880,37380.00,0.9208,0.748116,0.0137
DQN,123,33,2970,69472.50,0.9183,0.733917,0.0121
DQN,123,34,3060,-29377.50,0.9159,0.991446,0.0126
DQN,123,35,3150,26732.50,0.9134,0.787770,0.0125
DQN,123,36,3240,9802.50,0.9109,0.783838,0.0123
DQN,123,37,3330,-21362.50,0.9084,0.754209,0.0139
DQN,123,38,3420,-38945.00,0.9060,0.770451,0.0141
DQN,123,39,3510,15087.50,0.9035,0.922171,0.0128
DQN,123,40,3600,22785.00,0.9010,0.850349,0.0135
DQN,123,41,3690,-22207.50,0.8985,0.795923,0.0128
DQN,123,42,3780,-75997.50,0.8961,0.756759,0.0123
DQN,123,43,3870,47385.00,0.8936,0.781731,0.0125
DQN,123,44,3960,-50052.50,0.8911,0.772611,0.0124
DQN,123,45,4050,-6552.50,0.8886,0.975099,0.0145
DQN,123,46,4140,-61842.50,0.8861,0.778004,0.0123
DQN,123,47,4230,-8217.50,0.8837,0.792922,0.0126
DQN,123,48,4320,-76065.00,0.8812,0.768196,0.0129
DQN,123,49,4410,21132.50,0.8787,0.764323,0.0129
DQN,123,50,4500,-45275.00,0.8762,0.775676,0.0130
DQN,123,51,4590,-36972.50,0.8738,0.950769,0.0140
DQN,123,52,4680,71772.50,0.8713,0.796869,0.0128
DQN,123,53,4770,61347.50,0.8688,0.782170,0.0131
DQN,123,54,4860,39715.00,0.8663,0.757696,0.0131
DQN,123,55,4950,-7450.00,0.8639,0.740186,0.0145
DQN,123,56,5040,-37462.50,0.8614,0.905090,0.0135
DQN,123,57,5130,-4367.50,0.8589,0.760989,0.0127
DQN,123,58,5220,11750.00,0.8565,0.772164,0.0132
DQN,123,59,5310,26897.50,0.8540,0.751590,0.0131
DQN,123,60,5400,10735.00,0.8515,0.738978,0.0132
DQN,123,61,5490,48375.00,0.8490,0.738592,0.0132
DQN,123,62,5580,114810.00,0.8466,0.885074,0.0132
DQN,123,63,5670,-12802.50,0.8441,0.742306,0.0133
DQN,123,64,5760,6472.50,0.8416,0.749216,0.0161
DQN,123,65,5850,29757.50,0.8391,0.734361,0.0158
DQN,123,66,5940,10225.00,0.8367,0.753722,0.0135
DQN,123,67,6030,46385.00,0.8342,0.808669,0.0132
DQN,123,68,6120,23795.00,0.8317,0.721579,0.0144
DQN,123,69,6210,12055.00,0.8292,0.705399,0.0123
DQN,123,70,6300,47662.50,0.8267,0.693635,0.0126
DQN,123,71,6390,40317.50,0.8243,0.697141,0.0126
DQN,123,72,6480,81370.00,0.8218,0.682280,0.0160
DQN,123,73,6570,65882.50,0.8193,0.758651,0.0183
DQN,123,74,6660,37445.00,0.8168,0.674659,0.0128
DQN,123,75,6750,57030.00,0.8144,0.680561,0.0140
DQN,123,76,6840,-6862.50,0.8119,0.656898,0.0127
DQN,123,77,6930,31250.00,0.8094,0.677491,0.0130
DQN,123,78,7020,76002.50,0.8070,0.710477,0.0129
DQN,123,79,7110,26965.00,0.8045,0.634026,0.0131
DQN,123,80,7200,5327.50,0.8020,0.621122,0.0151
DQN,123,81,7290,21937.50,0.7995,0.629513,0.0122
DQN,123,82,7380,59855.00,0.7971,0.635323,0.0127
DQN,123,83,7470,97287.50,0.7946,0.637650,0.0124
DQN,123,84,7560,57727.50,0.7921,0.643187,0.0158
DQN,123,85,7650,65747.50,0.7896,0.593758,0.0152
DQN,123,86,7740,43702.50,0.7872,0.589806,0.0144
DQN,123,87,7830,36625.00,0.7847,0.577204,0.0128
DQN,123,88,7920,-15052.50,0.7822,0.597169,0.0141
DQN,123,89,8010,100057.50,0.7797,0.596770,0.0125
DQN,123,90,8100,12120.00,0.7772,0.590515,0.0124
DQN,123,91,8190,52717.50,0.7748,0.589757,0.0137
DQN,123,92,8280,15032.50,0.7723,0.590040,0.0126
DQN,123,93,8370,96835.00,0.7698,0.583309,0.0129
DQN,123,94,8460,80750.00,0.7673,0.564299,0.0130
DQN,123,95,8550,31805.00,0.7649,0.603825,0.0131
DQN,123,96,8640,119147.50,0.7624,0.574804,0.0133
DQN,123,97,8730,49110.00,0.7599,0.591622,0.0132
DQN,123,98,8820,62152.50,0.7574,0.567798,0.0132
DQN,123,99,8910,-29845.00,0.7550,0.581620,0.0133
DQN,123,100,9000,85965.00,0.7525,0.562756,0.0133
DQN,123,101,9090,81097.50,0.7500,0.568198,0.0160
DQN,123,102,9180,51630.00,0.7475,0.576784,0.0127
DQN,123,103,9270,89255.00,0.7451,0.561075,0.0126
DQN,123,104,9360,53905.00,0.7426,0.567682,0.0125
DQN,123,105,9450,108637.50,0.7401,0.574344,0.0147
DQN,123,106,9540,29227.50,0.7376,0.567916,0.0157
DQN,123,107,9630,95142.50,0.7352,0.575883,0.0128
DQN,123,108,9720,11075.00,0.7327,0.580299,0.0130
DQN,123,109,9810,88120.00,0.7302,0.579117,0.0132
DQN,123,110,9900,46427.50,0.7278,0.560661,0.0133
DQN,123,111,9990,73650.00,0.7253,0.549563,0.0135
DQN,123,112,10080,98820.00,0.7228,0.573488,0.0133
DQN,123,113,10170,49530.00,0.7203,0.578778,0.0132
DQN,123,114,10260,73865.00,0.7179,0.585828,0.0135
DQN,123,115,10350,127592.50,0.7154,0.561369,0.0134
DQN,123,116,10440,74572.50,0.7129,0.554656,0.0152
DQN,123,117,10530,31862.50,0.7104,0.575302,0.0187
DQN,123,118,10620,56535.00,0.7080,0.575751,0.0179
DQN,123,119,10710,148347.50,0.7055,0.584206,0.0175
DQN,123,120,10800,103162.50,0.7030,0.549072,0.0180
DQN,123,121,10890,121940.00,0.7005,0.574949,0.0141
DQN,123,122,10980,112412.50,0.6981,0.570765,0.0137
DQN,123,123,11070,17935.00,0.6956,0.548951,0.0131
DQN,123,124,11160,88552.50,0.6931,0.561345,0.0133
DQN,123,125,11250,44415.00,0.6906,0.581905,0.0133
DQN,123,126,11340,62925.00,0.6882,0.563123,0.0133
DQN,123,127,11430,27230.00,0.6857,0.549011,0.0133
DQN,123,128,11520,28677.50,0.6832,0.564341,0.0134
DQN,123,129,11610,46402.50,0.6807,0.561096,0.0134
DQN,123,130,11700,83130.00,0.6783,0.571088,0.0133
DQN,123,131,11790,87587.50,0.6758,0.579698,0.0134
DQN,123,132,11880,4085.00,0.6733,0.578270,0.0134
DQN,123,133,11970,13187.50,0.6708,0.571236,0.0134
DQN,123,134,12060,63172.50,0.6683,0.572431,0.0134
DQN,123,135,12150,101532.50,0.6659,0.550481,0.0135
DQN,123,136,12240,128195.00,0.6634,0.593725,0.0134
DQN,123,137,12330,115637.50,0.6609,0.563641,0.0160
DQN,123,138,12420,81795.00,0.6584,0.563607,0.0138
DQN,123,139,12510,102647.50,0.6560,0.570121,0.0135
DQN,123,140,12600,105840.00,0.6535,0.559504,0.0134
DQN,123,141,12690,46990.00,0.6510,0.563729,0.0135
DQN,123,142,12780,138385.00,0.6485,0.545927,0.0135
DQN,123,143,12870,54675.00,0.6461,0.550276,0.0134
DQN,123,144,12960,130392.50,0.6436,0.546130,0.0135
DQN,123,145,13050,108285.00,0.6411,0.558980,0.0136
DQN,123,146,13140,106692.50,0.6386,0.566497,0.0134
DQN,123,147,13230,135090.00,0.6362,0.551079,0.0134
DQN,123,148,13320,101715.00,0.6337,0.560167,0.0134
DQN,123,149,13410,99290.00,0.6312,0.585790,0.0135
DQN,123,150,13500,132042.50,0.6288,0.586134,0.0135
DQN,123,151,13590,122060.00,0.6263,0.561650,0.0159
DQN,123,152,13680,148267.50,0.6238,0.556890,0.0127
DQN,123,153,13770,134927.50,0.6213,0.565746,0.0131
DQN,123,154,13860,117825.00,0.6189,0.575064,0.0131
DQN,123,155,13950,132257.50,0.6164,0.554148,0.0135
DQN,123,156,14040,149935.00,0.6139,0.565366,0.0134
DQN,123,157,14130,90750.00,0.6114,0.571393,0.0135
DQN,123,158,14220,55897.50,0.6089,0.562232,0.0134
DQN,123,159,14310,92362.50,0.6065,0.566985,0.0135
DQN,123,160,14400,142627.50,0.6040,0.558692,0.0136
DQN,123,161,14490,135180.00,0.6015,0.559611,0.0135
DQN,123,162,14580,149687.50,0.5990,0.554962,0.0134
DQN,123,163,14670,128845.00,0.5966,0.550032,0.0160
DQN,123,164,14760,149317.50,0.5941,0.549153,0.0146
DQN,123,165,14850,124942.50,0.5916,0.553334,0.0134
DQN,123,166,14940,130297.50,0.5892,0.531794,0.0132
DQN,123,167,15030,124430.00,0.5867,0.555938,0.0134
DQN,123,168,15120,111960.00,0.5842,0.559532,0.0135
DQN,123,169,15210,115145.00,0.5817,0.550871,0.0134
DQN,123,170,15300,89210.00,0.5793,0.544336,0.0134
DQN,123,171,15390,63605.00,0.5768,0.553719,0.0135
DQN,123,172,15480,147092.50,0.5743,0.562140,0.0135
DQN,123,173,15570,86447.50,0.5718,0.541002,0.0135
DQN,123,174,15660,120435.00,0.5694,0.550504,0.0135
DQN,123,175,15750,133330.00,0.5669,0.557538,0.0135
DQN,123,176,15840,106520.00,0.5644,0.543636,0.0135
DQN,123,177,15930,170270.00,0.5619,0.567755,0.0135
DQN,123,178,16020,141965.00,0.5595,0.553509,0.0152
DQN,123,179,16110,113300.00,0.5570,0.562576,0.0127
DQN,123,180,16200,146267.50,0.5545,0.561223,0.0126
DQN,123,181,16290,154147.50,0.5520,0.541091,0.0125
DQN,123,182,16380,156480.00,0.5495,0.539035,0.0127
DQN,123,183,16470,121525.00,0.5471,0.533290,0.0127
DQN,123,184,16560,105287.50,0.5446,0.553688,0.0126
DQN,123,185,16650,140190.00,0.5421,0.537088,0.0127
DQN,123,186,16740,131330.00,0.5396,0.547469,0.0126
DQN,123,187,16830,90855.00,0.5372,0.539250,0.0126
DQN,123,188,16920,132755.00,0.5347,0.539321,0.0127
DQN,123,189,17010,155977.50,0.5322,0.539401,0.0127
DQN,123,190,17100,154825.00,0.5297,0.531924,0.0126
DQN,123,191,17190,128135.00,0.5273,0.540986,0.0128
DQN,123,192,17280,139285.00,0.5248,0.548671,0.0128
DQN,123,193,17370,158360.00,0.5223,0.533887,0.0127
DQN,123,194,17460,115472.50,0.5199,0.547630,0.0128
DQN,123,195,17550,97547.50,0.5174,0.542459,0.0128
DQN,123,196,17640,150327.50,0.5149,0.513246,0.0127
DQN,123,197,17730,175930.00,0.5124,0.522266,0.0128
DQN,123,198,17820,155937.50,0.5100,0.513757,0.0127
DQN,123,199,17910,129192.50,0.5075,0.522219,0.0128
DQN,123,200,18000,137375.00,0.5050,0.513472,0.0128
DQN,123,201,18090,176720.00,0.5025,0.516863,0.0169
DQN,123,202,18180,174715.00,0.5000,0.526888,0.0130
DQN,123,203,18270,142945.00,0.4976,0.517431,0.0131
DQN,123,204,18360,150860.00,0.4951,0.536904,0.0131
DQN,123,205,18450,151557.50,0.4926,0.528056,0.0133
DQN,123,206,18540,154580.00,0.4901,0.530277,0.0134
DQN,123,207,18630,172945.00,0.4877,0.518958,0.0134
DQN,123,208,18720,172645.00,0.4852,0.519542,0.0138
DQN,123,209,18810,130795.00,0.4827,0.502020,0.0136
DQN,123,210,18900,99645.00,0.4802,0.511854,0.0135
DQN,123,211,18990,138830.00,0.4778,0.510839,0.0156
DQN,123,212,19080,154750.00,0.4753,0.527934,0.0128
DQN,123,213,19170,178395.00,0.4728,0.522189,0.0129
DQN,123,214,19260,169587.50,0.4703,0.520882,0.0125
DQN,123,215,19350,177652.50,0.4679,0.505837,0.0127
DQN,123,216,19440,145487.50,0.4654,0.508712,0.0128
DQN,123,217,19530,160805.00,0.4629,0.517111,0.0130
DQN,123,218,19620,145667.50,0.4604,0.492277,0.0128
DQN,123,219,19710,149852.50,0.4580,0.507121,0.0157
DQN,123,220,19800,148887.50,0.4555,0.519764,0.0131
DQN,123,221,19890,183805.00,0.4530,0.499022,0.0133
DQN,123,222,19980,163340.00,0.4506,0.508684,0.0132
DQN,123,223,20070,147295.00,0.4481,0.491279,0.0129
DQN,123,224,20160,156972.50,0.4456,0.521052,0.0127
DQN,123,225,20250,153472.50,0.4431,0.503439,0.0127
DQN,123,226,20340,120197.50,0.4407,0.489434,0.0128
DQN,123,227,20430,146085.00,0.4382,0.495940,0.0128
DQN,123,228,20520,152830.00,0.4357,0.514139,0.0127
DQN,123,229,20610,156862.50,0.4332,0.493586,0.0127
DQN,123,230,20700,161147.50,0.4308,0.509170,0.0133
DQN,123,231,20790,147485.00,0.4283,0.515970,0.0132
DQN,123,232,20880,150472.50,0.4258,0.494237,0.0135
DQN,123,233,20970,183340.00,0.4233,0.474031,0.0130
DQN,123,234,21060,171767.50,0.4209,0.491086,0.0127
DQN,123,235,21150,143117.50,0.4184,0.484673,0.0128
DQN,123,236,21240,153067.50,0.4159,0.490587,0.0129
DQN,123,237,21330,135997.50,0.4134,0.480458,0.0128
DQN,123,238,21420,178005.00,0.4110,0.484252,0.0128
DQN,123,239,21510,156790.00,0.4085,0.476097,0.0129
DQN,123,240,21600,167485.00,0.4060,0.466588,0.0128
DQN,123,241,21690,122042.50,0.4035,0.472265,0.0151
DQN,123,242,21780,180877.50,0.4011,0.472954,0.0130
DQN,123,243,21870,151812.50,0.3986,0.452915,0.0131
DQN,123,244,21960,166310.00,0.3961,0.459799,0.0133
DQN,123,245,22050,144157.50,0.3936,0.438592,0.0134
DQN,123,246,22140,169462.50,0.3911,0.434301,0.0135
DQN,123,247,22230,172035.00,0.3887,0.448562,0.0135
DQN,123,248,22320,150050.00,0.3862,0.452588,0.0135
DQN,123,249,22410,169692.50,0.3837,0.455626,0.0135
DQN,123,250,22500,165220.00,0.3812,0.436538,0.0136
DQN,123,251,22590,146687.50,0.3788,0.442307,0.0137
DQN,123,252,22680,146097.50,0.3763,0.451471,0.0136
DQN,123,253,22770,181942.50,0.3738,0.443495,0.0162
DQN,123,254,22860,159737.50,0.3713,0.443180,0.0137
DQN,123,255,22950,185552.50,0.3689,0.444668,0.0137
DQN,123,256,23040,123877.50,0.3664,0.431032,0.0135
DQN,123,257,23130,156485.00,0.3639,0.443518,0.0136
DQN,123,258,23220,181462.50,0.3614,0.437102,0.0136
DQN,123,259,23310,169902.50,0.3590,0.414260,0.0137
DQN,123,260,23400,185805.00,0.3565,0.424450,0.0176
DQN,123,261,23490,149232.50,0.3540,0.440078,0.0155
DQN,123,262,23580,173452.50,0.3516,0.427270,0.0131
DQN,123,263,23670,183545.00,0.3491,0.423455,0.0127
DQN,123,264,23760,160197.50,0.3466,0.406318,0.0127
DQN,123,265,23850,175200.00,0.3441,0.412708,0.0128
DQN,123,266,23940,168772.50,0.3417,0.429388,0.0128
DQN,123,267,24030,179342.50,0.3392,0.431173,0.0128
DQN,123,268,24120,186055.00,0.3367,0.418571,0.0128
DQN,123,269,24210,159477.50,0.3342,0.405307,0.0129
DQN,123,270,24300,164342.50,0.3317,0.420180,0.0128
DQN,123,271,24390,144327.50,0.3293,0.414522,0.0129
DQN,123,272,24480,166122.50,0.3268,0.407573,0.0128
DQN,123,273,24570,167580.00,0.3243,0.405974,0.0129
DQN,123,274,24660,167517.50,0.3218,0.393212,0.0129
DQN,123,275,24750,155917.50,0.3194,0.405057,0.0130
DQN,123,276,24840,165587.50,0.3169,0.398140,0.0128
DQN,123,277,24930,142105.00,0.3144,0.416354,0.0128
DQN,123,278,25020,148592.50,0.3120,0.392385,0.0129
DQN,123,279,25110,174995.00,0.3095,0.402750,0.0130
DQN,123,280,25200,176382.50,0.3070,0.395352,0.0129
DQN,123,281,25290,168520.00,0.3045,0.398911,0.0129
DQN,123,282,25380,171507.50,0.3021,0.385472,0.0129
DQN,123,283,25470,173347.50,0.2996,0.392386,0.0132
DQN,123,284,25560,177995.00,0.2971,0.382578,0.0130
DQN,123,285,25650,165585.00,0.2946,0.382253,0.0128
DQN,123,286,25740,161237.50,0.2922,0.390402,0.0128
DQN,123,287,25830,164375.00,0.2897,0.383664,0.0129
DQN,123,288,25920,145632.50,0.2872,0.394690,0.0128
DQN,123,289,26010,160435.00,0.2847,0.391513,0.0130
DQN,123,290,26100,170467.50,0.2823,0.373771,0.0169
DQN,123,291,26190,180147.50,0.2798,0.381544,0.0128
DQN,123,292,26280,172585.00,0.2773,0.377755,0.0131
DQN,123,293,26370,164117.50,0.2748,0.371371,0.0139
DQN,123,294,26460,179417.50,0.2723,0.381490,0.0167
DQN,123,295,26550,155572.50,0.2699,0.385682,0.0138
DQN,123,296,26640,160012.50,0.2674,0.364450,0.0130
DQN,123,297,26730,176112.50,0.2649,0.381474,0.0127
DQN,123,298,26820,179277.50,0.2624,0.355996,0.0127
DQN,123,299,26910,170412.50,0.2600,0.364339,0.0129
DQN,123,300,27000,175297.50,0.2575,0.372591,0.0129
DQN,123,301,27090,179930.00,0.2550,0.362497,0.0181
DQN,123,302,27180,187082.50,0.2526,0.362828,0.0135
DQN,123,303,27270,171980.00,0.2501,0.357042,0.0133
DQN,123,304,27360,175437.50,0.2476,0.358730,0.0132
DQN,123,305,27450,161875.00,0.2451,0.343960,0.0135
DQN,123,306,27540,167465.00,0.2427,0.346344,0.0136
DQN,123,307,27630,185177.50,0.2402,0.344315,0.0136
DQN,123,308,27720,169527.50,0.2377,0.346154,0.0136
DQN,123,309,27810,161870.00,0.2352,0.329902,0.0136
DQN,123,310,27900,167825.00,0.2328,0.351027,0.0144
DQN,123,311,27990,172537.50,0.2303,0.320753,0.0155
DQN,123,312,28080,164770.00,0.2278,0.340485,0.0147
DQN,123,313,28170,184202.50,0.2253,0.339084,0.0147
DQN,123,314,28260,165867.50,0.2228,0.328316,0.0149
DQN,123,315,28350,169227.50,0.2204,0.318245,0.0144
DQN,123,316,28440,156675.00,0.2179,0.322515,0.0136
DQN,123,317,28530,175730.00,0.2154,0.339222,0.0136
DQN,123,318,28620,169260.00,0.2129,0.305336,0.0135
DQN,123,319,28710,182027.50,0.2105,0.327368,0.0137
DQN,123,320,28800,170567.50,0.2080,0.318120,0.0136
DQN,123,321,28890,169480.00,0.2055,0.318124,0.0136
DQN,123,322,28980,174900.00,0.2030,0.314484,0.0168
DQN,123,323,29070,168872.50,0.2006,0.307346,0.0138
DQN,123,324,29160,162927.50,0.1981,0.313932,0.0137
DQN,123,325,29250,169502.50,0.1956,0.319036,0.0138
DQN,123,326,29340,182500.00,0.1932,0.300240,0.0137
DQN,123,327,29430,173832.50,0.1907,0.296674,0.0138
DQN,123,328,29520,170807.50,0.1882,0.288915,0.0162
DQN,123,329,29610,185097.50,0.1857,0.310191,0.0142
DQN,123,330,29700,175717.50,0.1833,0.307460,0.0138
DQN,123,331,29790,173165.00,0.1808,0.294897,0.0138
DQN,123,332,29880,177362.50,0.1783,0.300269,0.0137
DQN,123,333,29970,167267.50,0.1758,0.290122,0.0153
DQN,123,334,30060,182920.00,0.1734,0.286851,0.0141
DQN,123,335,30150,177552.50,0.1709,0.286215,0.0138
DQN,123,336,30240,187715.00,0.1684,0.283205,0.0138
DQN,123,337,30330,182730.00,0.1659,0.281869,0.0140
DQN,123,338,30420,175282.50,0.1634,0.280445,0.0139
DQN,123,339,30510,173090.00,0.1610,0.282901,0.0138
DQN,123,340,30600,193807.50,0.1585,0.274430,0.0139
DQN,123,341,30690,179892.50,0.1560,0.276953,0.0138
DQN,123,342,30780,188952.50,0.1536,0.279327,0.0138
DQN,123,343,30870,188890.00,0.1511,0.270358,0.0161
DQN,123,344,30960,175752.50,0.1486,0.277251,0.0129
DQN,123,345,31050,171750.00,0.1461,0.276704,0.0127
DQN,123,346,31140,176620.00,0.1437,0.287479,0.0129
DQN,123,347,31230,173867.50,0.1412,0.271018,0.0130
DQN,123,348,31320,163837.50,0.1387,0.277809,0.0129
DQN,123,349,31410,169720.00,0.1362,0.270239,0.0127
DQN,123,350,31500,175467.50,0.1338,0.268230,0.0128
DQN,123,351,31590,183690.00,0.1313,0.277942,0.0171
DQN,123,352,31680,171190.00,0.1288,0.269320,0.0135
DQN,123,353,31770,180370.00,0.1263,0.261390,0.0134
DQN,123,354,31860,168370.00,0.1239,0.257624,0.0135
DQN,123,355,31950,175697.50,0.1214,0.271211,0.0136
DQN,123,356,32040,167715.00,0.1189,0.268221,0.0137
DQN,123,357,32130,177012.50,0.1164,0.271362,0.0138
DQN,123,358,32220,174600.00,0.1139,0.256704,0.0143
DQN,123,359,32310,178900.00,0.1115,0.264225,0.0139
DQN,123,360,32400,173467.50,0.1090,0.262603,0.0137
DQN,123,361,32490,180040.00,0.1065,0.272089,0.0142
DQN,123,362,32580,181260.00,0.1040,0.253301,0.0140
DQN,123,363,32670,172697.50,0.1016,0.257528,0.0139
DQN,123,364,32760,173200.00,0.0991,0.268966,0.0140
DQN,123,365,32850,171320.00,0.0966,0.253618,0.0169
DQN,123,366,32940,175830.00,0.0941,0.248061,0.0139
DQN,123,367,33030,172192.50,0.0917,0.247559,0.0139
DQN,123,368,33120,168190.00,0.0892,0.264912,0.0165
DQN,123,369,33210,165502.50,0.0867,0.255353,0.0127
DQN,123,370,33300,183805.00,0.0842,0.250076,0.0126
DQN,123,371,33390,168047.50,0.0818,0.243992,0.0129
DQN,123,372,33480,166272.50,0.0793,0.242674,0.0149
DQN,123,373,33570,176565.00,0.0768,0.239285,0.0132
DQN,123,374,33660,182500.00,0.0743,0.255574,0.0136
DQN,123,375,33750,153575.00,0.0719,0.245286,0.0137
DQN,123,376,33840,182915.00,0.0694,0.244170,0.0137
DQN,123,377,33930,170445.00,0.0669,0.236950,0.0139
DQN,123,378,34020,183502.50,0.0645,0.247951,0.0172
DQN,123,379,34110,178067.50,0.0620,0.226292,0.0138
DQN,123,380,34200,170172.50,0.0595,0.237577,0.0130
DQN,123,381,34290,179132.50,0.0570,0.236041,0.0145
DQN,123,382,34380,179912.50,0.0546,0.240728,0.0134
DQN,123,383,34470,174942.50,0.0521,0.222278,0.0136
DQN,123,384,34560,183502.50,0.0496,0.229636,0.0244
DQN,123,385,34650,186637.50,0.0471,0.222972,0.0196
DQN,123,386,34740,172970.00,0.0447,0.222715,0.0178
DQN,123,387,34830,176147.50,0.0422,0.220292,0.0193
DQN,123,388,34920,169580.00,0.0397,0.209082,0.0163
DQN,123,389,35010,170150.00,0.0372,0.215511,0.0135
DQN,123,390,35100,171635.00,0.0348,0.219810,0.0136
DQN,123,391,35190,177345.00,0.0323,0.218412,0.0138
DQN,123,392,35280,181730.00,0.0298,0.236283,0.0173
DQN,123,393,35370,184465.00,0.0273,0.222258,0.0171
DQN,123,394,35460,177580.00,0.0249,0.213239,0.0141
DQN,123,395,35550,173100.00,0.0224,0.214506,0.0135
DQN,123,396,35640,168817.50,0.0199,0.209261,0.0149
DQN,123,397,35730,186700.00,0.0174,0.203717,0.0132
DQN,123,398,35820,173580.00,0.0150,0.205331,0.0130
DQN,123,399,35910,181930.00,0.0125,0.201687,0.0129
DQN,123,400,36000,170307.50,0.0100,0.201857,0.0128
DQN,123,401,36090,181945.00,0.0100,0.199305,0.0132
DQN,123,402,36180,172920.00,0.0100,0.204973,0.0133
DQN,123,403,36270,186225.00,0.0100,0.194957,0.0138
DQN,123,404,36360,179697.50,0.0100,0.203100,0.0132
DQN,123,405,36450,180550.00,0.0100,0.197932,0.0132
DQN,123,406,36540,163392.50,0.0100,0.203112,0.0135
DQN,123,407,36630,179552.50,0.0100,0.200573,0.0137
DQN,123,408,36720,166635.00,0.0100,0.201890,0.0137
DQN,123,409,36810,177080.00,0.0100,0.210680,0.0138
DQN,123,410,36900,176537.50,0.0100,0.210437,0.0137
DQN,123,411,36990,175890.00,0.0100,0.194520,0.0138
DQN,123,412,37080,183277.50,0.0100,0.199562,0.0137
DQN,123,413,37170,185845.00,0.0100,0.191383,0.0138
DQN,123,414,37260,181037.50,0.0100,0.195049,0.0137
DQN,123,415,37350,172780.00,0.0100,0.183679,0.0139
DQN,123,416,37440,176865.00,0.0100,0.188605,0.0137
DQN,123,417,37530,185597.50,0.0100,0.183675,0.0139
DQN,123,418,37620,173717.50,0.0100,0.196583,0.0138
DQN,123,419,37710,163825.00,0.0100,0.207402,0.0138
DQN,123,420,37800,175095.00,0.0100,0.201709,0.0138
DQN,123,421,37890,171627.50,0.0100,0.195411,0.0139
DQN,123,422,37980,171537.50,0.0100,0.190699,0.0138
DQN,123,423,38070,175245.00,0.0100,0.200276,0.0165
DQN,123,424,38160,169817.50,0.0100,0.197934,0.0157
DQN,123,425,38250,181765.00,0.0100,0.185292,0.0142
DQN,123,426,38340,173662.50,0.0100,0.184669,0.0137
DQN,123,427,38430,172420.00,0.0100,0.195229,0.0137
DQN,123,428,38520,172547.50,0.0100,0.183055,0.0138
DQN,123,429,38610,174772.50,0.0100,0.177610,0.0138
DQN,123,430,38700,172847.50,0.0100,0.177262,0.0137
DQN,123,431,38790,179140.00,0.0100,0.171502,0.0138
DQN,123,432,38880,173720.00,0.0100,0.172983,0.0138
DQN,123,433,38970,177680.00,0.0100,0.167343,0.0139
DQN,123,434,39060,173905.00,0.0100,0.179127,0.0139
DQN,123,435,39150,167027.50,0.0100,0.176656,0.0139
DQN,123,436,39240,170615.00,0.0100,0.181211,0.0139
DQN,123,437,39330,171490.00,0.0100,0.174129,0.0162
DQN,123,438,39420,186695.00,0.0100,0.173249,0.0129
DQN,123,439,39510,176590.00,0.0100,0.175025,0.0130
DQN,123,440,39600,170902.50,0.0100,0.161501,0.0130
DQN,123,441,39690,176102.50,0.0100,0.165394,0.0129
DQN,123,442,39780,167235.00,0.0100,0.156529,0.0128
DQN,123,443,39870,174685.00,0.0100,0.161161,0.0128
DQN,123,444,39960,172177.50,0.0100,0.162919,0.0130
DQN,123,445,40050,171777.50,0.0100,0.157015,0.0130
DQN,123,446,40140,176417.50,0.0100,0.145273,0.0129
DQN,123,447,40230,170565.00,0.0100,0.147201,0.0129
DQN,123,448,40320,187552.50,0.0100,0.148336,0.0130
DQN,123,449,40410,184702.50,0.0100,0.147193,0.0130
DQN,123,450,40500,181062.50,0.0100,0.148289,0.0131
DQN,123,451,40590,180177.50,0.0100,0.155201,0.0169
DQN,123,452,40680,165552.50,0.0100,0.152280,0.0131
DQN,123,453,40770,181545.00,0.0100,0.158411,0.0133
DQN,123,454,40860,181320.00,0.0100,0.156205,0.0135
DQN,123,455,40950,182215.00,0.0100,0.154665,0.0136
DQN,123,456,41040,186425.00,0.0100,0.161917,0.0194
DQN,123,457,41130,170252.50,0.0100,0.175149,0.0167
DQN,123,458,41220,177830.00,0.0100,0.160587,0.0133
DQN,123,459,41310,180887.50,0.0100,0.163204,0.0136
DQN,123,460,41400,180935.00,0.0100,0.162289,0.0137
DQN,123,461,41490,176337.50,0.0100,0.155223,0.0137
DQN,123,462,41580,171732.50,0.0100,0.160953,0.0138
DQN,123,463,41670,171247.50,0.0100,0.154691,0.0138
DQN,123,464,41760,179300.00,0.0100,0.153874,0.0153
DQN,123,465,41850,166242.50,0.0100,0.149286,0.0130
DQN,123,466,41940,182442.50,0.0100,0.154046,0.0127
DQN,123,467,42030,177610.00,0.0100,0.155015,0.0128
DQN,123,468,42120,178275.00,0.0100,0.156994,0.0129
DQN,123,469,42210,167375.00,0.0100,0.148259,0.0130
DQN,123,470,42300,187292.50,0.0100,0.150656,0.0129
DQN,123,471,42390,173507.50,0.0100,0.150448,0.0129
DQN,123,472,42480,177745.00,0.0100,0.149764,0.0129
DQN,123,473,42570,166077.50,0.0100,0.147127,0.0131
DQN,123,474,42660,168990.00,0.0100,0.141926,0.0130
DQN,123,475,42750,175822.50,0.0100,0.142239,0.0130
DQN,123,476,42840,181972.50,0.0100,0.144458,0.0129
DQN,123,477,42930,180640.00,0.0100,0.136467,0.0130
DQN,123,478,43020,173815.00,0.0100,0.143005,0.0132
DQN,123,479,43110,170127.50,0.0100,0.155925,0.0130
DQN,123,480,43200,162635.00,0.0100,0.160955,0.0129
DQN,123,481,43290,173050.00,0.0100,0.162027,0.0129
DQN,123,482,43380,163555.00,0.0100,0.158176,0.0130
DQN,123,483,43470,173080.00,0.0100,0.154872,0.0131
DQN,123,484,43560,163487.50,0.0100,0.148752,0.0130
DQN,123,485,43650,176037.50,0.0100,0.141431,0.0129
DQN,123,486,43740,171155.00,0.0100,0.147360,0.0129
DQN,123,487,43830,173752.50,0.0100,0.148038,0.0131
DQN,123,488,43920,171872.50,0.0100,0.141521,0.0130
DQN,123,489,44010,167337.50,0.0100,0.139477,0.0130
DQN,123,490,44100,177315.00,0.0100,0.146618,0.0130
DQN,123,491,44190,175865.00,0.0100,0.145167,0.0130
DQN,123,492,44280,176832.50,0.0100,0.142854,0.0130
DQN,123,493,44370,176022.50,0.0100,0.144681,0.0150
DQN,123,494,44460,180540.00,0.0100,0.141485,0.0147
DQN,123,495,44550,171817.50,0.0100,0.136297,0.0131
DQN,123,496,44640,171700.00,0.0100,0.132416,0.0132
DQN,123,497,44730,181942.50,0.0100,0.142870,0.0135
DQN,123,498,44820,178450.00,0.0100,0.136813,0.0136
DQN,123,499,44910,177375.00,0.0100,0.144194,0.0136
DQN,123,500,45000,179105.00,0.0100,0.142170,0.0164
DQN,456,1,90,-70415.00,0.9975,0.000000,0.0005
DQN,456,2,180,-45380.00,0.9950,0.000000,0.0005
DQN,456,3,270,-63157.50,0.9926,0.000000,0.0004
DQN,456,4,360,-85830.00,0.9901,0.000000,0.0004
DQN,456,5,450,-69472.50,0.9876,0.000000,0.0004
DQN,456,6,540,-70132.50,0.9851,2.894710,0.0065
DQN,456,7,630,-46275.00,0.9827,1.527526,0.0126
DQN,456,8,720,-54162.50,0.9802,0.927659,0.0128
DQN,456,9,810,-54392.50,0.9777,0.948097,0.0128
DQN,456,10,900,-75070.00,0.9752,0.876844,0.0129
DQN,456,11,990,-67917.50,0.9728,0.883767,0.0129
DQN,456,12,1080,-73177.50,0.9703,1.757130,0.0130
DQN,456,13,1170,-137882.50,0.9678,0.830637,0.0175
DQN,456,14,1260,-4540.00,0.9654,0.840385,0.0162
DQN,456,15,1350,26545.00,0.9629,0.849538,0.0126
DQN,456,16,1440,-24220.00,0.9604,0.815368,0.0130
DQN,456,17,1530,-47107.50,0.9579,1.389769,0.0131
DQN,456,18,1620,-66017.50,0.9555,0.841723,0.0132
DQN,456,19,1710,905.00,0.9530,0.795511,0.0133
DQN,456,20,1800,-20655.00,0.9505,0.807716,0.0133
DQN,456,21,1890,43387.50,0.9480,0.785942,0.0133
DQN,456,22,1980,-43152.50,0.9456,0.776130,0.0134
DQN,456,23,2070,-39727.50,0.9431,1.168927,0.0133
DQN,456,24,2160,-79952.50,0.9406,0.787552,0.0133
DQN,456,25,2250,-3687.50,0.9381,0.768475,0.0134
DQN,456,26,2340,-16617.50,0.9356,0.756689,0.0134
DQN,456,27,2430,-59842.50,0.9332,0.765500,0.0155
DQN,456,28,2520,-12025.00,0.9307,1.061424,0.0166
DQN,456,29,2610,-47932.50,0.9282,0.831496,0.0124
DQN,456,30,2700,6812.50,0.9257,0.786907,0.0124
DQN,456,31,2790,-9187.50,0.9233,0.786874,0.0125
DQN,456,32,2880,57260.00,0.9208,0.752997,0.0126
DQN,456,33,2970,60782.50,0.9183,0.784863,0.0125
DQN,456,34,3060,75627.50,0.9159,1.020853,0.0126
DQN,456,35,3150,-33707.50,0.9134,0.790938,0.0126
DQN,456,36,3240,49187.50,0.9109,0.803940,0.0126
DQN,456,37,3330,-3967.50,0.9084,0.786008,0.0126
DQN,456,38,3420,42387.50,0.9060,0.769318,0.0126
DQN,456,39,3510,13010.00,0.9035,0.963398,0.0127
DQN,456,40,3600,25235.00,0.9010,0.846970,0.0126
DQN,456,41,3690,10215.00,0.8985,0.801501,0.0126
DQN,456,42,3780,-10645.00,0.8961,0.796869,0.0126
DQN,456,43,3870,-6670.00,0.8936,0.773035,0.0126
DQN,456,44,3960,-37025.00,0.8911,0.779834,0.0127
DQN,456,45,4050,-41822.50,0.8886,1.048764,0.0126
DQN,456,46,4140,35095.00,0.8861,0.806609,0.0126
DQN,456,47,4230,55007.50,0.8837,0.812825,0.0127
DQN,456,48,4320,-95797.50,0.8812,0.796514,0.0127
DQN,456,49,4410,33162.50,0.8787,0.796595,0.0127
DQN,456,50,4500,-32745.00,0.8762,0.799854,0.0126
DQN,456,51,4590,-6217.50,0.8738,0.967728,0.0146
DQN,456,52,4680,-27595.00,0.8713,0.822627,0.0155
DQN,456,53,4770,16782.50,0.8688,0.801166,0.0127
DQN,456,54,4860,22305.00,0.8663,0.794399,0.0126
DQN,456,55,4950,-9165.00,0.8639,0.790875,0.0126
DQN,456,56,5040,40512.50,0.8614,0.975608,0.0126
DQN,456,57,5130,42090.00,0.8589,0.844074,0.0127
DQN,456,58,5220,49202.50,0.8565,0.821739,0.0127
DQN,456,59,5310,86732.50,0.8540,0.805814,0.0128
DQN,456,60,5400,76270.00,0.8515,0.800126,0.0127
DQN,456,61,5490,117032.50,0.8490,0.796446,0.0127
DQN,456,62,5580,50850.00,0.8466,0.968546,0.0127
DQN,456,63,5670,47637.50,0.8441,0.815570,0.0127
DQN,456,64,5760,4450.00,0.8416,0.799620,0.0127
DQN,456,65,5850,-27765.00,0.8391,0.795655,0.0127
DQN,456,66,5940,-12737.50,0.8367,0.810088,0.0157
DQN,456,67,6030,92022.50,0.8342,0.926468,0.0131
DQN,456,68,6120,89025.00,0.8317,0.817626,0.0130
DQN,456,69,6210,10670.00,0.8292,0.800329,0.0131
DQN,456,70,6300,117537.50,0.8267,0.781065,0.0133
DQN,456,71,6390,37527.50,0.8243,0.803345,0.0134
DQN,456,72,6480,118445.00,0.8218,0.794107,0.0135
DQN,456,73,6570,37980.00,0.8193,0.925251,0.0185
DQN,456,74,6660,-64355.00,0.8168,0.803676,0.0170
DQN,456,75,6750,637.50,0.8144,0.784887,0.0134
DQN,456,76,6840,79110.00,0.8119,0.814011,0.0132
DQN,456,77,6930,12675.00,0.8094,0.783028,0.0134
DQN,456,78,7020,92875.00,0.8070,0.877803,0.0134
DQN,456,79,7110,61687.50,0.8045,0.818210,0.0135
DQN,456,80,7200,28270.00,0.8020,0.785271,0.0134
DQN,456,81,7290,124610.00,0.7995,0.793942,0.0135
DQN,456,82,7380,107687.50,0.7971,0.798646,0.0135
DQN,456,83,7470,27197.50,0.7946,0.772490,0.0136
DQN,456,84,7560,-27665.00,0.7921,0.839490,0.0136
DQN,456,85,7650,-80900.00,0.7896,0.770571,0.0135
DQN,456,86,7740,47980.00,0.7872,0.766160,0.0136
DQN,456,87,7830,22360.00,0.7847,0.776763,0.0136
DQN,456,88,7920,29952.50,0.7822,0.775553,0.0136
DQN,456,89,8010,46815.00,0.7797,0.790226,0.0137
DQN,456,90,8100,31012.50,0.7772,0.756053,0.0135
DQN,456,91,8190,72580.00,0.7748,0.729980,0.0135
DQN,456,92,8280,80137.50,0.7723,0.725385,0.0136
DQN,456,93,8370,18735.00,0.7698,0.731319,0.0135
DQN,456,94,8460,89997.50,0.7673,0.718977,0.0136
DQN,456,95,8550,74427.50,0.7649,0.725726,0.0136
DQN,456,96,8640,10845.00,0.7624,0.668969,0.0135
DQN,456,97,8730,55152.50,0.7599,0.676129,0.0136
DQN,456,98,8820,24495.00,0.7574,0.679627,0.0136
DQN,456,99,8910,66242.50,0.7550,0.663563,0.0137
DQN,456,100,9000,51457.50,0.7525,0.674197,0.0135
DQN,456,101,9090,69480.00,0.7500,0.650484,0.0152
DQN,456,102,9180,57870.00,0.7475,0.642612,0.0180
DQN,456,103,9270,68707.50,0.7451,0.628432,0.0137
DQN,456,104,9360,70430.00,0.7426,0.620045,0.0141
DQN,456,105,9450,39697.50,0.7401,0.638722,0.0127
DQN,456,106,9540,74967.50,0.7376,0.626897,0.0125
DQN,456,107,9630,73102.50,0.7352,0.597670,0.0127
DQN,456,108,9720,107772.50,0.7327,0.606270,0.0128
DQN,456,109,9810,52962.50,0.7302,0.611515,0.0127
DQN,456,110,9900,86025.00,0.7278,0.586991,0.0128
DQN,456,111,9990,56492.50,0.7253,0.580115,0.0128
DQN,456,112,10080,85495.00,0.7228,0.605892,0.0128
DQN,456,113,10170,126282.50,0.7203,0.610319,0.0129
DQN,456,114,10260,60155.00,0.7179,0.588912,0.0128
DQN,456,115,10350,72985.00,0.7154,0.600927,0.0127
DQN,456,116,10440,30820.00,0.7129,0.595107,0.0127
DQN,456,117,10530,103242.50,0.7104,0.590510,0.0155
DQN,456,118,10620,114235.00,0.7080,0.607804,0.0149
DQN,456,119,10710,79385.00,0.7055,0.581314,0.0129
DQN,456,120,10800,101387.50,0.7030,0.572676,0.0126
DQN,456,121,10890,120727.50,0.7005,0.602155,0.0127
DQN,456,122,10980,133457.50,0.6981,0.592496,0.0128
DQN,456,123,11070,90162.50,0.6956,0.596318,0.0129
DQN,456,124,11160,63905.00,0.6931,0.610470,0.0128
DQN,456,125,11250,91722.50,0.6906,0.593446,0.0128
DQN,456,126,11340,100207.50,0.6882,0.579168,0.0166
DQN,456,127,11430,76182.50,0.6857,0.591302,0.0142
DQN,456,128,11520,99282.50,0.6832,0.583474,0.0131
DQN,456,129,11610,90307.50,0.6807,0.590894,0.0129
DQN,456,130,11700,82917.50,0.6783,0.598249,0.0130
DQN,456,131,11790,97922.50,0.6758,0.572356,0.0130
DQN,456,132,11880,104310.00,0.6733,0.574982,0.0130
DQN,456,133,11970,42095.00,0.6708,0.582515,0.0131
DQN,456,134,12060,112285.00,0.6683,0.592555,0.0132
DQN,456,135,12150,88710.00,0.6659,0.598858,0.0132
DQN,456,136,12240,85562.50,0.6634,0.563314,0.0133
DQN,456,137,12330,71500.00,0.6609,0.584301,0.0133
DQN,456,138,12420,113505.00,0.6584,0.578947,0.0132
DQN,456,139,12510,85675.00,0.6560,0.584469,0.0132
DQN,456,140,12600,36855.00,0.6535,0.603777,0.0132
DQN,456,141,12690,58367.50,0.6510,0.566699,0.0132
DQN,456,142,12780,120782.50,0.6485,0.599919,0.0132
DQN,456,143,12870,78815.00,0.6461,0.598294,0.0133
DQN,456,144,12960,45272.50,0.6436,0.583180,0.0132
DQN,456,145,13050,102262.50,0.6411,0.586880,0.0132
DQN,456,146,13140,99415.00,0.6386,0.584818,0.0132
DQN,456,147,13230,128840.00,0.6362,0.606919,0.0132
DQN,456,148,13320,80232.50,0.6337,0.584894,0.0155
DQN,456,149,13410,151957.50,0.6312,0.581989,0.0130
DQN,456,150,13500,118187.50,0.6288,0.583312,0.0131
DQN,456,151,13590,113072.50,0.6263,0.565968,0.0165
DQN,456,152,13680,119027.50,0.6238,0.577268,0.0128
DQN,456,153,13770,87595.00,0.6213,0.574630,0.0130
DQN,456,154,13860,82560.00,0.6189,0.574345,0.0130
DQN,456,155,13950,115512.50,0.6164,0.574532,0.0132
DQN,456,156,14040,84782.50,0.6139,0.571853,0.0164
DQN,456,157,14130,100005.00,0.6114,0.567683,0.0128
DQN,456,158,14220,108152.50,0.6089,0.565789,0.0131
DQN,456,159,14310,145757.50,0.6065,0.576973,0.0133
DQN,456,160,14400,106402.50,0.6040,0.575340,0.0134
DQN,456,161,14490,112010.00,0.6015,0.572749,0.0141
DQN,456,162,14580,135002.50,0.5990,0.572064,0.0178
DQN,456,163,14670,50690.00,0.5966,0.564028,0.0136
DQN,456,164,14760,72105.00,0.5941,0.553342,0.0136
DQN,456,165,14850,63675.00,0.5916,0.554693,0.0185
DQN,456,166,14940,129390.00,0.5892,0.555012,0.0182
DQN,456,167,15030,128182.50,0.5867,0.563245,0.0131
DQN,456,168,15120,120327.50,0.5842,0.557346,0.0134
DQN,456,169,15210,165050.00,0.5817,0.558366,0.0136
DQN,456,170,15300,146815.00,0.5793,0.563698,0.0136
DQN,456,171,15390,150832.50,0.5768,0.561871,0.0138
DQN,456,172,15480,91620.00,0.5743,0.552703,0.0136
DQN,456,173,15570,53880.00,0.5718,0.551466,0.0137
DQN,456,174,15660,49867.50,0.5694,0.538928,0.0136
DQN,456,175,15750,141362.50,0.5669,0.553102,0.0137
DQN,456,176,15840,107275.00,0.5644,0.550882,0.0137
DQN,456,177,15930,89505.00,0.5619,0.567985,0.0137
DQN,456,178,16020,157907.50,0.5595,0.549135,0.0138
DQN,456,179,16110,136740.00,0.5570,0.525765,0.0138
DQN,456,180,16200,153665.00,0.5545,0.538895,0.0137
DQN,456,181,16290,145675.00,0.5520,0.528870,0.0137
DQN,456,182,16380,171762.50,0.5495,0.539146,0.0226
DQN,456,183,16470,167637.50,0.5471,0.557228,0.0138
DQN,456,184,16560,131852.50,0.5446,0.549910,0.0134
DQN,456,185,16650,144172.50,0.5421,0.538206,0.0136
DQN,456,186,16740,100835.00,0.5396,0.537679,0.0137
DQN,456,187,16830,158502.50,0.5372,0.539036,0.0138
DQN,456,188,16920,188585.00,0.5347,0.526728,0.0138
DQN,456,189,17010,118915.00,0.5322,0.539351,0.0137
DQN,456,190,17100,130515.00,0.5297,0.541948,0.0137
DQN,456,191,17190,119982.50,0.5273,0.535434,0.0151
DQN,456,192,17280,137622.50,0.5248,0.537658,0.0131
DQN,456,193,17370,133037.50,0.5223,0.524692,0.0130
DQN,456,194,17460,156745.00,0.5199,0.542033,0.0157
DQN,456,195,17550,149972.50,0.5174,0.519284,0.0133
DQN,456,196,17640,129380.00,0.5149,0.533884,0.0133
DQN,456,197,17730,111750.00,0.5124,0.536802,0.0133
DQN,456,198,17820,162482.50,0.5100,0.535345,0.0136
DQN,456,199,17910,145492.50,0.5075,0.550960,0.0132
DQN,456,200,18000,120627.50,0.5050,0.543872,0.0133
DQN,456,201,18090,89877.50,0.5025,0.538753,0.0148
DQN,456,202,18180,147162.50,0.5000,0.520290,0.0165
DQN,456,203,18270,161222.50,0.4976,0.520622,0.0133
DQN,456,204,18360,118782.50,0.4951,0.520039,0.0134
DQN,456,205,18450,152122.50,0.4926,0.538993,0.0137
DQN,456,206,18540,153830.00,0.4901,0.520229,0.0138
DQN,456,207,18630,122887.50,0.4877,0.516972,0.0152
DQN,456,208,18720,171547.50,0.4852,0.527045,0.0133
DQN,456,209,18810,139505.00,0.4827,0.516150,0.0128
DQN,456,210,18900,158107.50,0.4802,0.534296,0.0128
DQN,456,211,18990,165762.50,0.4778,0.512743,0.0129
DQN,456,212,19080,144102.50,0.4753,0.546236,0.0128
DQN,456,213,19170,149807.50,0.4728,0.520008,0.0128
DQN,456,214,19260,115457.50,0.4703,0.536224,0.0130
DQN,456,215,19350,127950.00,0.4679,0.496766,0.0129
DQN,456,216,19440,148940.00,0.4654,0.542436,0.0130
DQN,456,217,19530,145117.50,0.4629,0.508642,0.0129
DQN,456,218,19620,149367.50,0.4604,0.511481,0.0129
DQN,456,219,19710,169815.00,0.4580,0.508293,0.0154
DQN,456,220,19800,119365.00,0.4555,0.508264,0.0161
DQN,456,221,19890,167760.00,0.4530,0.516267,0.0147
DQN,456,222,19980,117545.00,0.4506,0.511539,0.0135
DQN,456,223,20070,170095.00,0.4481,0.518202,0.0136
DQN,456,224,20160,122435.00,0.4456,0.528645,0.0137
DQN,456,225,20250,139455.00,0.4431,0.506541,0.0136
DQN,456,226,20340,166505.00,0.4407,0.513742,0.0137
DQN,456,227,20430,173905.00,0.4382,0.512732,0.0138
DQN,456,228,20520,144742.50,0.4357,0.506060,0.0137
DQN,456,229,20610,147605.00,0.4332,0.498251,0.0138
DQN,456,230,20700,163340.00,0.4308,0.512305,0.0137
DQN,456,231,20790,166790.00,0.4283,0.517828,0.0139
DQN,456,232,20880,156950.00,0.4258,0.496117,0.0138
DQN,456,233,20970,160195.00,0.4233,0.500721,0.0172
DQN,456,234,21060,160257.50,0.4209,0.520473,0.0154
DQN,456,235,21150,159930.00,0.4184,0.505156,0.0139
DQN,456,236,21240,169190.00,0.4159,0.500797,0.0138
DQN,456,237,21330,136247.50,0.4134,0.500952,0.0138
DQN,456,238,21420,144610.00,0.4110,0.502168,0.0160
DQN,456,239,21510,107140.00,0.4085,0.491676,0.0140
DQN,456,240,21600,171590.00,0.4060,0.484127,0.0141
DQN,456,241,21690,164675.00,0.4035,0.478401,0.0140
DQN,456,242,21780,136885.00,0.4011,0.473368,0.0139
DQN,456,243,21870,160122.50,0.3986,0.473826,0.0139
DQN,456,244,21960,149015.00,0.3961,0.482480,0.0139
DQN,456,245,22050,161192.50,0.3936,0.467048,0.0169
DQN,456,246,22140,165855.00,0.3911,0.461200,0.0138
DQN,456,247,22230,165397.50,0.3887,0.491540,0.0141
DQN,456,248,22320,155140.00,0.3862,0.462247,0.0140
DQN,456,249,22410,167025.00,0.3837,0.462919,0.0140
DQN,456,250,22500,184272.50,0.3812,0.458883,0.0139
DQN,456,251,22590,142330.00,0.3788,0.480942,0.0142
DQN,456,252,22680,156040.00,0.3763,0.440303,0.0136
DQN,456,253,22770,184752.50,0.3738,0.458223,0.0139
DQN,456,254,22860,175037.50,0.3713,0.447105,0.0139
DQN,456,255,22950,165705.00,0.3689,0.452560,0.0139
DQN,456,256,23040,139450.00,0.3664,0.474395,0.0139
DQN,456,257,23130,157915.00,0.3639,0.467218,0.0139
DQN,456,258,23220,158205.00,0.3614,0.456616,0.0140
DQN,456,259,23310,165265.00,0.3590,0.453270,0.0140
DQN,456,260,23400,150785.00,0.3565,0.448160,0.0140
DQN,456,261,23490,156422.50,0.3540,0.462125,0.0146
DQN,456,262,23580,170237.50,0.3516,0.461726,0.0157
DQN,456,263,23670,153832.50,0.3491,0.453032,0.0134
DQN,456,264,23760,172270.00,0.3466,0.444690,0.0138
DQN,456,265,23850,162950.00,0.3441,0.428058,0.0138
DQN,456,266,23940,161990.00,0.3417,0.438818,0.0139
DQN,456,267,24030,184200.00,0.3392,0.447253,0.0139
DQN,456,268,24120,170797.50,0.3367,0.448027,0.0139
DQN,456,269,24210,147127.50,0.3342,0.447326,0.0140
DQN,456,270,24300,155007.50,0.3317,0.436317,0.0165
DQN,456,271,24390,187225.00,0.3293,0.421971,0.0152
DQN,456,272,24480,158862.50,0.3268,0.432502,0.0140
DQN,456,273,24570,172325.00,0.3243,0.432009,0.0130
DQN,456,274,24660,165962.50,0.3218,0.438280,0.0129
DQN,456,275,24750,165300.00,0.3194,0.426537,0.0131
DQN,456,276,24840,153847.50,0.3169,0.422756,0.0129
DQN,456,277,24930,160282.50,0.3144,0.431949,0.0131
DQN,456,278,25020,175575.00,0.3120,0.419472,0.0130
DQN,456,279,25110,160125.00,0.3095,0.424688,0.0130
DQN,456,280,25200,179150.00,0.3070,0.411990,0.0131
DQN,456,281,25290,176987.50,0.3045,0.415875,0.0131
DQN,456,282,25380,180970.00,0.3021,0.405712,0.0131
DQN,456,283,25470,182717.50,0.2996,0.411325,0.0130
DQN,456,284,25560,165180.00,0.2971,0.404112,0.0131
DQN,456,285,25650,181422.50,0.2946,0.409018,0.0130
DQN,456,286,25740,167082.50,0.2922,0.399233,0.0131
DQN,456,287,25830,171710.00,0.2897,0.401869,0.0130
DQN,456,288,25920,160850.00,0.2872,0.402695,0.0131
DQN,456,289,26010,172402.50,0.2847,0.410876,0.0131
DQN,456,290,26100,154482.50,0.2823,0.401654,0.0155
DQN,456,291,26190,170952.50,0.2798,0.399392,0.0134
DQN,456,292,26280,165645.00,0.2773,0.397732,0.0134
DQN,456,293,26370,183627.50,0.2748,0.395480,0.0136
DQN,456,294,26460,152215.00,0.2723,0.406705,0.0136
DQN,456,295,26550,164595.00,0.2699,0.397238,0.0138
DQN,456,296,26640,178032.50,0.2674,0.394930,0.0138
DQN,456,297,26730,169292.50,0.2649,0.392887,0.0139
DQN,456,298,26820,172560.00,0.2624,0.387042,0.0138
DQN,456,299,26910,172397.50,0.2600,0.383701,0.0139
DQN,456,300,27000,176947.50,0.2575,0.391716,0.0138
DQN,456,301,27090,169185.00,0.2550,0.384858,0.0162
DQN,456,302,27180,175137.50,0.2526,0.376566,0.0154
DQN,456,303,27270,157235.00,0.2501,0.379229,0.0240
DQN,456,304,27360,158750.00,0.2476,0.375462,0.0139
DQN,456,305,27450,149620.00,0.2451,0.381023,0.0135
DQN,456,306,27540,163507.50,0.2427,0.401908,0.0138
DQN,456,307,27630,169345.00,0.2402,0.397967,0.0139
DQN,456,308,27720,184147.50,0.2377,0.378384,0.0140
DQN,456,309,27810,158385.00,0.2352,0.374323,0.0140
DQN,456,310,27900,158437.50,0.2328,0.390094,0.0140
DQN,456,311,27990,174515.00,0.2303,0.382074,0.0139
DQN,456,312,28080,163487.50,0.2278,0.377518,0.0139
DQN,456,313,28170,162767.50,0.2253,0.386974,0.0158
DQN,456,314,28260,161777.50,0.2228,0.369662,0.0144
DQN,456,315,28350,159725.00,0.2204,0.384497,0.0141
DQN,456,316,28440,165882.50,0.2179,0.380659,0.0140
DQN,456,317,28530,166745.00,0.2154,0.377403,0.0140
DQN,456,318,28620,175262.50,0.2129,0.373731,0.0139
DQN,456,319,28710,173710.00,0.2105,0.375275,0.0140
DQN,456,320,28800,167222.50,0.2080,0.372282,0.0140
DQN,456,321,28890,181565.00,0.2055,0.367849,0.0140
DQN,456,322,28980,182042.50,0.2030,0.374325,0.0141
DQN,456,323,29070,171660.00,0.2006,0.375541,0.0141
DQN,456,324,29160,177830.00,0.1981,0.363957,0.0141
DQN,456,325,29250,181597.50,0.1956,0.363688,0.0140
DQN,456,326,29340,164280.00,0.1932,0.349544,0.0141
DQN,456,327,29430,168882.50,0.1907,0.351201,0.0141
DQN,456,328,29520,176730.00,0.1882,0.366103,0.0140
DQN,456,329,29610,169907.50,0.1857,0.343481,0.0140
DQN,456,330,29700,172255.00,0.1833,0.363736,0.0141
DQN,456,331,29790,168972.50,0.1808,0.335677,0.0141
DQN,456,332,29880,163560.00,0.1783,0.366523,0.0140
DQN,456,333,29970,171317.50,0.1758,0.344258,0.0141
DQN,456,334,30060,172645.00,0.1734,0.350033,0.0140
DQN,456,335,30150,173937.50,0.1709,0.340368,0.0140
DQN,456,336,30240,163697.50,0.1684,0.359868,0.0165
DQN,456,337,30330,188157.50,0.1659,0.339803,0.0172
DQN,456,338,30420,170660.00,0.1634,0.332700,0.0143
DQN,456,339,30510,174602.50,0.1610,0.336221,0.0141
DQN,456,340,30600,183492.50,0.1585,0.339559,0.0159
DQN,456,341,30690,184785.00,0.1560,0.321919,0.0131
DQN,456,342,30780,168060.00,0.1536,0.333323,0.0132
DQN,456,343,30870,181265.00,0.1511,0.324810,0.0131
DQN,456,344,30960,171302.50,0.1486,0.324203,0.0132
DQN,456,345,31050,166532.50,0.1461,0.329934,0.0130
DQN,456,346,31140,168112.50,0.1437,0.333464,0.0130
DQN,456,347,31230,156835.00,0.1412,0.334643,0.0132
DQN,456,348,31320,142177.50,0.1387,0.334867,0.0132
DQN,456,349,31410,149740.00,0.1362,0.319860,0.0164
DQN,456,350,31500,156217.50,0.1338,0.326799,0.0132
DQN,456,351,31590,168575.00,0.1313,0.326762,0.0152
DQN,456,352,31680,182487.50,0.1288,0.333714,0.0135
DQN,456,353,31770,180160.00,0.1263,0.319248,0.0136
DQN,456,354,31860,169125.00,0.1239,0.338986,0.0138
DQN,456,355,31950,175582.50,0.1214,0.331559,0.0139
DQN,456,356,32040,180970.00,0.1189,0.318935,0.0139
DQN,456,357,32130,181137.50,0.1164,0.312487,0.0140
DQN,456,358,32220,170620.00,0.1139,0.304972,0.0140
DQN,456,359,32310,175700.00,0.1115,0.310342,0.0140
DQN,456,360,32400,178535.00,0.1090,0.309805,0.0145
DQN,456,361,32490,163010.00,0.1065,0.315356,0.0157
DQN,456,362,32580,164517.50,0.1040,0.313613,0.0132
DQN,456,363,32670,186275.00,0.1016,0.310476,0.0130
DQN,456,364,32760,158980.00,0.0991,0.308920,0.0130
DQN,456,365,32850,176395.00,0.0966,0.299281,0.0131
DQN,456,366,32940,176490.00,0.0941,0.293218,0.0131
DQN,456,367,33030,186230.00,0.0917,0.290505,0.0132
DQN,456,368,33120,167860.00,0.0892,0.299880,0.0131
DQN,456,369,33210,170447.50,0.0867,0.304588,0.0131
DQN,456,370,33300,179167.50,0.0842,0.304915,0.0132
DQN,456,371,33390,187120.00,0.0818,0.297555,0.0132
DQN,456,372,33480,170655.00,0.0793,0.291172,0.0132
DQN,456,373,33570,174857.50,0.0768,0.294599,0.0133
DQN,456,374,33660,180790.00,0.0743,0.298690,0.0131
DQN,456,375,33750,181280.00,0.0719,0.279029,0.0133
DQN,456,376,33840,171962.50,0.0694,0.283482,0.0133
DQN,456,377,33930,180425.00,0.0669,0.291723,0.0132
DQN,456,378,34020,173892.50,0.0645,0.293878,0.0133
DQN,456,379,34110,179582.50,0.0620,0.272323,0.0132
DQN,456,380,34200,182587.50,0.0595,0.281122,0.0132
DQN,456,381,34290,184582.50,0.0570,0.287717,0.0132
DQN,456,382,34380,164290.00,0.0546,0.281638,0.0132
DQN,456,383,34470,174217.50,0.0521,0.267899,0.0132
DQN,456,384,34560,178242.50,0.0496,0.287746,0.0163
DQN,456,385,34650,175607.50,0.0471,0.282971,0.0153
DQN,456,386,34740,168747.50,0.0447,0.288983,0.0132
DQN,456,387,34830,192745.00,0.0422,0.285018,0.0142
DQN,456,388,34920,189177.50,0.0397,0.284556,0.0154
DQN,456,389,35010,175507.50,0.0372,0.273840,0.0141
DQN,456,390,35100,169655.00,0.0348,0.268582,0.0168
DQN,456,391,35190,176027.50,0.0323,0.264681,0.0135
DQN,456,392,35280,172522.50,0.0298,0.265911,0.0130
DQN,456,393,35370,168982.50,0.0273,0.264624,0.0130
DQN,456,394,35460,176662.50,0.0249,0.253497,0.0131
DQN,456,395,35550,180520.00,0.0224,0.266317,0.0137
DQN,456,396,35640,174827.50,0.0199,0.264684,0.0132
DQN,456,397,35730,166177.50,0.0174,0.251408,0.0132
DQN,456,398,35820,180075.00,0.0150,0.252877,0.0131
DQN,456,399,35910,173280.00,0.0125,0.248097,0.0132
DQN,456,400,36000,182512.50,0.0100,0.260585,0.0132
DQN,456,401,36090,177170.00,0.0100,0.256053,0.0189
DQN,456,402,36180,174747.50,0.0100,0.265040,0.0135
DQN,456,403,36270,171040.00,0.0100,0.251240,0.0135
DQN,456,404,36360,169875.00,0.0100,0.251817,0.0138
DQN,456,405,36450,169607.50,0.0100,0.258022,0.0138
DQN,456,406,36540,176632.50,0.0100,0.240595,0.0139
DQN,456,407,36630,179300.00,0.0100,0.245405,0.0139
DQN,456,408,36720,179947.50,0.0100,0.250789,0.0140
DQN,456,409,36810,177515.00,0.0100,0.252301,0.0220
DQN,456,410,36900,179582.50,0.0100,0.253089,0.0153
DQN,456,411,36990,186500.00,0.0100,0.241871,0.0137
DQN,456,412,37080,166367.50,0.0100,0.238366,0.0140
DQN,456,413,37170,176520.00,0.0100,0.236284,0.0139
DQN,456,414,37260,177465.00,0.0100,0.239614,0.0140
DQN,456,415,37350,174707.50,0.0100,0.239037,0.0140
DQN,456,416,37440,180565.00,0.0100,0.244083,0.0141
DQN,456,417,37530,172200.00,0.0100,0.240539,0.0140
DQN,456,418,37620,178055.00,0.0100,0.254938,0.0140
DQN,456,419,37710,183082.50,0.0100,0.250625,0.0141
DQN,456,420,37800,184875.00,0.0100,0.247223,0.0158
DQN,456,421,37890,170062.50,0.0100,0.245486,0.0148
DQN,456,422,37980,171732.50,0.0100,0.246361,0.0145
DQN,456,423,38070,164760.00,0.0100,0.247359,0.0143
DQN,456,424,38160,164030.00,0.0100,0.243346,0.0141
DQN,456,425,38250,160295.00,0.0100,0.243849,0.0155
DQN,456,426,38340,158062.50,0.0100,0.243153,0.0133
DQN,456,427,38430,156960.00,0.0100,0.242468,0.0131
DQN,456,428,38520,166857.50,0.0100,0.243977,0.0132
DQN,456,429,38610,174505.00,0.0100,0.238093,0.0131
DQN,456,430,38700,171720.00,0.0100,0.233589,0.0132
DQN,456,431,38790,172262.50,0.0100,0.240048,0.0133
DQN,456,432,38880,162047.50,0.0100,0.245139,0.0157
DQN,456,433,38970,171405.00,0.0100,0.244262,0.0136
DQN,456,434,39060,168530.00,0.0100,0.244370,0.0136
DQN,456,435,39150,153720.00,0.0100,0.258759,0.0158
DQN,456,436,39240,158760.00,0.0100,0.252126,0.0139
DQN,456,437,39330,153465.00,0.0100,0.237471,0.0142
DQN,456,438,39420,159137.50,0.0100,0.238788,0.0140
DQN,456,439,39510,158817.50,0.0100,0.245136,0.0141
DQN,456,440,39600,160480.00,0.0100,0.243372,0.0140
DQN,456,441,39690,168440.00,0.0100,0.244317,0.0140
DQN,456,442,39780,174602.50,0.0100,0.237275,0.0140
DQN,456,443,39870,175495.00,0.0100,0.235663,0.0141
DQN,456,444,39960,172845.00,0.0100,0.233458,0.0140
DQN,456,445,40050,168100.00,0.0100,0.230909,0.0161
DQN,456,446,40140,178742.50,0.0100,0.234723,0.0131
DQN,456,447,40230,171967.50,0.0100,0.230900,0.0130
DQN,456,448,40320,176587.50,0.0100,0.228823,0.0129
DQN,456,449,40410,173737.50,0.0100,0.221530,0.0130
DQN,456,450,40500,177432.50,0.0100,0.235614,0.0133
DQN,456,451,40590,183945.00,0.0100,0.217592,0.0196
DQN,456,452,40680,180442.50,0.0100,0.214567,0.0138
DQN,456,453,40770,187165.00,0.0100,0.213621,0.0138
DQN,456,454,40860,179440.00,0.0100,0.222771,0.0138
DQN,456,455,40950,180562.50,0.0100,0.209785,0.0140
DQN,456,456,41040,181690.00,0.0100,0.209075,0.0139
DQN,456,457,41130,169490.00,0.0100,0.214934,0.0141
DQN,456,458,41220,174055.00,0.0100,0.214845,0.0141
DQN,456,459,41310,181812.50,0.0100,0.206543,0.0141
DQN,456,460,41400,180275.00,0.0100,0.211266,0.0141
DQN,456,461,41490,187190.00,0.0100,0.209597,0.0141
DQN,456,462,41580,172337.50,0.0100,0.204978,0.0140
DQN,456,463,41670,181727.50,0.0100,0.211195,0.0154
DQN,456,464,41760,175627.50,0.0100,0.207332,0.0145
DQN,456,465,41850,177195.00,0.0100,0.197495,0.0142
DQN,456,466,41940,174455.00,0.0100,0.198237,0.0142
DQN,456,467,42030,174760.00,0.0100,0.205042,0.0141
DQN,456,468,42120,172992.50,0.0100,0.202337,0.0141
DQN,456,469,42210,172027.50,0.0100,0.190602,0.0141
DQN,456,470,42300,184530.00,0.0100,0.199283,0.0142
DQN,456,471,42390,180055.00,0.0100,0.197560,0.0141
DQN,456,472,42480,172955.00,0.0100,0.198934,0.0141
DQN,456,473,42570,174877.50,0.0100,0.193477,0.0141
DQN,456,474,42660,183040.00,0.0100,0.194179,0.0141
DQN,456,475,42750,173677.50,0.0100,0.189719,0.0141
DQN,456,476,42840,176570.00,0.0100,0.186892,0.0141
DQN,456,477,42930,167627.50,0.0100,0.193393,0.0140
DQN,456,478,43020,178987.50,0.0100,0.195689,0.0141
DQN,456,479,43110,176905.00,0.0100,0.188699,0.0142
DQN,456,480,43200,185595.00,0.0100,0.189079,0.0141
DQN,456,481,43290,173267.50,0.0100,0.182288,0.0141
DQN,456,482,43380,178885.00,0.0100,0.187091,0.0140
DQN,456,483,43470,176517.50,0.0100,0.185728,0.0163
DQN,456,484,43560,186220.00,0.0100,0.185941,0.0131
DQN,456,485,43650,179632.50,0.0100,0.193862,0.0132
DQN,456,486,43740,187997.50,0.0100,0.189520,0.0160
DQN,456,487,43830,175315.00,0.0100,0.186012,0.0139
DQN,456,488,43920,177630.00,0.0100,0.194563,0.0139
DQN,456,489,44010,190347.50,0.0100,0.184754,0.0140
DQN,456,490,44100,166957.50,0.0100,0.201573,0.0141
DQN,456,491,44190,165805.00,0.0100,0.207193,0.0141
DQN,456,492,44280,168020.00,0.0100,0.202506,0.0140
DQN,456,493,44370,156842.50,0.0100,0.200458,0.0141
DQN,456,494,44460,168450.00,0.0100,0.200620,0.0141
DQN,456,495,44550,167282.50,0.0100,0.203974,0.0141
DQN,456,496,44640,178655.00,0.0100,0.196032,0.0141
DQN,456,497,44730,164945.00,0.0100,0.200084,0.0141
DQN,456,498,44820,164810.00,0.0100,0.192974,0.0141
DQN,456,499,44910,172625.00,0.0100,0.192805,0.0141
DQN,456,500,45000,172597.50,0.0100,0.189287,0.0157
DQN,789,1,90,-105225.00,0.9975,0.000000,0.0017
DQN,789,2,180,-41625.00,0.9950,0.000000,0.0004
DQN,789,3,270,-42790.00,0.9926,0.000000,0.0004
DQN,789,4,360,40210.00,0.9901,0.000000,0.0004
DQN,789,5,450,-45705.00,0.9876,0.000000,0.0004
DQN,789,6,540,42317.50,0.9851,3.342224,0.0063
DQN,789,7,630,-60797.50,0.9827,2.130379,0.0133
DQN,789,8,720,-70605.00,0.9802,1.102557,0.0132
DQN,789,9,810,-2272.50,0.9777,1.009559,0.0133
DQN,789,10,900,-31820.00,0.9752,0.947503,0.0124
DQN,789,11,990,-59872.50,0.9728,0.894179,0.0126
DQN,789,12,1080,-20055.00,0.9703,2.069904,0.0144
DQN,789,13,1170,15772.50,0.9678,0.860068,0.0157
DQN,789,14,1260,-80432.50,0.9654,0.836131,0.0122
DQN,789,15,1350,-57327.50,0.9629,0.820911,0.0130
DQN,789,16,1440,5425.00,0.9604,0.837416,0.0133
DQN,789,17,1530,-45867.50,0.9579,1.281802,0.0132
DQN,789,18,1620,-3897.50,0.9555,0.816685,0.0133
DQN,789,19,1710,27427.50,0.9530,0.778403,0.0134
DQN,789,20,1800,-35835.00,0.9505,0.732762,0.0134
DQN,789,21,1890,6042.50,0.9480,0.733884,0.0135
DQN,789,22,1980,-25865.00,0.9456,0.730937,0.0140
DQN,789,23,2070,-24077.50,0.9431,1.175325,0.0135
DQN,789,24,2160,36165.00,0.9406,0.785343,0.0135
DQN,789,25,2250,-73637.50,0.9381,0.760688,0.0135
DQN,789,26,2340,-58567.50,0.9356,0.760761,0.0136
DQN,789,27,2430,957.50,0.9332,0.727365,0.0135
DQN,789,28,2520,-138470.00,0.9307,1.028786,0.0135
DQN,789,29,2610,25622.50,0.9282,0.866249,0.0134
DQN,789,30,2700,1835.00,0.9257,0.802572,0.0135
DQN,789,31,2790,-107.50,0.9233,0.779808,0.0135
DQN,789,32,2880,-61475.00,0.9208,0.756896,0.0134
DQN,789,33,2970,-26655.00,0.9183,0.754913,0.0136
DQN,789,34,3060,-42705.00,0.9159,1.026610,0.0134
DQN,789,35,3150,24965.00,0.9134,0.791316,0.0135
DQN,789,36,3240,20707.50,0.9109,0.785142,0.0134
DQN,789,37,3330,-45855.00,0.9084,0.750818,0.0134
DQN,789,38,3420,-30472.50,0.9060,0.769181,0.0135
DQN,789,39,3510,-29960.00,0.9035,0.932757,0.0135
DQN,789,40,3600,-65685.00,0.9010,0.873354,0.0134
DQN,789,41,3690,6555.00,0.8985,0.771217,0.0134
DQN,789,42,3780,-17245.00,0.8961,0.758243,0.0135
DQN,789,43,3870,-66057.50,0.8936,0.757912,0.0142
DQN,789,44,3960,5482.50,0.8911,0.753568,0.0128
DQN,789,45,4050,39965.00,0.8886,0.952612,0.0123
DQN,789,46,4140,-40252.50,0.8861,0.769313,0.0123
DQN,789,47,4230,32847.50,0.8837,0.765026,0.0126
DQN,789,48,4320,11092.50,0.8812,0.744180,0.0125
DQN,789,49,4410,-15232.50,0.8787,0.736802,0.0156
DQN,789,50,4500,-20612.50,0.8762,0.756587,0.0128
DQN,789,51,4590,38970.00,0.8738,0.908714,0.0133
DQN,789,52,4680,-1830.00,0.8713,0.750565,0.0136
DQN,789,53,4770,-57245.00,0.8688,0.738361,0.0130
DQN,789,54,4860,93682.50,0.8663,0.719023,0.0133
DQN,789,55,4950,-3852.50,0.8639,0.713853,0.0133
DQN,789,56,5040,-19517.50,0.8614,0.865695,0.0134
DQN,789,57,5130,45945.00,0.8589,0.730668,0.0133
DQN,789,58,5220,63760.00,0.8565,0.737902,0.0135
DQN,789,59,5310,54190.00,0.8540,0.723685,0.0134
DQN,789,60,5400,34795.00,0.8515,0.722236,0.0135
DQN,789,61,5490,45940.00,0.8490,0.720398,0.0165
DQN,789,62,5580,-36195.00,0.8466,0.799672,0.0134
DQN,789,63,5670,19952.50,0.8441,0.691660,0.0137
DQN,789,64,5760,41777.50,0.8416,0.693312,0.0158
DQN,789,65,5850,43030.00,0.8391,0.696560,0.0139
DQN,789,66,5940,24700.00,0.8367,0.691931,0.0135
DQN,789,67,6030,38907.50,0.8342,0.748582,0.0153
DQN,789,68,6120,74182.50,0.8317,0.687305,0.0138
DQN,789,69,6210,44667.50,0.8292,0.664744,0.0135
DQN,789,70,6300,83792.50,0.8267,0.662858,0.0135
DQN,789,71,6390,-6877.50,0.8243,0.657172,0.0137
DQN,789,72,6480,28950.00,0.8218,0.644040,0.0135
DQN,789,73,6570,35105.00,0.8193,0.714864,0.0136
DQN,789,74,6660,-47177.50,0.8168,0.651038,0.0135
DQN,789,75,6750,-21625.00,0.8144,0.646628,0.0136
DQN,789,76,6840,24735.00,0.8119,0.640231,0.0135
DQN,789,77,6930,47967.50,0.8094,0.633808,0.0152
DQN,789,78,7020,32270.00,0.8070,0.661926,0.0126
DQN,789,79,7110,28652.50,0.8045,0.629445,0.0124
DQN,789,80,7200,34347.50,0.8020,0.642321,0.0124
DQN,789,81,7290,53362.50,0.7995,0.644234,0.0126
DQN,789,82,7380,40157.50,0.7971,0.632693,0.0127
DQN,789,83,7470,40475.00,0.7946,0.639199,0.0127
DQN,789,84,7560,81545.00,0.7921,0.630268,0.0126
DQN,789,85,7650,19072.50,0.7896,0.641973,0.0127
DQN,789,86,7740,20630.00,0.7872,0.629158,0.0126
DQN,789,87,7830,55510.00,0.7847,0.611765,0.0127
DQN,789,88,7920,63157.50,0.7822,0.632395,0.0127
DQN,789,89,8010,91242.50,0.7797,0.607993,0.0127
DQN,789,90,8100,53895.00,0.7772,0.629586,0.0126
DQN,789,91,8190,-2627.50,0.7748,0.626649,0.0128
DQN,789,92,8280,31877.50,0.7723,0.607164,0.0126
DQN,789,93,8370,49585.00,0.7698,0.605951,0.0127
DQN,789,94,8460,45377.50,0.7673,0.614649,0.0128
DQN,789,95,8550,108542.50,0.7649,0.615617,0.0128
DQN,789,96,8640,42755.00,0.7624,0.621618,0.0127
DQN,789,97,8730,100722.50,0.7599,0.636060,0.0128
DQN,789,98,8820,-2962.50,0.7574,0.626063,0.0128
DQN,789,99,8910,75905.00,0.7550,0.618846,0.0154
DQN,789,100,9000,70717.50,0.7525,0.633892,0.0128
DQN,789,101,9090,90755.00,0.7500,0.638749,0.0179
DQN,789,102,9180,13565.00,0.7475,0.646798,0.0164
DQN,789,103,9270,93045.00,0.7451,0.636317,0.0128
DQN,789,104,9360,12322.50,0.7426,0.633094,0.0131
DQN,789,105,9450,45997.50,0.7401,0.638387,0.0133
DQN,789,106,9540,78655.00,0.7376,0.617821,0.0134
DQN,789,107,9630,41665.00,0.7352,0.622718,0.0135
DQN,789,108,9720,69960.00,0.7327,0.625915,0.0135
DQN,789,109,9810,101352.50,0.7302,0.622724,0.0135
DQN,789,110,9900,66930.00,0.7278,0.629741,0.0142
DQN,789,111,9990,91747.50,0.7253,0.627948,0.0159
DQN,789,112,10080,67995.00,0.7228,0.641689,0.0137
DQN,789,113,10170,156510.00,0.7203,0.616402,0.0141
DQN,789,114,10260,109125.00,0.7179,0.647507,0.0127
DQN,789,115,10350,103722.50,0.7154,0.626189,0.0126
DQN,789,116,10440,21182.50,0.7129,0.632811,0.0125
DQN,789,117,10530,94137.50,0.7104,0.631623,0.0127
DQN,789,118,10620,83975.00,0.7080,0.620154,0.0127
DQN,789,119,10710,87980.00,0.7055,0.616884,0.0128
DQN,789,120,10800,64342.50,0.7030,0.602909,0.0128
DQN,789,121,10890,88232.50,0.7005,0.631692,0.0127
DQN,789,122,10980,75535.00,0.6981,0.620568,0.0127
DQN,789,123,11070,76782.50,0.6956,0.620546,0.0128
DQN,789,124,11160,109787.50,0.6931,0.626349,0.0127
DQN,789,125,11250,68017.50,0.6906,0.628252,0.0127
DQN,789,126,11340,14360.00,0.6882,0.617517,0.0127
DQN,789,127,11430,48637.50,0.6857,0.610006,0.0128
DQN,789,128,11520,140115.00,0.6832,0.609620,0.0127
DQN,789,129,11610,63680.00,0.6807,0.620597,0.0128
DQN,789,130,11700,125015.00,0.6783,0.616717,0.0129
DQN,789,131,11790,92385.00,0.6758,0.608842,0.0128
DQN,789,132,11880,148555.00,0.6733,0.607669,0.0129
DQN,789,133,11970,59015.00,0.6708,0.608707,0.0127
DQN,789,134,12060,136972.50,0.6683,0.597379,0.0128
DQN,789,135,12150,146420.00,0.6659,0.587261,0.0128
DQN,789,136,12240,132327.50,0.6634,0.603619,0.0129
DQN,789,137,12330,155475.00,0.6609,0.599466,0.0157
DQN,789,138,12420,104555.00,0.6584,0.602778,0.0131
DQN,789,139,12510,69790.00,0.6560,0.586756,0.0128
DQN,789,140,12600,136902.50,0.6535,0.603529,0.0128
DQN,789,141,12690,74570.00,0.6510,0.606977,0.0128
DQN,789,142,12780,129840.00,0.6485,0.614155,0.0128
DQN,789,143,12870,73490.00,0.6461,0.583951,0.0128
DQN,789,144,12960,73055.00,0.6436,0.594937,0.0128
DQN,789,145,13050,117212.50,0.6411,0.592791,0.0129
DQN,789,146,13140,134892.50,0.6386,0.580471,0.0129
DQN,789,147,13230,144150.00,0.6362,0.576282,0.0129
DQN,789,148,13320,105505.00,0.6337,0.575857,0.0128
DQN,789,149,13410,120417.50,0.6312,0.597739,0.0130
DQN,789,150,13500,154515.00,0.6288,0.579570,0.0128
DQN,789,151,13590,128477.50,0.6263,0.593966,0.0172
DQN,789,152,13680,79152.50,0.6238,0.587919,0.0142
DQN,789,153,13770,136095.00,0.6213,0.595470,0.0126
DQN,789,154,13860,130380.00,0.6189,0.602107,0.0128
DQN,789,155,13950,86040.00,0.6164,0.598641,0.0129
DQN,789,156,14040,95870.00,0.6139,0.575234,0.0130
DQN,789,157,14130,133182.50,0.6114,0.579823,0.0128
DQN,789,158,14220,132922.50,0.6089,0.582402,0.0128
DQN,789,159,14310,107677.50,0.6065,0.581730,0.0129
DQN,789,160,14400,171882.50,0.6040,0.575998,0.0129
DQN,789,161,14490,141900.00,0.6015,0.575639,0.0130
DQN,789,162,14580,70632.50,0.5990,0.579881,0.0129
DQN,789,163,14670,85862.50,0.5966,0.565757,0.0128
DQN,789,164,14760,97312.50,0.5941,0.578975,0.0129
DQN,789,165,14850,83102.50,0.5916,0.567455,0.0129
DQN,789,166,14940,71875.00,0.5892,0.572236,0.0129
DQN,789,167,15030,114827.50,0.5867,0.585519,0.0128
DQN,789,168,15120,147452.50,0.5842,0.562091,0.0130
DQN,789,169,15210,156175.00,0.5817,0.567776,0.0129
DQN,789,170,15300,159427.50,0.5793,0.563665,0.0129
DQN,789,171,15390,94620.00,0.5768,0.565785,0.0158
DQN,789,172,15480,100485.00,0.5743,0.571995,0.0127
DQN,789,173,15570,168142.50,0.5718,0.563389,0.0131
DQN,789,174,15660,152257.50,0.5694,0.570964,0.0133
DQN,789,175,15750,73112.50,0.5669,0.555873,0.0148
DQN,789,176,15840,140802.50,0.5644,0.551734,0.0128
DQN,789,177,15930,160522.50,0.5619,0.577561,0.0127
DQN,789,178,16020,136895.00,0.5595,0.561132,0.0129
DQN,789,179,16110,127805.00,0.5570,0.554242,0.0130
DQN,789,180,16200,146632.50,0.5545,0.548326,0.0129
DQN,789,181,16290,122817.50,0.5520,0.559034,0.0129
DQN,789,182,16380,138312.50,0.5495,0.536609,0.0129
DQN,789,183,16470,135345.00,0.5471,0.549614,0.0129
DQN,789,184,16560,152317.50,0.5446,0.550011,0.0132
DQN,789,185,16650,133722.50,0.5421,0.549963,0.0130
DQN,789,186,16740,165120.00,0.5396,0.555748,0.0130
DQN,789,187,16830,161592.50,0.5372,0.561031,0.0129
DQN,789,188,16920,150030.00,0.5347,0.555765,0.0129
DQN,789,189,17010,146462.50,0.5322,0.540762,0.0157
DQN,789,190,17100,144692.50,0.5297,0.550973,0.0156
DQN,789,191,17190,138187.50,0.5273,0.555289,0.0130
DQN,789,192,17280,157345.00,0.5248,0.534522,0.0132
DQN,789,193,17370,101165.00,0.5223,0.554945,0.0134
DQN,789,194,17460,106377.50,0.5199,0.532138,0.0134
DQN,789,195,17550,117150.00,0.5174,0.546365,0.0137
DQN,789,196,17640,170887.50,0.5149,0.545206,0.0138
DQN,789,197,17730,120965.00,0.5124,0.539157,0.0138
DQN,789,198,17820,156642.50,0.5100,0.524015,0.0136
DQN,789,199,17910,157255.00,0.5075,0.554140,0.0137
DQN,789,200,18000,104282.50,0.5050,0.532127,0.0154
DQN,789,201,18090,135425.00,0.5025,0.530635,0.0179
DQN,789,202,18180,164192.50,0.5000,0.519624,0.0135
DQN,789,203,18270,155022.50,0.4976,0.510223,0.0136
DQN,789,204,18360,158652.50,0.4951,0.508757,0.0137
DQN,789,205,18450,172580.00,0.4926,0.521371,0.0202
DQN,789,206,18540,152035.00,0.4901,0.516459,0.0196
DQN,789,207,18630,173925.00,0.4877,0.512132,0.0212
DQN,789,208,18720,156992.50,0.4852,0.519634,0.0143
DQN,789,209,18810,150835.00,0.4827,0.510619,0.0141
DQN,789,210,18900,169247.50,0.4802,0.490938,0.0153
DQN,789,211,18990,134847.50,0.4778,0.509944,0.0139
DQN,789,212,19080,166220.00,0.4753,0.510625,0.0136
DQN,789,213,19170,183030.00,0.4728,0.504145,0.0137
DQN,789,214,19260,173687.50,0.4703,0.499359,0.0137
DQN,789,215,19350,163917.50,0.4679,0.498101,0.0138
DQN,789,216,19440,155282.50,0.4654,0.498206,0.0139
DQN,789,217,19530,131660.00,0.4629,0.492278,0.0139
DQN,789,218,19620,127272.50,0.4604,0.498375,0.0139
DQN,789,219,19710,188010.00,0.4580,0.499707,0.0138
DQN,789,220,19800,147230.00,0.4555,0.505076,0.0163
DQN,789,221,19890,110420.00,0.4530,0.500931,0.0140
DQN,789,222,19980,172780.00,0.4506,0.488843,0.0139
DQN,789,223,20070,165165.00,0.4481,0.513991,0.0140
DQN,789,224,20160,156525.00,0.4456,0.492976,0.0139
DQN,789,225,20250,139510.00,0.4431,0.510883,0.0139
DQN,789,226,20340,114055.00,0.4407,0.509062,0.0138
DQN,789,227,20430,153635.00,0.4382,0.505606,0.0138
DQN,789,228,20520,161842.50,0.4357,0.501199,0.0138
DQN,789,229,20610,168277.50,0.4332,0.497253,0.0138
DQN,789,230,20700,177700.00,0.4308,0.505899,0.0139
DQN,789,231,20790,148882.50,0.4283,0.484957,0.0139
DQN,789,232,20880,156635.00,0.4258,0.496527,0.0139
DQN,789,233,20970,152237.50,0.4233,0.495081,0.0139
DQN,789,234,21060,157090.00,0.4209,0.508113,0.0139
DQN,789,235,21150,156962.50,0.4184,0.505994,0.0139
DQN,789,236,21240,165587.50,0.4159,0.504784,0.0140
DQN,789,237,21330,157940.00,0.4134,0.493039,0.0139
DQN,789,238,21420,175440.00,0.4110,0.485732,0.0139
DQN,789,239,21510,172217.50,0.4085,0.473147,0.0138
DQN,789,240,21600,154692.50,0.4060,0.486606,0.0139
DQN,789,241,21690,155920.00,0.4035,0.482607,0.0139
DQN,789,242,21780,140100.00,0.4011,0.463030,0.0158
DQN,789,243,21870,177490.00,0.3986,0.471691,0.0156
DQN,789,244,21960,181662.50,0.3961,0.485391,0.0142
DQN,789,245,22050,168567.50,0.3936,0.469140,0.0159
DQN,789,246,22140,172265.00,0.3911,0.454436,0.0154
DQN,789,247,22230,171007.50,0.3887,0.464917,0.0131
DQN,789,248,22320,172035.00,0.3862,0.460000,0.0126
DQN,789,249,22410,155995.00,0.3837,0.451960,0.0130
DQN,789,250,22500,149240.00,0.3812,0.463546,0.0129
DQN,789,251,22590,146385.00,0.3788,0.459008,0.0153
DQN,789,252,22680,156010.00,0.3763,0.455928,0.0138
DQN,789,253,22770,175437.50,0.3738,0.452816,0.0131
DQN,789,254,22860,179490.00,0.3713,0.464265,0.0131
DQN,789,255,22950,182395.00,0.3689,0.447339,0.0131
DQN,789,256,23040,179982.50,0.3664,0.458610,0.0131
DQN,789,257,23130,164502.50,0.3639,0.445891,0.0131
DQN,789,258,23220,159537.50,0.3614,0.441601,0.0129
DQN,789,259,23310,168052.50,0.3590,0.447892,0.0129
DQN,789,260,23400,163000.00,0.3565,0.452759,0.0131
DQN,789,261,23490,150297.50,0.3540,0.440997,0.0130
DQN,789,262,23580,160550.00,0.3516,0.433065,0.0130
DQN,789,263,23670,170660.00,0.3491,0.429210,0.0130
DQN,789,264,23760,179672.50,0.3466,0.442336,0.0130
DQN,789,265,23850,162770.00,0.3441,0.444685,0.0130
DQN,789,266,23940,168565.00,0.3417,0.426417,0.0130
DQN,789,267,24030,179500.00,0.3392,0.404750,0.0162
DQN,789,268,24120,187435.00,0.3367,0.438023,0.0132
DQN,789,269,24210,168715.00,0.3342,0.413389,0.0133
DQN,789,270,24300,174795.00,0.3317,0.422730,0.0135
DQN,789,271,24390,128867.50,0.3293,0.422977,0.0136
DQN,789,272,24480,152440.00,0.3268,0.418571,0.0137
DQN,789,273,24570,176892.50,0.3243,0.417366,0.0137
DQN,789,274,24660,152870.00,0.3218,0.407404,0.0137
DQN,789,275,24750,178322.50,0.3194,0.410315,0.0139
DQN,789,276,24840,166642.50,0.3169,0.417363,0.0170
DQN,789,277,24930,162705.00,0.3144,0.425259,0.0141
DQN,789,278,25020,169145.00,0.3120,0.402717,0.0139
DQN,789,279,25110,174762.50,0.3095,0.418146,0.0140
DQN,789,280,25200,163220.00,0.3070,0.410265,0.0138
DQN,789,281,25290,175715.00,0.3045,0.413356,0.0140
DQN,789,282,25380,170982.50,0.3021,0.399074,0.0139
DQN,789,283,25470,181010.00,0.2996,0.417825,0.0140
DQN,789,284,25560,178942.50,0.2971,0.404313,0.0139
DQN,789,285,25650,159750.00,0.2946,0.389982,0.0140
DQN,789,286,25740,165772.50,0.2922,0.399827,0.0139
DQN,789,287,25830,187207.50,0.2897,0.379124,0.0155
DQN,789,288,25920,162377.50,0.2872,0.395834,0.0141
DQN,789,289,26010,166740.00,0.2847,0.411801,0.0140
DQN,789,290,26100,168340.00,0.2823,0.373128,0.0140
DQN,789,291,26190,174790.00,0.2798,0.376872,0.0139
DQN,789,292,26280,154602.50,0.2773,0.383133,0.0139
DQN,789,293,26370,168372.50,0.2748,0.392100,0.0139
DQN,789,294,26460,180792.50,0.2723,0.380227,0.0158
DQN,789,295,26550,178175.00,0.2699,0.378229,0.0143
DQN,789,296,26640,167357.50,0.2674,0.372675,0.0141
DQN,789,297,26730,174642.50,0.2649,0.378327,0.0140
DQN,789,298,26820,143967.50,0.2624,0.370780,0.0140
DQN,789,299,26910,179315.00,0.2600,0.368690,0.0140
DQN,789,300,27000,156422.50,0.2575,0.358822,0.0151
DQN,789,301,27090,179207.50,0.2550,0.390417,0.0164
DQN,789,302,27180,167675.00,0.2526,0.358947,0.0232
DQN,789,303,27270,190825.00,0.2501,0.354418,0.0132
DQN,789,304,27360,178072.50,0.2476,0.358572,0.0128
DQN,789,305,27450,176247.50,0.2451,0.366165,0.0129
DQN,789,306,27540,179110.00,0.2427,0.360664,0.0129
DQN,789,307,27630,176297.50,0.2402,0.344806,0.0130
DQN,789,308,27720,180432.50,0.2377,0.351777,0.0132
DQN,789,309,27810,168917.50,0.2352,0.355140,0.0130
DQN,789,310,27900,169987.50,0.2328,0.347158,0.0131
DQN,789,311,27990,156765.00,0.2303,0.347703,0.0153
DQN,789,312,28080,169690.00,0.2278,0.337504,0.0138
DQN,789,313,28170,168765.00,0.2253,0.351452,0.0133
DQN,789,314,28260,185732.50,0.2228,0.359159,0.0133
DQN,789,315,28350,185590.00,0.2204,0.333148,0.0134
DQN,789,316,28440,175795.00,0.2179,0.342438,0.0155
DQN,789,317,28530,184332.50,0.2154,0.344437,0.0130
DQN,789,318,28620,179152.50,0.2129,0.333764,0.0128
DQN,789,319,28710,173815.00,0.2105,0.345996,0.0132
DQN,789,320,28800,183062.50,0.2080,0.335048,0.0130
DQN,789,321,28890,178465.00,0.2055,0.323907,0.0132
DQN,789,322,28980,172020.00,0.2030,0.319699,0.0130
DQN,789,323,29070,182195.00,0.2006,0.327537,0.0131
DQN,789,324,29160,165470.00,0.1981,0.334673,0.0131
DQN,789,325,29250,182750.00,0.1956,0.332313,0.0131
DQN,789,326,29340,190400.00,0.1932,0.327863,0.0130
DQN,789,327,29430,190982.50,0.1907,0.340473,0.0131
DQN,789,328,29520,181920.00,0.1882,0.338759,0.0132
DQN,789,329,29610,186575.00,0.1857,0.321309,0.0131
DQN,789,330,29700,163755.00,0.1833,0.309685,0.0131
DQN,789,331,29790,169275.00,0.1808,0.324285,0.0131
DQN,789,332,29880,167542.50,0.1783,0.322725,0.0131
DQN,789,333,29970,179625.00,0.1758,0.317945,0.0132
DQN,789,334,30060,183675.00,0.1734,0.319108,0.0131
DQN,789,335,30150,174052.50,0.1709,0.310157,0.0132
DQN,789,336,30240,172687.50,0.1684,0.297152,0.0131
DQN,789,337,30330,171820.00,0.1659,0.302562,0.0131
DQN,789,338,30420,158410.00,0.1634,0.307000,0.0132
DQN,789,339,30510,180152.50,0.1610,0.295606,0.0132
DQN,789,340,30600,175815.00,0.1585,0.319318,0.0133
DQN,789,341,30690,176497.50,0.1560,0.306189,0.0131
DQN,789,342,30780,170125.00,0.1536,0.289820,0.0132
DQN,789,343,30870,187812.50,0.1511,0.300533,0.0132
DQN,789,344,30960,176262.50,0.1486,0.295750,0.0132
DQN,789,345,31050,181885.00,0.1461,0.280980,0.0132
DQN,789,346,31140,165155.00,0.1437,0.292555,0.0131
DQN,789,347,31230,164287.50,0.1412,0.282530,0.0131
DQN,789,348,31320,175312.50,0.1387,0.290654,0.0131
DQN,789,349,31410,179002.50,0.1362,0.283259,0.0131
DQN,789,350,31500,185432.50,0.1338,0.286909,0.0131
DQN,789,351,31590,166072.50,0.1313,0.309961,0.0146
DQN,789,352,31680,182382.50,0.1288,0.287155,0.0132
DQN,789,353,31770,170297.50,0.1263,0.292046,0.0134
DQN,789,354,31860,175402.50,0.1239,0.291238,0.0134
DQN,789,355,31950,178837.50,0.1214,0.290574,0.0141
DQN,789,356,32040,176027.50,0.1189,0.283346,0.0128
DQN,789,357,32130,189080.00,0.1164,0.285420,0.0129
DQN,789,358,32220,175505.00,0.1139,0.267791,0.0133
DQN,789,359,32310,178485.00,0.1115,0.285303,0.0133
DQN,789,360,32400,181415.00,0.1090,0.269642,0.0135
DQN,789,361,32490,176677.50,0.1065,0.275115,0.0136
DQN,789,362,32580,163617.50,0.1040,0.268611,0.0135
DQN,789,363,32670,164300.00,0.1016,0.277556,0.0136
DQN,789,364,32760,173255.00,0.0991,0.277432,0.0136
DQN,789,365,32850,174415.00,0.0966,0.264955,0.0135
DQN,789,366,32940,166405.00,0.0941,0.270982,0.0137
DQN,789,367,33030,166675.00,0.0917,0.267354,0.0136
DQN,789,368,33120,179152.50,0.0892,0.246888,0.0135
DQN,789,369,33210,182735.00,0.0867,0.248713,0.0136
DQN,789,370,33300,185402.50,0.0842,0.245449,0.0155
DQN,789,371,33390,175152.50,0.0818,0.242407,0.0130
DQN,789,372,33480,179100.00,0.0793,0.241613,0.0130
DQN,789,373,33570,178335.00,0.0768,0.239010,0.0130
DQN,789,374,33660,182890.00,0.0743,0.236317,0.0130
DQN,789,375,33750,184782.50,0.0719,0.234353,0.0153
DQN,789,376,33840,176735.00,0.0694,0.230863,0.0133
DQN,789,377,33930,169615.00,0.0669,0.240629,0.0135
DQN,789,378,34020,174687.50,0.0645,0.249280,0.0134
DQN,789,379,34110,180715.00,0.0620,0.225353,0.0135
DQN,789,380,34200,161815.00,0.0595,0.232888,0.0136
DQN,789,381,34290,172340.00,0.0570,0.229714,0.0136
DQN,789,382,34380,172887.50,0.0546,0.236542,0.0136
DQN,789,383,34470,185585.00,0.0521,0.230754,0.0136
DQN,789,384,34560,167035.00,0.0496,0.231179,0.0135
DQN,789,385,34650,175702.50,0.0471,0.231507,0.0136
DQN,789,386,34740,187090.00,0.0447,0.236225,0.0137
DQN,789,387,34830,181950.00,0.0422,0.230723,0.0157
DQN,789,388,34920,187037.50,0.0397,0.220006,0.0133
DQN,789,389,35010,182917.50,0.0372,0.218991,0.0135
DQN,789,390,35100,171952.50,0.0348,0.222976,0.0137
DQN,789,391,35190,180930.00,0.0323,0.216268,0.0137
DQN,789,392,35280,181547.50,0.0298,0.221856,0.0138
DQN,789,393,35370,187262.50,0.0273,0.213798,0.0138
DQN,789,394,35460,174355.00,0.0249,0.218612,0.0139
DQN,789,395,35550,180510.00,0.0224,0.217569,0.0140
DQN,789,396,35640,173217.50,0.0199,0.221376,0.0139
DQN,789,397,35730,183357.50,0.0174,0.224313,0.0139
DQN,789,398,35820,178425.00,0.0150,0.205269,0.0145
DQN,789,399,35910,186415.00,0.0125,0.210891,0.0143
DQN,789,400,36000,178345.00,0.0100,0.212818,0.0141
DQN,789,401,36090,174520.00,0.0100,0.233106,0.0159
DQN,789,402,36180,169727.50,0.0100,0.218233,0.0143
DQN,789,403,36270,180975.00,0.0100,0.215557,0.0141
DQN,789,404,36360,179325.00,0.0100,0.212117,0.0141
DQN,789,405,36450,173307.50,0.0100,0.218259,0.0141
DQN,789,406,36540,178307.50,0.0100,0.211551,0.0141
DQN,789,407,36630,178047.50,0.0100,0.210776,0.0141
DQN,789,408,36720,175035.00,0.0100,0.207361,0.0141
DQN,789,409,36810,173465.00,0.0100,0.211060,0.0142
DQN,789,410,36900,186935.00,0.0100,0.203555,0.0174
DQN,789,411,36990,189072.50,0.0100,0.203734,0.0133
DQN,789,412,37080,181975.00,0.0100,0.205954,0.0128
DQN,789,413,37170,171250.00,0.0100,0.205704,0.0130
DQN,789,414,37260,173457.50,0.0100,0.198292,0.0131
DQN,789,415,37350,175002.50,0.0100,0.202639,0.0141
DQN,789,416,37440,171187.50,0.0100,0.203917,0.0131
DQN,789,417,37530,179657.50,0.0100,0.204882,0.0131
DQN,789,418,37620,172065.00,0.0100,0.189982,0.0131
DQN,789,419,37710,177830.00,0.0100,0.187161,0.0131
DQN,789,420,37800,190107.50,0.0100,0.197235,0.0132
DQN,789,421,37890,174230.00,0.0100,0.197705,0.0132
DQN,789,422,37980,181347.50,0.0100,0.189570,0.0131
DQN,789,423,38070,178757.50,0.0100,0.194267,0.0132
DQN,789,424,38160,179892.50,0.0100,0.206899,0.0131
DQN,789,425,38250,179900.00,0.0100,0.191897,0.0137
DQN,789,426,38340,175407.50,0.0100,0.195864,0.0133
DQN,789,427,38430,182037.50,0.0100,0.192157,0.0132
DQN,789,428,38520,169462.50,0.0100,0.204633,0.0131
DQN,789,429,38610,171672.50,0.0100,0.201172,0.0133
DQN,789,430,38700,172872.50,0.0100,0.200130,0.0131
DQN,789,431,38790,178287.50,0.0100,0.196130,0.0132
DQN,789,432,38880,163547.50,0.0100,0.198524,0.0163
DQN,789,433,38970,162977.50,0.0100,0.199798,0.0131
DQN,789,434,39060,171757.50,0.0100,0.186105,0.0134
DQN,789,435,39150,181737.50,0.0100,0.185729,0.0134
DQN,789,436,39240,181602.50,0.0100,0.195068,0.0134
DQN,789,437,39330,176882.50,0.0100,0.193328,0.0164
DQN,789,438,39420,173652.50,0.0100,0.193059,0.0129
DQN,789,439,39510,171575.00,0.0100,0.189707,0.0133
DQN,789,440,39600,175290.00,0.0100,0.190495,0.0136
DQN,789,441,39690,164380.00,0.0100,0.186945,0.0138
DQN,789,442,39780,176645.00,0.0100,0.186689,0.0139
DQN,789,443,39870,174960.00,0.0100,0.187179,0.0138
DQN,789,444,39960,177880.00,0.0100,0.185440,0.0139
DQN,789,445,40050,175662.50,0.0100,0.178752,0.0139
DQN,789,446,40140,181520.00,0.0100,0.165995,0.0139
DQN,789,447,40230,174432.50,0.0100,0.168002,0.0140
DQN,789,448,40320,174515.00,0.0100,0.164895,0.0140
DQN,789,449,40410,178175.00,0.0100,0.175952,0.0140
DQN,789,450,40500,179347.50,0.0100,0.172558,0.0140
DQN,789,451,40590,175435.00,0.0100,0.178384,0.0160
DQN,789,452,40680,170035.00,0.0100,0.176241,0.0133
DQN,789,453,40770,179037.50,0.0100,0.172816,0.0134
DQN,789,454,40860,179522.50,0.0100,0.177253,0.0132
DQN,789,455,40950,170742.50,0.0100,0.182610,0.0145
DQN,789,456,41040,185285.00,0.0100,0.171547,0.0137
DQN,789,457,41130,184355.00,0.0100,0.176422,0.0168
DQN,789,458,41220,173347.50,0.0100,0.174438,0.0130
DQN,789,459,41310,180632.50,0.0100,0.176025,0.0134
DQN,789,460,41400,175715.00,0.0100,0.173883,0.0138
DQN,789,461,41490,167442.50,0.0100,0.175051,0.0139
DQN,789,462,41580,176250.00,0.0100,0.164981,0.0139
DQN,789,463,41670,178277.50,0.0100,0.165607,0.0161
DQN,789,464,41760,183160.00,0.0100,0.164582,0.0145
DQN,789,465,41850,181007.50,0.0100,0.160561,0.0139
DQN,789,466,41940,171142.50,0.0100,0.164624,0.0136
DQN,789,467,42030,187525.00,0.0100,0.162824,0.0139
DQN,789,468,42120,173767.50,0.0100,0.175559,0.0140
DQN,789,469,42210,182070.00,0.0100,0.167832,0.0140
DQN,789,470,42300,182215.00,0.0100,0.170017,0.0140
DQN,789,471,42390,177382.50,0.0100,0.168221,0.0140
DQN,789,472,42480,175010.00,0.0100,0.167191,0.0139
DQN,789,473,42570,167497.50,0.0100,0.170347,0.0140
DQN,789,474,42660,177287.50,0.0100,0.160788,0.0140
DQN,789,475,42750,181625.00,0.0100,0.157350,0.0141
DQN,789,476,42840,173242.50,0.0100,0.161211,0.0142
DQN,789,477,42930,180907.50,0.0100,0.162439,0.0140
DQN,789,478,43020,175025.00,0.0100,0.153069,0.0141
DQN,789,479,43110,178925.00,0.0100,0.147888,0.0141
DQN,789,480,43200,179690.00,0.0100,0.146957,0.0141
DQN,789,481,43290,184047.50,0.0100,0.147466,0.0141
DQN,789,482,43380,182340.00,0.0100,0.152203,0.0141
DQN,789,483,43470,191052.50,0.0100,0.146666,0.0140
DQN,789,484,43560,186740.00,0.0100,0.157039,0.0141
DQN,789,485,43650,186667.50,0.0100,0.155627,0.0169
DQN,789,486,43740,182032.50,0.0100,0.159927,0.0134
DQN,789,487,43830,179150.00,0.0100,0.158281,0.0139
DQN,789,488,43920,186657.50,0.0100,0.159344,0.0139
DQN,789,489,44010,179257.50,0.0100,0.159230,0.0141
DQN,789,490,44100,179270.00,0.0100,0.162012,0.0141
DQN,789,491,44190,168840.00,0.0100,0.160753,0.0141
DQN,789,492,44280,176057.50,0.0100,0.156082,0.0141
DQN,789,493,44370,178747.50,0.0100,0.151814,0.0140
DQN,789,494,44460,180222.50,0.0100,0.161043,0.0141
DQN,789,495,44550,178575.00,0.0100,0.156863,0.0142
DQN,789,496,44640,167952.50,0.0100,0.166341,0.0140
DQN,789,497,44730,181997.50,0.0100,0.158842,0.0142
DQN,789,498,44820,175427.50,0.0100,0.157841,0.0140
DQN,789,499,44910,170407.50,0.0100,0.157167,0.0140
DQN,789,500,45000,175730.00,0.0100,0.157563,0.0141
DQN,1024,1,90,-28135.00,0.9975,0.000000,0.0006
DQN,1024,2,180,-19625.00,0.9950,0.000000,0.0006
DQN,1024,3,270,-82372.50,0.9926,0.000000,0.0004
DQN,1024,4,360,-42492.50,0.9901,0.000000,0.0004
DQN,1024,5,450,-42485.00,0.9876,0.000000,0.0004
DQN,1024,6,540,-45732.50,0.9851,3.307908,0.0058
DQN,1024,7,630,46437.50,0.9827,2.166190,0.0125
DQN,1024,8,720,-47542.50,0.9802,1.053219,0.0124
DQN,1024,9,810,-21455.00,0.9777,0.992828,0.0124
DQN,1024,10,900,-38030.00,0.9752,0.955745,0.0124
DQN,1024,11,990,-27160.00,0.9728,0.944092,0.0126
DQN,1024,12,1080,-14262.50,0.9703,1.827294,0.0125
DQN,1024,13,1170,-80632.50,0.9678,0.880235,0.0126
DQN,1024,14,1260,-2080.00,0.9654,0.809870,0.0157
DQN,1024,15,1350,-60130.00,0.9629,0.812403,0.0135
DQN,1024,16,1440,-94235.00,0.9604,0.801570,0.0129
DQN,1024,17,1530,-25917.50,0.9579,1.267558,0.0129
DQN,1024,18,1620,-73250.00,0.9555,0.812057,0.0129
DQN,1024,19,1710,-52230.00,0.9530,0.779913,0.0130
DQN,1024,20,1800,-45340.00,0.9505,0.749283,0.0130
DQN,1024,21,1890,45075.00,0.9480,0.735237,0.0130
DQN,1024,22,1980,-163137.50,0.9456,0.726313,0.0130
DQN,1024,23,2070,45120.00,0.9431,1.155931,0.0130
DQN,1024,24,2160,36235.00,0.9406,0.770431,0.0140
DQN,1024,25,2250,36205.00,0.9381,0.726370,0.0126
DQN,1024,26,2340,9892.50,0.9356,0.728220,0.0125
DQN,1024,27,2430,12600.00,0.9332,0.689889,0.0125
DQN,1024,28,2520,47440.00,0.9307,1.029834,0.0126
DQN,1024,29,2610,-37980.00,0.9282,0.770980,0.0126
DQN,1024,30,2700,-5045.00,0.9257,0.731605,0.0126
DQN,1024,31,2790,-43485.00,0.9233,0.712013,0.0126
DQN,1024,32,2880,-103707.50,0.9208,0.685827,0.0126
DQN,1024,33,2970,12047.50,0.9183,0.690285,0.0127
DQN,1024,34,3060,-30947.50,0.9159,1.019621,0.0126
DQN,1024,35,3150,7337.50,0.9134,0.747767,0.0127
DQN,1024,36,3240,-17162.50,0.9109,0.714641,0.0126
DQN,1024,37,3330,-43752.50,0.9084,0.723880,0.0127
DQN,1024,38,3420,3727.50,0.9060,0.711433,0.0126
DQN,1024,39,3510,-98040.00,0.9035,0.854661,0.0128
DQN,1024,40,3600,64447.50,0.9010,0.839347,0.0127
DQN,1024,41,3690,-23960.00,0.8985,0.744879,0.0128
DQN,1024,42,3780,-19445.00,0.8961,0.729395,0.0129
DQN,1024,43,3870,-62405.00,0.8936,0.717959,0.0127
DQN,1024,44,3960,-25842.50,0.8911,0.718048,0.0127
DQN,1024,45,4050,24292.50,0.8886,0.932281,0.0128
DQN,1024,46,4140,-61532.50,0.8861,0.753677,0.0127
DQN,1024,47,4230,14305.00,0.8837,0.752137,0.0128
DQN,1024,48,4320,-22427.50,0.8812,0.728988,0.0128
DQN,1024,49,4410,45325.00,0.8787,0.716032,0.0128
DQN,1024,50,4500,45355.00,0.8762,0.753255,0.0128
DQN,1024,51,4590,-11750.00,0.8738,0.895052,0.0144
DQN,1024,52,4680,-19322.50,0.8713,0.761632,0.0136
DQN,1024,53,4770,21515.00,0.8688,0.749217,0.0125
DQN,1024,54,4860,14962.50,0.8663,0.735839,0.0126
DQN,1024,55,4950,3192.50,0.8639,0.734016,0.0127
DQN,1024,56,5040,67107.50,0.8614,0.868830,0.0148
DQN,1024,57,5130,28810.00,0.8589,0.786277,0.0149
DQN,1024,58,5220,53992.50,0.8565,0.766445,0.0128
DQN,1024,59,5310,71807.50,0.8540,0.742215,0.0129
DQN,1024,60,5400,-8572.50,0.8515,0.739571,0.0129
DQN,1024,61,5490,144627.50,0.8490,0.738605,0.0131
DQN,1024,62,5580,8467.50,0.8466,0.846622,0.0131
DQN,1024,63,5670,32720.00,0.8441,0.762399,0.0132
DQN,1024,64,5760,-99557.50,0.8416,0.745664,0.0131
DQN,1024,65,5850,41355.00,0.8391,0.742457,0.0131
DQN,1024,66,5940,108027.50,0.8367,0.753991,0.0132
DQN,1024,67,6030,34277.50,0.8342,0.824733,0.0131
DQN,1024,68,6120,56825.00,0.8317,0.738473,0.0172
DQN,1024,69,6210,76317.50,0.8292,0.716843,0.0134
DQN,1024,70,6300,91630.00,0.8267,0.719893,0.0125
DQN,1024,71,6390,-22890.00,0.8243,0.740296,0.0125
DQN,1024,72,6480,-12920.00,0.8218,0.722677,0.0126
DQN,1024,73,6570,-3992.50,0.8193,0.758967,0.0128
DQN,1024,74,6660,73937.50,0.8168,0.688378,0.0127
DQN,1024,75,6750,76752.50,0.8144,0.697601,0.0127
DQN,1024,76,6840,48152.50,0.8119,0.687372,0.0127
DQN,1024,77,6930,-55147.50,0.8094,0.692751,0.0128
DQN,1024,78,7020,-5232.50,0.8070,0.741158,0.0127
DQN,1024,79,7110,45137.50,0.8045,0.663181,0.0128
DQN,1024,80,7200,28565.00,0.8020,0.662179,0.0128
DQN,1024,81,7290,62987.50,0.7995,0.662389,0.0128
DQN,1024,82,7380,66252.50,0.7971,0.675915,0.0128
DQN,1024,83,7470,62155.00,0.7946,0.668127,0.0128
DQN,1024,84,7560,44165.00,0.7921,0.677745,0.0128
DQN,1024,85,7650,91830.00,0.7896,0.638552,0.0129
DQN,1024,86,7740,101155.00,0.7872,0.646283,0.0128
DQN,1024,87,7830,31200.00,0.7847,0.635749,0.0128
DQN,1024,88,7920,-12217.50,0.7822,0.643603,0.0128
DQN,1024,89,8010,74685.00,0.7797,0.626349,0.0129
DQN,1024,90,8100,71657.50,0.7772,0.627595,0.0128
DQN,1024,91,8190,44132.50,0.7748,0.620434,0.0129
DQN,1024,92,8280,57132.50,0.7723,0.620439,0.0128
DQN,1024,93,8370,75857.50,0.7698,0.648298,0.0129
DQN,1024,94,8460,53262.50,0.7673,0.624525,0.0129
DQN,1024,95,8550,29255.00,0.7649,0.627128,0.0128
DQN,1024,96,8640,53727.50,0.7624,0.610735,0.0130
DQN,1024,97,8730,4320.00,0.7599,0.591817,0.0128
DQN,1024,98,8820,13705.00,0.7574,0.601129,0.0128
DQN,1024,99,8910,35035.00,0.7550,0.606209,0.0135
DQN,1024,100,9000,24922.50,0.7525,0.606986,0.0130
DQN,1024,101,9090,140680.00,0.7500,0.607220,0.0159
DQN,1024,102,9180,32952.50,0.7475,0.603311,0.0137
DQN,1024,103,9270,50742.50,0.7451,0.613062,0.0135
DQN,1024,104,9360,53342.50,0.7426,0.594569,0.0130
DQN,1024,105,9450,69567.50,0.7401,0.590816,0.0130
DQN,1024,106,9540,90917.50,0.7376,0.577750,0.0131
DQN,1024,107,9630,49117.50,0.7352,0.587656,0.0131
DQN,1024,108,9720,32857.50,0.7327,0.587868,0.0131
DQN,1024,109,9810,91775.00,0.7302,0.583060,0.0132
DQN,1024,110,9900,-33160.00,0.7278,0.589662,0.0133
DQN,1024,111,9990,126817.50,0.7253,0.582778,0.0134
DQN,1024,112,10080,87350.00,0.7228,0.619617,0.0132
DQN,1024,113,10170,22757.50,0.7203,0.603065,0.0132
DQN,1024,114,10260,83747.50,0.7179,0.580855,0.0133
DQN,1024,115,10350,-7812.50,0.7154,0.614973,0.0132
DQN,1024,116,10440,69877.50,0.7129,0.608064,0.0159
DQN,1024,117,10530,-4297.50,0.7104,0.605406,0.0125
DQN,1024,118,10620,50012.50,0.7080,0.595682,0.0130
DQN,1024,119,10710,78130.00,0.7055,0.602307,0.0132
DQN,1024,120,10800,132092.50,0.7030,0.599279,0.0134
DQN,1024,121,10890,160515.00,0.7005,0.603366,0.0135
DQN,1024,122,10980,87612.50,0.6981,0.593522,0.0135
DQN,1024,123,11070,80527.50,0.6956,0.599884,0.0136
DQN,1024,124,11160,64935.00,0.6931,0.608635,0.0136
DQN,1024,125,11250,116597.50,0.6906,0.597999,0.0161
DQN,1024,126,11340,24252.50,0.6882,0.623088,0.0160
DQN,1024,127,11430,-4095.00,0.6857,0.600635,0.0140
DQN,1024,128,11520,93847.50,0.6832,0.613515,0.0131
DQN,1024,129,11610,125267.50,0.6807,0.607107,0.0131
DQN,1024,130,11700,77162.50,0.6783,0.617683,0.0131
DQN,1024,131,11790,83890.00,0.6758,0.635856,0.0132
DQN,1024,132,11880,142662.50,0.6733,0.595949,0.0132
DQN,1024,133,11970,150617.50,0.6708,0.604574,0.0133
DQN,1024,134,12060,79550.00,0.6683,0.592603,0.0132
DQN,1024,135,12150,42282.50,0.6659,0.606353,0.0134
DQN,1024,136,12240,73545.00,0.6634,0.597369,0.0133
DQN,1024,137,12330,102842.50,0.6609,0.592479,0.0133
DQN,1024,138,12420,116192.50,0.6584,0.609443,0.0137
DQN,1024,139,12510,163907.50,0.6560,0.600028,0.0134
DQN,1024,140,12600,70070.00,0.6535,0.612086,0.0133
DQN,1024,141,12690,115392.50,0.6510,0.577585,0.0134
DQN,1024,142,12780,111712.50,0.6485,0.611500,0.0133
DQN,1024,143,12870,122032.50,0.6461,0.609089,0.0133
DQN,1024,144,12960,177327.50,0.6436,0.606598,0.0134
DQN,1024,145,13050,118067.50,0.6411,0.593493,0.0134
DQN,1024,146,13140,101420.00,0.6386,0.591417,0.0134
DQN,1024,147,13230,71485.00,0.6362,0.584733,0.0133
DQN,1024,148,13320,89245.00,0.6337,0.570255,0.0133
DQN,1024,149,13410,99325.00,0.6312,0.573336,0.0133
DQN,1024,150,13500,104810.00,0.6288,0.569968,0.0134
DQN,1024,151,13590,122080.00,0.6263,0.575556,0.0138
DQN,1024,152,13680,82152.50,0.6238,0.578292,0.0134
DQN,1024,153,13770,3375.00,0.6213,0.577834,0.0144
DQN,1024,154,13860,114912.50,0.6189,0.569605,0.0136
DQN,1024,155,13950,158797.50,0.6164,0.554518,0.0131
DQN,1024,156,14040,135447.50,0.6139,0.547176,0.0134
DQN,1024,157,14130,166585.00,0.6114,0.562241,0.0136
DQN,1024,158,14220,85085.00,0.6089,0.559080,0.0136
DQN,1024,159,14310,152062.50,0.6065,0.564886,0.0136
DQN,1024,160,14400,103890.00,0.6040,0.552322,0.0137
DQN,1024,161,14490,124910.00,0.6015,0.562144,0.0157
DQN,1024,162,14580,77350.00,0.5990,0.589080,0.0132
DQN,1024,163,14670,139160.00,0.5966,0.560152,0.0133
DQN,1024,164,14760,137780.00,0.5941,0.579432,0.0136
DQN,1024,165,14850,97777.50,0.5916,0.541924,0.0132
DQN,1024,166,14940,113805.00,0.5892,0.563735,0.0135
DQN,1024,167,15030,141872.50,0.5867,0.566571,0.0132
DQN,1024,168,15120,127690.00,0.5842,0.582997,0.0133
DQN,1024,169,15210,171790.00,0.5817,0.561198,0.0153
DQN,1024,170,15300,129887.50,0.5793,0.569504,0.0131
DQN,1024,171,15390,132962.50,0.5768,0.554394,0.0135
DQN,1024,172,15480,127737.50,0.5743,0.550023,0.0136
DQN,1024,173,15570,130932.50,0.5718,0.562367,0.0137
DQN,1024,174,15660,129317.50,0.5694,0.546075,0.0137
DQN,1024,175,15750,141412.50,0.5669,0.536227,0.0137
DQN,1024,176,15840,133605.00,0.5644,0.550238,0.0138
DQN,1024,177,15930,185255.00,0.5619,0.529981,0.0139
DQN,1024,178,16020,67872.50,0.5595,0.543364,0.0137
DQN,1024,179,16110,106137.50,0.5570,0.532163,0.0138
DQN,1024,180,16200,129310.00,0.5545,0.525149,0.0138
DQN,1024,181,16290,146992.50,0.5520,0.555674,0.0138
DQN,1024,182,16380,142065.00,0.5495,0.554427,0.0139
DQN,1024,183,16470,104185.00,0.5471,0.545399,0.0138
DQN,1024,184,16560,151467.50,0.5446,0.544751,0.0139
DQN,1024,185,16650,133770.00,0.5421,0.545772,0.0139
DQN,1024,186,16740,140417.50,0.5396,0.546036,0.0139
DQN,1024,187,16830,101897.50,0.5372,0.560960,0.0138
DQN,1024,188,16920,122737.50,0.5347,0.551666,0.0149
DQN,1024,189,17010,131007.50,0.5322,0.552662,0.0131
DQN,1024,190,17100,177937.50,0.5297,0.568378,0.0132
DQN,1024,191,17190,153080.00,0.5273,0.536161,0.0133
DQN,1024,192,17280,189110.00,0.5248,0.559923,0.0134
DQN,1024,193,17370,169680.00,0.5223,0.548015,0.0134
DQN,1024,194,17460,135970.00,0.5199,0.550649,0.0133
DQN,1024,195,17550,150742.50,0.5174,0.540615,0.0137
DQN,1024,196,17640,130145.00,0.5149,0.563391,0.0134
DQN,1024,197,17730,129997.50,0.5124,0.549310,0.0135
DQN,1024,198,17820,135030.00,0.5100,0.547254,0.0136
DQN,1024,199,17910,112440.00,0.5075,0.551445,0.0134
DQN,1024,200,18000,130750.00,0.5050,0.553709,0.0136
DQN,1024,201,18090,160640.00,0.5025,0.540417,0.0142
DQN,1024,202,18180,144125.00,0.5000,0.535796,0.0129
DQN,1024,203,18270,163160.00,0.4976,0.520700,0.0129
DQN,1024,204,18360,148490.00,0.4951,0.542398,0.0130
DQN,1024,205,18450,169320.00,0.4926,0.538181,0.0129
DQN,1024,206,18540,141440.00,0.4901,0.539296,0.0131
DQN,1024,207,18630,140332.50,0.4877,0.539931,0.0129
DQN,1024,208,18720,123200.00,0.4852,0.529925,0.0131
DQN,1024,209,18810,141087.50,0.4827,0.525576,0.0130
DQN,1024,210,18900,167152.50,0.4802,0.515344,0.0130
DQN,1024,211,18990,125522.50,0.4778,0.520483,0.0131
DQN,1024,212,19080,173667.50,0.4753,0.516678,0.0130
DQN,1024,213,19170,156885.00,0.4728,0.538353,0.0132
DQN,1024,214,19260,157782.50,0.4703,0.537279,0.0130
DQN,1024,215,19350,129915.00,0.4679,0.510113,0.0131
DQN,1024,216,19440,160130.00,0.4654,0.516469,0.0130
DQN,1024,217,19530,139050.00,0.4629,0.535773,0.0130
DQN,1024,218,19620,150975.00,0.4604,0.534702,0.0132
DQN,1024,219,19710,165190.00,0.4580,0.535753,0.0132
DQN,1024,220,19800,159502.50,0.4555,0.509896,0.0131
DQN,1024,221,19890,142705.00,0.4530,0.530165,0.0131
DQN,1024,222,19980,156095.00,0.4506,0.503978,0.0131
DQN,1024,223,20070,159540.00,0.4481,0.509438,0.0132
DQN,1024,224,20160,160885.00,0.4456,0.528588,0.0131
DQN,1024,225,20250,144455.00,0.4431,0.501759,0.0130
DQN,1024,226,20340,166440.00,0.4407,0.512914,0.0131
DQN,1024,227,20430,172312.50,0.4382,0.506330,0.0144
DQN,1024,228,20520,171320.00,0.4357,0.500643,0.0133
DQN,1024,229,20610,163362.50,0.4332,0.504290,0.0136
DQN,1024,230,20700,150072.50,0.4308,0.507092,0.0137
DQN,1024,231,20790,148940.00,0.4283,0.504938,0.0137
DQN,1024,232,20880,169302.50,0.4258,0.484894,0.0138
DQN,1024,233,20970,160222.50,0.4233,0.506132,0.0139
DQN,1024,234,21060,172795.00,0.4209,0.513623,0.0139
DQN,1024,235,21150,182300.00,0.4184,0.498887,0.0139
DQN,1024,236,21240,151820.00,0.4159,0.490837,0.0139
DQN,1024,237,21330,176237.50,0.4134,0.492776,0.0139
DQN,1024,238,21420,160420.00,0.4110,0.485028,0.0170
DQN,1024,239,21510,133230.00,0.4085,0.475408,0.0129
DQN,1024,240,21600,156912.50,0.4060,0.475524,0.0127
DQN,1024,241,21690,140192.50,0.4035,0.474131,0.0131
DQN,1024,242,21780,181405.00,0.4011,0.475616,0.0130
DQN,1024,243,21870,174380.00,0.3986,0.467888,0.0130
DQN,1024,244,21960,170157.50,0.3961,0.470500,0.0129
DQN,1024,245,22050,155667.50,0.3936,0.474692,0.0130
DQN,1024,246,22140,180472.50,0.3911,0.478117,0.0131
DQN,1024,247,22230,154605.00,0.3887,0.467635,0.0131
DQN,1024,248,22320,156600.00,0.3862,0.463416,0.0131
DQN,1024,249,22410,123602.50,0.3837,0.469416,0.0131
DQN,1024,250,22500,180722.50,0.3812,0.475407,0.0131
DQN,1024,251,22590,162747.50,0.3788,0.470568,0.0152
DQN,1024,252,22680,173907.50,0.3763,0.446002,0.0132
DQN,1024,253,22770,180422.50,0.3738,0.479460,0.0132
DQN,1024,254,22860,162005.00,0.3713,0.470958,0.0133
DQN,1024,255,22950,153145.00,0.3689,0.451052,0.0133
DQN,1024,256,23040,179222.50,0.3664,0.459839,0.0133
DQN,1024,257,23130,175585.00,0.3639,0.486376,0.0135
DQN,1024,258,23220,165687.50,0.3614,0.468701,0.0134
DQN,1024,259,23310,169967.50,0.3590,0.464302,0.0134
DQN,1024,260,23400,176897.50,0.3565,0.463301,0.0135
DQN,1024,261,23490,145747.50,0.3540,0.447448,0.0151
DQN,1024,262,23580,162715.00,0.3516,0.468009,0.0134
DQN,1024,263,23670,163625.00,0.3491,0.454090,0.0135
DQN,1024,264,23760,184035.00,0.3466,0.432360,0.0136
DQN,1024,265,23850,173190.00,0.3441,0.432375,0.0138
DQN,1024,266,23940,161220.00,0.3417,0.431400,0.0139
DQN,1024,267,24030,180605.00,0.3392,0.441371,0.0139
DQN,1024,268,24120,160697.50,0.3367,0.439051,0.0140
DQN,1024,269,24210,169740.00,0.3342,0.436091,0.0140
DQN,1024,270,24300,170972.50,0.3317,0.438697,0.0139
DQN,1024,271,24390,183975.00,0.3293,0.417502,0.0140
DQN,1024,272,24480,159135.00,0.3268,0.429900,0.0170
DQN,1024,273,24570,167582.50,0.3243,0.423282,0.0132
DQN,1024,274,24660,171297.50,0.3218,0.420786,0.0130
DQN,1024,275,24750,182107.50,0.3194,0.420536,0.0131
DQN,1024,276,24840,160540.00,0.3169,0.437510,0.0130
DQN,1024,277,24930,154025.00,0.3144,0.418244,0.0130
DQN,1024,278,25020,177880.00,0.3120,0.433948,0.0147
DQN,1024,279,25110,157632.50,0.3095,0.429324,0.0134
DQN,1024,280,25200,174015.00,0.3070,0.400783,0.0134
DQN,1024,281,25290,160707.50,0.3045,0.423558,0.0138
DQN,1024,282,25380,169027.50,0.3021,0.426582,0.0138
DQN,1024,283,25470,172715.00,0.2996,0.409408,0.0139
DQN,1024,284,25560,175107.50,0.2971,0.406665,0.0138
DQN,1024,285,25650,154962.50,0.2946,0.422441,0.0140
DQN,1024,286,25740,183770.00,0.2922,0.409788,0.0140
DQN,1024,287,25830,180602.50,0.2897,0.414823,0.0140
DQN,1024,288,25920,183212.50,0.2872,0.401249,0.0140
DQN,1024,289,26010,173082.50,0.2847,0.409885,0.0141
DQN,1024,290,26100,164937.50,0.2823,0.406841,0.0140
DQN,1024,291,26190,155932.50,0.2798,0.400253,0.0140
DQN,1024,292,26280,163895.00,0.2773,0.410953,0.0140
DQN,1024,293,26370,163327.50,0.2748,0.403852,0.0153
DQN,1024,294,26460,171942.50,0.2723,0.390139,0.0132
DQN,1024,295,26550,164572.50,0.2699,0.395758,0.0132
DQN,1024,296,26640,168970.00,0.2674,0.385765,0.0133
DQN,1024,297,26730,175347.50,0.2649,0.383240,0.0135
DQN,1024,298,26820,186592.50,0.2624,0.397838,0.0134
DQN,1024,299,26910,170797.50,0.2600,0.396248,0.0138
DQN,1024,300,27000,161167.50,0.2575,0.411800,0.0159
DQN,1024,301,27090,172455.00,0.2550,0.386554,0.0150
DQN,1024,302,27180,161835.00,0.2526,0.375322,0.0130
DQN,1024,303,27270,168430.00,0.2501,0.374287,0.0129
DQN,1024,304,27360,161845.00,0.2476,0.376090,0.0130
DQN,1024,305,27450,161815.00,0.2451,0.376503,0.0131
DQN,1024,306,27540,167355.00,0.2427,0.378310,0.0145
DQN,1024,307,27630,173550.00,0.2402,0.365697,0.0131
DQN,1024,308,27720,174260.00,0.2377,0.360877,0.0131
DQN,1024,309,27810,180640.00,0.2352,0.366240,0.0132
DQN,1024,310,27900,182560.00,0.2328,0.371199,0.0132
DQN,1024,311,27990,157312.50,0.2303,0.360122,0.0151
DQN,1024,312,28080,166760.00,0.2278,0.371194,0.0132
DQN,1024,313,28170,177400.00,0.2253,0.356366,0.0135
DQN,1024,314,28260,169155.00,0.2228,0.354272,0.0137
DQN,1024,315,28350,179670.00,0.2204,0.363034,0.0138
DQN,1024,316,28440,172257.50,0.2179,0.349804,0.0140
DQN,1024,317,28530,165920.00,0.2154,0.350214,0.0140
DQN,1024,318,28620,177217.50,0.2129,0.326093,0.0140
DQN,1024,319,28710,171640.00,0.2105,0.342155,0.0141
DQN,1024,320,28800,165737.50,0.2080,0.336157,0.0140
DQN,1024,321,28890,175485.00,0.2055,0.333639,0.0140
DQN,1024,322,28980,173105.00,0.2030,0.335666,0.0157
DQN,1024,323,29070,171937.50,0.2006,0.331040,0.0145
DQN,1024,324,29160,148747.50,0.1981,0.330565,0.0148
DQN,1024,325,29250,167922.50,0.1956,0.319727,0.0142
DQN,1024,326,29340,171387.50,0.1932,0.335383,0.0141
DQN,1024,327,29430,157567.50,0.1907,0.325679,0.0141
DQN,1024,328,29520,162730.00,0.1882,0.343878,0.0141
DQN,1024,329,29610,181500.00,0.1857,0.318989,0.0141
DQN,1024,330,29700,166795.00,0.1833,0.314084,0.0161
DQN,1024,331,29790,168890.00,0.1808,0.325076,0.0134
DQN,1024,332,29880,177647.50,0.1783,0.315067,0.0134
DQN,1024,333,29970,167632.50,0.1758,0.307026,0.0134
DQN,1024,334,30060,176645.00,0.1734,0.302755,0.0134
DQN,1024,335,30150,168710.00,0.1709,0.304349,0.0135
DQN,1024,336,30240,179332.50,0.1684,0.302497,0.0135
DQN,1024,337,30330,178942.50,0.1659,0.295996,0.0135
DQN,1024,338,30420,181282.50,0.1634,0.293853,0.0137
DQN,1024,339,30510,169157.50,0.1610,0.293433,0.0136
DQN,1024,340,30600,160540.00,0.1585,0.306506,0.0136
DQN,1024,341,30690,171072.50,0.1560,0.297276,0.0136
DQN,1024,342,30780,170967.50,0.1536,0.297091,0.0137
DQN,1024,343,30870,182572.50,0.1511,0.299631,0.0136
DQN,1024,344,30960,186152.50,0.1486,0.296580,0.0136
DQN,1024,345,31050,180857.50,0.1461,0.286839,0.0137
DQN,1024,346,31140,179270.00,0.1437,0.284581,0.0137
DQN,1024,347,31230,175260.00,0.1412,0.287092,0.0137
DQN,1024,348,31320,167757.50,0.1387,0.295126,0.0136
DQN,1024,349,31410,173622.50,0.1362,0.271783,0.0137
DQN,1024,350,31500,176142.50,0.1338,0.279410,0.0137
DQN,1024,351,31590,186897.50,0.1313,0.274825,0.0158
DQN,1024,352,31680,175975.00,0.1288,0.269306,0.0132
DQN,1024,353,31770,174252.50,0.1263,0.271062,0.0130
DQN,1024,354,31860,183007.50,0.1239,0.273942,0.0132
DQN,1024,355,31950,183345.00,0.1214,0.268113,0.0132
DQN,1024,356,32040,183695.00,0.1189,0.267022,0.0154
DQN,1024,357,32130,160545.00,0.1164,0.274081,0.0130
DQN,1024,358,32220,176135.00,0.1139,0.264169,0.0134
DQN,1024,359,32310,163802.50,0.1115,0.271320,0.0139
DQN,1024,360,32400,173055.00,0.1090,0.270609,0.0141
DQN,1024,361,32490,158305.00,0.1065,0.262331,0.0131
DQN,1024,362,32580,167535.00,0.1040,0.284877,0.0131
DQN,1024,363,32670,162457.50,0.1016,0.256504,0.0132
DQN,1024,364,32760,176487.50,0.0991,0.266754,0.0132
DQN,1024,365,32850,173335.00,0.0966,0.256758,0.0132
DQN,1024,366,32940,177792.50,0.0941,0.251110,0.0132
DQN,1024,367,33030,162002.50,0.0917,0.264320,0.0132
DQN,1024,368,33120,155740.00,0.0892,0.244703,0.0132
DQN,1024,369,33210,159012.50,0.0867,0.254402,0.0132
DQN,1024,370,33300,150422.50,0.0842,0.246764,0.0133
DQN,1024,371,33390,160000.00,0.0818,0.246998,0.0135
DQN,1024,372,33480,151205.00,0.0793,0.252365,0.0136
DQN,1024,373,33570,163550.00,0.0768,0.251739,0.0133
DQN,1024,374,33660,177482.50,0.0743,0.238423,0.0132
DQN,1024,375,33750,168225.00,0.0719,0.240527,0.0133
DQN,1024,376,33840,169457.50,0.0694,0.244308,0.0159
DQN,1024,377,33930,161110.00,0.0669,0.228461,0.0137
DQN,1024,378,34020,164142.50,0.0645,0.236873,0.0136
DQN,1024,379,34110,173582.50,0.0620,0.244550,0.0138
DQN,1024,380,34200,177922.50,0.0595,0.227915,0.0139
DQN,1024,381,34290,171522.50,0.0570,0.237808,0.0140
DQN,1024,382,34380,181532.50,0.0546,0.239914,0.0141
DQN,1024,383,34470,191550.00,0.0521,0.234689,0.0141
DQN,1024,384,34560,166320.00,0.0496,0.235815,0.0140
DQN,1024,385,34650,177005.00,0.0471,0.228725,0.0141
DQN,1024,386,34740,166805.00,0.0447,0.223276,0.0140
DQN,1024,387,34830,179140.00,0.0422,0.231780,0.0141
DQN,1024,388,34920,172855.00,0.0397,0.217963,0.0144
DQN,1024,389,35010,170260.00,0.0372,0.237226,0.0142
DQN,1024,390,35100,179810.00,0.0348,0.223359,0.0142
DQN,1024,391,35190,174062.50,0.0323,0.222354,0.0141
DQN,1024,392,35280,170980.00,0.0298,0.223764,0.0157
DQN,1024,393,35370,170145.00,0.0273,0.225847,0.0134
DQN,1024,394,35460,173130.00,0.0249,0.219009,0.0132
DQN,1024,395,35550,169040.00,0.0224,0.227536,0.0134
DQN,1024,396,35640,184452.50,0.0199,0.223897,0.0134
DQN,1024,397,35730,170125.00,0.0174,0.217617,0.0135
DQN,1024,398,35820,169982.50,0.0150,0.223272,0.0135
DQN,1024,399,35910,172772.50,0.0125,0.219055,0.0136
DQN,1024,400,36000,163712.50,0.0100,0.217376,0.0136
DQN,1024,401,36090,167897.50,0.0100,0.219892,0.0175
DQN,1024,402,36180,182760.00,0.0100,0.219554,0.0139
DQN,1024,403,36270,177187.50,0.0100,0.207424,0.0138
DQN,1024,404,36360,185605.00,0.0100,0.213559,0.0139
DQN,1024,405,36450,176707.50,0.0100,0.214374,0.0139
DQN,1024,406,36540,170735.00,0.0100,0.208631,0.0140
DQN,1024,407,36630,172607.50,0.0100,0.207042,0.0140
DQN,1024,408,36720,183627.50,0.0100,0.200767,0.0140
DQN,1024,409,36810,171635.00,0.0100,0.204296,0.0144
DQN,1024,410,36900,170942.50,0.0100,0.202420,0.0294
DQN,1024,411,36990,174352.50,0.0100,0.197458,0.0209
DQN,1024,412,37080,171712.50,0.0100,0.195368,0.0163
DQN,1024,413,37170,184515.00,0.0100,0.194132,0.0147
DQN,1024,414,37260,181990.00,0.0100,0.193212,0.0142
DQN,1024,415,37350,184670.00,0.0100,0.191246,0.0135
DQN,1024,416,37440,172292.50,0.0100,0.196258,0.0135
DQN,1024,417,37530,173392.50,0.0100,0.186139,0.0137
DQN,1024,418,37620,178805.00,0.0100,0.186772,0.0136
DQN,1024,419,37710,176677.50,0.0100,0.189001,0.0136
DQN,1024,420,37800,172925.00,0.0100,0.180692,0.0137
DQN,1024,421,37890,179340.00,0.0100,0.176546,0.0137
DQN,1024,422,37980,177542.50,0.0100,0.181824,0.0137
DQN,1024,423,38070,173780.00,0.0100,0.179336,0.0137
DQN,1024,424,38160,173197.50,0.0100,0.186106,0.0138
DQN,1024,425,38250,165905.00,0.0100,0.177595,0.0147
DQN,1024,426,38340,170170.00,0.0100,0.178337,0.0155
DQN,1024,427,38430,182967.50,0.0100,0.183510,0.0159
DQN,1024,428,38520,175245.00,0.0100,0.180817,0.0133
DQN,1024,429,38610,169867.50,0.0100,0.178688,0.0134
DQN,1024,430,38700,175567.50,0.0100,0.176362,0.0137
DQN,1024,431,38790,171342.50,0.0100,0.173242,0.0140
DQN,1024,432,38880,182930.00,0.0100,0.174808,0.0139
DQN,1024,433,38970,166602.50,0.0100,0.177777,0.0140
DQN,1024,434,39060,173112.50,0.0100,0.168775,0.0140
DQN,1024,435,39150,171342.50,0.0100,0.169264,0.0171
DQN,1024,436,39240,174750.00,0.0100,0.166903,0.0130
DQN,1024,437,39330,166620.00,0.0100,0.168485,0.0135
DQN,1024,438,39420,177635.00,0.0100,0.159270,0.0134
DQN,1024,439,39510,179590.00,0.0100,0.166847,0.0136
DQN,1024,440,39600,172385.00,0.0100,0.170351,0.0135
DQN,1024,441,39690,162710.00,0.0100,0.175250,0.0137
DQN,1024,442,39780,167910.00,0.0100,0.172047,0.0136
DQN,1024,443,39870,171915.00,0.0100,0.166202,0.0138
DQN,1024,444,39960,171145.00,0.0100,0.168126,0.0136
DQN,1024,445,40050,168842.50,0.0100,0.158225,0.0137
DQN,1024,446,40140,169472.50,0.0100,0.148542,0.0136
DQN,1024,447,40230,181520.00,0.0100,0.156580,0.0137
DQN,1024,448,40320,175002.50,0.0100,0.159224,0.0137
DQN,1024,449,40410,164587.50,0.0100,0.149663,0.0155
DQN,1024,450,40500,173037.50,0.0100,0.154991,0.0141
DQN,1024,451,40590,174660.00,0.0100,0.141319,0.0285
DQN,1024,452,40680,171740.00,0.0100,0.152847,0.0151
DQN,1024,453,40770,181342.50,0.0100,0.152568,0.0133
DQN,1024,454,40860,178165.00,0.0100,0.156929,0.0136
DQN,1024,455,40950,171712.50,0.0100,0.145784,0.0139
DQN,1024,456,41040,177017.50,0.0100,0.144015,0.0139
DQN,1024,457,41130,172425.00,0.0100,0.146650,0.0140
DQN,1024,458,41220,176835.00,0.0100,0.149595,0.0144
DQN,1024,459,41310,181915.00,0.0100,0.148326,0.0142
DQN,1024,460,41400,181167.50,0.0100,0.152157,0.0141
DQN,1024,461,41490,170927.50,0.0100,0.144645,0.0141
DQN,1024,462,41580,184780.00,0.0100,0.148943,0.0141
DQN,1024,463,41670,168540.00,0.0100,0.141279,0.0142
DQN,1024,464,41760,177472.50,0.0100,0.133693,0.0141
DQN,1024,465,41850,181657.50,0.0100,0.142539,0.0141
DQN,1024,466,41940,167120.00,0.0100,0.141561,0.0141
DQN,1024,467,42030,173097.50,0.0100,0.148243,0.0141
DQN,1024,468,42120,183360.00,0.0100,0.150687,0.0141
DQN,1024,469,42210,172827.50,0.0100,0.134514,0.0142
DQN,1024,470,42300,173835.00,0.0100,0.144785,0.0164
DQN,1024,471,42390,176572.50,0.0100,0.137374,0.0132
DQN,1024,472,42480,179275.00,0.0100,0.138866,0.0133
DQN,1024,473,42570,185220.00,0.0100,0.138787,0.0135
DQN,1024,474,42660,175832.50,0.0100,0.132084,0.0135
DQN,1024,475,42750,171367.50,0.0100,0.137225,0.0137
DQN,1024,476,42840,176497.50,0.0100,0.136038,0.0137
DQN,1024,477,42930,169785.00,0.0100,0.132570,0.0136
DQN,1024,478,43020,181720.00,0.0100,0.135796,0.0136
DQN,1024,479,43110,184800.00,0.0100,0.133259,0.0137
DQN,1024,480,43200,164575.00,0.0100,0.132684,0.0136
DQN,1024,481,43290,178097.50,0.0100,0.139833,0.0137
DQN,1024,482,43380,178042.50,0.0100,0.132201,0.0149
DQN,1024,483,43470,167905.00,0.0100,0.134314,0.0131
DQN,1024,484,43560,177650.00,0.0100,0.130442,0.0130
DQN,1024,485,43650,173010.00,0.0100,0.119316,0.0158
DQN,1024,486,43740,176997.50,0.0100,0.122492,0.0134
DQN,1024,487,43830,183037.50,0.0100,0.127237,0.0145
DQN,1024,488,43920,179490.00,0.0100,0.124074,0.0138
DQN,1024,489,44010,174820.00,0.0100,0.124580,0.0136
DQN,1024,490,44100,174242.50,0.0100,0.118022,0.0135
DQN,1024,491,44190,181902.50,0.0100,0.125561,0.0136
DQN,1024,492,44280,176745.00,0.0100,0.124321,0.0136
DQN,1024,493,44370,160235.00,0.0100,0.120751,0.0137
DQN,1024,494,44460,169470.00,0.0100,0.122945,0.0137
DQN,1024,495,44550,171782.50,0.0100,0.119862,0.0137
DQN,1024,496,44640,177615.00,0.0100,0.116244,0.0137
DQN,1024,497,44730,188367.50,0.0100,0.111143,0.0137
DQN,1024,498,44820,184080.00,0.0100,0.114942,0.0136
DQN,1024,499,44910,182652.50,0.0100,0.113801,0.0137
DQN,1024,500,45000,175555.00,0.0100,0.115718,0.0138
