policy,seed,episode,total_steps,reward,epsilon,loss,duration_sec
DQN,42,1,90,235660.00,0.9975,0.000000,0.0004
DQN,42,2,180,241802.50,0.9950,0.000000,0.0004
DQN,42,3,270,169017.50,0.9926,0.000000,0.0004
DQN,42,4,360,216880.00,0.9901,0.000000,0.0004
DQN,42,5,450,168500.00,0.9876,0.000000,0.0004
DQN,42,6,540,174315.00,0.9851,4.566082,0.0063
DQN,42,7,630,168775.00,0.9827,3.704584,0.0121
DQN,42,8,720,196527.50,0.9802,2.543418,0.0139
DQN,42,9,810,114362.50,0.9777,2.475788,0.0143
DQN,42,10,900,154942.50,0.9752,2.294486,0.0132
DQN,42,11,990,173160.00,0.9728,2.182200,0.0121
DQN,42,12,1080,190100.00,0.9703,3.436895,0.0124
DQN,42,13,1170,223207.50,0.9678,2.153311,0.0120
DQN,42,14,1260,176427.50,0.9654,1.919691,0.0126
DQN,42,15,1350,173910.00,0.9629,1.669480,0.0130
DQN,42,16,1440,173992.50,0.9604,1.471895,0.0122
DQN,42,17,1530,171425.00,0.9579,2.018960,0.0129
DQN,42,18,1620,185245.00,0.9555,1.758815,0.0123
DQN,42,19,1710,244857.50,0.9530,1.452213,0.0119
DQN,42,20,1800,200730.00,0.9505,1.285124,0.0123
DQN,42,21,1890,251722.50,0.9480,1.226983,0.0131
DQN,42,22,1980,181175.00,0.9456,1.238317,0.0129
DQN,42,23,2070,127485.00,0.9431,2.265603,0.0124
DQN,42,24,2160,215372.50,0.9406,1.545390,0.0124
DQN,42,25,2250,199747.50,0.9381,1.383798,0.0180
DQN,42,26,2340,191045.00,0.9356,1.309347,0.0167
DQN,42,27,2430,220955.00,0.9332,1.274939,0.0123
DQN,42,28,2520,207807.50,0.9307,1.688240,0.0175
DQN,42,29,2610,197330.00,0.9282,1.684621,0.0177
DQN,42,30,2700,140602.50,0.9257,1.485986,0.0121
DQN,42,31,2790,167220.00,0.9233,1.419655,0.0179
DQN,42,32,2880,212950.00,0.9208,1.372056,0.0157
DQN,42,33,2970,166702.50,0.9183,1.351152,0.0121
DQN,42,34,3060,211185.00,0.9159,1.714534,0.0153
DQN,42,35,3150,205012.50,0.9134,1.333034,0.0118
DQN,42,36,3240,199660.00,0.9109,1.278330,0.0126
DQN,42,37,3330,236882.50,0.9084,1.282642,0.0130
DQN,42,38,3420,225952.50,0.9060,1.290308,0.0153
DQN,42,39,3510,207295.00,0.9035,1.329715,0.0121
DQN,42,40,3600,214530.00,0.9010,1.062055,0.0123
DQN,42,41,3690,212215.00,0.8985,0.996166,0.0123
DQN,42,42,3780,235205.00,0.8961,0.970355,0.0124
DQN,42,43,3870,185745.00,0.8936,0.961389,0.0149
DQN,42,44,3960,243517.50,0.8911,0.965295,0.0120
DQN,42,45,4050,220570.00,0.8886,1.028083,0.0127
DQN,42,46,4140,209180.00,0.8861,0.801087,0.0150
DQN,42,47,4230,238365.00,0.8837,0.826821,0.0121
DQN,42,48,4320,211242.50,0.8812,0.807727,0.0125
DQN,42,49,4410,196782.50,0.8787,0.801280,0.0127
DQN,42,50,4500,218432.50,0.8762,0.817819,0.0129
DQN,42,51,4590,222677.50,0.8738,0.784151,0.0145
DQN,42,52,4680,206505.00,0.8713,0.749901,0.0144
DQN,42,53,4770,236987.50,0.8688,0.743673,0.0150
DQN,42,54,4860,197970.00,0.8663,0.740689,0.0129
DQN,42,55,4950,231915.00,0.8639,0.724968,0.0130
DQN,42,56,5040,277135.00,0.8614,0.779330,0.0122
DQN,42,57,5130,240510.00,0.8589,0.728641,0.0125
DQN,42,58,5220,237805.00,0.8565,0.734443,0.0136
DQN,42,59,5310,169292.50,0.8540,0.726996,0.0123
DQN,42,60,5400,223405.00,0.8515,0.715790,0.0132
DQN,42,61,5490,189742.50,0.8490,0.683365,0.0119
DQN,42,62,5580,209140.00,0.8466,0.743743,0.0154
DQN,42,63,5670,239630.00,0.8441,0.709977,0.0124
DQN,42,64,5760,194792.50,0.8416,0.689603,0.0165
DQN,42,65,5850,195630.00,0.8391,0.687213,0.0120
DQN,42,66,5940,267767.50,0.8367,0.670859,0.0127
DQN,42,67,6030,218830.00,0.8342,0.734727,0.0142
DQN,42,68,6120,204367.50,0.8317,0.718650,0.0126
DQN,42,69,6210,173517.50,0.8292,0.719249,0.0139
DQN,42,70,6300,247875.00,0.8267,0.734694,0.0141
DQN,42,71,6390,229432.50,0.8243,0.731966,0.0141
DQN,42,72,6480,239092.50,0.8218,0.723069,0.0130
DQN,42,73,6570,222700.00,0.8193,0.763128,0.0162
DQN,42,74,6660,249622.50,0.8168,0.751569,0.0131
DQN,42,75,6750,182440.00,0.8144,0.745200,0.0127
DQN,42,76,6840,215537.50,0.8119,0.762692,0.0126
DQN,42,77,6930,214782.50,0.8094,0.747761,0.0140
DQN,42,78,7020,242502.50,0.8070,0.745996,0.0129
DQN,42,79,7110,261560.00,0.8045,0.770611,0.0128
DQN,42,80,7200,249012.50,0.8020,0.760641,0.0132
DQN,42,81,7290,275282.50,0.7995,0.760690,0.0133
DQN,42,82,7380,188882.50,0.7971,0.756040,0.0133
DQN,42,83,7470,211032.50,0.7946,0.767428,0.0134
DQN,42,84,7560,224887.50,0.7921,0.759824,0.0144
DQN,42,85,7650,274092.50,0.7896,0.765719,0.0159
DQN,42,86,7740,267657.50,0.7872,0.756636,0.0142
DQN,42,87,7830,197120.00,0.7847,0.765362,0.0160
DQN,42,88,7920,228637.50,0.7822,0.751244,0.0144
DQN,42,89,8010,168135.00,0.7797,0.761679,0.0121
DQN,42,90,8100,234062.50,0.7772,0.761860,0.0127
DQN,42,91,8190,200667.50,0.7748,0.736417,0.0128
DQN,42,92,8280,210432.50,0.7723,0.744339,0.0129
DQN,42,93,8370,232582.50,0.7698,0.752511,0.0162
DQN,42,94,8460,227880.00,0.7673,0.733777,0.0174
DQN,42,95,8550,229280.00,0.7649,0.781628,0.0146
DQN,42,96,8640,227612.50,0.7624,0.741805,0.0125
DQN,42,97,8730,206812.50,0.7599,0.726936,0.0131
DQN,42,98,8820,269362.50,0.7574,0.726038,0.0132
DQN,42,99,8910,206072.50,0.7550,0.727440,0.0134
DQN,42,100,9000,219562.50,0.7525,0.748484,0.0134
DQN,42,101,9090,211765.00,0.7500,0.767417,0.0233
DQN,42,102,9180,282490.00,0.7475,0.707968,0.0153
DQN,42,103,9270,215930.00,0.7451,0.736547,0.0138
DQN,42,104,9360,261125.00,0.7426,0.743461,0.0133
DQN,42,105,9450,265840.00,0.7401,0.720621,0.0127
DQN,42,106,9540,284482.50,0.7376,0.748887,0.0127
DQN,42,107,9630,258590.00,0.7352,0.726969,0.0137
DQN,42,108,9720,213590.00,0.7327,0.725840,0.0156
DQN,42,109,9810,231957.50,0.7302,0.756927,0.0128
DQN,42,110,9900,282387.50,0.7278,0.709810,0.0126
DQN,42,111,9990,240025.00,0.7253,0.733530,0.0128
DQN,42,112,10080,254890.00,0.7228,0.740290,0.0149
DQN,42,113,10170,233515.00,0.7203,0.753737,0.0138
DQN,42,114,10260,267485.00,0.7179,0.728946,0.0122
DQN,42,115,10350,206205.00,0.7154,0.708482,0.0150
DQN,42,116,10440,248252.50,0.7129,0.759640,0.0131
DQN,42,117,10530,269460.00,0.7104,0.754181,0.0162
DQN,42,118,10620,237372.50,0.7080,0.701272,0.0137
DQN,42,119,10710,285810.00,0.7055,0.748504,0.0122
DQN,42,120,10800,227605.00,0.7030,0.719020,0.0127
DQN,42,121,10890,249857.50,0.7005,0.719867,0.0129
DQN,42,122,10980,221047.50,0.6981,0.725190,0.0147
DQN,42,123,11070,245160.00,0.6956,0.732998,0.0127
DQN,42,124,11160,229040.00,0.6931,0.719677,0.0137
DQN,42,125,11250,267630.00,0.6906,0.707273,0.0124
DQN,42,126,11340,213500.00,0.6882,0.730581,0.0125
DQN,42,127,11430,218017.50,0.6857,0.747414,0.0125
DQN,42,128,11520,245712.50,0.6832,0.714208,0.0125
DQN,42,129,11610,276027.50,0.6807,0.703386,0.0155
DQN,42,130,11700,238270.00,0.6783,0.717082,0.0145
DQN,42,131,11790,183735.00,0.6758,0.698030,0.0127
DQN,42,132,11880,239615.00,0.6733,0.700084,0.0127
DQN,42,133,11970,243967.50,0.6708,0.711262,0.0125
DQN,42,134,12060,240775.00,0.6683,0.703581,0.0129
DQN,42,135,12150,228210.00,0.6659,0.704918,0.0132
DQN,42,136,12240,259975.00,0.6634,0.702603,0.0133
DQN,42,137,12330,290192.50,0.6609,0.725186,0.0154
DQN,42,138,12420,252255.00,0.6584,0.718967,0.0121
DQN,42,139,12510,209450.00,0.6560,0.712048,0.0142
DQN,42,140,12600,243845.00,0.6535,0.713151,0.0121
DQN,42,141,12690,257415.00,0.6510,0.691600,0.0125
DQN,42,142,12780,262610.00,0.6485,0.724092,0.0155
DQN,42,143,12870,251207.50,0.6461,0.714667,0.0132
DQN,42,144,12960,196627.50,0.6436,0.699004,0.0125
DQN,42,145,13050,227405.00,0.6411,0.751475,0.0149
DQN,42,146,13140,210515.00,0.6386,0.737957,0.0137
DQN,42,147,13230,271715.00,0.6362,0.741702,0.0123
DQN,42,148,13320,199442.50,0.6337,0.715791,0.0128
DQN,42,149,13410,269992.50,0.6312,0.716249,0.0129
DQN,42,150,13500,260762.50,0.6288,0.730652,0.0132
DQN,42,151,13590,216305.00,0.6263,0.720634,0.0124
DQN,42,152,13680,246972.50,0.6238,0.703585,0.0219
DQN,42,153,13770,256280.00,0.6213,0.720478,0.0134
DQN,42,154,13860,263282.50,0.6189,0.698082,0.0126
DQN,42,155,13950,233620.00,0.6164,0.713749,0.0144
DQN,42,156,14040,223920.00,0.6139,0.728880,0.0150
DQN,42,157,14130,207962.50,0.6114,0.736355,0.0136
DQN,42,158,14220,227450.00,0.6089,0.704554,0.0137
DQN,42,159,14310,229160.00,0.6065,0.718387,0.0153
DQN,42,160,14400,254157.50,0.6040,0.714998,0.0122
DQN,42,161,14490,229665.00,0.6015,0.706888,0.0123
DQN,42,162,14580,245537.50,0.5990,0.724900,0.0145
DQN,42,163,14670,245447.50,0.5966,0.726113,0.0134
DQN,42,164,14760,256680.00,0.5941,0.734838,0.0134
DQN,42,165,14850,236320.00,0.5916,0.734556,0.0157
DQN,42,166,14940,245100.00,0.5892,0.713291,0.0140
DQN,42,167,15030,244290.00,0.5867,0.725941,0.0126
DQN,42,168,15120,253365.00,0.5842,0.688495,0.0122
DQN,42,169,15210,230862.50,0.5817,0.685287,0.0132
DQN,42,170,15300,256052.50,0.5793,0.713103,0.0132
DQN,42,171,15390,264467.50,0.5768,0.701782,0.0125
DQN,42,172,15480,224537.50,0.5743,0.704089,0.0126
DQN,42,173,15570,243940.00,0.5718,0.717742,0.0127
DQN,42,174,15660,231590.00,0.5694,0.690448,0.0126
DQN,42,175,15750,229712.50,0.5669,0.692453,0.0134
DQN,42,176,15840,235457.50,0.5644,0.685607,0.0136
DQN,42,177,15930,234942.50,0.5619,0.707577,0.0143
DQN,42,178,16020,243512.50,0.5595,0.696493,0.0125
DQN,42,179,16110,246727.50,0.5570,0.729438,0.0127
DQN,42,180,16200,274250.00,0.5545,0.717331,0.0128
DQN,42,181,16290,244377.50,0.5520,0.708373,0.0128
DQN,42,182,16380,269005.00,0.5495,0.712807,0.0150
DQN,42,183,16470,268715.00,0.5471,0.717003,0.0143
DQN,42,184,16560,268650.00,0.5446,0.688037,0.0145
DQN,42,185,16650,254332.50,0.5421,0.668858,0.0124
DQN,42,186,16740,191782.50,0.5396,0.692287,0.0217
DQN,42,187,16830,231145.00,0.5372,0.679160,0.0136
DQN,42,188,16920,249250.00,0.5347,0.691119,0.0123
DQN,42,189,17010,261812.50,0.5322,0.686013,0.0150
DQN,42,190,17100,257192.50,0.5297,0.688141,0.0126
DQN,42,191,17190,275890.00,0.5273,0.706562,0.0134
DQN,42,192,17280,249252.50,0.5248,0.697651,0.0124
DQN,42,193,17370,253945.00,0.5223,0.709413,0.0125
DQN,42,194,17460,242137.50,0.5199,0.722066,0.0126
DQN,42,195,17550,247742.50,0.5174,0.713462,0.0127
DQN,42,196,17640,247337.50,0.5149,0.696302,0.0127
DQN,42,197,17730,227632.50,0.5124,0.699680,0.0135
DQN,42,198,17820,252077.50,0.5100,0.692348,0.0127
DQN,42,199,17910,245420.00,0.5075,0.695047,0.0323
DQN,42,200,18000,271547.50,0.5050,0.672014,0.0563
DQN,42,201,18090,242137.50,0.5025,0.684699,0.0279
DQN,42,202,18180,263285.00,0.5000,0.717845,0.0144
DQN,42,203,18270,242725.00,0.4976,0.684575,0.0128
DQN,42,204,18360,246867.50,0.4951,0.692470,0.0131
DQN,42,205,18450,269877.50,0.4926,0.708650,0.0138
DQN,42,206,18540,220712.50,0.4901,0.699695,0.0138
DQN,42,207,18630,250582.50,0.4877,0.681876,0.0123
DQN,42,208,18720,252847.50,0.4852,0.676891,0.0125
DQN,42,209,18810,264360.00,0.4827,0.679355,0.0125
DQN,42,210,18900,274962.50,0.4802,0.672172,0.0186
DQN,42,211,18990,253305.00,0.4778,0.660643,0.0124
DQN,42,212,19080,248585.00,0.4753,0.662630,0.0131
DQN,42,213,19170,247642.50,0.4728,0.673114,0.0139
DQN,42,214,19260,245447.50,0.4703,0.660861,0.0126
DQN,42,215,19350,266035.00,0.4679,0.673540,0.0131
DQN,42,216,19440,268762.50,0.4654,0.675881,0.0136
DQN,42,217,19530,254447.50,0.4629,0.678259,0.0138
DQN,42,218,19620,275000.00,0.4604,0.675471,0.0124
DQN,42,219,19710,243812.50,0.4580,0.675241,0.0125
DQN,42,220,19800,247765.00,0.4555,0.685505,0.0126
DQN,42,221,19890,261232.50,0.4530,0.699183,0.0135
DQN,42,222,19980,257972.50,0.4506,0.666898,0.0135
DQN,42,223,20070,248845.00,0.4481,0.705845,0.0126
DQN,42,224,20160,279515.00,0.4456,0.674757,0.0129
DQN,42,225,20250,255220.00,0.4431,0.672546,0.0132
DQN,42,226,20340,255837.50,0.4407,0.709559,0.0134
DQN,42,227,20430,242485.00,0.4382,0.677926,0.0135
DQN,42,228,20520,276180.00,0.4357,0.663543,0.0135
DQN,42,229,20610,233305.00,0.4332,0.713068,0.0136
DQN,42,230,20700,253962.50,0.4308,0.680578,0.0156
DQN,42,231,20790,283810.00,0.4283,0.685164,0.0130
DQN,42,232,20880,259532.50,0.4258,0.686761,0.0122
DQN,42,233,20970,248940.00,0.4233,0.701671,0.0126
DQN,42,234,21060,252312.50,0.4209,0.692937,0.0136
DQN,42,235,21150,265487.50,0.4184,0.661785,0.0133
DQN,42,236,21240,259737.50,0.4159,0.691242,0.0137
DQN,42,237,21330,245640.00,0.4134,0.686254,0.0144
DQN,42,238,21420,237555.00,0.4110,0.674372,0.0128
DQN,42,239,21510,277382.50,0.4085,0.671036,0.0225
DQN,42,240,21600,251482.50,0.4060,0.690015,0.0123
DQN,42,241,21690,276707.50,0.4035,0.697826,0.0127
DQN,42,242,21780,233610.00,0.4011,0.675878,0.0152
DQN,42,243,21870,243820.00,0.3986,0.676156,0.0140
DQN,42,244,21960,253737.50,0.3961,0.674034,0.0135
DQN,42,245,22050,252862.50,0.3936,0.688313,0.0126
DQN,42,246,22140,246462.50,0.3911,0.669090,0.0132
DQN,42,247,22230,266197.50,0.3887,0.666991,0.0140
DQN,42,248,22320,217840.00,0.3862,0.677859,0.0121
DQN,42,249,22410,275110.00,0.3837,0.670225,0.0124
DQN,42,250,22500,253165.00,0.3812,0.683945,0.0133
DQN,42,251,22590,279207.50,0.3788,0.672274,0.0179
DQN,42,252,22680,255425.00,0.3763,0.660741,0.0198
DQN,42,253,22770,257282.50,0.3738,0.668120,0.0131
DQN,42,254,22860,248747.50,0.3713,0.662544,0.0136
DQN,42,255,22950,274387.50,0.3689,0.673740,0.0140
DQN,42,256,23040,274725.00,0.3664,0.667606,0.0128
DQN,42,257,23130,262907.50,0.3639,0.706528,0.0141
DQN,42,258,23220,258077.50,0.3614,0.656941,0.0133
DQN,42,259,23310,250422.50,0.3590,0.648953,0.0133
DQN,42,260,23400,264250.00,0.3565,0.657093,0.0130
DQN,42,261,23490,279530.00,0.3540,0.685975,0.0128
DQN,42,262,23580,254890.00,0.3516,0.719398,0.0136
DQN,42,263,23670,284547.50,0.3491,0.729387,0.0130
DQN,42,264,23760,258072.50,0.3466,0.719054,0.0145
DQN,42,265,23850,282510.00,0.3441,0.701141,0.0129
DQN,42,266,23940,243080.00,0.3417,0.727716,0.0124
DQN,42,267,24030,274560.00,0.3392,0.699766,0.0142
DQN,42,268,24120,272397.50,0.3367,0.693930,0.0141
DQN,42,269,24210,270575.00,0.3342,0.707712,0.0135
DQN,42,270,24300,251790.00,0.3317,0.706377,0.0124
DQN,42,271,24390,265115.00,0.3293,0.701827,0.0132
DQN,42,272,24480,278092.50,0.3268,0.705690,0.0148
DQN,42,273,24570,273872.50,0.3243,0.691899,0.0151
DQN,42,274,24660,267235.00,0.3218,0.701230,0.0128
DQN,42,275,24750,275800.00,0.3194,0.676643,0.0148
DQN,42,276,24840,262385.00,0.3169,0.677352,0.0139
DQN,42,277,24930,266385.00,0.3144,0.702484,0.0146
DQN,42,278,25020,267597.50,0.3120,0.668553,0.0128
DQN,42,279,25110,262047.50,0.3095,0.644502,0.0142
DQN,42,280,25200,254315.00,0.3070,0.655630,0.0125
DQN,42,281,25290,277060.00,0.3045,0.644748,0.0135
DQN,42,282,25380,274992.50,0.3021,0.636914,0.0135
DQN,42,283,25470,280605.00,0.2996,0.642875,0.0136
DQN,42,284,25560,255467.50,0.2971,0.633831,0.0145
DQN,42,285,25650,268477.50,0.2946,0.594341,0.0128
DQN,42,286,25740,262650.00,0.2922,0.612217,0.0130
DQN,42,287,25830,270522.50,0.2897,0.598194,0.0175
DQN,42,288,25920,271027.50,0.2872,0.608988,0.0184
DQN,42,289,26010,264160.00,0.2847,0.600200,0.0128
DQN,42,290,26100,257682.50,0.2823,0.603009,0.0140
DQN,42,291,26190,280242.50,0.2798,0.590729,0.0173
DQN,42,292,26280,273802.50,0.2773,0.615105,0.0149
DQN,42,293,26370,281455.00,0.2748,0.596199,0.0153
DQN,42,294,26460,269625.00,0.2723,0.603680,0.0127
DQN,42,295,26550,245717.50,0.2699,0.603682,0.0134
DQN,42,296,26640,254417.50,0.2674,0.618113,0.0133
DQN,42,297,26730,280560.00,0.2649,0.600731,0.0141
DQN,42,298,26820,284760.00,0.2624,0.614035,0.0165
DQN,42,299,26910,275620.00,0.2600,0.625001,0.0132
DQN,42,300,27000,291237.50,0.2575,0.608813,0.0220
DQN,42,301,27090,269372.50,0.2550,0.669744,0.0146
DQN,42,302,27180,273420.00,0.2526,0.649158,0.0175
DQN,42,303,27270,236512.50,0.2501,0.661044,0.0149
DQN,42,304,27360,279482.50,0.2476,0.635900,0.0154
DQN,42,305,27450,276840.00,0.2451,0.641742,0.0143
DQN,42,306,27540,271867.50,0.2427,0.603054,0.0130
DQN,42,307,27630,241265.00,0.2402,0.625132,0.0152
DQN,42,308,27720,245870.00,0.2377,0.615513,0.0123
DQN,42,309,27810,255010.00,0.2352,0.620458,0.0126
DQN,42,310,27900,273177.50,0.2328,0.631855,0.0208
DQN,42,311,27990,261387.50,0.2303,0.622474,0.0146
DQN,42,312,28080,253205.00,0.2278,0.639833,0.0128
DQN,42,313,28170,263702.50,0.2253,0.640119,0.0145
DQN,42,314,28260,275277.50,0.2228,0.637803,0.0129
DQN,42,315,28350,297282.50,0.2204,0.636467,0.0132
DQN,42,316,28440,286960.00,0.2179,0.634596,0.0131
DQN,42,317,28530,285610.00,0.2154,0.665245,0.0132
DQN,42,318,28620,254290.00,0.2129,0.684274,0.0149
DQN,42,319,28710,274802.50,0.2105,0.674417,0.0139
DQN,42,320,28800,257530.00,0.2080,0.661700,0.0134
DQN,42,321,28890,267355.00,0.2055,0.678880,0.0160
DQN,42,322,28980,289927.50,0.2030,0.668614,0.0122
DQN,42,323,29070,273915.00,0.2006,0.657643,0.0125
DQN,42,324,29160,261722.50,0.1981,0.668791,0.0125
DQN,42,325,29250,269670.00,0.1956,0.657964,0.0138
DQN,42,326,29340,254297.50,0.1932,0.653372,0.0131
DQN,42,327,29430,277900.00,0.1907,0.673747,0.0135
DQN,42,328,29520,262725.00,0.1882,0.663794,0.0143
DQN,42,329,29610,263865.00,0.1857,0.673970,0.0151
DQN,42,330,29700,252005.00,0.1833,0.664000,0.0138
DQN,42,331,29790,246717.50,0.1808,0.692091,0.0156
DQN,42,332,29880,271930.00,0.1783,0.689348,0.0136
DQN,42,333,29970,275210.00,0.1758,0.667227,0.0128
DQN,42,334,30060,265507.50,0.1734,0.675923,0.0135
DQN,42,335,30150,267062.50,0.1709,0.680094,0.0156
DQN,42,336,30240,280260.00,0.1684,0.672751,0.0137
DQN,42,337,30330,256457.50,0.1659,0.677523,0.0128
DQN,42,338,30420,269395.00,0.1634,0.664858,0.0130
DQN,42,339,30510,279832.50,0.1610,0.660578,0.0139
DQN,42,340,30600,258260.00,0.1585,0.665800,0.0132
DQN,42,341,30690,275720.00,0.1560,0.672460,0.0151
DQN,42,342,30780,267772.50,0.1536,0.680053,0.0123
DQN,42,343,30870,275742.50,0.1511,0.655534,0.0124
DQN,42,344,30960,271452.50,0.1486,0.670314,0.0126
DQN,42,345,31050,290575.00,0.1461,0.662239,0.0126
DQN,42,346,31140,275247.50,0.1437,0.674488,0.0127
DQN,42,347,31230,269910.00,0.1412,0.647023,0.0128
DQN,42,348,31320,284047.50,0.1387,0.673421,0.0158
DQN,42,349,31410,266760.00,0.1362,0.672303,0.0125
DQN,42,350,31500,296705.00,0.1338,0.637303,0.0132
DQN,42,351,31590,268860.00,0.1313,0.671951,0.0155
DQN,42,352,31680,276372.50,0.1288,0.659449,0.0154
DQN,42,353,31770,282375.00,0.1263,0.648118,0.0141
DQN,42,354,31860,261385.00,0.1239,0.662072,0.0151
DQN,42,355,31950,277017.50,0.1214,0.652078,0.0141
DQN,42,356,32040,271620.00,0.1189,0.669002,0.0139
DQN,42,357,32130,265525.00,0.1164,0.694804,0.0134
DQN,42,358,32220,266262.50,0.1139,0.709012,0.0143
DQN,42,359,32310,298650.00,0.1115,0.690908,0.0130
DQN,42,360,32400,283367.50,0.1090,0.712363,0.0164
DQN,42,361,32490,268670.00,0.1065,0.715397,0.0124
DQN,42,362,32580,277602.50,0.1040,0.696876,0.0128
DQN,42,363,32670,293365.00,0.1016,0.644718,0.0128
DQN,42,364,32760,278645.00,0.0991,0.653894,0.0131
DQN,42,365,32850,288415.00,0.0966,0.651481,0.0133
DQN,42,366,32940,276927.50,0.0941,0.641468,0.0178
DQN,42,367,33030,266650.00,0.0917,0.661423,0.0129
DQN,42,368,33120,286252.50,0.0892,0.684222,0.0132
DQN,42,369,33210,275617.50,0.0867,0.678983,0.0133
DQN,42,370,33300,281677.50,0.0842,0.672333,0.0133
DQN,42,371,33390,276415.00,0.0818,0.668567,0.0134
DQN,42,372,33480,255102.50,0.0793,0.683150,0.0134
DQN,42,373,33570,281167.50,0.0768,0.665610,0.0154
DQN,42,374,33660,294292.50,0.0743,0.669708,0.0127
DQN,42,375,33750,301460.00,0.0719,0.653911,0.0125
DQN,42,376,33840,281332.50,0.0694,0.660563,0.0134
DQN,42,377,33930,273840.00,0.0669,0.629352,0.0142
DQN,42,378,34020,279895.00,0.0645,0.639359,0.0128
DQN,42,379,34110,283787.50,0.0620,0.624592,0.0128
DQN,42,380,34200,264672.50,0.0595,0.614089,0.0128
DQN,42,381,34290,278832.50,0.0570,0.646786,0.0128
DQN,42,382,34380,282065.00,0.0546,0.621663,0.0129
DQN,42,383,34470,275635.00,0.0521,0.632706,0.0129
DQN,42,384,34560,280617.50,0.0496,0.635936,0.0142
DQN,42,385,34650,266360.00,0.0471,0.630005,0.0128
DQN,42,386,34740,281567.50,0.0447,0.643022,0.0257
DQN,42,387,34830,256652.50,0.0422,0.627842,0.0134
DQN,42,388,34920,287912.50,0.0397,0.626616,0.0126
DQN,42,389,35010,274245.00,0.0372,0.640130,0.0128
DQN,42,390,35100,275157.50,0.0348,0.620884,0.0128
DQN,42,391,35190,273837.50,0.0323,0.635413,0.0129
DQN,42,392,35280,285660.00,0.0298,0.653627,0.0129
DQN,42,393,35370,286112.50,0.0273,0.634377,0.0165
DQN,42,394,35460,291122.50,0.0249,0.641298,0.0125
DQN,42,395,35550,295097.50,0.0224,0.654552,0.0133
DQN,42,396,35640,282077.50,0.0199,0.570786,0.0126
DQN,42,397,35730,291155.00,0.0174,0.621586,0.0190
DQN,42,398,35820,279847.50,0.0150,0.605285,0.0160
DQN,42,399,35910,287150.00,0.0125,0.593330,0.0155
DQN,42,400,36000,264780.00,0.0100,0.629359,0.0143
DQN,42,401,36090,271937.50,0.0100,0.606015,0.0221
DQN,42,402,36180,284120.00,0.0100,0.612376,0.0149
DQN,42,403,36270,274872.50,0.0100,0.601716,0.0127
DQN,42,404,36360,296182.50,0.0100,0.611272,0.0200
DQN,42,405,36450,280927.50,0.0100,0.606096,0.0129
DQN,42,406,36540,274832.50,0.0100,0.608580,0.0124
DQN,42,407,36630,277837.50,0.0100,0.594279,0.0140
DQN,42,408,36720,294272.50,0.0100,0.598747,0.0164
DQN,42,409,36810,281677.50,0.0100,0.594127,0.0129
DQN,42,410,36900,280532.50,0.0100,0.582545,0.0131
DQN,42,411,36990,288217.50,0.0100,0.583181,0.0132
DQN,42,412,37080,271557.50,0.0100,0.634556,0.0133
DQN,42,413,37170,281895.00,0.0100,0.636710,0.0166
DQN,42,414,37260,291335.00,0.0100,0.622431,0.0126
DQN,42,415,37350,276812.50,0.0100,0.638492,0.0129
DQN,42,416,37440,277137.50,0.0100,0.619166,0.0129
DQN,42,417,37530,273165.00,0.0100,0.617680,0.0164
DQN,42,418,37620,287335.00,0.0100,0.641450,0.0138
DQN,42,419,37710,291595.00,0.0100,0.626817,0.0147
DQN,42,420,37800,286330.00,0.0100,0.604655,0.0148
DQN,42,421,37890,284360.00,0.0100,0.615456,0.0128
DQN,42,422,37980,277547.50,0.0100,0.621097,0.0138
DQN,42,423,38070,296517.50,0.0100,0.639257,0.0136
DQN,42,424,38160,287302.50,0.0100,0.634618,0.0122
DQN,42,425,38250,290500.00,0.0100,0.626606,0.0127
DQN,42,426,38340,284785.00,0.0100,0.650769,0.0157
DQN,42,427,38430,258800.00,0.0100,0.658712,0.0130
DQN,42,428,38520,286210.00,0.0100,0.674101,0.0133
DQN,42,429,38610,262707.50,0.0100,0.689401,0.0132
DQN,42,430,38700,282282.50,0.0100,0.718126,0.0148
DQN,42,431,38790,267847.50,0.0100,0.695390,0.0139
DQN,42,432,38880,257705.00,0.0100,0.690859,0.0133
DQN,42,433,38970,272135.00,0.0100,0.680900,0.0134
DQN,42,434,39060,275622.50,0.0100,0.689074,0.0152
DQN,42,435,39150,284292.50,0.0100,0.677355,0.0141
DQN,42,436,39240,281017.50,0.0100,0.678097,0.0124
DQN,42,437,39330,285227.50,0.0100,0.703851,0.0141
DQN,42,438,39420,269777.50,0.0100,0.688164,0.0143
DQN,42,439,39510,283185.00,0.0100,0.685467,0.0124
DQN,42,440,39600,286907.50,0.0100,0.685536,0.0126
DQN,42,441,39690,281307.50,0.0100,0.682178,0.0128
DQN,42,442,39780,288557.50,0.0100,0.689463,0.0168
DQN,42,443,39870,274932.50,0.0100,0.684408,0.0125
DQN,42,444,39960,288405.00,0.0100,0.686715,0.0127
DQN,42,445,40050,278605.00,0.0100,0.687076,0.0128
DQN,42,446,40140,288277.50,0.0100,0.675101,0.0128
DQN,42,447,40230,286275.00,0.0100,0.689748,0.0130
DQN,42,448,40320,275135.00,0.0100,0.663348,0.0149
DQN,42,449,40410,280222.50,0.0100,0.669420,0.0153
DQN,42,450,40500,284107.50,0.0100,0.678363,0.0125
DQN,42,451,40590,282087.50,0.0100,0.633551,0.0168
DQN,42,452,40680,286285.00,0.0100,0.628244,0.0152
DQN,42,453,40770,293567.50,0.0100,0.622547,0.0134
DQN,42,454,40860,273680.00,0.0100,0.638275,0.0128
DQN,42,455,40950,267772.50,0.0100,0.636053,0.0131
DQN,42,456,41040,284895.00,0.0100,0.644699,0.0127
DQN,42,457,41130,285930.00,0.0100,0.653318,0.0145
DQN,42,458,41220,279560.00,0.0100,0.649939,0.0155
DQN,42,459,41310,291027.50,0.0100,0.639096,0.0152
DQN,42,460,41400,276482.50,0.0100,0.655620,0.0143
DQN,42,461,41490,288282.50,0.0100,0.617065,0.0125
DQN,42,462,41580,266970.00,0.0100,0.614482,0.0211
DQN,42,463,41670,270312.50,0.0100,0.605269,0.0152
DQN,42,464,41760,274432.50,0.0100,0.620550,0.0125
DQN,42,465,41850,277327.50,0.0100,0.632019,0.0128
DQN,42,466,41940,277285.00,0.0100,0.607381,0.0141
DQN,42,467,42030,284512.50,0.0100,0.626732,0.0187
DQN,42,468,42120,282272.50,0.0100,0.654865,0.0157
DQN,42,469,42210,294102.50,0.0100,0.661933,0.0128
DQN,42,470,42300,277075.00,0.0100,0.648315,0.0147
DQN,42,471,42390,268620.00,0.0100,0.644824,0.0141
DQN,42,472,42480,261385.00,0.0100,0.640573,0.0130
DQN,42,473,42570,260757.50,0.0100,0.690091,0.0133
DQN,42,474,42660,275842.50,0.0100,0.683693,0.0133
DQN,42,475,42750,269325.00,0.0100,0.699173,0.0150
DQN,42,476,42840,287985.00,0.0100,0.690321,0.0137
DQN,42,477,42930,269952.50,0.0100,0.676234,0.0150
DQN,42,478,43020,281567.50,0.0100,0.709476,0.0147
DQN,42,479,43110,272260.00,0.0100,0.748108,0.0142
DQN,42,480,43200,267032.50,0.0100,0.733167,0.0130
DQN,42,481,43290,268517.50,0.0100,0.744941,0.0133
DQN,42,482,43380,265712.50,0.0100,0.711418,0.0133
DQN,42,483,43470,263807.50,0.0100,0.737614,0.0134
DQN,42,484,43560,254285.00,0.0100,0.734235,0.0134
DQN,42,485,43650,272280.00,0.0100,0.733569,0.0161
DQN,42,486,43740,277140.00,0.0100,0.723438,0.0194
DQN,42,487,43830,261815.00,0.0100,0.735656,0.0180
DQN,42,488,43920,285537.50,0.0100,0.728251,0.0131
DQN,42,489,44010,281827.50,0.0100,0.731538,0.0135
DQN,42,490,44100,261680.00,0.0100,0.697222,0.0128
DQN,42,491,44190,279107.50,0.0100,0.695717,0.0134
DQN,42,492,44280,278130.00,0.0100,0.706683,0.0140
DQN,42,493,44370,278077.50,0.0100,0.709950,0.0148
DQN,42,494,44460,269665.00,0.0100,0.702254,0.0125
DQN,42,495,44550,280587.50,0.0100,0.691506,0.0129
DQN,42,496,44640,265757.50,0.0100,0.685303,0.0140
DQN,42,497,44730,271645.00,0.0100,0.660820,0.0146
DQN,42,498,44820,275585.00,0.0100,0.699445,0.0136
DQN,42,499,44910,278990.00,0.0100,0.689018,0.0129
DQN,42,500,45000,279045.00,0.0100,0.680678,0.0128
DQN,123,1,90,215575.00,0.9975,0.000000,0.0005
DQN,123,2,180,252427.50,0.9950,0.000000,0.0004
DQN,123,3,270,219730.00,0.9926,0.000000,0.0004
DQN,123,4,360,241875.00,0.9901,0.000000,0.0004
DQN,123,5,450,226287.50,0.9876,0.000000,0.0004
DQN,123,6,540,220370.00,0.9851,4.522379,0.0077
DQN,123,7,630,195787.50,0.9827,3.812607,0.0127
DQN,123,8,720,205605.00,0.9802,2.630837,0.0130
DQN,123,9,810,215635.00,0.9777,2.491930,0.0133
DQN,123,10,900,241740.00,0.9752,2.456042,0.0127
DQN,123,11,990,172145.00,0.9728,2.293514,0.0127
DQN,123,12,1080,176457.50,0.9703,3.220047,0.0119
DQN,123,13,1170,187882.50,0.9678,1.763493,0.0145
DQN,123,14,1260,203822.50,0.9654,1.562645,0.0121
DQN,123,15,1350,199557.50,0.9629,1.349332,0.0124
DQN,123,16,1440,216680.00,0.9604,1.273249,0.0126
DQN,123,17,1530,226965.00,0.9579,1.910320,0.0132
DQN,123,18,1620,125655.00,0.9555,1.698929,0.0122
DQN,123,19,1710,215952.50,0.9530,1.372145,0.0129
DQN,123,20,1800,169295.00,0.9505,1.276323,0.0129
DQN,123,21,1890,153550.00,0.9480,1.195206,0.0151
DQN,123,22,1980,193265.00,0.9456,1.171238,0.0116
DQN,123,23,2070,231662.50,0.9431,1.908561,0.0119
DQN,123,24,2160,260152.50,0.9406,1.380210,0.0121
DQN,123,25,2250,157910.00,0.9381,1.270209,0.0121
DQN,123,26,2340,216820.00,0.9356,1.159623,0.0122
DQN,123,27,2430,161360.00,0.9332,1.145924,0.0122
DQN,123,28,2520,177325.00,0.9307,1.442367,0.0138
DQN,123,29,2610,169567.50,0.9282,1.371415,0.0124
DQN,123,30,2700,165755.00,0.9257,1.256288,0.0124
DQN,123,31,2790,226445.00,0.9233,1.184566,0.0138
DQN,123,32,2880,139075.00,0.9208,1.210203,0.0123
DQN,123,33,2970,196767.50,0.9183,1.143078,0.0143
DQN,123,34,3060,150547.50,0.9159,1.446513,0.0123
DQN,123,35,3150,212475.00,0.9134,1.248173,0.0147
DQN,123,36,3240,187230.00,0.9109,1.238174,0.0127
DQN,123,37,3330,199195.00,0.9084,1.152117,0.0121
DQN,123,38,3420,173842.50,0.9060,1.109724,0.0124
DQN,123,39,3510,156855.00,0.9035,1.153933,0.0126
DQN,123,40,3600,224975.00,0.9010,1.061920,0.0126
DQN,123,41,3690,216452.50,0.8985,0.996475,0.0126
DQN,123,42,3780,194517.50,0.8961,0.994262,0.0129
DQN,123,43,3870,222552.50,0.8936,0.933481,0.0139
DQN,123,44,3960,203747.50,0.8911,0.967392,0.0124
DQN,123,45,4050,232390.00,0.8886,0.977176,0.0131
DQN,123,46,4140,198440.00,0.8861,0.804591,0.0145
DQN,123,47,4230,216690.00,0.8837,0.797797,0.0121
DQN,123,48,4320,212840.00,0.8812,0.793413,0.0120
DQN,123,49,4410,240472.50,0.8787,0.784663,0.0127
DQN,123,50,4500,192182.50,0.8762,0.775048,0.0137
DQN,123,51,4590,247265.00,0.8738,0.799307,0.0155
DQN,123,52,4680,211260.00,0.8713,0.739211,0.0131
DQN,123,53,4770,213170.00,0.8688,0.739455,0.0134
DQN,123,54,4860,219072.50,0.8663,0.745036,0.0130
DQN,123,55,4950,228697.50,0.8639,0.696472,0.0127
DQN,123,56,5040,226795.00,0.8614,0.761733,0.0124
DQN,123,57,5130,220337.50,0.8589,0.733664,0.0130
DQN,123,58,5220,216125.00,0.8565,0.716247,0.0131
DQN,123,59,5310,186020.00,0.8540,0.693927,0.0132
DQN,123,60,5400,221360.00,0.8515,0.701671,0.0133
DQN,123,61,5490,183620.00,0.8490,0.682917,0.0150
DQN,123,62,5580,235405.00,0.8466,0.759754,0.0116
DQN,123,63,5670,260497.50,0.8441,0.706301,0.0119
DQN,123,64,5760,210137.50,0.8416,0.703806,0.0122
DQN,123,65,5850,233990.00,0.8391,0.698380,0.0123
DQN,123,66,5940,249032.50,0.8367,0.716653,0.0130
DQN,123,67,6030,210072.50,0.8342,0.736340,0.0131
DQN,123,68,6120,147535.00,0.8317,0.723238,0.0165
DQN,123,69,6210,178817.50,0.8292,0.706111,0.0156
DQN,123,70,6300,228220.00,0.8267,0.709812,0.0120
DQN,123,71,6390,249162.50,0.8243,0.728041,0.0122
DQN,123,72,6480,243920.00,0.8218,0.705909,0.0124
DQN,123,73,6570,242417.50,0.8193,0.739690,0.0124
DQN,123,74,6660,189492.50,0.8168,0.732472,0.0140
DQN,123,75,6750,198750.00,0.8144,0.698765,0.0162
DQN,123,76,6840,195002.50,0.8119,0.727420,0.0120
DQN,123,77,6930,221320.00,0.8094,0.718589,0.0122
DQN,123,78,7020,260615.00,0.8070,0.761379,0.0136
DQN,123,79,7110,205355.00,0.8045,0.743815,0.0157
DQN,123,80,7200,213357.50,0.8020,0.749548,0.0123
DQN,123,81,7290,249277.50,0.7995,0.735299,0.0134
DQN,123,82,7380,199197.50,0.7971,0.746670,0.0144
DQN,123,83,7470,234802.50,0.7946,0.750431,0.0121
DQN,123,84,7560,242552.50,0.7921,0.764553,0.0128
DQN,123,85,7650,242545.00,0.7896,0.740193,0.0134
DQN,123,86,7740,206607.50,0.7872,0.719839,0.0133
DQN,123,87,7830,194355.00,0.7847,0.738135,0.0142
DQN,123,88,7920,231582.50,0.7822,0.744003,0.0143
DQN,123,89,8010,241290.00,0.7797,0.744149,0.0170
DQN,123,90,8100,231580.00,0.7772,0.754421,0.0169
DQN,123,91,8190,212472.50,0.7748,0.713409,0.0144
DQN,123,92,8280,228470.00,0.7723,0.743725,0.0122
DQN,123,93,8370,229302.50,0.7698,0.725133,0.0143
DQN,123,94,8460,243110.00,0.7673,0.748966,0.0125
DQN,123,95,8550,244465.00,0.7649,0.751919,0.0125
DQN,123,96,8640,226657.50,0.7624,0.707899,0.0151
DQN,123,97,8730,227632.50,0.7599,0.701873,0.0118
DQN,123,98,8820,221462.50,0.7574,0.718637,0.0119
DQN,123,99,8910,185825.00,0.7550,0.702882,0.0125
DQN,123,100,9000,263592.50,0.7525,0.724184,0.0125
DQN,123,101,9090,211452.50,0.7500,0.706141,0.0161
DQN,123,102,9180,163787.50,0.7475,0.679636,0.0156
DQN,123,103,9270,221767.50,0.7451,0.683969,0.0128
DQN,123,104,9360,204642.50,0.7426,0.687949,0.0134
DQN,123,105,9450,242587.50,0.7401,0.677218,0.0125
DQN,123,106,9540,220882.50,0.7376,0.715013,0.0120
DQN,123,107,9630,225647.50,0.7352,0.680807,0.0131
DQN,123,108,9720,200500.00,0.7327,0.711618,0.0122
DQN,123,109,9810,184527.50,0.7302,0.678216,0.0143
DQN,123,110,9900,245877.50,0.7278,0.672027,0.0119
DQN,123,111,9990,217500.00,0.7253,0.688767,0.0152
DQN,123,112,10080,255002.50,0.7228,0.716234,0.0154
DQN,123,113,10170,259907.50,0.7203,0.711219,0.0120
DQN,123,114,10260,238212.50,0.7179,0.689598,0.0125
DQN,123,115,10350,264710.00,0.7154,0.714998,0.0127
DQN,123,116,10440,248890.00,0.7129,0.673335,0.0148
DQN,123,117,10530,251777.50,0.7104,0.700681,0.0119
DQN,123,118,10620,192815.00,0.7080,0.680374,0.0142
DQN,123,119,10710,227377.50,0.7055,0.727155,0.0149
DQN,123,120,10800,243265.00,0.7030,0.722332,0.0119
DQN,123,121,10890,241520.00,0.7005,0.699897,0.0146
DQN,123,122,10980,238825.00,0.6981,0.710880,0.0126
DQN,123,123,11070,220637.50,0.6956,0.673683,0.0124
DQN,123,124,11160,265560.00,0.6931,0.658839,0.0125
DQN,123,125,11250,244287.50,0.6906,0.675175,0.0131
DQN,123,126,11340,270087.50,0.6882,0.658193,0.0131
DQN,123,127,11430,248052.50,0.6857,0.680338,0.0144
DQN,123,128,11520,213767.50,0.6832,0.670935,0.0119
DQN,123,129,11610,244692.50,0.6807,0.690730,0.0121
DQN,123,130,11700,201967.50,0.6783,0.684837,0.0130
DQN,123,131,11790,218085.00,0.6758,0.684566,0.0128
DQN,123,132,11880,210487.50,0.6733,0.669979,0.0131
DQN,123,133,11970,242620.00,0.6708,0.689833,0.0156
DQN,123,134,12060,218975.00,0.6683,0.688200,0.0132
DQN,123,135,12150,268905.00,0.6659,0.668627,0.0192
DQN,123,136,12240,244862.50,0.6634,0.682825,0.0163
DQN,123,137,12330,245997.50,0.6609,0.685677,0.0129
DQN,123,138,12420,258015.00,0.6584,0.685956,0.0121
DQN,123,139,12510,267452.50,0.6560,0.703920,0.0124
DQN,123,140,12600,262842.50,0.6535,0.651672,0.0123
DQN,123,141,12690,226535.00,0.6510,0.665111,0.0124
DQN,123,142,12780,242977.50,0.6485,0.652219,0.0125
DQN,123,143,12870,250487.50,0.6461,0.656678,0.0124
DQN,123,144,12960,238557.50,0.6436,0.676310,0.0125
DQN,123,145,13050,260552.50,0.6411,0.671351,0.0124
DQN,123,146,13140,225402.50,0.6386,0.672136,0.0124
DQN,123,147,13230,243642.50,0.6362,0.655990,0.0125
DQN,123,148,13320,231325.00,0.6337,0.669963,0.0125
DQN,123,149,13410,254437.50,0.6312,0.688526,0.0125
DQN,123,150,13500,219935.00,0.6288,0.679314,0.0125
DQN,123,151,13590,256885.00,0.6263,0.699569,0.0143
DQN,123,152,13680,231592.50,0.6238,0.703261,0.0127
DQN,123,153,13770,250160.00,0.6213,0.701702,0.0128
DQN,123,154,13860,238895.00,0.6189,0.682609,0.0128
DQN,123,155,13950,228515.00,0.6164,0.689438,0.0129
DQN,123,156,14040,238572.50,0.6139,0.694964,0.0129
DQN,123,157,14130,253072.50,0.6114,0.697723,0.0128
DQN,123,158,14220,284062.50,0.6089,0.721731,0.0129
DQN,123,159,14310,275647.50,0.6065,0.708651,0.0128
DQN,123,160,14400,289937.50,0.6040,0.693805,0.0129
DQN,123,161,14490,246305.00,0.6015,0.692304,0.0130
DQN,123,162,14580,241792.50,0.5990,0.689114,0.0129
DQN,123,163,14670,202342.50,0.5966,0.679929,0.0130
DQN,123,164,14760,242502.50,0.5941,0.702973,0.0129
DQN,123,165,14850,276992.50,0.5916,0.687032,0.0130
DQN,123,166,14940,247030.00,0.5892,0.672565,0.0130
DQN,123,167,15030,245827.50,0.5867,0.700519,0.0130
DQN,123,168,15120,268127.50,0.5842,0.692035,0.0129
DQN,123,169,15210,233250.00,0.5817,0.704145,0.0130
DQN,123,170,15300,266182.50,0.5793,0.690152,0.0130
DQN,123,171,15390,247892.50,0.5768,0.673089,0.0129
DQN,123,172,15480,265955.00,0.5743,0.732143,0.0167
DQN,123,173,15570,234152.50,0.5718,0.706017,0.0119
DQN,123,174,15660,206762.50,0.5694,0.710741,0.0127
DQN,123,175,15750,218305.00,0.5669,0.715789,0.0130
DQN,123,176,15840,243595.00,0.5644,0.702601,0.0131
DQN,123,177,15930,237532.50,0.5619,0.728296,0.0132
DQN,123,178,16020,232165.00,0.5595,0.700048,0.0131
DQN,123,179,16110,235635.00,0.5570,0.694309,0.0133
DQN,123,180,16200,251717.50,0.5545,0.654012,0.0133
DQN,123,181,16290,274582.50,0.5520,0.670853,0.0133
DQN,123,182,16380,239757.50,0.5495,0.678385,0.0134
DQN,123,183,16470,281782.50,0.5471,0.648988,0.0134
DQN,123,184,16560,224612.50,0.5446,0.702744,0.0134
DQN,123,185,16650,268890.00,0.5421,0.701335,0.0135
DQN,123,186,16740,253507.50,0.5396,0.658253,0.0134
DQN,123,187,16830,251980.00,0.5372,0.684876,0.0133
DQN,123,188,16920,258117.50,0.5347,0.672716,0.0134
DQN,123,189,17010,262382.50,0.5322,0.687634,0.0136
DQN,123,190,17100,251785.00,0.5297,0.674473,0.0135
DQN,123,191,17190,265807.50,0.5273,0.663452,0.0134
DQN,123,192,17280,261592.50,0.5248,0.698873,0.0135
DQN,123,193,17370,252502.50,0.5223,0.672795,0.0135
DQN,123,194,17460,254822.50,0.5199,0.689851,0.0135
DQN,123,195,17550,223212.50,0.5174,0.725394,0.0135
DQN,123,196,17640,243865.00,0.5149,0.722917,0.0135
DQN,123,197,17730,254055.00,0.5124,0.706201,0.0136
DQN,123,198,17820,280035.00,0.5100,0.715421,0.0135
DQN,123,199,17910,272792.50,0.5075,0.719074,0.0136
DQN,123,200,18000,251167.50,0.5050,0.701604,0.0135
DQN,123,201,18090,230745.00,0.5025,0.688197,0.0140
DQN,123,202,18180,247980.00,0.5000,0.687595,0.0124
DQN,123,203,18270,258217.50,0.4976,0.679355,0.0123
DQN,123,204,18360,262550.00,0.4951,0.699974,0.0124
DQN,123,205,18450,213267.50,0.4926,0.704241,0.0135
DQN,123,206,18540,228992.50,0.4901,0.709461,0.0128
DQN,123,207,18630,241377.50,0.4877,0.739003,0.0132
DQN,123,208,18720,252967.50,0.4852,0.733107,0.0134
DQN,123,209,18810,235830.00,0.4827,0.689784,0.0134
DQN,123,210,18900,282212.50,0.4802,0.709301,0.0135
DQN,123,211,18990,264630.00,0.4778,0.723572,0.0134
DQN,123,212,19080,245795.00,0.4753,0.735110,0.0137
DQN,123,213,19170,257055.00,0.4728,0.737272,0.0136
DQN,123,214,19260,262267.50,0.4703,0.691393,0.0135
DQN,123,215,19350,272310.00,0.4679,0.703582,0.0135
DQN,123,216,19440,259687.50,0.4654,0.742267,0.0155
DQN,123,217,19530,272180.00,0.4629,0.680451,0.0121
DQN,123,218,19620,224482.50,0.4604,0.660052,0.0125
DQN,123,219,19710,265002.50,0.4580,0.666684,0.0124
DQN,123,220,19800,276397.50,0.4555,0.676900,0.0124
DQN,123,221,19890,262922.50,0.4530,0.655591,0.0124
DQN,123,222,19980,243487.50,0.4506,0.663814,0.0125
DQN,123,223,20070,258910.00,0.4481,0.657438,0.0126
DQN,123,224,20160,247587.50,0.4456,0.662732,0.0126
DQN,123,225,20250,241725.00,0.4431,0.653590,0.0125
DQN,123,226,20340,279052.50,0.4407,0.642623,0.0126
DQN,123,227,20430,245685.00,0.4382,0.642948,0.0126
DQN,123,228,20520,241332.50,0.4357,0.670058,0.0127
DQN,123,229,20610,256052.50,0.4332,0.681123,0.0128
DQN,123,230,20700,282772.50,0.4308,0.682045,0.0126
DQN,123,231,20790,230365.00,0.4283,0.653151,0.0126
DQN,123,232,20880,251085.00,0.4258,0.663495,0.0125
DQN,123,233,20970,274197.50,0.4233,0.650352,0.0127
DQN,123,234,21060,244025.00,0.4209,0.673066,0.0126
DQN,123,235,21150,292275.00,0.4184,0.666520,0.0126
DQN,123,236,21240,275002.50,0.4159,0.689444,0.0127
DQN,123,237,21330,271955.00,0.4134,0.678277,0.0126
DQN,123,238,21420,260117.50,0.4110,0.696916,0.0126
DQN,123,239,21510,269595.00,0.4085,0.686261,0.0127
DQN,123,240,21600,266165.00,0.4060,0.679296,0.0126
DQN,123,241,21690,245372.50,0.4035,0.679282,0.0126
DQN,123,242,21780,269367.50,0.4011,0.661973,0.0127
DQN,123,243,21870,238367.50,0.3986,0.653709,0.0126
DQN,123,244,21960,264257.50,0.3961,0.665903,0.0127
DQN,123,245,22050,272245.00,0.3936,0.685657,0.0127
DQN,123,246,22140,265827.50,0.3911,0.706911,0.0126
DQN,123,247,22230,284150.00,0.3887,0.683911,0.0127
DQN,123,248,22320,231827.50,0.3862,0.670976,0.0126
DQN,123,249,22410,278322.50,0.3837,0.699486,0.0127
DQN,123,250,22500,250492.50,0.3812,0.694034,0.0126
DQN,123,251,22590,278692.50,0.3788,0.703340,0.0174
DQN,123,252,22680,247702.50,0.3763,0.701036,0.0133
DQN,123,253,22770,271627.50,0.3738,0.696448,0.0130
DQN,123,254,22860,275642.50,0.3713,0.677000,0.0132
DQN,123,255,22950,268157.50,0.3689,0.674873,0.0134
DQN,123,256,23040,262915.00,0.3664,0.664686,0.0134
DQN,123,257,23130,261062.50,0.3639,0.662497,0.0134
DQN,123,258,23220,264195.00,0.3614,0.660215,0.0135
DQN,123,259,23310,276507.50,0.3590,0.660206,0.0136
DQN,123,260,23400,280612.50,0.3565,0.651950,0.0135
DQN,123,261,23490,241885.00,0.3540,0.665049,0.0136
DQN,123,262,23580,260580.00,0.3516,0.667959,0.0136
DQN,123,263,23670,267682.50,0.3491,0.668488,0.0136
DQN,123,264,23760,259372.50,0.3466,0.657822,0.0136
DQN,123,265,23850,289547.50,0.3441,0.656317,0.0137
DQN,123,266,23940,280107.50,0.3417,0.688133,0.0136
DQN,123,267,24030,279645.00,0.3392,0.675245,0.0135
DQN,123,268,24120,282900.00,0.3367,0.644195,0.0136
DQN,123,269,24210,262360.00,0.3342,0.629624,0.0136
DQN,123,270,24300,266650.00,0.3317,0.624418,0.0151
DQN,123,271,24390,257420.00,0.3293,0.640594,0.0123
DQN,123,272,24480,240210.00,0.3268,0.654518,0.0128
DQN,123,273,24570,249350.00,0.3243,0.657154,0.0129
DQN,123,274,24660,262927.50,0.3218,0.660785,0.0132
DQN,123,275,24750,268932.50,0.3194,0.650304,0.0130
DQN,123,276,24840,244917.50,0.3169,0.674912,0.0130
DQN,123,277,24930,276685.00,0.3144,0.651366,0.0130
DQN,123,278,25020,259167.50,0.3120,0.646257,0.0131
DQN,123,279,25110,281605.00,0.3095,0.654487,0.0131
DQN,123,280,25200,264027.50,0.3070,0.635663,0.0131
DQN,123,281,25290,263770.00,0.3045,0.632003,0.0132
DQN,123,282,25380,282357.50,0.3021,0.647783,0.0153
DQN,123,283,25470,265827.50,0.2996,0.643073,0.0123
DQN,123,284,25560,279372.50,0.2971,0.670818,0.0121
DQN,123,285,25650,274845.00,0.2946,0.659717,0.0123
DQN,123,286,25740,270255.00,0.2922,0.635199,0.0125
DQN,123,287,25830,254855.00,0.2897,0.666154,0.0125
DQN,123,288,25920,288847.50,0.2872,0.655601,0.0126
DQN,123,289,26010,268207.50,0.2847,0.634297,0.0125
DQN,123,290,26100,264335.00,0.2823,0.661685,0.0125
DQN,123,291,26190,270622.50,0.2798,0.621371,0.0126
DQN,123,292,26280,263280.00,0.2773,0.661213,0.0126
DQN,123,293,26370,271072.50,0.2748,0.664538,0.0126
DQN,123,294,26460,251157.50,0.2723,0.680095,0.0126
DQN,123,295,26550,253287.50,0.2699,0.671307,0.0127
DQN,123,296,26640,253080.00,0.2674,0.650139,0.0126
DQN,123,297,26730,237082.50,0.2649,0.651044,0.0127
DQN,123,298,26820,280070.00,0.2624,0.656978,0.0126
DQN,123,299,26910,273817.50,0.2600,0.638972,0.0127
DQN,123,300,27000,251467.50,0.2575,0.663870,0.0126
DQN,123,301,27090,265410.00,0.2550,0.647358,0.0145
DQN,123,302,27180,272397.50,0.2526,0.651168,0.0130
DQN,123,303,27270,266735.00,0.2501,0.668761,0.0129
DQN,123,304,27360,260360.00,0.2476,0.662692,0.0130
DQN,123,305,27450,249815.00,0.2451,0.646028,0.0130
DQN,123,306,27540,267162.50,0.2427,0.676960,0.0131
DQN,123,307,27630,285502.50,0.2402,0.663625,0.0131
DQN,123,308,27720,293810.00,0.2377,0.696317,0.0131
DQN,123,309,27810,248780.00,0.2352,0.673448,0.0131
DQN,123,310,27900,272145.00,0.2328,0.640950,0.0130
DQN,123,311,27990,262287.50,0.2303,0.679487,0.0131
DQN,123,312,28080,250405.00,0.2278,0.638006,0.0132
DQN,123,313,28170,280377.50,0.2253,0.639928,0.0132
DQN,123,314,28260,273102.50,0.2228,0.633842,0.0131
DQN,123,315,28350,265527.50,0.2204,0.628383,0.0132
DQN,123,316,28440,248665.00,0.2179,0.617431,0.0131
DQN,123,317,28530,260507.50,0.2154,0.649244,0.0131
DQN,123,318,28620,254960.00,0.2129,0.657295,0.0132
DQN,123,319,28710,257972.50,0.2105,0.683221,0.0131
DQN,123,320,28800,282060.00,0.2080,0.677312,0.0132
DQN,123,321,28890,254400.00,0.2055,0.649780,0.0131
DQN,123,322,28980,270567.50,0.2030,0.673329,0.0132
DQN,123,323,29070,240780.00,0.2006,0.687909,0.0132
DQN,123,324,29160,268860.00,0.1981,0.640426,0.0196
DQN,123,325,29250,269212.50,0.1956,0.668886,0.0159
DQN,123,326,29340,289207.50,0.1932,0.669525,0.0441
DQN,123,327,29430,258867.50,0.1907,0.684044,0.0367
DQN,123,328,29520,260532.50,0.1882,0.665275,0.0125
DQN,123,329,29610,255315.00,0.1857,0.628765,0.0131
DQN,123,330,29700,274220.00,0.1833,0.660497,0.0132
DQN,123,331,29790,273090.00,0.1808,0.640871,0.0133
DQN,123,332,29880,269122.50,0.1783,0.658589,0.0154
DQN,123,333,29970,273197.50,0.1758,0.655701,0.0131
DQN,123,334,30060,271087.50,0.1734,0.663407,0.0137
DQN,123,335,30150,268817.50,0.1709,0.678628,0.0148
DQN,123,336,30240,285410.00,0.1684,0.681051,0.0125
DQN,123,337,30330,274720.00,0.1659,0.668112,0.0129
DQN,123,338,30420,281050.00,0.1634,0.675085,0.0130
DQN,123,339,30510,260077.50,0.1610,0.663426,0.0129
DQN,123,340,30600,280872.50,0.1585,0.678339,0.0137
DQN,123,341,30690,261487.50,0.1560,0.679200,0.0122
DQN,123,342,30780,282857.50,0.1536,0.690735,0.0131
DQN,123,343,30870,249905.00,0.1511,0.675413,0.0136
DQN,123,344,30960,265772.50,0.1486,0.672308,0.0123
DQN,123,345,31050,281627.50,0.1461,0.643719,0.0129
DQN,123,346,31140,280685.00,0.1437,0.647878,0.0147
DQN,123,347,31230,283007.50,0.1412,0.631568,0.0132
DQN,123,348,31320,248325.00,0.1387,0.615154,0.0125
DQN,123,349,31410,272127.50,0.1362,0.617567,0.0132
DQN,123,350,31500,250970.00,0.1338,0.626010,0.0141
DQN,123,351,31590,276632.50,0.1313,0.634147,0.0125
DQN,123,352,31680,275875.00,0.1288,0.637964,0.0159
DQN,123,353,31770,284397.50,0.1263,0.661111,0.0151
DQN,123,354,31860,269905.00,0.1239,0.638791,0.0136
DQN,123,355,31950,273162.50,0.1214,0.635169,0.0131
DQN,123,356,32040,276287.50,0.1189,0.651825,0.0127
DQN,123,357,32130,291632.50,0.1164,0.698999,0.0129
DQN,123,358,32220,269625.00,0.1139,0.676215,0.0132
DQN,123,359,32310,263862.50,0.1115,0.656867,0.0140
DQN,123,360,32400,263947.50,0.1090,0.676816,0.0137
DQN,123,361,32490,283002.50,0.1065,0.665479,0.0121
DQN,123,362,32580,288260.00,0.1040,0.634165,0.0125
DQN,123,363,32670,282562.50,0.1016,0.647085,0.0133
DQN,123,364,32760,269785.00,0.0991,0.653169,0.0135
DQN,123,365,32850,277967.50,0.0966,0.679016,0.0168
DQN,123,366,32940,287497.50,0.0941,0.651351,0.0124
DQN,123,367,33030,270930.00,0.0917,0.646996,0.0137
DQN,123,368,33120,279872.50,0.0892,0.642309,0.0123
DQN,123,369,33210,271495.00,0.0867,0.633176,0.0132
DQN,123,370,33300,289320.00,0.0842,0.660855,0.0138
DQN,123,371,33390,269065.00,0.0818,0.674110,0.0136
DQN,123,372,33480,274822.50,0.0793,0.638263,0.0136
DQN,123,373,33570,281110.00,0.0768,0.667278,0.0137
DQN,123,374,33660,275205.00,0.0743,0.678954,0.0138
DQN,123,375,33750,277805.00,0.0719,0.678685,0.0141
DQN,123,376,33840,283172.50,0.0694,0.662866,0.0161
DQN,123,377,33930,270515.00,0.0669,0.668234,0.0128
DQN,123,378,34020,283095.00,0.0645,0.678628,0.0130
DQN,123,379,34110,275080.00,0.0620,0.637997,0.0131
DQN,123,380,34200,286690.00,0.0595,0.656948,0.0131
DQN,123,381,34290,280247.50,0.0570,0.654523,0.0131
DQN,123,382,34380,282050.00,0.0546,0.663226,0.0150
DQN,123,383,34470,273175.00,0.0521,0.664587,0.0125
DQN,123,384,34560,275492.50,0.0496,0.656009,0.0147
DQN,123,385,34650,283397.50,0.0471,0.648978,0.0134
DQN,123,386,34740,259472.50,0.0447,0.649647,0.0140
DQN,123,387,34830,274735.00,0.0422,0.614615,0.0124
DQN,123,388,34920,270807.50,0.0397,0.634015,0.0133
DQN,123,389,35010,266312.50,0.0372,0.607261,0.0151
DQN,123,390,35100,289655.00,0.0348,0.598123,0.0137
DQN,123,391,35190,281890.00,0.0323,0.582856,0.0137
DQN,123,392,35280,293110.00,0.0298,0.597913,0.0139
DQN,123,393,35370,270377.50,0.0273,0.597489,0.0132
DQN,123,394,35460,269025.00,0.0249,0.587034,0.0145
DQN,123,395,35550,272342.50,0.0224,0.583425,0.0134
DQN,123,396,35640,279992.50,0.0199,0.592069,0.0193
DQN,123,397,35730,297565.00,0.0174,0.587090,0.0145
DQN,123,398,35820,278840.00,0.0150,0.598407,0.0145
DQN,123,399,35910,283877.50,0.0125,0.590079,0.0133
DQN,123,400,36000,267340.00,0.0100,0.578882,0.0162
DQN,123,401,36090,281272.50,0.0100,0.576131,0.0197
DQN,123,402,36180,285222.50,0.0100,0.584214,0.0137
DQN,123,403,36270,288725.00,0.0100,0.598020,0.0153
DQN,123,404,36360,284247.50,0.0100,0.557773,0.0137
DQN,123,405,36450,279405.00,0.0100,0.597942,0.0154
DQN,123,406,36540,273987.50,0.0100,0.571460,0.0125
DQN,123,407,36630,277587.50,0.0100,0.561401,0.0165
DQN,123,408,36720,273905.00,0.0100,0.548490,0.0132
DQN,123,409,36810,273690.00,0.0100,0.541415,0.0153
DQN,123,410,36900,273340.00,0.0100,0.548615,0.0132
DQN,123,411,36990,280810.00,0.0100,0.544426,0.0130
DQN,123,412,37080,284080.00,0.0100,0.557355,0.0128
DQN,123,413,37170,289555.00,0.0100,0.568294,0.0134
DQN,123,414,37260,273752.50,0.0100,0.570690,0.0135
DQN,123,415,37350,269325.00,0.0100,0.585956,0.0136
DQN,123,416,37440,280190.00,0.0100,0.572247,0.0136
DQN,123,417,37530,293112.50,0.0100,0.556836,0.0137
DQN,123,418,37620,269500.00,0.0100,0.573498,0.0158
DQN,123,419,37710,268685.00,0.0100,0.588369,0.0126
DQN,123,420,37800,295845.00,0.0100,0.596931,0.0130
DQN,123,421,37890,288395.00,0.0100,0.570998,0.0184
DQN,123,422,37980,258182.50,0.0100,0.573067,0.0123
DQN,123,423,38070,279300.00,0.0100,0.653200,0.0133
DQN,123,424,38160,278307.50,0.0100,0.660752,0.0135
DQN,123,425,38250,278155.00,0.0100,0.641827,0.0135
DQN,123,426,38340,278120.00,0.0100,0.647117,0.0137
DQN,123,427,38430,265187.50,0.0100,0.654693,0.0136
DQN,123,428,38520,288227.50,0.0100,0.608883,0.0169
DQN,123,429,38610,268862.50,0.0100,0.568036,0.0124
DQN,123,430,38700,277222.50,0.0100,0.565465,0.0128
DQN,123,431,38790,269695.00,0.0100,0.589336,0.0129
DQN,123,432,38880,278072.50,0.0100,0.566654,0.0140
DQN,123,433,38970,283452.50,0.0100,0.578613,0.0154
DQN,123,434,39060,281047.50,0.0100,0.614115,0.0127
DQN,123,435,39150,275837.50,0.0100,0.633868,0.0136
DQN,123,436,39240,282200.00,0.0100,0.633720,0.0154
DQN,123,437,39330,268480.00,0.0100,0.655496,0.0131
DQN,123,438,39420,294757.50,0.0100,0.634982,0.0132
DQN,123,439,39510,279525.00,0.0100,0.612686,0.0132
DQN,123,440,39600,266722.50,0.0100,0.583669,0.0132
DQN,123,441,39690,291082.50,0.0100,0.575619,0.0133
DQN,123,442,39780,263087.50,0.0100,0.591132,0.0132
DQN,123,443,39870,264627.50,0.0100,0.587286,0.0141
DQN,123,444,39960,273977.50,0.0100,0.580829,0.0132
DQN,123,445,40050,281367.50,0.0100,0.607060,0.0156
DQN,123,446,40140,286202.50,0.0100,0.608642,0.0145
DQN,123,447,40230,263532.50,0.0100,0.612591,0.0146
DQN,123,448,40320,280672.50,0.0100,0.627664,0.0155
DQN,123,449,40410,271967.50,0.0100,0.605491,0.0127
DQN,123,450,40500,269767.50,0.0100,0.624308,0.0140
DQN,123,451,40590,273437.50,0.0100,0.637943,0.0186
DQN,123,452,40680,260005.00,0.0100,0.624252,0.0142
DQN,123,453,40770,277427.50,0.0100,0.646428,0.0156
DQN,123,454,40860,277680.00,0.0100,0.645523,0.0126
DQN,123,455,40950,286157.50,0.0100,0.629578,0.0138
DQN,123,456,41040,287845.00,0.0100,0.663695,0.0127
DQN,123,457,41130,288127.50,0.0100,0.675577,0.0130
DQN,123,458,41220,280457.50,0.0100,0.706293,0.0138
DQN,123,459,41310,290380.00,0.0100,0.704605,0.0144
DQN,123,460,41400,277842.50,0.0100,0.689814,0.0136
DQN,123,461,41490,271085.00,0.0100,0.687791,0.0149
DQN,123,462,41580,271262.50,0.0100,0.685419,0.0132
DQN,123,463,41670,275742.50,0.0100,0.725158,0.0132
DQN,123,464,41760,275592.50,0.0100,0.683807,0.0132
DQN,123,465,41850,256382.50,0.0100,0.684712,0.0143
DQN,123,466,41940,288835.00,0.0100,0.705432,0.0128
DQN,123,467,42030,296887.50,0.0100,0.715757,0.0131
DQN,123,468,42120,284307.50,0.0100,0.694170,0.0133
DQN,123,469,42210,276345.00,0.0100,0.676840,0.0132
DQN,123,470,42300,287612.50,0.0100,0.706644,0.0133
DQN,123,471,42390,268245.00,0.0100,0.707152,0.0140
DQN,123,472,42480,270990.00,0.0100,0.696808,0.0128
DQN,123,473,42570,285577.50,0.0100,0.669975,0.0128
DQN,123,474,42660,268627.50,0.0100,0.660380,0.0223
DQN,123,475,42750,262297.50,0.0100,0.659844,0.0150
DQN,123,476,42840,282550.00,0.0100,0.656535,0.0129
DQN,123,477,42930,280597.50,0.0100,0.681172,0.0133
DQN,123,478,43020,279605.00,0.0100,0.660486,0.0135
DQN,123,479,43110,270360.00,0.0100,0.695584,0.0159
DQN,123,480,43200,273227.50,0.0100,0.687977,0.0128
DQN,123,481,43290,265495.00,0.0100,0.699763,0.0131
DQN,123,482,43380,263755.00,0.0100,0.704071,0.0150
DQN,123,483,43470,283027.50,0.0100,0.707630,0.0140
DQN,123,484,43560,277220.00,0.0100,0.670653,0.0152
DQN,123,485,43650,273582.50,0.0100,0.681450,0.0122
DQN,123,486,43740,284292.50,0.0100,0.679595,0.0145
DQN,123,487,43830,280470.00,0.0100,0.678566,0.0154
DQN,123,488,43920,271407.50,0.0100,0.690327,0.0146
DQN,123,489,44010,267212.50,0.0100,0.672462,0.0136
DQN,123,490,44100,275175.00,0.0100,0.691576,0.0161
DQN,123,491,44190,261017.50,0.0100,0.677727,0.0140
DQN,123,492,44280,272330.00,0.0100,0.685884,0.0156
DQN,123,493,44370,278195.00,0.0100,0.679158,0.0126
DQN,123,494,44460,266712.50,0.0100,0.708220,0.0160
DQN,123,495,44550,273367.50,0.0100,0.735849,0.0123
DQN,123,496,44640,270232.50,0.0100,0.704556,0.0129
DQN,123,497,44730,256925.00,0.0100,0.714881,0.0132
DQN,123,498,44820,265095.00,0.0100,0.736645,0.0134
DQN,123,499,44910,265010.00,0.0100,0.741957,0.0139
DQN,123,500,45000,269367.50,0.0100,0.737455,0.0134
DQN,456,1,90,208712.50,0.9975,0.000000,0.0007
DQN,456,2,180,218520.00,0.9950,0.000000,0.0005
DQN,456,3,270,236330.00,0.9926,0.000000,0.0008
DQN,456,4,360,123570.00,0.9901,0.000000,0.0009
DQN,456,5,450,180762.50,0.9876,0.000000,0.0005
DQN,456,6,540,172962.50,0.9851,4.535078,0.0069
DQN,456,7,630,210410.00,0.9827,3.476101,0.0168
DQN,456,8,720,189760.00,0.9802,2.379874,0.0124
DQN,456,9,810,217005.00,0.9777,2.335075,0.0125
DQN,456,10,900,226355.00,0.9752,2.335312,0.0147
DQN,456,11,990,175747.50,0.9728,2.226796,0.0206
DQN,456,12,1080,167930.00,0.9703,3.027097,0.0136
DQN,456,13,1170,147795.00,0.9678,2.022799,0.0150
DQN,456,14,1260,210772.50,0.9654,1.963410,0.0141
DQN,456,15,1350,207417.50,0.9629,1.941307,0.0137
DQN,456,16,1440,213542.50,0.9604,1.816423,0.0122
DQN,456,17,1530,232247.50,0.9579,2.376663,0.0145
DQN,456,18,1620,224770.00,0.9555,1.861371,0.0141
DQN,456,19,1710,106455.00,0.9530,1.702899,0.0122
DQN,456,20,1800,180667.50,0.9505,1.621401,0.0133
DQN,456,21,1890,188405.00,0.9480,1.575346,0.0143
DQN,456,22,1980,188965.00,0.9456,1.460823,0.0121
DQN,456,23,2070,214667.50,0.9431,2.092404,0.0127
DQN,456,24,2160,240422.50,0.9406,1.505602,0.0128
DQN,456,25,2250,137797.50,0.9381,1.443054,0.0131
DQN,456,26,2340,195190.00,0.9356,1.362565,0.0129
DQN,456,27,2430,229247.50,0.9332,1.307238,0.0123
DQN,456,28,2520,186495.00,0.9307,1.665398,0.0153
DQN,456,29,2610,160462.50,0.9282,1.657566,0.0118
DQN,456,30,2700,202312.50,0.9257,1.452581,0.0121
DQN,456,31,2790,262597.50,0.9233,1.372228,0.0126
DQN,456,32,2880,146285.00,0.9208,1.317910,0.0188
DQN,456,33,2970,174782.50,0.9183,1.256393,0.0183
DQN,456,34,3060,189077.50,0.9159,1.722428,0.0121
DQN,456,35,3150,198000.00,0.9134,1.508001,0.0138
DQN,456,36,3240,117997.50,0.9109,1.346084,0.0124
DQN,456,37,3330,213735.00,0.9084,1.301942,0.0129
DQN,456,38,3420,171427.50,0.9060,1.257245,0.0133
DQN,456,39,3510,161427.50,0.9035,1.409102,0.0127
DQN,456,40,3600,171180.00,0.9010,1.538029,0.0171
DQN,456,41,3690,181175.00,0.8985,1.370370,0.0125
DQN,456,42,3780,171665.00,0.8961,1.287416,0.0126
DQN,456,43,3870,220635.00,0.8936,1.268950,0.0194
DQN,456,44,3960,184957.50,0.8911,1.259883,0.0131
DQN,456,45,4050,155340.00,0.8886,1.441382,0.0127
DQN,456,46,4140,179565.00,0.8861,1.261396,0.0130
DQN,456,47,4230,232107.50,0.8837,1.262820,0.0154
DQN,456,48,4320,144840.00,0.8812,1.208418,0.0144
DQN,456,49,4410,240957.50,0.8787,1.243346,0.0124
DQN,456,50,4500,216407.50,0.8762,1.171976,0.0128
DQN,456,51,4590,195382.50,0.8738,1.091347,0.0184
DQN,456,52,4680,213542.50,0.8713,1.010611,0.0177
DQN,456,53,4770,203195.00,0.8688,0.972582,0.0126
DQN,456,54,4860,219045.00,0.8663,0.959926,0.0118
DQN,456,55,4950,199472.50,0.8639,0.922126,0.0126
DQN,456,56,5040,231627.50,0.8614,0.992408,0.0143
DQN,456,57,5130,251110.00,0.8589,0.812371,0.0123
DQN,456,58,5220,243655.00,0.8565,0.819375,0.0130
DQN,456,59,5310,251080.00,0.8540,0.803992,0.0130
DQN,456,60,5400,216100.00,0.8515,0.801695,0.0143
DQN,456,61,5490,234720.00,0.8490,0.796581,0.0141
DQN,456,62,5580,209640.00,0.8466,0.815678,0.0133
DQN,456,63,5670,204940.00,0.8441,0.748207,0.0144
DQN,456,64,5760,173125.00,0.8416,0.741675,0.0134
DQN,456,65,5850,212457.50,0.8391,0.739195,0.0129
DQN,456,66,5940,230842.50,0.8367,0.736663,0.0138
DQN,456,67,6030,187742.50,0.8342,0.759776,0.0211
DQN,456,68,6120,223780.00,0.8317,0.731522,0.0158
DQN,456,69,6210,177627.50,0.8292,0.704135,0.0118
DQN,456,70,6300,257685.00,0.8267,0.691819,0.0127
DQN,456,71,6390,218195.00,0.8243,0.701729,0.0130
DQN,456,72,6480,214552.50,0.8218,0.719475,0.0130
DQN,456,73,6570,212067.50,0.8193,0.716107,0.0131
DQN,456,74,6660,191390.00,0.8168,0.715620,0.0131
DQN,456,75,6750,262940.00,0.8144,0.695534,0.0155
DQN,456,76,6840,218257.50,0.8119,0.721504,0.0129
DQN,456,77,6930,199192.50,0.8094,0.709375,0.0124
DQN,456,78,7020,186527.50,0.8070,0.742422,0.0149
DQN,456,79,7110,243642.50,0.8045,0.679698,0.0135
DQN,456,80,7200,239790.00,0.8020,0.707030,0.0142
DQN,456,81,7290,267205.00,0.7995,0.673559,0.0193
DQN,456,82,7380,194462.50,0.7971,0.673856,0.0176
DQN,456,83,7470,205202.50,0.7946,0.699792,0.0151
DQN,456,84,7560,195025.00,0.7921,0.691999,0.0120
DQN,456,85,7650,179887.50,0.7896,0.689564,0.0158
DQN,456,86,7740,244512.50,0.7872,0.689317,0.0178
DQN,456,87,7830,175805.00,0.7847,0.700832,0.0125
DQN,456,88,7920,215215.00,0.7822,0.683954,0.0127
DQN,456,89,8010,214000.00,0.7797,0.692728,0.0144
DQN,456,90,8100,215237.50,0.7772,0.689539,0.0142
DQN,456,91,8190,231595.00,0.7748,0.696973,0.0123
DQN,456,92,8280,224710.00,0.7723,0.709778,0.0140
DQN,456,93,8370,160692.50,0.7698,0.720390,0.0137
DQN,456,94,8460,193640.00,0.7673,0.688302,0.0127
DQN,456,95,8550,241902.50,0.7649,0.697407,0.0128
DQN,456,96,8640,156252.50,0.7624,0.653036,0.0129
DQN,456,97,8730,237952.50,0.7599,0.673384,0.0138
DQN,456,98,8820,294950.00,0.7574,0.661252,0.0130
DQN,456,99,8910,248675.00,0.7550,0.681579,0.0129
DQN,456,100,9000,215882.50,0.7525,0.673329,0.0173
DQN,456,101,9090,215002.50,0.7500,0.704850,0.0140
DQN,456,102,9180,244112.50,0.7475,0.692472,0.0309
DQN,456,103,9270,234172.50,0.7451,0.687747,0.0155
DQN,456,104,9360,230295.00,0.7426,0.671647,0.0193
DQN,456,105,9450,209580.00,0.7401,0.698605,0.0160
DQN,456,106,9540,206942.50,0.7376,0.678288,0.0128
DQN,456,107,9630,247010.00,0.7352,0.648098,0.0129
DQN,456,108,9720,264597.50,0.7327,0.653142,0.0131
DQN,456,109,9810,232085.00,0.7302,0.665059,0.0131
DQN,456,110,9900,250112.50,0.7278,0.687916,0.0132
DQN,456,111,9990,223865.00,0.7253,0.675166,0.0133
DQN,456,112,10080,282237.50,0.7228,0.679985,0.0133
DQN,456,113,10170,275402.50,0.7203,0.671391,0.0156
DQN,456,114,10260,265835.00,0.7179,0.647335,0.0119
DQN,456,115,10350,267155.00,0.7154,0.671779,0.0125
DQN,456,116,10440,223822.50,0.7129,0.677409,0.0127
DQN,456,117,10530,239565.00,0.7104,0.677983,0.0128
DQN,456,118,10620,252865.00,0.7080,0.661774,0.0129
DQN,456,119,10710,220307.50,0.7055,0.662654,0.0128
DQN,456,120,10800,255150.00,0.7030,0.686201,0.0128
DQN,456,121,10890,243530.00,0.7005,0.659447,0.0139
DQN,456,122,10980,209665.00,0.6981,0.650738,0.0132
DQN,456,123,11070,234292.50,0.6956,0.686209,0.0127
DQN,456,124,11160,241207.50,0.6931,0.648548,0.0128
DQN,456,125,11250,239820.00,0.6906,0.658604,0.0141
DQN,456,126,11340,245395.00,0.6882,0.646206,0.0132
DQN,456,127,11430,216177.50,0.6857,0.674559,0.0142
DQN,456,128,11520,236700.00,0.6832,0.675171,0.0208
DQN,456,129,11610,240780.00,0.6807,0.642056,0.0122
DQN,456,130,11700,243617.50,0.6783,0.636466,0.0126
DQN,456,131,11790,191815.00,0.6758,0.639753,0.0127
DQN,456,132,11880,188222.50,0.6733,0.633436,0.0165
DQN,456,133,11970,258297.50,0.6708,0.636827,0.0120
DQN,456,134,12060,231712.50,0.6683,0.695168,0.0126
DQN,456,135,12150,250035.00,0.6659,0.691866,0.0185
DQN,456,136,12240,292502.50,0.6634,0.681795,0.0157
DQN,456,137,12330,276997.50,0.6609,0.677120,0.0128
DQN,456,138,12420,234172.50,0.6584,0.679123,0.0122
DQN,456,139,12510,228862.50,0.6560,0.654176,0.0128
DQN,456,140,12600,216845.00,0.6535,0.685429,0.0130
DQN,456,141,12690,268227.50,0.6510,0.670407,0.0131
DQN,456,142,12780,251010.00,0.6485,0.661020,0.0132
DQN,456,143,12870,226662.50,0.6461,0.688245,0.0135
DQN,456,144,12960,203600.00,0.6436,0.691515,0.0575
DQN,456,145,13050,216452.50,0.6411,0.693218,0.0571
DQN,456,146,13140,255075.00,0.6386,0.674150,0.0156
DQN,456,147,13230,233492.50,0.6362,0.662355,0.0122
DQN,456,148,13320,268620.00,0.6337,0.674453,0.0137
DQN,456,149,13410,206937.50,0.6312,0.674973,0.0135
DQN,456,150,13500,248830.00,0.6288,0.698943,0.0138
DQN,456,151,13590,231595.00,0.6263,0.644758,0.0143
DQN,456,152,13680,244590.00,0.6238,0.664707,0.0146
DQN,456,153,13770,267677.50,0.6213,0.661888,0.0128
DQN,456,154,13860,203497.50,0.6189,0.644688,0.0118
DQN,456,155,13950,268305.00,0.6164,0.661299,0.0142
DQN,456,156,14040,234685.00,0.6139,0.641305,0.0126
DQN,456,157,14130,249850.00,0.6114,0.690600,0.0123
DQN,456,158,14220,270325.00,0.6089,0.693019,0.0129
DQN,456,159,14310,210135.00,0.6065,0.661799,0.0140
DQN,456,160,14400,236627.50,0.6040,0.676121,0.0131
DQN,456,161,14490,222010.00,0.6015,0.684773,0.0129
DQN,456,162,14580,264047.50,0.5990,0.686720,0.0132
DQN,456,163,14670,283532.50,0.5966,0.690006,0.0117
DQN,456,164,14760,223875.00,0.5941,0.677231,0.0147
DQN,456,165,14850,220430.00,0.5916,0.665748,0.0122
DQN,456,166,14940,251525.00,0.5892,0.683564,0.0124
DQN,456,167,15030,251780.00,0.5867,0.697565,0.0132
DQN,456,168,15120,263510.00,0.5842,0.673424,0.0124
DQN,456,169,15210,231342.50,0.5817,0.685592,0.0153
DQN,456,170,15300,219870.00,0.5793,0.651308,0.0124
DQN,456,171,15390,251720.00,0.5768,0.671643,0.0127
DQN,456,172,15480,245667.50,0.5743,0.674089,0.0131
DQN,456,173,15570,212667.50,0.5718,0.708630,0.0159
DQN,456,174,15660,220015.00,0.5694,0.708438,0.0121
DQN,456,175,15750,271507.50,0.5669,0.673826,0.0134
DQN,456,176,15840,247737.50,0.5644,0.680451,0.0129
DQN,456,177,15930,279650.00,0.5619,0.673292,0.0133
DQN,456,178,16020,233012.50,0.5595,0.705592,0.0146
DQN,456,179,16110,252017.50,0.5570,0.713024,0.0120
DQN,456,180,16200,250752.50,0.5545,0.679635,0.0132
DQN,456,181,16290,241075.00,0.5520,0.707899,0.0131
DQN,456,182,16380,267640.00,0.5495,0.704974,0.0130
DQN,456,183,16470,283155.00,0.5471,0.694012,0.0149
DQN,456,184,16560,275442.50,0.5446,0.674522,0.0128
DQN,456,185,16650,256935.00,0.5421,0.688458,0.0132
DQN,456,186,16740,298032.50,0.5396,0.678009,0.0132
DQN,456,187,16830,236017.50,0.5372,0.673171,0.0123
DQN,456,188,16920,258097.50,0.5347,0.666412,0.0124
DQN,456,189,17010,262397.50,0.5322,0.664287,0.0133
DQN,456,190,17100,234015.00,0.5297,0.674891,0.0131
DQN,456,191,17190,254710.00,0.5273,0.665500,0.0136
DQN,456,192,17280,241912.50,0.5248,0.656815,0.0147
DQN,456,193,17370,227952.50,0.5223,0.676371,0.0153
DQN,456,194,17460,279137.50,0.5199,0.664528,0.0189
DQN,456,195,17550,236772.50,0.5174,0.664361,0.0168
DQN,456,196,17640,244840.00,0.5149,0.664961,0.0130
DQN,456,197,17730,257325.00,0.5124,0.673871,0.0145
DQN,456,198,17820,219440.00,0.5100,0.658117,0.0123
DQN,456,199,17910,255040.00,0.5075,0.662351,0.0125
DQN,456,200,18000,266550.00,0.5050,0.647376,0.0128
DQN,456,201,18090,236775.00,0.5025,0.656555,0.0177
DQN,456,202,18180,280617.50,0.5000,0.667602,0.0134
DQN,456,203,18270,281807.50,0.4976,0.641072,0.0132
DQN,456,204,18360,242995.00,0.4951,0.682850,0.0139
DQN,456,205,18450,268820.00,0.4926,0.669022,0.0137
DQN,456,206,18540,260680.00,0.4901,0.726004,0.0125
DQN,456,207,18630,210225.00,0.4877,0.682315,0.0134
DQN,456,208,18720,257817.50,0.4852,0.683518,0.0139
DQN,456,209,18810,219775.00,0.4827,0.699291,0.0125
DQN,456,210,18900,241185.00,0.4802,0.689167,0.0123
DQN,456,211,18990,281012.50,0.4778,0.675903,0.0129
DQN,456,212,19080,276852.50,0.4753,0.726476,0.0175
DQN,456,213,19170,254520.00,0.4728,0.714828,0.0144
DQN,456,214,19260,244505.00,0.4703,0.693186,0.0149
DQN,456,215,19350,274585.00,0.4679,0.694622,0.0123
DQN,456,216,19440,244402.50,0.4654,0.720710,0.0127
DQN,456,217,19530,260317.50,0.4629,0.689342,0.0128
DQN,456,218,19620,254780.00,0.4604,0.679052,0.0147
DQN,456,219,19710,267547.50,0.4580,0.680762,0.0120
DQN,456,220,19800,241110.00,0.4555,0.680706,0.0157
DQN,456,221,19890,258492.50,0.4530,0.687147,0.0130
DQN,456,222,19980,240662.50,0.4506,0.692487,0.0120
DQN,456,223,20070,295095.00,0.4481,0.670063,0.0146
DQN,456,224,20160,240530.00,0.4456,0.695330,0.0125
DQN,456,225,20250,222960.00,0.4431,0.659596,0.0145
DQN,456,226,20340,227630.00,0.4407,0.667340,0.0132
DQN,456,227,20430,280630.00,0.4382,0.683084,0.0134
DQN,456,228,20520,253592.50,0.4357,0.682200,0.0133
DQN,456,229,20610,276007.50,0.4332,0.669670,0.0134
DQN,456,230,20700,249925.00,0.4308,0.656241,0.0134
DQN,456,231,20790,250055.00,0.4283,0.671871,0.0153
DQN,456,232,20880,266500.00,0.4258,0.664311,0.0122
DQN,456,233,20970,261790.00,0.4233,0.652999,0.0126
DQN,456,234,21060,226227.50,0.4209,0.662766,0.0144
DQN,456,235,21150,269802.50,0.4184,0.692659,0.0121
DQN,456,236,21240,273240.00,0.4159,0.660734,0.0226
DQN,456,237,21330,260507.50,0.4134,0.688513,0.0130
DQN,456,238,21420,272657.50,0.4110,0.684081,0.0123
DQN,456,239,21510,252307.50,0.4085,0.656652,0.0132
DQN,456,240,21600,227115.00,0.4060,0.670336,0.0141
DQN,456,241,21690,254605.00,0.4035,0.627184,0.0148
DQN,456,242,21780,275290.00,0.4011,0.644599,0.0157
DQN,456,243,21870,257995.00,0.3986,0.651692,0.0119
DQN,456,244,21960,232190.00,0.3961,0.647798,0.0122
DQN,456,245,22050,283667.50,0.3936,0.653939,0.0123
DQN,456,246,22140,273875.00,0.3911,0.627887,0.0124
DQN,456,247,22230,274152.50,0.3887,0.653597,0.0128
DQN,456,248,22320,251042.50,0.3862,0.632670,0.0139
DQN,456,249,22410,278547.50,0.3837,0.639070,0.0152
DQN,456,250,22500,286025.00,0.3812,0.637004,0.0124
DQN,456,251,22590,242965.00,0.3788,0.692350,0.0128
DQN,456,252,22680,234987.50,0.3763,0.649564,0.0184
DQN,456,253,22770,280400.00,0.3738,0.659343,0.0155
DQN,456,254,22860,250762.50,0.3713,0.662138,0.0130
DQN,456,255,22950,255130.00,0.3689,0.662140,0.0134
DQN,456,256,23040,243752.50,0.3664,0.658131,0.0128
DQN,456,257,23130,268190.00,0.3639,0.664528,0.0136
DQN,456,258,23220,269505.00,0.3614,0.660713,0.0141
DQN,456,259,23310,272585.00,0.3590,0.676288,0.0156
DQN,456,260,23400,243115.00,0.3565,0.645477,0.0123
DQN,456,261,23490,263497.50,0.3540,0.653406,0.0127
DQN,456,262,23580,275282.50,0.3516,0.654443,0.0130
DQN,456,263,23670,270620.00,0.3491,0.672659,0.0151
DQN,456,264,23760,270917.50,0.3466,0.656940,0.0162
DQN,456,265,23850,270812.50,0.3441,0.640208,0.0137
DQN,456,266,23940,284210.00,0.3417,0.656915,0.0129
DQN,456,267,24030,265982.50,0.3392,0.660224,0.0157
DQN,456,268,24120,255792.50,0.3367,0.633214,0.0143
DQN,456,269,24210,268345.00,0.3342,0.616308,0.0141
DQN,456,270,24300,257257.50,0.3317,0.634508,0.0120
DQN,456,271,24390,250747.50,0.3293,0.642317,0.0134
DQN,456,272,24480,290847.50,0.3268,0.637771,0.0130
DQN,456,273,24570,263797.50,0.3243,0.632701,0.0136
DQN,456,274,24660,274527.50,0.3218,0.644722,0.0132
DQN,456,275,24750,291212.50,0.3194,0.649109,0.0125
DQN,456,276,24840,248460.00,0.3169,0.630155,0.0128
DQN,456,277,24930,279740.00,0.3144,0.634520,0.0163
DQN,456,278,25020,274212.50,0.3120,0.642749,0.0125
DQN,456,279,25110,272212.50,0.3095,0.666443,0.0134
DQN,456,280,25200,274520.00,0.3070,0.637179,0.0125
DQN,456,281,25290,279207.50,0.3045,0.628871,0.0132
DQN,456,282,25380,272882.50,0.3021,0.649425,0.0129
DQN,456,283,25470,292350.00,0.2996,0.650393,0.0133
DQN,456,284,25560,267010.00,0.2971,0.639751,0.0134
DQN,456,285,25650,272055.00,0.2946,0.656410,0.0151
DQN,456,286,25740,278895.00,0.2922,0.661157,0.0130
DQN,456,287,25830,281295.00,0.2897,0.671822,0.0154
DQN,456,288,25920,275887.50,0.2872,0.676851,0.0157
DQN,456,289,26010,282730.00,0.2847,0.640049,0.0127
DQN,456,290,26100,272977.50,0.2823,0.668244,0.0134
DQN,456,291,26190,255617.50,0.2798,0.659633,0.0129
DQN,456,292,26280,274745.00,0.2773,0.659471,0.0127
DQN,456,293,26370,282550.00,0.2748,0.674098,0.0130
DQN,456,294,26460,249652.50,0.2723,0.651284,0.0131
DQN,456,295,26550,270597.50,0.2699,0.670279,0.0157
DQN,456,296,26640,278687.50,0.2674,0.709645,0.0119
DQN,456,297,26730,299800.00,0.2649,0.669039,0.0122
DQN,456,298,26820,278357.50,0.2624,0.658630,0.0123
DQN,456,299,26910,271992.50,0.2600,0.670980,0.0125
DQN,456,300,27000,263867.50,0.2575,0.656491,0.0124
DQN,456,301,27090,254047.50,0.2550,0.666685,0.0157
DQN,456,302,27180,273782.50,0.2526,0.693261,0.0139
DQN,456,303,27270,278412.50,0.2501,0.652203,0.0129
DQN,456,304,27360,269687.50,0.2476,0.674000,0.0124
DQN,456,305,27450,271035.00,0.2451,0.678962,0.0125
DQN,456,306,27540,275790.00,0.2427,0.690566,0.0137
DQN,456,307,27630,287917.50,0.2402,0.676905,0.0126
DQN,456,308,27720,282932.50,0.2377,0.684330,0.0149
DQN,456,309,27810,277792.50,0.2352,0.697522,0.0123
DQN,456,310,27900,249602.50,0.2328,0.686035,0.0140
DQN,456,311,27990,274395.00,0.2303,0.679621,0.0146
DQN,456,312,28080,292742.50,0.2278,0.666899,0.0131
DQN,456,313,28170,298867.50,0.2253,0.666531,0.0152
DQN,456,314,28260,278175.00,0.2228,0.680197,0.0129
DQN,456,315,28350,270412.50,0.2204,0.671731,0.0124
DQN,456,316,28440,268502.50,0.2179,0.669997,0.0130
DQN,456,317,28530,291720.00,0.2154,0.670890,0.0143
DQN,456,318,28620,281607.50,0.2129,0.653966,0.0127
DQN,456,319,28710,277995.00,0.2105,0.663176,0.0131
DQN,456,320,28800,282960.00,0.2080,0.645868,0.0130
DQN,456,321,28890,275167.50,0.2055,0.668103,0.0131
DQN,456,322,28980,285400.00,0.2030,0.666765,0.0133
DQN,456,323,29070,283345.00,0.2006,0.666013,0.0151
DQN,456,324,29160,293680.00,0.1981,0.667802,0.0151
DQN,456,325,29250,292840.00,0.1956,0.654453,0.0121
DQN,456,326,29340,275802.50,0.1932,0.668675,0.0122
DQN,456,327,29430,292800.00,0.1907,0.663600,0.0124
DQN,456,328,29520,274187.50,0.1882,0.689806,0.0125
DQN,456,329,29610,292117.50,0.1857,0.733581,0.0126
DQN,456,330,29700,296250.00,0.1833,0.698937,0.0126
DQN,456,331,29790,277277.50,0.1808,0.671794,0.0127
DQN,456,332,29880,273037.50,0.1783,0.704443,0.0126
DQN,456,333,29970,277982.50,0.1758,0.702784,0.0127
DQN,456,334,30060,274587.50,0.1734,0.725196,0.0126
DQN,456,335,30150,281222.50,0.1709,0.731643,0.0127
DQN,456,336,30240,271535.00,0.1684,0.733860,0.0136
DQN,456,337,30330,292732.50,0.1659,0.720438,0.0141
DQN,456,338,30420,286037.50,0.1634,0.716712,0.0127
DQN,456,339,30510,279292.50,0.1610,0.713987,0.0131
DQN,456,340,30600,280507.50,0.1585,0.712153,0.0131
DQN,456,341,30690,296410.00,0.1560,0.720929,0.0131
DQN,456,342,30780,276150.00,0.1536,0.720691,0.0131
DQN,456,343,30870,276565.00,0.1511,0.728400,0.0131
DQN,456,344,30960,274100.00,0.1486,0.712610,0.0131
DQN,456,345,31050,271242.50,0.1461,0.719158,0.0151
DQN,456,346,31140,285432.50,0.1437,0.722946,0.0121
DQN,456,347,31230,287952.50,0.1412,0.748218,0.0124
DQN,456,348,31320,281675.00,0.1387,0.725897,0.0125
DQN,456,349,31410,293137.50,0.1362,0.732896,0.0127
DQN,456,350,31500,278087.50,0.1338,0.744134,0.0126
DQN,456,351,31590,281572.50,0.1313,0.748395,0.0128
DQN,456,352,31680,278202.50,0.1288,0.764264,0.0197
DQN,456,353,31770,289315.00,0.1263,0.733384,0.0133
DQN,456,354,31860,272105.00,0.1239,0.752153,0.0128
DQN,456,355,31950,271952.50,0.1214,0.743441,0.0148
DQN,456,356,32040,257557.50,0.1189,0.739877,0.0127
DQN,456,357,32130,281502.50,0.1164,0.735324,0.0128
DQN,456,358,32220,270142.50,0.1139,0.738461,0.0130
DQN,456,359,32310,280450.00,0.1115,0.719791,0.0131
DQN,456,360,32400,264140.00,0.1090,0.733233,0.0130
DQN,456,361,32490,274380.00,0.1065,0.733171,0.0132
DQN,456,362,32580,256605.00,0.1040,0.755959,0.0174
DQN,456,363,32670,298635.00,0.1016,0.762293,0.0142
DQN,456,364,32760,271892.50,0.0991,0.752559,0.0149
DQN,456,365,32850,279425.00,0.0966,0.758404,0.0133
DQN,456,366,32940,276195.00,0.0941,0.745518,0.0129
DQN,456,367,33030,290537.50,0.0917,0.736665,0.0155
DQN,456,368,33120,294340.00,0.0892,0.726325,0.0123
DQN,456,369,33210,287077.50,0.0867,0.720816,0.0122
DQN,456,370,33300,276872.50,0.0842,0.706253,0.0124
DQN,456,371,33390,278872.50,0.0818,0.712479,0.0125
DQN,456,372,33480,298802.50,0.0793,0.717333,0.0126
DQN,456,373,33570,273505.00,0.0768,0.785218,0.0126
DQN,456,374,33660,283040.00,0.0743,0.775157,0.0127
DQN,456,375,33750,292600.00,0.0719,0.803030,0.0127
DQN,456,376,33840,269962.50,0.0694,0.788032,0.0126
DQN,456,377,33930,293672.50,0.0669,0.791115,0.0127
DQN,456,378,34020,277867.50,0.0645,0.762267,0.0154
DQN,456,379,34110,285162.50,0.0620,0.787644,0.0127
DQN,456,380,34200,261462.50,0.0595,0.773469,0.0129
DQN,456,381,34290,280915.00,0.0570,0.781402,0.0131
DQN,456,382,34380,269522.50,0.0546,0.766429,0.0131
DQN,456,383,34470,261517.50,0.0521,0.789008,0.0132
DQN,456,384,34560,286060.00,0.0496,0.782534,0.0132
DQN,456,385,34650,290725.00,0.0471,0.763370,0.0133
DQN,456,386,34740,269765.00,0.0447,0.761883,0.0213
DQN,456,387,34830,286107.50,0.0422,0.746963,0.0151
DQN,456,388,34920,295782.50,0.0397,0.759740,0.0133
DQN,456,389,35010,285775.00,0.0372,0.747903,0.0123
DQN,456,390,35100,273685.00,0.0348,0.774166,0.0125
DQN,456,391,35190,277870.00,0.0323,0.816848,0.0168
DQN,456,392,35280,280372.50,0.0298,0.789743,0.0154
DQN,456,393,35370,281747.50,0.0273,0.794460,0.0123
DQN,456,394,35460,278945.00,0.0249,0.786380,0.0128
DQN,456,395,35550,282940.00,0.0224,0.818217,0.0135
DQN,456,396,35640,285932.50,0.0199,0.802142,0.0129
DQN,456,397,35730,279277.50,0.0174,0.812912,0.0140
DQN,456,398,35820,280540.00,0.0150,0.797571,0.0144
DQN,456,399,35910,260950.00,0.0125,0.795143,0.0124
DQN,456,400,36000,277487.50,0.0100,0.804568,0.0141
DQN,456,401,36090,275580.00,0.0100,0.736611,0.0138
DQN,456,402,36180,285777.50,0.0100,0.712745,0.0160
DQN,456,403,36270,277702.50,0.0100,0.730657,0.0129
DQN,456,404,36360,271617.50,0.0100,0.738685,0.0144
DQN,456,405,36450,282147.50,0.0100,0.726617,0.0142
DQN,456,406,36540,293495.00,0.0100,0.669383,0.0129
DQN,456,407,36630,276757.50,0.0100,0.674192,0.0146
DQN,456,408,36720,292762.50,0.0100,0.669924,0.0145
DQN,456,409,36810,286350.00,0.0100,0.663749,0.0130
DQN,456,410,36900,283552.50,0.0100,0.671969,0.0126
DQN,456,411,36990,302337.50,0.0100,0.670835,0.0138
DQN,456,412,37080,272140.00,0.0100,0.679814,0.0120
DQN,456,413,37170,282687.50,0.0100,0.644338,0.0123
DQN,456,414,37260,282737.50,0.0100,0.666230,0.0129
DQN,456,415,37350,298410.00,0.0100,0.654870,0.0153
DQN,456,416,37440,294167.50,0.0100,0.646162,0.0130
DQN,456,417,37530,272637.50,0.0100,0.667056,0.0122
DQN,456,418,37620,281830.00,0.0100,0.697759,0.0124
DQN,456,419,37710,289280.00,0.0100,0.672874,0.0126
DQN,456,420,37800,286295.00,0.0100,0.652727,0.0126
DQN,456,421,37890,276625.00,0.0100,0.690089,0.0133
DQN,456,422,37980,268047.50,0.0100,0.678992,0.0127
DQN,456,423,38070,275595.00,0.0100,0.681251,0.0127
DQN,456,424,38160,286297.50,0.0100,0.714561,0.0127
DQN,456,425,38250,288070.00,0.0100,0.715518,0.0129
DQN,456,426,38340,290255.00,0.0100,0.714977,0.0174
DQN,456,427,38430,285135.00,0.0100,0.676163,0.0147
DQN,456,428,38520,279140.00,0.0100,0.740016,0.0129
DQN,456,429,38610,289362.50,0.0100,0.704329,0.0133
DQN,456,430,38700,285225.00,0.0100,0.725413,0.0146
DQN,456,431,38790,286057.50,0.0100,0.711969,0.0127
DQN,456,432,38880,255210.00,0.0100,0.709385,0.0124
DQN,456,433,38970,292400.00,0.0100,0.703847,0.0129
DQN,456,434,39060,285497.50,0.0100,0.720532,0.0131
DQN,456,435,39150,264057.50,0.0100,0.727277,0.0131
DQN,456,436,39240,278097.50,0.0100,0.716840,0.0159
DQN,456,437,39330,283680.00,0.0100,0.725366,0.0120
DQN,456,438,39420,289327.50,0.0100,0.718032,0.0123
DQN,456,439,39510,291822.50,0.0100,0.738488,0.0125
DQN,456,440,39600,281145.00,0.0100,0.704032,0.0126
DQN,456,441,39690,285165.00,0.0100,0.716207,0.0127
DQN,456,442,39780,299772.50,0.0100,0.707157,0.0127
DQN,456,443,39870,278632.50,0.0100,0.707771,0.0127
DQN,456,444,39960,278917.50,0.0100,0.703930,0.0162
DQN,456,445,40050,282230.00,0.0100,0.725526,0.0130
DQN,456,446,40140,270795.00,0.0100,0.730453,0.0203
DQN,456,447,40230,274955.00,0.0100,0.728063,0.0122
DQN,456,448,40320,284600.00,0.0100,0.722542,0.0125
DQN,456,449,40410,266742.50,0.0100,0.716558,0.0127
DQN,456,450,40500,265927.50,0.0100,0.722778,0.0126
DQN,456,451,40590,284035.00,0.0100,0.674105,0.0143
DQN,456,452,40680,277772.50,0.0100,0.670164,0.0208
DQN,456,453,40770,288980.00,0.0100,0.677997,0.0129
DQN,456,454,40860,287322.50,0.0100,0.671378,0.0126
DQN,456,455,40950,290745.00,0.0100,0.687406,0.0128
DQN,456,456,41040,282562.50,0.0100,0.672376,0.0133
DQN,456,457,41130,272130.00,0.0100,0.619990,0.0127
DQN,456,458,41220,262610.00,0.0100,0.654940,0.0128
DQN,456,459,41310,283482.50,0.0100,0.639612,0.0127
DQN,456,460,41400,282782.50,0.0100,0.660305,0.0213
DQN,456,461,41490,285385.00,0.0100,0.645470,0.0137
DQN,456,462,41580,266037.50,0.0100,0.624380,0.0121
DQN,456,463,41670,280092.50,0.0100,0.634314,0.0125
DQN,456,464,41760,291330.00,0.0100,0.619060,0.0126
DQN,456,465,41850,272305.00,0.0100,0.615619,0.0129
DQN,456,466,41940,285565.00,0.0100,0.636482,0.0128
DQN,456,467,42030,270982.50,0.0100,0.613310,0.0127
DQN,456,468,42120,282385.00,0.0100,0.622464,0.0127
DQN,456,469,42210,263307.50,0.0100,0.626688,0.0194
DQN,456,470,42300,276365.00,0.0100,0.646533,0.0165
DQN,456,471,42390,276257.50,0.0100,0.631101,0.0125
DQN,456,472,42480,284962.50,0.0100,0.607958,0.0127
DQN,456,473,42570,274672.50,0.0100,0.625293,0.0128
DQN,456,474,42660,281040.00,0.0100,0.605971,0.0128
DQN,456,475,42750,279527.50,0.0100,0.611441,0.0128
DQN,456,476,42840,287802.50,0.0100,0.608536,0.0127
DQN,456,477,42930,254705.00,0.0100,0.615657,0.0128
DQN,456,478,43020,288437.50,0.0100,0.616194,0.0128
DQN,456,479,43110,279560.00,0.0100,0.600283,0.0127
DQN,456,480,43200,290592.50,0.0100,0.617227,0.0128
DQN,456,481,43290,282430.00,0.0100,0.622569,0.0128
DQN,456,482,43380,276595.00,0.0100,0.603876,0.0128
DQN,456,483,43470,281755.00,0.0100,0.612680,0.0128
DQN,456,484,43560,271110.00,0.0100,0.615079,0.0141
DQN,456,485,43650,289172.50,0.0100,0.633873,0.0127
DQN,456,486,43740,279030.00,0.0100,0.614097,0.0135
DQN,456,487,43830,265070.00,0.0100,0.630698,0.0135
DQN,456,488,43920,280827.50,0.0100,0.627155,0.0143
DQN,456,489,44010,286062.50,0.0100,0.613011,0.0148
DQN,456,490,44100,286887.50,0.0100,0.593323,0.0129
DQN,456,491,44190,276442.50,0.0100,0.602040,0.0134
DQN,456,492,44280,285225.00,0.0100,0.585584,0.0127
DQN,456,493,44370,267087.50,0.0100,0.611260,0.0130
DQN,456,494,44460,276630.00,0.0100,0.616059,0.0131
DQN,456,495,44550,281810.00,0.0100,0.616825,0.0139
DQN,456,496,44640,266330.00,0.0100,0.646081,0.0143
DQN,456,497,44730,277497.50,0.0100,0.650639,0.0127
DQN,456,498,44820,284022.50,0.0100,0.632448,0.0150
DQN,456,499,44910,274855.00,0.0100,0.626184,0.0121
DQN,456,500,45000,268850.00,0.0100,0.624226,0.0144
DQN,789,1,90,205542.50,0.9975,0.000000,0.0004
DQN,789,2,180,192365.00,0.9950,0.000000,0.0004
DQN,789,3,270,165007.50,0.9926,0.000000,0.0004
DQN,789,4,360,235432.50,0.9901,0.000000,0.0004
DQN,789,5,450,227832.50,0.9876,0.000000,0.0004
DQN,789,6,540,243940.00,0.9851,4.738566,0.0061
DQN,789,7,630,190710.00,0.9827,3.784343,0.0119
DQN,789,8,720,190200.00,0.9802,2.601302,0.0133
DQN,789,9,810,243885.00,0.9777,2.402902,0.0135
DQN,789,10,900,214812.50,0.9752,2.168637,0.0131
DQN,789,11,990,208322.50,0.9728,1.976993,0.0123
DQN,789,12,1080,196652.50,0.9703,3.402021,0.0131
DQN,789,13,1170,208845.00,0.9678,1.875419,0.0123
DQN,789,14,1260,193945.00,0.9654,1.596639,0.0143
DQN,789,15,1350,161807.50,0.9629,1.373286,0.0136
DQN,789,16,1440,246760.00,0.9604,1.301800,0.0188
DQN,789,17,1530,187992.50,0.9579,2.103746,0.0149
DQN,789,18,1620,221310.00,0.9555,1.661245,0.0120
DQN,789,19,1710,161160.00,0.9530,1.398114,0.0142
DQN,789,20,1800,189477.50,0.9505,1.297605,0.0126
DQN,789,21,1890,217480.00,0.9480,1.216034,0.0131
DQN,789,22,1980,135007.50,0.9456,1.162233,0.0131
DQN,789,23,2070,161857.50,0.9431,2.023946,0.0139
DQN,789,24,2160,200280.00,0.9406,1.391066,0.0137
DQN,789,25,2250,191252.50,0.9381,1.340712,0.0184
DQN,789,26,2340,162647.50,0.9356,1.266191,0.0172
DQN,789,27,2430,150835.00,0.9332,1.146219,0.0138
DQN,789,28,2520,222857.50,0.9307,1.436502,0.0125
DQN,789,29,2610,191837.50,0.9282,1.529186,0.0133
DQN,789,30,2700,180297.50,0.9257,1.406040,0.0127
DQN,789,31,2790,189755.00,0.9233,1.392923,0.0145
DQN,789,32,2880,189447.50,0.9208,1.302797,0.0127
DQN,789,33,2970,167130.00,0.9183,1.309107,0.0136
DQN,789,34,3060,171922.50,0.9159,1.616503,0.0160
DQN,789,35,3150,186292.50,0.9134,1.405823,0.0118
DQN,789,36,3240,234177.50,0.9109,1.333993,0.0123
DQN,789,37,3330,199450.00,0.9084,1.305116,0.0121
DQN,789,38,3420,151775.00,0.9060,1.243707,0.0122
DQN,789,39,3510,214640.00,0.9035,1.315342,0.0122
DQN,789,40,3600,226550.00,0.9010,1.165941,0.0122
DQN,789,41,3690,216712.50,0.8985,1.024123,0.0123
DQN,789,42,3780,230645.00,0.8961,1.007526,0.0123
DQN,789,43,3870,192885.00,0.8936,1.047829,0.0124
DQN,789,44,3960,151185.00,0.8911,1.003045,0.0123
DQN,789,45,4050,244717.50,0.8886,1.101999,0.0126
DQN,789,46,4140,178537.50,0.8861,0.917470,0.0124
DQN,789,47,4230,171302.50,0.8837,0.868914,0.0136
DQN,789,48,4320,211675.00,0.8812,0.848327,0.0121
DQN,789,49,4410,234830.00,0.8787,0.895156,0.0125
DQN,789,50,4500,196220.00,0.8762,0.883272,0.0149
DQN,789,51,4590,218542.50,0.8738,0.886909,0.0140
DQN,789,52,4680,259130.00,0.8713,0.802761,0.0196
DQN,789,53,4770,188555.00,0.8688,0.773184,0.0153
DQN,789,54,4860,216812.50,0.8663,0.773459,0.0130
DQN,789,55,4950,186332.50,0.8639,0.755368,0.0125
DQN,789,56,5040,196775.00,0.8614,0.847946,0.0133
DQN,789,57,5130,205272.50,0.8589,0.755333,0.0134
DQN,789,58,5220,221080.00,0.8565,0.745642,0.0119
DQN,789,59,5310,250705.00,0.8540,0.693798,0.0144
DQN,789,60,5400,178712.50,0.8515,0.748200,0.0119
DQN,789,61,5490,261640.00,0.8490,0.755023,0.0125
DQN,789,62,5580,226257.50,0.8466,0.818395,0.0126
DQN,789,63,5670,255535.00,0.8441,0.795694,0.0119
DQN,789,64,5760,260257.50,0.8416,0.788629,0.0169
DQN,789,65,5850,235360.00,0.8391,0.778222,0.0162
DQN,789,66,5940,229407.50,0.8367,0.773662,0.0174
DQN,789,67,6030,223770.00,0.8342,0.814025,0.0127
DQN,789,68,6120,218017.50,0.8317,0.800738,0.0127
DQN,789,69,6210,245117.50,0.8292,0.807175,0.0127
DQN,789,70,6300,258967.50,0.8267,0.789813,0.0128
DQN,789,71,6390,241462.50,0.8243,0.798320,0.0163
DQN,789,72,6480,183282.50,0.8218,0.798085,0.0119
DQN,789,73,6570,202762.50,0.8193,0.790749,0.0122
DQN,789,74,6660,193942.50,0.8168,0.809590,0.0122
DQN,789,75,6750,172527.50,0.8144,0.807941,0.0123
DQN,789,76,6840,208610.00,0.8119,0.789295,0.0123
DQN,789,77,6930,260415.00,0.8094,0.796421,0.0146
DQN,789,78,7020,200832.50,0.8070,0.832851,0.0141
DQN,789,79,7110,242747.50,0.8045,0.779949,0.0162
DQN,789,80,7200,270792.50,0.8020,0.795460,0.0126
DQN,789,81,7290,273320.00,0.7995,0.816774,0.0129
DQN,789,82,7380,213222.50,0.7971,0.798300,0.0129
DQN,789,83,7470,244820.00,0.7946,0.775871,0.0155
DQN,789,84,7560,206285.00,0.7921,0.823321,0.0146
DQN,789,85,7650,243040.00,0.7896,0.789513,0.0130
DQN,789,86,7740,256660.00,0.7872,0.802632,0.0136
DQN,789,87,7830,229422.50,0.7847,0.789950,0.0168
DQN,789,88,7920,224660.00,0.7822,0.801041,0.0129
DQN,789,89,8010,223457.50,0.7797,0.819060,0.0131
DQN,789,90,8100,284582.50,0.7772,0.798644,0.0129
DQN,789,91,8190,138125.00,0.7748,0.786900,0.0131
DQN,789,92,8280,183552.50,0.7723,0.776626,0.0130
DQN,789,93,8370,230437.50,0.7698,0.774242,0.0130
DQN,789,94,8460,210820.00,0.7673,0.767620,0.0129
DQN,789,95,8550,203582.50,0.7649,0.810333,0.0130
DQN,789,96,8640,243190.00,0.7624,0.786128,0.0130
DQN,789,97,8730,242085.00,0.7599,0.774905,0.0131
DQN,789,98,8820,228567.50,0.7574,0.786565,0.0130
DQN,789,99,8910,237957.50,0.7550,0.776444,0.0130
DQN,789,100,9000,214277.50,0.7525,0.778635,0.0130
DQN,789,101,9090,251772.50,0.7500,0.771887,0.0145
DQN,789,102,9180,216417.50,0.7475,0.771399,0.0127
DQN,789,103,9270,240122.50,0.7451,0.760112,0.0121
DQN,789,104,9360,184822.50,0.7426,0.772628,0.0123
DQN,789,105,9450,256815.00,0.7401,0.733535,0.0125
DQN,789,106,9540,233182.50,0.7376,0.783830,0.0124
DQN,789,107,9630,230932.50,0.7352,0.744372,0.0124
DQN,789,108,9720,204370.00,0.7327,0.748279,0.0124
DQN,789,109,9810,234187.50,0.7302,0.759202,0.0124
DQN,789,110,9900,247725.00,0.7278,0.739143,0.0125
DQN,789,111,9990,204775.00,0.7253,0.715717,0.0125
DQN,789,112,10080,215310.00,0.7228,0.786184,0.0125
DQN,789,113,10170,241000.00,0.7203,0.741046,0.0125
DQN,789,114,10260,220465.00,0.7179,0.743760,0.0125
DQN,789,115,10350,229102.50,0.7154,0.727351,0.0126
DQN,789,116,10440,249062.50,0.7129,0.724420,0.0124
DQN,789,117,10530,251797.50,0.7104,0.766205,0.0125
DQN,789,118,10620,202237.50,0.7080,0.792980,0.0126
DQN,789,119,10710,234202.50,0.7055,0.758815,0.0125
DQN,789,120,10800,261097.50,0.7030,0.735872,0.0126
DQN,789,121,10890,171195.00,0.7005,0.757985,0.0126
DQN,789,122,10980,255807.50,0.6981,0.732624,0.0124
DQN,789,123,11070,229387.50,0.6956,0.775161,0.0126
DQN,789,124,11160,225142.50,0.6931,0.783973,0.0125
DQN,789,125,11250,245420.00,0.6906,0.745999,0.0126
DQN,789,126,11340,232722.50,0.6882,0.720461,0.0125
DQN,789,127,11430,242197.50,0.6857,0.762632,0.0126
DQN,789,128,11520,238365.00,0.6832,0.740812,0.0126
DQN,789,129,11610,262747.50,0.6807,0.708713,0.0126
DQN,789,130,11700,256002.50,0.6783,0.752036,0.0126
DQN,789,131,11790,226535.00,0.6758,0.738961,0.0125
DQN,789,132,11880,269852.50,0.6733,0.736300,0.0126
DQN,789,133,11970,253912.50,0.6708,0.733979,0.0126
DQN,789,134,12060,230012.50,0.6683,0.763519,0.0126
DQN,789,135,12150,279152.50,0.6659,0.754128,0.0126
DQN,789,136,12240,230537.50,0.6634,0.738309,0.0126
DQN,789,137,12330,258227.50,0.6609,0.777017,0.0126
DQN,789,138,12420,237560.00,0.6584,0.769225,0.0125
DQN,789,139,12510,239595.00,0.6560,0.750142,0.0125
DQN,789,140,12600,237410.00,0.6535,0.756127,0.0126
DQN,789,141,12690,243527.50,0.6510,0.757040,0.0125
DQN,789,142,12780,262225.00,0.6485,0.699629,0.0126
DQN,789,143,12870,279385.00,0.6461,0.741988,0.0126
DQN,789,144,12960,227260.00,0.6436,0.735638,0.0126
DQN,789,145,13050,233475.00,0.6411,0.744167,0.0126
DQN,789,146,13140,248522.50,0.6386,0.780507,0.0126
DQN,789,147,13230,267785.00,0.6362,0.752710,0.0126
DQN,789,148,13320,233652.50,0.6337,0.767274,0.0126
DQN,789,149,13410,268925.00,0.6312,0.755588,0.0127
DQN,789,150,13500,255365.00,0.6288,0.738200,0.0126
DQN,789,151,13590,226817.50,0.6263,0.747914,0.0139
DQN,789,152,13680,242032.50,0.6238,0.737927,0.0130
DQN,789,153,13770,235747.50,0.6213,0.745081,0.0127
DQN,789,154,13860,238492.50,0.6189,0.745862,0.0126
DQN,789,155,13950,247742.50,0.6164,0.717462,0.0127
DQN,789,156,14040,221377.50,0.6139,0.729761,0.0125
DQN,789,157,14130,261765.00,0.6114,0.718536,0.0126
DQN,789,158,14220,215057.50,0.6089,0.735089,0.0126
DQN,789,159,14310,259705.00,0.6065,0.733603,0.0126
DQN,789,160,14400,260707.50,0.6040,0.741543,0.0127
DQN,789,161,14490,283747.50,0.6015,0.718254,0.0126
DQN,789,162,14580,217942.50,0.5990,0.716801,0.0126
DQN,789,163,14670,262495.00,0.5966,0.718020,0.0126
DQN,789,164,14760,272127.50,0.5941,0.743647,0.0126
DQN,789,165,14850,257222.50,0.5916,0.698808,0.0127
DQN,789,166,14940,235965.00,0.5892,0.709318,0.0126
DQN,789,167,15030,241277.50,0.5867,0.742529,0.0126
DQN,789,168,15120,283682.50,0.5842,0.759590,0.0127
DQN,789,169,15210,273470.00,0.5817,0.748735,0.0126
DQN,789,170,15300,226287.50,0.5793,0.760456,0.0127
DQN,789,171,15390,236267.50,0.5768,0.733572,0.0126
DQN,789,172,15480,228410.00,0.5743,0.753685,0.0126
DQN,789,173,15570,236360.00,0.5718,0.784061,0.0127
DQN,789,174,15660,256705.00,0.5694,0.750860,0.0127
DQN,789,175,15750,273037.50,0.5669,0.780343,0.0127
DQN,789,176,15840,248507.50,0.5644,0.773228,0.0127
DQN,789,177,15930,250392.50,0.5619,0.789079,0.0127
DQN,789,178,16020,252780.00,0.5595,0.779776,0.0126
DQN,789,179,16110,226245.00,0.5570,0.729751,0.0127
DQN,789,180,16200,252915.00,0.5545,0.740578,0.0127
DQN,789,181,16290,252730.00,0.5520,0.736598,0.0127
DQN,789,182,16380,262580.00,0.5495,0.743212,0.0126
DQN,789,183,16470,277920.00,0.5471,0.728894,0.0127
DQN,789,184,16560,259225.00,0.5446,0.720638,0.0127
DQN,789,185,16650,259900.00,0.5421,0.729555,0.0126
DQN,789,186,16740,257280.00,0.5396,0.711442,0.0127
DQN,789,187,16830,254930.00,0.5372,0.740269,0.0126
DQN,789,188,16920,262965.00,0.5347,0.705335,0.0126
DQN,789,189,17010,239487.50,0.5322,0.705395,0.0127
DQN,789,190,17100,238320.00,0.5297,0.708062,0.0126
DQN,789,191,17190,262150.00,0.5273,0.704740,0.0127
DQN,789,192,17280,255207.50,0.5248,0.703345,0.0126
DQN,789,193,17370,260962.50,0.5223,0.711994,0.0127
DQN,789,194,17460,257745.00,0.5199,0.707231,0.0126
DQN,789,195,17550,246557.50,0.5174,0.717862,0.0127
DQN,789,196,17640,253260.00,0.5149,0.698936,0.0127
DQN,789,197,17730,255770.00,0.5124,0.709539,0.0127
DQN,789,198,17820,250375.00,0.5100,0.697838,0.0126
DQN,789,199,17910,258785.00,0.5075,0.707606,0.0127
DQN,789,200,18000,272800.00,0.5050,0.697218,0.0127
DQN,789,201,18090,234862.50,0.5025,0.739661,0.0143
DQN,789,202,18180,262820.00,0.5000,0.709340,0.0129
DQN,789,203,18270,266037.50,0.4976,0.715447,0.0127
DQN,789,204,18360,265010.00,0.4951,0.716659,0.0128
DQN,789,205,18450,297532.50,0.4926,0.715516,0.0127
DQN,789,206,18540,248257.50,0.4901,0.723015,0.0127
DQN,789,207,18630,275775.00,0.4877,0.720235,0.0128
DQN,789,208,18720,274970.00,0.4852,0.710002,0.0127
DQN,789,209,18810,269837.50,0.4827,0.723766,0.0127
DQN,789,210,18900,274410.00,0.4802,0.703129,0.0127
DQN,789,211,18990,271795.00,0.4778,0.708568,0.0127
DQN,789,212,19080,266930.00,0.4753,0.741603,0.0127
DQN,789,213,19170,281657.50,0.4728,0.694807,0.0127
DQN,789,214,19260,271275.00,0.4703,0.681260,0.0127
DQN,789,215,19350,279252.50,0.4679,0.682970,0.0129
DQN,789,216,19440,277015.00,0.4654,0.726501,0.0128
DQN,789,217,19530,279345.00,0.4629,0.702226,0.0127
DQN,789,218,19620,239192.50,0.4604,0.669163,0.0127
DQN,789,219,19710,281880.00,0.4580,0.673300,0.0127
DQN,789,220,19800,256240.00,0.4555,0.687050,0.0127
DQN,789,221,19890,262525.00,0.4530,0.700081,0.0127
DQN,789,222,19980,255095.00,0.4506,0.694416,0.0127
DQN,789,223,20070,268410.00,0.4481,0.699191,0.0127
DQN,789,224,20160,268425.00,0.4456,0.698505,0.0127
DQN,789,225,20250,259150.00,0.4431,0.694538,0.0127
DQN,789,226,20340,224710.00,0.4407,0.713001,0.0127
DQN,789,227,20430,246772.50,0.4382,0.687108,0.0127
DQN,789,228,20520,252160.00,0.4357,0.681818,0.0127
DQN,789,229,20610,250957.50,0.4332,0.709823,0.0128
DQN,789,230,20700,274625.00,0.4308,0.675140,0.0127
DQN,789,231,20790,252327.50,0.4283,0.685139,0.0127
DQN,789,232,20880,261887.50,0.4258,0.698377,0.0127
DQN,789,233,20970,254037.50,0.4233,0.689363,0.0127
DQN,789,234,21060,244177.50,0.4209,0.694158,0.0127
DQN,789,235,21150,269622.50,0.4184,0.729790,0.0128
DQN,789,236,21240,237380.00,0.4159,0.695013,0.0127
DQN,789,237,21330,263965.00,0.4134,0.725011,0.0127
DQN,789,238,21420,264647.50,0.4110,0.692090,0.0127
DQN,789,239,21510,252992.50,0.4085,0.695003,0.0127
DQN,789,240,21600,259480.00,0.4060,0.731934,0.0127
DQN,789,241,21690,247665.00,0.4035,0.729311,0.0127
DQN,789,242,21780,257812.50,0.4011,0.721399,0.0127
DQN,789,243,21870,265195.00,0.3986,0.729294,0.0128
DQN,789,244,21960,284900.00,0.3961,0.713134,0.0127
DQN,789,245,22050,238885.00,0.3936,0.718760,0.0127
DQN,789,246,22140,275762.50,0.3911,0.707465,0.0127
DQN,789,247,22230,253967.50,0.3887,0.720903,0.0127
DQN,789,248,22320,256932.50,0.3862,0.702717,0.0128
DQN,789,249,22410,275780.00,0.3837,0.712135,0.0128
DQN,789,250,22500,259825.00,0.3812,0.695957,0.0127
DQN,789,251,22590,263172.50,0.3788,0.689967,0.0164
DQN,789,252,22680,254332.50,0.3763,0.715816,0.0126
DQN,789,253,22770,267590.00,0.3738,0.700285,0.0130
DQN,789,254,22860,284775.00,0.3713,0.701120,0.0130
DQN,789,255,22950,264492.50,0.3689,0.706226,0.0131
DQN,789,256,23040,276042.50,0.3664,0.723308,0.0131
DQN,789,257,23130,276642.50,0.3639,0.723606,0.0131
DQN,789,258,23220,250325.00,0.3614,0.734052,0.0131
DQN,789,259,23310,271780.00,0.3590,0.742511,0.0131
DQN,789,260,23400,255922.50,0.3565,0.723392,0.0131
DQN,789,261,23490,276265.00,0.3540,0.735672,0.0131
DQN,789,262,23580,251480.00,0.3516,0.751445,0.0131
DQN,789,263,23670,278087.50,0.3491,0.748208,0.0131
DQN,789,264,23760,301905.00,0.3466,0.738178,0.0132
DQN,789,265,23850,252460.00,0.3441,0.728523,0.0132
DQN,789,266,23940,279782.50,0.3417,0.749095,0.0132
DQN,789,267,24030,259362.50,0.3392,0.719299,0.0132
DQN,789,268,24120,273945.00,0.3367,0.703751,0.0132
DQN,789,269,24210,272015.00,0.3342,0.728798,0.0132
DQN,789,270,24300,284267.50,0.3317,0.713603,0.0132
DQN,789,271,24390,260512.50,0.3293,0.699798,0.0132
DQN,789,272,24480,266357.50,0.3268,0.726710,0.0133
DQN,789,273,24570,277712.50,0.3243,0.693648,0.0132
DQN,789,274,24660,265587.50,0.3218,0.699004,0.0226
DQN,789,275,24750,289840.00,0.3194,0.696606,0.0175
DQN,789,276,24840,270817.50,0.3169,0.688963,0.0746
DQN,789,277,24930,273205.00,0.3144,0.673469,0.0126
DQN,789,278,25020,270657.50,0.3120,0.687094,0.0130
DQN,789,279,25110,277752.50,0.3095,0.714699,0.0133
DQN,789,280,25200,266720.00,0.3070,0.694030,0.0133
DQN,789,281,25290,281770.00,0.3045,0.725243,0.0134
DQN,789,282,25380,269177.50,0.3021,0.702671,0.0135
DQN,789,283,25470,277507.50,0.2996,0.690965,0.0150
DQN,789,284,25560,266882.50,0.2971,0.713186,0.0123
DQN,789,285,25650,258932.50,0.2946,0.697349,0.0126
DQN,789,286,25740,260840.00,0.2922,0.700334,0.0136
DQN,789,287,25830,277620.00,0.2897,0.678438,0.0121
DQN,789,288,25920,271300.00,0.2872,0.683534,0.0123
DQN,789,289,26010,268615.00,0.2847,0.703862,0.0125
DQN,789,290,26100,265382.50,0.2823,0.708761,0.0134
DQN,789,291,26190,276620.00,0.2798,0.706357,0.0144
DQN,789,292,26280,269192.50,0.2773,0.679651,0.0143
DQN,789,293,26370,254082.50,0.2748,0.690444,0.0136
DQN,789,294,26460,273802.50,0.2723,0.683891,0.0152
DQN,789,295,26550,284740.00,0.2699,0.687691,0.0128
DQN,789,296,26640,270740.00,0.2674,0.662577,0.0135
DQN,789,297,26730,279287.50,0.2649,0.667615,0.0136
DQN,789,298,26820,262692.50,0.2624,0.664507,0.0137
DQN,789,299,26910,275060.00,0.2600,0.642142,0.0138
DQN,789,300,27000,270585.00,0.2575,0.668847,0.0137
DQN,789,301,27090,261027.50,0.2550,0.622834,0.0157
DQN,789,302,27180,269412.50,0.2526,0.643351,0.0141
DQN,789,303,27270,278585.00,0.2501,0.626786,0.0132
DQN,789,304,27360,258165.00,0.2476,0.650553,0.0138
DQN,789,305,27450,268577.50,0.2451,0.661558,0.0146
DQN,789,306,27540,264527.50,0.2427,0.659119,0.0142
DQN,789,307,27630,255485.00,0.2402,0.647806,0.0157
DQN,789,308,27720,258410.00,0.2377,0.630770,0.0152
DQN,789,309,27810,267360.00,0.2352,0.655924,0.0126
DQN,789,310,27900,264675.00,0.2328,0.647851,0.0130
DQN,789,311,27990,267495.00,0.2303,0.672097,0.0145
DQN,789,312,28080,284675.00,0.2278,0.686748,0.0130
DQN,789,313,28170,278667.50,0.2253,0.675630,0.0127
DQN,789,314,28260,273997.50,0.2228,0.703152,0.0131
DQN,789,315,28350,277870.00,0.2204,0.678560,0.0132
DQN,789,316,28440,268400.00,0.2179,0.660764,0.0189
DQN,789,317,28530,281472.50,0.2154,0.680208,0.0123
DQN,789,318,28620,280450.00,0.2129,0.656547,0.0128
DQN,789,319,28710,261730.00,0.2105,0.663402,0.0129
DQN,789,320,28800,288775.00,0.2080,0.651954,0.0158
DQN,789,321,28890,274150.00,0.2055,0.667236,0.0133
DQN,789,322,28980,273037.50,0.2030,0.659623,0.0136
DQN,789,323,29070,280372.50,0.2006,0.671300,0.0155
DQN,789,324,29160,267930.00,0.1981,0.688059,0.0121
DQN,789,325,29250,288610.00,0.1956,0.682631,0.0124
DQN,789,326,29340,283267.50,0.1932,0.679349,0.0125
DQN,789,327,29430,281357.50,0.1907,0.651787,0.0126
DQN,789,328,29520,278302.50,0.1882,0.697156,0.0126
DQN,789,329,29610,284690.00,0.1857,0.619718,0.0163
DQN,789,330,29700,268880.00,0.1833,0.630671,0.0154
DQN,789,331,29790,275117.50,0.1808,0.648101,0.0127
DQN,789,332,29880,266065.00,0.1783,0.614378,0.0133
DQN,789,333,29970,297620.00,0.1758,0.637382,0.0147
DQN,789,334,30060,272597.50,0.1734,0.672977,0.0127
DQN,789,335,30150,277650.00,0.1709,0.690114,0.0130
DQN,789,336,30240,242090.00,0.1684,0.683696,0.0147
DQN,789,337,30330,267032.50,0.1659,0.698501,0.0141
DQN,789,338,30420,252877.50,0.1634,0.687079,0.0127
DQN,789,339,30510,271652.50,0.1610,0.680403,0.0178
DQN,789,340,30600,267487.50,0.1585,0.648515,0.0122
DQN,789,341,30690,270595.00,0.1560,0.645463,0.0126
DQN,789,342,30780,273122.50,0.1536,0.642218,0.0135
DQN,789,343,30870,278427.50,0.1511,0.679206,0.0128
DQN,789,344,30960,272105.00,0.1486,0.653978,0.0132
DQN,789,345,31050,273665.00,0.1461,0.636406,0.0132
DQN,789,346,31140,271217.50,0.1437,0.626203,0.0134
DQN,789,347,31230,260595.00,0.1412,0.595575,0.0159
DQN,789,348,31320,280467.50,0.1387,0.626556,0.0128
DQN,789,349,31410,265535.00,0.1362,0.613772,0.0131
DQN,789,350,31500,281845.00,0.1338,0.624543,0.0133
DQN,789,351,31590,259875.00,0.1313,0.663819,0.0174
DQN,789,352,31680,286270.00,0.1288,0.661604,0.0160
DQN,789,353,31770,271412.50,0.1263,0.645099,0.0124
DQN,789,354,31860,293505.00,0.1239,0.640934,0.0126
DQN,789,355,31950,274520.00,0.1214,0.668018,0.0126
DQN,789,356,32040,270867.50,0.1189,0.652852,0.0128
DQN,789,357,32130,273950.00,0.1164,0.660626,0.0127
DQN,789,358,32220,271042.50,0.1139,0.657115,0.0128
DQN,789,359,32310,260220.00,0.1115,0.659167,0.0128
DQN,789,360,32400,289230.00,0.1090,0.644093,0.0182
DQN,789,361,32490,295972.50,0.1065,0.635131,0.0129
DQN,789,362,32580,275345.00,0.1040,0.698885,0.0150
DQN,789,363,32670,295635.00,0.1016,0.702981,0.0128
DQN,789,364,32760,282672.50,0.0991,0.685668,0.0131
DQN,789,365,32850,291570.00,0.0966,0.700480,0.0151
DQN,789,366,32940,275140.00,0.0941,0.679854,0.0126
DQN,789,367,33030,278882.50,0.0917,0.715237,0.0144
DQN,789,368,33120,281722.50,0.0892,0.712339,0.0163
DQN,789,369,33210,284780.00,0.0867,0.703130,0.0139
DQN,789,370,33300,283612.50,0.0842,0.736341,0.0124
DQN,789,371,33390,266092.50,0.0818,0.714059,0.0137
DQN,789,372,33480,254282.50,0.0793,0.718305,0.0126
DQN,789,373,33570,271120.00,0.0768,0.751794,0.0130
DQN,789,374,33660,295150.00,0.0743,0.714365,0.0164
DQN,789,375,33750,258012.50,0.0719,0.718610,0.0150
DQN,789,376,33840,279055.00,0.0694,0.700642,0.0124
DQN,789,377,33930,269332.50,0.0669,0.720897,0.0126
DQN,789,378,34020,283687.50,0.0645,0.738525,0.0127
DQN,789,379,34110,277000.00,0.0620,0.709204,0.0131
DQN,789,380,34200,254670.00,0.0595,0.693517,0.0146
DQN,789,381,34290,283295.00,0.0570,0.686307,0.0129
DQN,789,382,34380,277135.00,0.0546,0.705115,0.0130
DQN,789,383,34470,279757.50,0.0521,0.694058,0.0134
DQN,789,384,34560,273645.00,0.0496,0.727921,0.0127
DQN,789,385,34650,280000.00,0.0471,0.698791,0.0138
DQN,789,386,34740,278692.50,0.0447,0.719575,0.0129
DQN,789,387,34830,288365.00,0.0422,0.727624,0.0127
DQN,789,388,34920,273680.00,0.0397,0.709975,0.0129
DQN,789,389,35010,274847.50,0.0372,0.706607,0.0153
DQN,789,390,35100,268242.50,0.0348,0.721932,0.0133
DQN,789,391,35190,286565.00,0.0323,0.719255,0.0122
DQN,789,392,35280,275822.50,0.0298,0.695991,0.0126
DQN,789,393,35370,289012.50,0.0273,0.713912,0.0126
DQN,789,394,35460,282550.00,0.0249,0.724132,0.0147
DQN,789,395,35550,281867.50,0.0224,0.683135,0.0127
DQN,789,396,35640,277340.00,0.0199,0.695756,0.0151
DQN,789,397,35730,287155.00,0.0174,0.692083,0.0129
DQN,789,398,35820,289682.50,0.0150,0.682223,0.0144
DQN,789,399,35910,277390.00,0.0125,0.684789,0.0122
DQN,789,400,36000,278882.50,0.0100,0.662699,0.0127
DQN,789,401,36090,299935.00,0.0100,0.722064,0.0133
DQN,789,402,36180,263250.00,0.0100,0.725162,0.0161
DQN,789,403,36270,293847.50,0.0100,0.715990,0.0132
DQN,789,404,36360,284817.50,0.0100,0.712789,0.0131
DQN,789,405,36450,272367.50,0.0100,0.701050,0.0137
DQN,789,406,36540,276592.50,0.0100,0.684484,0.0142
DQN,789,407,36630,290877.50,0.0100,0.669579,0.0126
DQN,789,408,36720,289155.00,0.0100,0.685517,0.0158
DQN,789,409,36810,281555.00,0.0100,0.697047,0.0124
DQN,789,410,36900,288360.00,0.0100,0.693392,0.0129
DQN,789,411,36990,301697.50,0.0100,0.680020,0.0188
DQN,789,412,37080,286127.50,0.0100,0.684828,0.0126
DQN,789,413,37170,292990.00,0.0100,0.711846,0.0137
DQN,789,414,37260,290775.00,0.0100,0.732566,0.0124
DQN,789,415,37350,289027.50,0.0100,0.708253,0.0126
DQN,789,416,37440,276025.00,0.0100,0.708113,0.0127
DQN,789,417,37530,289180.00,0.0100,0.733969,0.0127
DQN,789,418,37620,270190.00,0.0100,0.698740,0.0160
DQN,789,419,37710,268195.00,0.0100,0.691640,0.0123
DQN,789,420,37800,289910.00,0.0100,0.704559,0.0178
DQN,789,421,37890,267787.50,0.0100,0.701523,0.0127
DQN,789,422,37980,297270.00,0.0100,0.695322,0.0131
DQN,789,423,38070,281445.00,0.0100,0.655365,0.0153
DQN,789,424,38160,283032.50,0.0100,0.624848,0.0146
DQN,789,425,38250,283160.00,0.0100,0.619167,0.0124
DQN,789,426,38340,277415.00,0.0100,0.645306,0.0124
DQN,789,427,38430,283472.50,0.0100,0.644550,0.0126
DQN,789,428,38520,276465.00,0.0100,0.622021,0.0135
DQN,789,429,38610,285470.00,0.0100,0.639856,0.0128
DQN,789,430,38700,286570.00,0.0100,0.612857,0.0152
DQN,789,431,38790,285547.50,0.0100,0.625237,0.0125
DQN,789,432,38880,284077.50,0.0100,0.609853,0.0129
DQN,789,433,38970,276530.00,0.0100,0.614282,0.0146
DQN,789,434,39060,278742.50,0.0100,0.643112,0.0146
DQN,789,435,39150,286555.00,0.0100,0.617571,0.0150
DQN,789,436,39240,291915.00,0.0100,0.626595,0.0122
DQN,789,437,39330,284927.50,0.0100,0.650519,0.0128
DQN,789,438,39420,268285.00,0.0100,0.620107,0.0130
DQN,789,439,39510,273182.50,0.0100,0.668875,0.0123
DQN,789,440,39600,279600.00,0.0100,0.684114,0.0126
DQN,789,441,39690,271667.50,0.0100,0.707652,0.0127
DQN,789,442,39780,286250.00,0.0100,0.710749,0.0127
DQN,789,443,39870,276760.00,0.0100,0.717083,0.0128
DQN,789,444,39960,275017.50,0.0100,0.706657,0.0128
DQN,789,445,40050,282382.50,0.0100,0.753942,0.0157
DQN,789,446,40140,284995.00,0.0100,0.760372,0.0130
DQN,789,447,40230,275272.50,0.0100,0.763448,0.0129
DQN,789,448,40320,270237.50,0.0100,0.767798,0.0128
DQN,789,449,40410,278522.50,0.0100,0.790236,0.0137
DQN,789,450,40500,276735.00,0.0100,0.775439,0.0140
DQN,789,451,40590,261307.50,0.0100,0.822325,0.0193
DQN,789,452,40680,270020.00,0.0100,0.806141,0.0142
DQN,789,453,40770,272062.50,0.0100,0.811964,0.0148
DQN,789,454,40860,270885.00,0.0100,0.815659,0.0148
DQN,789,455,40950,262682.50,0.0100,0.821914,0.0126
DQN,789,456,41040,289215.00,0.0100,0.787089,0.0126
DQN,789,457,41130,288437.50,0.0100,0.731964,0.0130
DQN,789,458,41220,274372.50,0.0100,0.759763,0.0145
DQN,789,459,41310,266405.00,0.0100,0.741826,0.0131
DQN,789,460,41400,286620.00,0.0100,0.772200,0.0128
DQN,789,461,41490,276192.50,0.0100,0.743888,0.0156
DQN,789,462,41580,288470.00,0.0100,0.812370,0.0133
DQN,789,463,41670,270152.50,0.0100,0.802291,0.0124
DQN,789,464,41760,267605.00,0.0100,0.793656,0.0147
DQN,789,465,41850,276310.00,0.0100,0.806324,0.0144
DQN,789,466,41940,266917.50,0.0100,0.780712,0.0125
DQN,789,467,42030,282145.00,0.0100,0.781659,0.0148
DQN,789,468,42120,260695.00,0.0100,0.710254,0.0145
DQN,789,469,42210,277485.00,0.0100,0.699991,0.0130
DQN,789,470,42300,297065.00,0.0100,0.737538,0.0124
DQN,789,471,42390,280432.50,0.0100,0.729414,0.0131
DQN,789,472,42480,280562.50,0.0100,0.732104,0.0129
DQN,789,473,42570,273900.00,0.0100,0.674278,0.0150
DQN,789,474,42660,271877.50,0.0100,0.659820,0.0129
DQN,789,475,42750,284507.50,0.0100,0.665071,0.0134
DQN,789,476,42840,281950.00,0.0100,0.624094,0.0135
DQN,789,477,42930,259240.00,0.0100,0.660622,0.0146
DQN,789,478,43020,282672.50,0.0100,0.649055,0.0123
DQN,789,479,43110,273455.00,0.0100,0.650560,0.0130
DQN,789,480,43200,257035.00,0.0100,0.621901,0.0127
DQN,789,481,43290,276317.50,0.0100,0.616490,0.0164
DQN,789,482,43380,276315.00,0.0100,0.622343,0.0140
DQN,789,483,43470,282810.00,0.0100,0.630130,0.0136
DQN,789,484,43560,281060.00,0.0100,0.734891,0.0125
DQN,789,485,43650,298017.50,0.0100,0.755391,0.0161
DQN,789,486,43740,272315.00,0.0100,0.750605,0.0150
DQN,789,487,43830,283477.50,0.0100,0.749645,0.0131
DQN,789,488,43920,286747.50,0.0100,0.743994,0.0140
DQN,789,489,44010,275430.00,0.0100,0.741956,0.0126
DQN,789,490,44100,276820.00,0.0100,0.640840,0.0130
DQN,789,491,44190,266937.50,0.0100,0.650671,0.0133
DQN,789,492,44280,256270.00,0.0100,0.639650,0.0143
DQN,789,493,44370,271262.50,0.0100,0.650036,0.0132
DQN,789,494,44460,271907.50,0.0100,0.625882,0.0165
DQN,789,495,44550,274195.00,0.0100,0.640640,0.0125
DQN,789,496,44640,274390.00,0.0100,0.646808,0.0153
DQN,789,497,44730,278595.00,0.0100,0.618462,0.0124
DQN,789,498,44820,276265.00,0.0100,0.652030,0.0162
DQN,789,499,44910,277692.50,0.0100,0.614771,0.0123
DQN,789,500,45000,265460.00,0.0100,0.633433,0.0126
DQN,1024,1,90,189697.50,0.9975,0.000000,0.0009
DQN,1024,2,180,178775.00,0.9950,0.000000,0.0007
DQN,1024,3,270,217540.00,0.9926,0.000000,0.0010
DQN,1024,4,360,204670.00,0.9901,0.000000,0.0004
DQN,1024,5,450,234472.50,0.9876,0.000000,0.0004
DQN,1024,6,540,212682.50,0.9851,4.679761,0.0073
DQN,1024,7,630,233312.50,0.9827,4.028821,0.0124
DQN,1024,8,720,184922.50,0.9802,2.754526,0.0124
DQN,1024,9,810,199790.00,0.9777,2.395964,0.0135
DQN,1024,10,900,185667.50,0.9752,2.271854,0.0124
DQN,1024,11,990,198152.50,0.9728,2.203940,0.0131
DQN,1024,12,1080,192175.00,0.9703,3.068713,0.0118
DQN,1024,13,1170,226450.00,0.9678,1.957746,0.0126
DQN,1024,14,1260,205365.00,0.9654,1.852547,0.0129
DQN,1024,15,1350,190870.00,0.9629,1.706682,0.0183
DQN,1024,16,1440,139805.00,0.9604,1.563712,0.0146
DQN,1024,17,1530,153782.50,0.9579,2.179591,0.0126
DQN,1024,18,1620,174252.50,0.9555,1.742078,0.0137
DQN,1024,19,1710,180535.00,0.9530,1.515847,0.0129
DQN,1024,20,1800,213150.00,0.9505,1.396937,0.0124
DQN,1024,21,1890,187592.50,0.9480,1.315513,0.0123
DQN,1024,22,1980,98015.00,0.9456,1.259018,0.0126
DQN,1024,23,2070,208942.50,0.9431,2.122675,0.0137
DQN,1024,24,2160,228532.50,0.9406,1.511573,0.0131
DQN,1024,25,2250,184545.00,0.9381,1.406363,0.0124
DQN,1024,26,2340,170077.50,0.9356,1.330453,0.0126
DQN,1024,27,2430,167735.00,0.9332,1.276758,0.0166
DQN,1024,28,2520,132260.00,0.9307,1.568006,0.0122
DQN,1024,29,2610,204362.50,0.9282,1.543305,0.0121
DQN,1024,30,2700,210410.00,0.9257,1.396453,0.0125
DQN,1024,31,2790,232005.00,0.9233,1.333901,0.0127
DQN,1024,32,2880,186107.50,0.9208,1.295334,0.0136
DQN,1024,33,2970,244167.50,0.9183,1.307178,0.0156
DQN,1024,34,3060,138062.50,0.9159,1.673086,0.0118
DQN,1024,35,3150,226040.00,0.9134,1.501417,0.0126
DQN,1024,36,3240,179802.50,0.9109,1.392452,0.0121
DQN,1024,37,3330,203660.00,0.9084,1.362462,0.0148
DQN,1024,38,3420,234380.00,0.9060,1.338317,0.0124
DQN,1024,39,3510,190780.00,0.9035,1.391260,0.0128
DQN,1024,40,3600,181987.50,0.9010,1.399704,0.0138
DQN,1024,41,3690,211625.00,0.8985,1.276719,0.0141
DQN,1024,42,3780,207182.50,0.8961,1.268045,0.0121
DQN,1024,43,3870,194270.00,0.8936,1.268774,0.0123
DQN,1024,44,3960,242107.50,0.8911,1.219303,0.0130
DQN,1024,45,4050,227847.50,0.8886,1.217097,0.0134
DQN,1024,46,4140,226400.00,0.8861,1.003848,0.0135
DQN,1024,47,4230,206760.00,0.8837,0.965547,0.0143
DQN,1024,48,4320,217827.50,0.8812,0.967972,0.0123
DQN,1024,49,4410,217355.00,0.8787,0.952733,0.0126
DQN,1024,50,4500,184507.50,0.8762,0.948960,0.0126
DQN,1024,51,4590,248157.50,0.8738,0.893328,0.0135
DQN,1024,52,4680,219140.00,0.8713,0.828192,0.0170
DQN,1024,53,4770,190655.00,0.8688,0.823068,0.0130
DQN,1024,54,4860,240925.00,0.8663,0.807276,0.0135
DQN,1024,55,4950,216787.50,0.8639,0.802954,0.0127
DQN,1024,56,5040,156450.00,0.8614,0.866502,0.0152
DQN,1024,57,5130,229007.50,0.8589,0.753927,0.0118
DQN,1024,58,5220,189680.00,0.8565,0.722420,0.0126
DQN,1024,59,5310,164195.00,0.8540,0.729779,0.0141
DQN,1024,60,5400,202092.50,0.8515,0.738241,0.0134
DQN,1024,61,5490,211635.00,0.8490,0.733570,0.0139
DQN,1024,62,5580,254437.50,0.8466,0.758657,0.0138
DQN,1024,63,5670,223862.50,0.8441,0.720447,0.0148
DQN,1024,64,5760,187152.50,0.8416,0.707221,0.0122
DQN,1024,65,5850,211000.00,0.8391,0.719414,0.0126
DQN,1024,66,5940,231120.00,0.8367,0.681254,0.0128
DQN,1024,67,6030,233032.50,0.8342,0.755034,0.0181
DQN,1024,68,6120,196530.00,0.8317,0.740838,0.0126
DQN,1024,69,6210,221115.00,0.8292,0.731334,0.0123
DQN,1024,70,6300,244247.50,0.8267,0.703338,0.0129
DQN,1024,71,6390,246547.50,0.8243,0.687538,0.0128
DQN,1024,72,6480,230925.00,0.8218,0.723045,0.0129
DQN,1024,73,6570,210042.50,0.8193,0.777179,0.0129
DQN,1024,74,6660,241712.50,0.8168,0.723740,0.0129
DQN,1024,75,6750,224937.50,0.8144,0.719334,0.0130
DQN,1024,76,6840,238235.00,0.8119,0.711806,0.0235
DQN,1024,77,6930,216112.50,0.8094,0.700135,0.0168
DQN,1024,78,7020,225242.50,0.8070,0.785205,0.0127
DQN,1024,79,7110,230395.00,0.8045,0.732374,0.0129
DQN,1024,80,7200,231170.00,0.8020,0.742201,0.0129
DQN,1024,81,7290,221550.00,0.7995,0.744022,0.0148
DQN,1024,82,7380,232297.50,0.7971,0.754317,0.0121
DQN,1024,83,7470,220052.50,0.7946,0.739042,0.0129
DQN,1024,84,7560,210012.50,0.7921,0.802014,0.0131
DQN,1024,85,7650,241380.00,0.7896,0.745348,0.0256
DQN,1024,86,7740,238455.00,0.7872,0.736533,0.0619
DQN,1024,87,7830,243377.50,0.7847,0.737461,0.0482
DQN,1024,88,7920,245190.00,0.7822,0.740444,0.0118
DQN,1024,89,8010,227370.00,0.7797,0.772461,0.0119
DQN,1024,90,8100,267685.00,0.7772,0.739831,0.0121
DQN,1024,91,8190,210365.00,0.7748,0.758910,0.0123
DQN,1024,92,8280,240627.50,0.7723,0.767580,0.0130
DQN,1024,93,8370,168922.50,0.7698,0.751397,0.0148
DQN,1024,94,8460,216942.50,0.7673,0.753066,0.0122
DQN,1024,95,8550,243690.00,0.7649,0.785035,0.0123
DQN,1024,96,8640,218052.50,0.7624,0.761279,0.0124
DQN,1024,97,8730,216067.50,0.7599,0.735481,0.0140
DQN,1024,98,8820,247112.50,0.7574,0.736795,0.0132
DQN,1024,99,8910,236872.50,0.7550,0.734343,0.0140
DQN,1024,100,9000,242967.50,0.7525,0.779787,0.0131
DQN,1024,101,9090,234125.00,0.7500,0.726835,0.0123
DQN,1024,102,9180,251062.50,0.7475,0.737791,0.0141
DQN,1024,103,9270,224000.00,0.7451,0.767231,0.0130
DQN,1024,104,9360,215802.50,0.7426,0.713721,0.0143
DQN,1024,105,9450,226940.00,0.7401,0.755827,0.0138
DQN,1024,106,9540,275020.00,0.7376,0.752013,0.0134
DQN,1024,107,9630,226095.00,0.7352,0.737207,0.0142
DQN,1024,108,9720,210275.00,0.7327,0.730470,0.0120
DQN,1024,109,9810,218835.00,0.7302,0.752233,0.0123
DQN,1024,110,9900,240415.00,0.7278,0.727922,0.0123
DQN,1024,111,9990,278047.50,0.7253,0.739089,0.0125
DQN,1024,112,10080,274427.50,0.7228,0.750808,0.0140
DQN,1024,113,10170,253450.00,0.7203,0.739702,0.0139
DQN,1024,114,10260,230302.50,0.7179,0.716206,0.0139
DQN,1024,115,10350,215182.50,0.7154,0.722376,0.0121
DQN,1024,116,10440,221240.00,0.7129,0.737376,0.0130
DQN,1024,117,10530,225057.50,0.7104,0.744986,0.0121
DQN,1024,118,10620,245237.50,0.7080,0.762138,0.0126
DQN,1024,119,10710,272960.00,0.7055,0.763578,0.0128
DQN,1024,120,10800,230217.50,0.7030,0.750064,0.0129
DQN,1024,121,10890,242122.50,0.7005,0.744296,0.0150
DQN,1024,122,10980,250527.50,0.6981,0.758599,0.0126
DQN,1024,123,11070,232977.50,0.6956,0.753471,0.0129
DQN,1024,124,11160,231472.50,0.6931,0.744562,0.0131
DQN,1024,125,11250,236700.00,0.6906,0.738654,0.0134
DQN,1024,126,11340,196470.00,0.6882,0.735813,0.0131
DQN,1024,127,11430,241100.00,0.6857,0.754741,0.0133
DQN,1024,128,11520,236802.50,0.6832,0.774291,0.0133
DQN,1024,129,11610,235662.50,0.6807,0.750569,0.0134
DQN,1024,130,11700,217802.50,0.6783,0.753888,0.0134
DQN,1024,131,11790,243770.00,0.6758,0.765038,0.0192
DQN,1024,132,11880,232347.50,0.6733,0.750203,0.0183
DQN,1024,133,11970,237607.50,0.6708,0.762150,0.0172
DQN,1024,134,12060,237262.50,0.6683,0.762131,0.0127
DQN,1024,135,12150,250082.50,0.6659,0.774029,0.0133
DQN,1024,136,12240,226427.50,0.6634,0.742545,0.0157
DQN,1024,137,12330,227885.00,0.6609,0.755071,0.0123
DQN,1024,138,12420,244337.50,0.6584,0.749493,0.0126
DQN,1024,139,12510,242987.50,0.6560,0.753179,0.0126
DQN,1024,140,12600,265012.50,0.6535,0.791638,0.0128
DQN,1024,141,12690,253730.00,0.6510,0.746735,0.0127
DQN,1024,142,12780,236170.00,0.6485,0.753035,0.0143
DQN,1024,143,12870,204997.50,0.6461,0.773899,0.0121
DQN,1024,144,12960,220705.00,0.6436,0.743483,0.0130
DQN,1024,145,13050,260547.50,0.6411,0.753512,0.0132
DQN,1024,146,13140,252790.00,0.6386,0.776698,0.0198
DQN,1024,147,13230,220862.50,0.6362,0.738066,0.0148
DQN,1024,148,13320,276937.50,0.6337,0.763944,0.0129
DQN,1024,149,13410,224315.00,0.6312,0.762899,0.0134
DQN,1024,150,13500,256240.00,0.6288,0.760803,0.0134
DQN,1024,151,13590,245092.50,0.6263,0.722901,0.0164
DQN,1024,152,13680,272287.50,0.6238,0.715628,0.0138
DQN,1024,153,13770,239487.50,0.6213,0.738752,0.0152
DQN,1024,154,13860,263577.50,0.6189,0.718675,0.0123
DQN,1024,155,13950,253777.50,0.6164,0.728136,0.0127
DQN,1024,156,14040,255620.00,0.6139,0.707818,0.0124
DQN,1024,157,14130,293712.50,0.6114,0.713176,0.0124
DQN,1024,158,14220,260585.00,0.6089,0.691400,0.0124
DQN,1024,159,14310,246502.50,0.6065,0.692725,0.0148
DQN,1024,160,14400,252240.00,0.6040,0.675007,0.0153
DQN,1024,161,14490,238797.50,0.6015,0.678946,0.0132
DQN,1024,162,14580,266175.00,0.5990,0.728694,0.0125
DQN,1024,163,14670,235005.00,0.5966,0.693985,0.0129
DQN,1024,164,14760,274062.50,0.5941,0.713238,0.0129
DQN,1024,165,14850,241930.00,0.5916,0.675169,0.0166
DQN,1024,166,14940,245272.50,0.5892,0.703387,0.0138
DQN,1024,167,15030,245537.50,0.5867,0.718584,0.0127
DQN,1024,168,15120,267855.00,0.5842,0.698327,0.0145
DQN,1024,169,15210,261687.50,0.5817,0.705635,0.0128
DQN,1024,170,15300,275162.50,0.5793,0.700597,0.0148
DQN,1024,171,15390,249420.00,0.5768,0.702777,0.0156
DQN,1024,172,15480,277732.50,0.5743,0.690516,0.0128
DQN,1024,173,15570,267762.50,0.5718,0.697145,0.0136
DQN,1024,174,15660,261715.00,0.5694,0.701236,0.0123
DQN,1024,175,15750,233932.50,0.5669,0.709581,0.0128
DQN,1024,176,15840,246710.00,0.5644,0.698147,0.0129
DQN,1024,177,15930,259060.00,0.5619,0.699167,0.0176
DQN,1024,178,16020,264872.50,0.5595,0.702122,0.0129
DQN,1024,179,16110,235192.50,0.5570,0.699960,0.0124
DQN,1024,180,16200,219980.00,0.5545,0.697511,0.0128
DQN,1024,181,16290,230392.50,0.5520,0.726857,0.0130
DQN,1024,182,16380,260167.50,0.5495,0.703886,0.0131
DQN,1024,183,16470,268665.00,0.5471,0.694386,0.0130
DQN,1024,184,16560,270330.00,0.5446,0.708899,0.0130
DQN,1024,185,16650,263760.00,0.5421,0.670603,0.0131
DQN,1024,186,16740,238822.50,0.5396,0.693864,0.0132
DQN,1024,187,16830,220495.00,0.5372,0.725104,0.0132
DQN,1024,188,16920,264030.00,0.5347,0.690801,0.0139
DQN,1024,189,17010,249685.00,0.5322,0.676903,0.0140
DQN,1024,190,17100,248277.50,0.5297,0.675823,0.0131
DQN,1024,191,17190,252595.00,0.5273,0.677496,0.0215
DQN,1024,192,17280,293882.50,0.5248,0.702987,0.0131
DQN,1024,193,17370,252122.50,0.5223,0.710689,0.0210
DQN,1024,194,17460,238485.00,0.5199,0.682892,0.0143
DQN,1024,195,17550,235570.00,0.5174,0.707195,0.0134
DQN,1024,196,17640,220595.00,0.5149,0.730633,0.0132
DQN,1024,197,17730,237640.00,0.5124,0.710424,0.0131
DQN,1024,198,17820,240792.50,0.5100,0.685574,0.0131
DQN,1024,199,17910,269000.00,0.5075,0.692272,0.0161
DQN,1024,200,18000,242702.50,0.5050,0.704864,0.0156
DQN,1024,201,18090,262777.50,0.5025,0.700647,0.0161
DQN,1024,202,18180,244860.00,0.5000,0.687115,0.0174
DQN,1024,203,18270,241492.50,0.4976,0.669391,0.0152
DQN,1024,204,18360,234387.50,0.4951,0.688929,0.0131
DQN,1024,205,18450,274475.00,0.4926,0.680484,0.0170
DQN,1024,206,18540,249580.00,0.4901,0.673724,0.0128
DQN,1024,207,18630,260640.00,0.4877,0.674456,0.0121
DQN,1024,208,18720,229157.50,0.4852,0.679253,0.0122
DQN,1024,209,18810,257412.50,0.4827,0.670217,0.0131
DQN,1024,210,18900,274630.00,0.4802,0.653408,0.0128
DQN,1024,211,18990,224787.50,0.4778,0.661443,0.0126
DQN,1024,212,19080,263047.50,0.4753,0.673039,0.0130
DQN,1024,213,19170,268710.00,0.4728,0.671186,0.0148
DQN,1024,214,19260,268055.00,0.4703,0.667570,0.0142
DQN,1024,215,19350,249250.00,0.4679,0.662134,0.0146
DQN,1024,216,19440,280002.50,0.4654,0.676311,0.0125
DQN,1024,217,19530,255865.00,0.4629,0.692700,0.0127
DQN,1024,218,19620,243625.00,0.4604,0.721896,0.0138
DQN,1024,219,19710,275517.50,0.4580,0.723568,0.0123
DQN,1024,220,19800,263480.00,0.4555,0.712007,0.0128
DQN,1024,221,19890,262237.50,0.4530,0.698886,0.0131
DQN,1024,222,19980,248795.00,0.4506,0.681544,0.0130
DQN,1024,223,20070,277667.50,0.4481,0.694786,0.0154
DQN,1024,224,20160,264325.00,0.4456,0.680155,0.0131
DQN,1024,225,20250,253050.00,0.4431,0.662865,0.0128
DQN,1024,226,20340,270850.00,0.4407,0.707320,0.0125
DQN,1024,227,20430,273912.50,0.4382,0.672036,0.0148
DQN,1024,228,20520,248075.00,0.4357,0.674235,0.0121
DQN,1024,229,20610,257330.00,0.4332,0.689385,0.0130
DQN,1024,230,20700,275927.50,0.4308,0.654095,0.0124
DQN,1024,231,20790,280135.00,0.4283,0.691726,0.0129
DQN,1024,232,20880,255832.50,0.4258,0.659073,0.0131
DQN,1024,233,20970,263832.50,0.4233,0.686317,0.0132
DQN,1024,234,21060,264012.50,0.4209,0.713680,0.0132
DQN,1024,235,21150,273730.00,0.4184,0.709388,0.0131
DQN,1024,236,21240,247732.50,0.4159,0.698110,0.0131
DQN,1024,237,21330,258447.50,0.4134,0.693810,0.0131
DQN,1024,238,21420,267670.00,0.4110,0.724005,0.0134
DQN,1024,239,21510,229822.50,0.4085,0.690228,0.0132
DQN,1024,240,21600,262297.50,0.4060,0.685564,0.0139
DQN,1024,241,21690,267565.00,0.4035,0.677892,0.0140
DQN,1024,242,21780,242762.50,0.4011,0.682716,0.0133
DQN,1024,243,21870,274087.50,0.3986,0.696441,0.0132
DQN,1024,244,21960,272377.50,0.3961,0.678796,0.0132
DQN,1024,245,22050,262097.50,0.3936,0.694792,0.0155
DQN,1024,246,22140,252232.50,0.3911,0.705634,0.0150
DQN,1024,247,22230,261407.50,0.3887,0.693527,0.0147
DQN,1024,248,22320,260532.50,0.3862,0.708928,0.0141
DQN,1024,249,22410,274017.50,0.3837,0.703430,0.0125
DQN,1024,250,22500,262910.00,0.3812,0.724009,0.0129
DQN,1024,251,22590,267240.00,0.3788,0.719664,0.0136
DQN,1024,252,22680,263612.50,0.3763,0.720096,0.0212
DQN,1024,253,22770,282632.50,0.3738,0.749109,0.0145
DQN,1024,254,22860,261642.50,0.3713,0.694079,0.0129
DQN,1024,255,22950,267677.50,0.3689,0.728562,0.0148
DQN,1024,256,23040,272080.00,0.3664,0.705270,0.0126
DQN,1024,257,23130,278015.00,0.3639,0.712988,0.0130
DQN,1024,258,23220,264970.00,0.3614,0.683725,0.0130
DQN,1024,259,23310,267167.50,0.3590,0.693363,0.0146
DQN,1024,260,23400,248695.00,0.3565,0.680590,0.0134
DQN,1024,261,23490,229185.00,0.3540,0.689832,0.0133
DQN,1024,262,23580,253972.50,0.3516,0.707265,0.0153
DQN,1024,263,23670,271917.50,0.3491,0.709904,0.0157
DQN,1024,264,23760,279937.50,0.3466,0.680190,0.0120
DQN,1024,265,23850,265225.00,0.3441,0.684055,0.0122
DQN,1024,266,23940,253200.00,0.3417,0.705485,0.0124
DQN,1024,267,24030,264495.00,0.3392,0.689272,0.0125
DQN,1024,268,24120,273877.50,0.3367,0.686731,0.0125
DQN,1024,269,24210,253582.50,0.3342,0.670661,0.0127
DQN,1024,270,24300,276937.50,0.3317,0.670967,0.0125
DQN,1024,271,24390,281205.00,0.3293,0.654072,0.0146
DQN,1024,272,24480,259812.50,0.3268,0.652754,0.0127
DQN,1024,273,24570,269452.50,0.3243,0.680932,0.0129
DQN,1024,274,24660,261177.50,0.3218,0.661991,0.0130
DQN,1024,275,24750,289335.00,0.3194,0.674143,0.0178
DQN,1024,276,24840,264560.00,0.3169,0.673332,0.0127
DQN,1024,277,24930,241612.50,0.3144,0.648305,0.0122
DQN,1024,278,25020,256875.00,0.3120,0.668997,0.0126
DQN,1024,279,25110,267062.50,0.3095,0.649680,0.0126
DQN,1024,280,25200,282667.50,0.3070,0.618902,0.0126
DQN,1024,281,25290,281645.00,0.3045,0.646874,0.0126
DQN,1024,282,25380,254727.50,0.3021,0.636117,0.0126
DQN,1024,283,25470,261060.00,0.2996,0.628446,0.0129
DQN,1024,284,25560,260635.00,0.2971,0.642457,0.0126
DQN,1024,285,25650,243807.50,0.2946,0.643876,0.0150
DQN,1024,286,25740,286815.00,0.2922,0.642882,0.0122
DQN,1024,287,25830,276622.50,0.2897,0.639293,0.0128
DQN,1024,288,25920,260225.00,0.2872,0.633570,0.0130
DQN,1024,289,26010,265945.00,0.2847,0.643385,0.0153
DQN,1024,290,26100,241605.00,0.2823,0.637134,0.0122
DQN,1024,291,26190,270462.50,0.2798,0.624461,0.0125
DQN,1024,292,26280,283940.00,0.2773,0.619046,0.0128
DQN,1024,293,26370,276505.00,0.2748,0.621151,0.0136
DQN,1024,294,26460,261597.50,0.2723,0.617353,0.0130
DQN,1024,295,26550,273737.50,0.2699,0.670579,0.0131
DQN,1024,296,26640,267830.00,0.2674,0.692380,0.0132
DQN,1024,297,26730,258937.50,0.2649,0.698040,0.0131
DQN,1024,298,26820,270522.50,0.2624,0.697319,0.0132
DQN,1024,299,26910,261807.50,0.2600,0.687847,0.0134
DQN,1024,300,27000,293140.00,0.2575,0.682944,0.0132
DQN,1024,301,27090,268565.00,0.2550,0.690674,0.0218
DQN,1024,302,27180,258632.50,0.2526,0.706036,0.0129
DQN,1024,303,27270,276345.00,0.2501,0.696085,0.0145
DQN,1024,304,27360,284965.00,0.2476,0.685391,0.0134
DQN,1024,305,27450,282010.00,0.2451,0.682638,0.0122
DQN,1024,306,27540,268495.00,0.2427,0.705958,0.0123
DQN,1024,307,27630,250347.50,0.2402,0.700802,0.0136
DQN,1024,308,27720,264475.00,0.2377,0.678682,0.0134
DQN,1024,309,27810,272060.00,0.2352,0.691475,0.0131
DQN,1024,310,27900,269747.50,0.2328,0.700030,0.0135
DQN,1024,311,27990,264630.00,0.2303,0.678532,0.0131
DQN,1024,312,28080,265570.00,0.2278,0.724368,0.0147
DQN,1024,313,28170,257625.00,0.2253,0.724064,0.0142
DQN,1024,314,28260,281012.50,0.2228,0.722339,0.0139
DQN,1024,315,28350,266240.00,0.2204,0.722128,0.0124
DQN,1024,316,28440,303267.50,0.2179,0.720978,0.0128
DQN,1024,317,28530,264737.50,0.2154,0.713127,0.0129
DQN,1024,318,28620,299037.50,0.2129,0.684119,0.0142
DQN,1024,319,28710,275075.00,0.2105,0.664189,0.0135
DQN,1024,320,28800,271157.50,0.2080,0.691508,0.0161
DQN,1024,321,28890,274425.00,0.2055,0.683092,0.0136
DQN,1024,322,28980,285817.50,0.2030,0.697099,0.0127
DQN,1024,323,29070,292432.50,0.2006,0.679049,0.0131
DQN,1024,324,29160,251532.50,0.1981,0.690001,0.0131
DQN,1024,325,29250,270542.50,0.1956,0.654163,0.0132
DQN,1024,326,29340,273557.50,0.1932,0.688179,0.0150
DQN,1024,327,29430,278907.50,0.1907,0.681648,0.0133
DQN,1024,328,29520,277272.50,0.1882,0.675659,0.0132
DQN,1024,329,29610,274717.50,0.1857,0.689120,0.0134
DQN,1024,330,29700,275047.50,0.1833,0.697548,0.0150
DQN,1024,331,29790,286187.50,0.1808,0.676936,0.0140
DQN,1024,332,29880,289275.00,0.1783,0.685970,0.0126
DQN,1024,333,29970,267722.50,0.1758,0.698936,0.0125
DQN,1024,334,30060,278390.00,0.1734,0.691219,0.0132
DQN,1024,335,30150,269165.00,0.1709,0.698166,0.0133
DQN,1024,336,30240,288767.50,0.1684,0.722492,0.0171
DQN,1024,337,30330,270517.50,0.1659,0.698078,0.0126
DQN,1024,338,30420,269150.00,0.1634,0.685488,0.0127
DQN,1024,339,30510,280127.50,0.1610,0.705875,0.0131
DQN,1024,340,30600,257012.50,0.1585,0.709264,0.0133
DQN,1024,341,30690,258847.50,0.1560,0.712227,0.0133
DQN,1024,342,30780,267140.00,0.1536,0.695907,0.0133
DQN,1024,343,30870,280620.00,0.1511,0.707763,0.0133
DQN,1024,344,30960,277517.50,0.1486,0.696712,0.0133
DQN,1024,345,31050,258777.50,0.1461,0.683685,0.0133
DQN,1024,346,31140,282835.00,0.1437,0.685045,0.0141
DQN,1024,347,31230,282020.00,0.1412,0.682326,0.0160
DQN,1024,348,31320,288762.50,0.1387,0.687601,0.0121
DQN,1024,349,31410,283215.00,0.1362,0.685350,0.0124
DQN,1024,350,31500,285940.00,0.1338,0.676951,0.0125
DQN,1024,351,31590,274042.50,0.1313,0.688526,0.0136
DQN,1024,352,31680,255887.50,0.1288,0.701715,0.0177
DQN,1024,353,31770,264335.00,0.1263,0.669345,0.0140
DQN,1024,354,31860,292697.50,0.1239,0.685480,0.0132
DQN,1024,355,31950,298730.00,0.1214,0.676140,0.0130
DQN,1024,356,32040,283065.00,0.1189,0.688790,0.0132
DQN,1024,357,32130,262647.50,0.1164,0.717048,0.0126
DQN,1024,358,32220,265850.00,0.1139,0.682724,0.0127
DQN,1024,359,32310,281822.50,0.1115,0.715833,0.0127
DQN,1024,360,32400,277722.50,0.1090,0.709694,0.0170
DQN,1024,361,32490,261860.00,0.1065,0.667695,0.0129
DQN,1024,362,32580,297162.50,0.1040,0.668134,0.0132
DQN,1024,363,32670,285952.50,0.1016,0.667047,0.0132
DQN,1024,364,32760,280610.00,0.0991,0.666991,0.0152
DQN,1024,365,32850,277607.50,0.0966,0.659688,0.0162
DQN,1024,366,32940,291485.00,0.0941,0.688657,0.0134
DQN,1024,367,33030,281372.50,0.0917,0.669302,0.0139
DQN,1024,368,33120,287010.00,0.0892,0.663739,0.0132
DQN,1024,369,33210,278177.50,0.0867,0.674678,0.0154
DQN,1024,370,33300,299567.50,0.0842,0.680197,0.0164
DQN,1024,371,33390,269335.00,0.0818,0.674763,0.0148
DQN,1024,372,33480,298162.50,0.0793,0.668281,0.0134
DQN,1024,373,33570,298600.00,0.0768,0.732102,0.0149
DQN,1024,374,33660,284010.00,0.0743,0.734066,0.0127
DQN,1024,375,33750,282795.00,0.0719,0.714629,0.0126
DQN,1024,376,33840,266460.00,0.0694,0.705166,0.0161
DQN,1024,377,33930,269975.00,0.0669,0.719978,0.0121
DQN,1024,378,34020,283892.50,0.0645,0.670208,0.0124
DQN,1024,379,34110,280362.50,0.0620,0.659224,0.0126
DQN,1024,380,34200,260780.00,0.0595,0.663932,0.0126
DQN,1024,381,34290,282717.50,0.0570,0.669796,0.0126
DQN,1024,382,34380,286965.00,0.0546,0.653782,0.0128
DQN,1024,383,34470,295955.00,0.0521,0.658288,0.0127
DQN,1024,384,34560,272010.00,0.0496,0.709161,0.0128
DQN,1024,385,34650,276825.00,0.0471,0.692517,0.0128
DQN,1024,386,34740,274772.50,0.0447,0.730265,0.0129
DQN,1024,387,34830,286722.50,0.0422,0.704241,0.0217
DQN,1024,388,34920,271402.50,0.0397,0.714931,0.0157
DQN,1024,389,35010,283972.50,0.0372,0.715379,0.0128
DQN,1024,390,35100,284672.50,0.0348,0.675949,0.0155
DQN,1024,391,35190,272582.50,0.0323,0.669712,0.0128
DQN,1024,392,35280,279102.50,0.0298,0.665144,0.0134
DQN,1024,393,35370,282687.50,0.0273,0.681018,0.0147
DQN,1024,394,35460,271032.50,0.0249,0.667061,0.0144
DQN,1024,395,35550,276182.50,0.0224,0.671802,0.0126
DQN,1024,396,35640,289527.50,0.0199,0.685379,0.0131
DQN,1024,397,35730,293080.00,0.0174,0.659429,0.0131
DQN,1024,398,35820,273715.00,0.0150,0.645481,0.0143
DQN,1024,399,35910,282180.00,0.0125,0.636790,0.0130
DQN,1024,400,36000,282702.50,0.0100,0.672031,0.0131
DQN,1024,401,36090,288885.00,0.0100,0.650113,0.0177
DQN,1024,402,36180,288695.00,0.0100,0.653742,0.0179
DQN,1024,403,36270,290130.00,0.0100,0.661044,0.0137
DQN,1024,404,36360,302135.00,0.0100,0.651389,0.0149
DQN,1024,405,36450,300747.50,0.0100,0.645539,0.0129
DQN,1024,406,36540,288002.50,0.0100,0.648576,0.0148
DQN,1024,407,36630,298792.50,0.0100,0.655608,0.0140
DQN,1024,408,36720,293787.50,0.0100,0.659715,0.0154
DQN,1024,409,36810,287027.50,0.0100,0.659303,0.0137
DQN,1024,410,36900,290710.00,0.0100,0.673798,0.0131
DQN,1024,411,36990,288715.00,0.0100,0.663986,0.0130
DQN,1024,412,37080,273550.00,0.0100,0.712021,0.0131
DQN,1024,413,37170,303015.00,0.0100,0.689901,0.0162
DQN,1024,414,37260,298922.50,0.0100,0.702378,0.0128
DQN,1024,415,37350,299475.00,0.0100,0.677925,0.0139
DQN,1024,416,37440,277560.00,0.0100,0.703240,0.0142
DQN,1024,417,37530,288097.50,0.0100,0.664144,0.0131
DQN,1024,418,37620,271547.50,0.0100,0.686235,0.0135
DQN,1024,419,37710,272737.50,0.0100,0.678086,0.0153
DQN,1024,420,37800,285712.50,0.0100,0.680246,0.0125
DQN,1024,421,37890,304882.50,0.0100,0.674746,0.0178
DQN,1024,422,37980,278872.50,0.0100,0.670572,0.0123
DQN,1024,423,38070,277452.50,0.0100,0.712449,0.0127
DQN,1024,424,38160,276182.50,0.0100,0.714707,0.0127
DQN,1024,425,38250,291082.50,0.0100,0.711370,0.0127
DQN,1024,426,38340,268562.50,0.0100,0.715747,0.0127
DQN,1024,427,38430,296147.50,0.0100,0.715119,0.0127
DQN,1024,428,38520,285007.50,0.0100,0.694792,0.0128
DQN,1024,429,38610,282205.00,0.0100,0.645187,0.0129
DQN,1024,430,38700,292100.00,0.0100,0.682543,0.0128
DQN,1024,431,38790,271505.00,0.0100,0.669546,0.0128
DQN,1024,432,38880,286717.50,0.0100,0.641785,0.0128
DQN,1024,433,38970,267057.50,0.0100,0.658044,0.0128
DQN,1024,434,39060,287537.50,0.0100,0.658438,0.0153
DQN,1024,435,39150,280240.00,0.0100,0.627708,0.0126
DQN,1024,436,39240,289520.00,0.0100,0.628909,0.0130
DQN,1024,437,39330,265292.50,0.0100,0.635724,0.0131
DQN,1024,438,39420,279337.50,0.0100,0.635871,0.0131
DQN,1024,439,39510,280492.50,0.0100,0.637159,0.0133
DQN,1024,440,39600,287452.50,0.0100,0.662234,0.0134
DQN,1024,441,39690,280065.00,0.0100,0.673518,0.0133
DQN,1024,442,39780,293580.00,0.0100,0.680864,0.0133
DQN,1024,443,39870,277330.00,0.0100,0.677757,0.0133
DQN,1024,444,39960,285237.50,0.0100,0.676844,0.0133
DQN,1024,445,40050,276417.50,0.0100,0.679789,0.0133
DQN,1024,446,40140,283685.00,0.0100,0.704533,0.0135
DQN,1024,447,40230,280330.00,0.0100,0.704326,0.0134
DQN,1024,448,40320,276307.50,0.0100,0.710289,0.0133
DQN,1024,449,40410,278712.50,0.0100,0.719643,0.0133
DQN,1024,450,40500,270102.50,0.0100,0.712248,0.0134
DQN,1024,451,40590,297522.50,0.0100,0.686872,0.0158
DQN,1024,452,40680,286425.00,0.0100,0.695607,0.0145
DQN,1024,453,40770,283312.50,0.0100,0.705658,0.0140
DQN,1024,454,40860,282440.00,0.0100,0.709341,0.0139
DQN,1024,455,40950,278240.00,0.0100,0.693783,0.0133
DQN,1024,456,41040,276245.00,0.0100,0.721805,0.0134
DQN,1024,457,41130,283395.00,0.0100,0.750264,0.0133
DQN,1024,458,41220,296920.00,0.0100,0.733871,0.0134
DQN,1024,459,41310,292205.00,0.0100,0.704323,0.0154
DQN,1024,460,41400,290600.00,0.0100,0.733762,0.0125
DQN,1024,461,41490,278632.50,0.0100,0.742116,0.0134
DQN,1024,462,41580,265435.00,0.0100,0.734133,0.0131
DQN,1024,463,41670,282852.50,0.0100,0.739972,0.0129
DQN,1024,464,41760,290300.00,0.0100,0.705519,0.0135
DQN,1024,465,41850,268140.00,0.0100,0.723214,0.0138
DQN,1024,466,41940,273047.50,0.0100,0.707396,0.0179
DQN,1024,467,42030,263232.50,0.0100,0.709785,0.0163
DQN,1024,468,42120,281060.00,0.0100,0.663435,0.0122
DQN,1024,469,42210,274930.00,0.0100,0.637714,0.0124
DQN,1024,470,42300,284605.00,0.0100,0.655449,0.0126
DQN,1024,471,42390,284187.50,0.0100,0.658296,0.0127
DQN,1024,472,42480,283857.50,0.0100,0.695568,0.0127
DQN,1024,473,42570,283197.50,0.0100,0.672391,0.0127
DQN,1024,474,42660,266760.00,0.0100,0.688693,0.0127
DQN,1024,475,42750,278185.00,0.0100,0.683532,0.0128
DQN,1024,476,42840,288145.00,0.0100,0.683001,0.0128
DQN,1024,477,42930,273285.00,0.0100,0.674466,0.0128
DQN,1024,478,43020,289077.50,0.0100,0.675135,0.0128
DQN,1024,479,43110,290640.00,0.0100,0.596387,0.0128
DQN,1024,480,43200,271215.00,0.0100,0.620308,0.0149
DQN,1024,481,43290,284625.00,0.0100,0.627557,0.0129
DQN,1024,482,43380,282830.00,0.0100,0.614480,0.0133
DQN,1024,483,43470,288865.00,0.0100,0.637720,0.0173
DQN,1024,484,43560,281222.50,0.0100,0.654726,0.0150
DQN,1024,485,43650,277325.00,0.0100,0.689105,0.0125
DQN,1024,486,43740,275167.50,0.0100,0.673545,0.0150
DQN,1024,487,43830,286372.50,0.0100,0.695909,0.0134
DQN,1024,488,43920,282255.00,0.0100,0.681818,0.0147
DQN,1024,489,44010,273522.50,0.0100,0.667041,0.0123
DQN,1024,490,44100,289120.00,0.0100,0.686074,0.0134
DQN,1024,491,44190,291162.50,0.0100,0.677710,0.0147
DQN,1024,492,44280,275207.50,0.0100,0.707138,0.0159
DQN,1024,493,44370,266262.50,0.0100,0.680335,0.0138
DQN,1024,494,44460,267580.00,0.0100,0.683907,0.0160
DQN,1024,495,44550,282045.00,0.0100,0.739775,0.0124
DQN,1024,496,44640,278515.00,0.0100,0.704765,0.0131
DQN,1024,497,44730,281017.50,0.0100,0.723197,0.0134
DQN,1024,498,44820,280817.50,0.0100,0.713763,0.0161
DQN,1024,499,44910,280887.50,0.0100,0.720224,0.0135
DQN,1024,500,45000,286370.00,0.0100,0.720895,0.0129
