policy,seed,episode,total_steps,reward,epsilon,loss,duration_sec
DQN,42,1,90,256772.50,0.9975,0.000000,0.0004
DQN,42,2,180,244500.00,0.9950,0.000000,0.0004
DQN,42,3,270,208630.00,0.9926,0.000000,0.0004
DQN,42,4,360,257770.00,0.9901,0.000000,0.0004
DQN,42,5,450,231042.50,0.9876,0.000000,0.0004
DQN,42,6,540,201400.00,0.9851,4.533858,0.0088
DQN,42,7,630,248817.50,0.9827,3.576051,0.0140
DQN,42,8,720,236697.50,0.9802,2.025853,0.0119
DQN,42,9,810,165942.50,0.9777,1.827020,0.0138
DQN,42,10,900,207912.50,0.9752,1.718534,0.0124
DQN,42,11,990,221527.50,0.9728,1.678928,0.0138
DQN,42,12,1080,176587.50,0.9703,3.201874,0.0138
DQN,42,13,1170,246315.00,0.9678,1.500430,0.0121
DQN,42,14,1260,223137.50,0.9654,1.374058,0.0124
DQN,42,15,1350,189115.00,0.9629,1.279861,0.0121
DQN,42,16,1440,206172.50,0.9604,1.156334,0.0129
DQN,42,17,1530,143317.50,0.9579,1.873515,0.0132
DQN,42,18,1620,204832.50,0.9555,1.103840,0.0134
DQN,42,19,1710,264122.50,0.9530,0.883842,0.0133
DQN,42,20,1800,261357.50,0.9505,0.827080,0.0152
DQN,42,21,1890,213745.00,0.9480,0.770291,0.0121
DQN,42,22,1980,219192.50,0.9456,0.789452,0.0126
DQN,42,23,2070,195697.50,0.9431,1.787778,0.0157
DQN,42,24,2160,212332.50,0.9406,1.059873,0.0220
DQN,42,25,2250,204035.00,0.9381,0.942737,0.0127
DQN,42,26,2340,200240.00,0.9356,0.836085,0.0135
DQN,42,27,2430,263622.50,0.9332,0.805448,0.0135
DQN,42,28,2520,242085.00,0.9307,1.350566,0.0134
DQN,42,29,2610,219872.50,0.9282,1.181725,0.0133
DQN,42,30,2700,175610.00,0.9257,0.958592,0.0140
DQN,42,31,2790,222305.00,0.9233,0.862779,0.0134
DQN,42,32,2880,192342.50,0.9208,0.867887,0.0136
DQN,42,33,2970,202770.00,0.9183,0.831745,0.0136
DQN,42,34,3060,221722.50,0.9159,1.401393,0.0143
DQN,42,35,3150,238512.50,0.9134,0.959773,0.0138
DQN,42,36,3240,210317.50,0.9109,0.936377,0.0124
DQN,42,37,3330,231937.50,0.9084,0.851860,0.0129
DQN,42,38,3420,215215.00,0.9060,0.816860,0.0136
DQN,42,39,3510,225360.00,0.9035,0.954164,0.0125
DQN,42,40,3600,224015.00,0.9010,0.752241,0.0125
DQN,42,41,3690,240247.50,0.8985,0.651752,0.0150
DQN,42,42,3780,228155.00,0.8961,0.641413,0.0118
DQN,42,43,3870,266940.00,0.8936,0.637986,0.0126
DQN,42,44,3960,287152.50,0.8911,0.610266,0.0122
DQN,42,45,4050,224042.50,0.8886,0.703076,0.0131
DQN,42,46,4140,228612.50,0.8861,0.511383,0.0123
DQN,42,47,4230,229555.00,0.8837,0.481242,0.0124
DQN,42,48,4320,262857.50,0.8812,0.498360,0.0124
DQN,42,49,4410,203040.00,0.8787,0.479125,0.0125
DQN,42,50,4500,225787.50,0.8762,0.471615,0.0125
DQN,42,51,4590,260420.00,0.8738,0.517825,0.0135
DQN,42,52,4680,216780.00,0.8713,0.433219,0.0138
DQN,42,53,4770,262875.00,0.8688,0.433728,0.0141
DQN,42,54,4860,269300.00,0.8663,0.424492,0.0136
DQN,42,55,4950,238235.00,0.8639,0.414292,0.0177
DQN,42,56,5040,244965.00,0.8614,0.468624,0.0168
DQN,42,57,5130,270487.50,0.8589,0.415775,0.0119
DQN,42,58,5220,243507.50,0.8565,0.404977,0.0121
DQN,42,59,5310,231437.50,0.8540,0.405793,0.0123
DQN,42,60,5400,234185.00,0.8515,0.396769,0.0143
DQN,42,61,5490,229815.00,0.8490,0.398082,0.0137
DQN,42,62,5580,269692.50,0.8466,0.414732,0.0122
DQN,42,63,5670,261245.00,0.8441,0.394775,0.0123
DQN,42,64,5760,259152.50,0.8416,0.398948,0.0140
DQN,42,65,5850,252500.00,0.8391,0.381449,0.0178
DQN,42,66,5940,277340.00,0.8367,0.367451,0.0156
DQN,42,67,6030,271517.50,0.8342,0.411819,0.0125
DQN,42,68,6120,211625.00,0.8317,0.380847,0.0128
DQN,42,69,6210,204650.00,0.8292,0.381732,0.0129
DQN,42,70,6300,243230.00,0.8267,0.378964,0.0129
DQN,42,71,6390,227747.50,0.8243,0.379976,0.0167
DQN,42,72,6480,265095.00,0.8218,0.363583,0.0126
DQN,42,73,6570,225302.50,0.8193,0.405043,0.0136
DQN,42,74,6660,230725.00,0.8168,0.369103,0.0146
DQN,42,75,6750,196317.50,0.8144,0.371815,0.0143
DQN,42,76,6840,249190.00,0.8119,0.381150,0.0133
DQN,42,77,6930,263477.50,0.8094,0.391196,0.0149
DQN,42,78,7020,253797.50,0.8070,0.380728,0.0121
DQN,42,79,7110,269237.50,0.8045,0.376608,0.0154
DQN,42,80,7200,265955.00,0.8020,0.363790,0.0128
DQN,42,81,7290,268555.00,0.7995,0.373856,0.0131
DQN,42,82,7380,245532.50,0.7971,0.370774,0.0134
DQN,42,83,7470,233735.00,0.7946,0.369081,0.0190
DQN,42,84,7560,253005.00,0.7921,0.387392,0.0161
DQN,42,85,7650,276607.50,0.7896,0.371829,0.0127
DQN,42,86,7740,268495.00,0.7872,0.386272,0.0156
DQN,42,87,7830,250137.50,0.7847,0.368709,0.0194
DQN,42,88,7920,243035.00,0.7822,0.365676,0.0158
DQN,42,89,8010,230315.00,0.7797,0.397637,0.0129
DQN,42,90,8100,252450.00,0.7772,0.393558,0.0135
DQN,42,91,8190,251082.50,0.7748,0.375046,0.0135
DQN,42,92,8280,260667.50,0.7723,0.388932,0.0160
DQN,42,93,8370,272185.00,0.7698,0.391342,0.0120
DQN,42,94,8460,272122.50,0.7673,0.378119,0.0119
DQN,42,95,8550,270570.00,0.7649,0.410945,0.0122
DQN,42,96,8640,248907.50,0.7624,0.372131,0.0134
DQN,42,97,8730,227660.00,0.7599,0.377236,0.0128
DQN,42,98,8820,292212.50,0.7574,0.368458,0.0177
DQN,42,99,8910,269897.50,0.7550,0.382327,0.0200
DQN,42,100,9000,232935.00,0.7525,0.384740,0.0136
DQN,42,101,9090,254785.00,0.7500,0.387602,0.0230
DQN,42,102,9180,287710.00,0.7475,0.366320,0.0135
DQN,42,103,9270,259592.50,0.7451,0.373348,0.0124
DQN,42,104,9360,266507.50,0.7426,0.359205,0.0132
DQN,42,105,9450,238680.00,0.7401,0.386464,0.0142
DQN,42,106,9540,274145.00,0.7376,0.397385,0.0132
DQN,42,107,9630,275807.50,0.7352,0.364626,0.0133
DQN,42,108,9720,247325.00,0.7327,0.372325,0.0130
DQN,42,109,9810,238530.00,0.7302,0.363177,0.0123
DQN,42,110,9900,259392.50,0.7278,0.365238,0.0129
DQN,42,111,9990,255250.00,0.7253,0.367531,0.0130
DQN,42,112,10080,252370.00,0.7228,0.381178,0.0149
DQN,42,113,10170,258587.50,0.7203,0.365023,0.0168
DQN,42,114,10260,270250.00,0.7179,0.359325,0.0196
DQN,42,115,10350,232645.00,0.7154,0.364025,0.0126
DQN,42,116,10440,260177.50,0.7129,0.359904,0.0133
DQN,42,117,10530,292890.00,0.7104,0.372569,0.0134
DQN,42,118,10620,288032.50,0.7080,0.348106,0.0134
DQN,42,119,10710,290217.50,0.7055,0.367046,0.0135
DQN,42,120,10800,253765.00,0.7030,0.354224,0.0141
DQN,42,121,10890,279100.00,0.7005,0.358656,0.0137
DQN,42,122,10980,277705.00,0.6981,0.351051,0.0153
DQN,42,123,11070,234900.00,0.6956,0.387319,0.0124
DQN,42,124,11160,252077.50,0.6931,0.372655,0.0128
DQN,42,125,11250,244035.00,0.6906,0.371510,0.0129
DQN,42,126,11340,274257.50,0.6882,0.370790,0.0129
DQN,42,127,11430,263177.50,0.6857,0.370464,0.0167
DQN,42,128,11520,270845.00,0.6832,0.386426,0.0123
DQN,42,129,11610,278992.50,0.6807,0.364936,0.0148
DQN,42,130,11700,255365.00,0.6783,0.359850,0.0140
DQN,42,131,11790,240100.00,0.6758,0.352916,0.0146
DQN,42,132,11880,244840.00,0.6733,0.349431,0.0141
DQN,42,133,11970,264612.50,0.6708,0.364678,0.0145
DQN,42,134,12060,252452.50,0.6683,0.355612,0.0167
DQN,42,135,12150,275910.00,0.6659,0.361146,0.0179
DQN,42,136,12240,294845.00,0.6634,0.345855,0.0156
DQN,42,137,12330,269937.50,0.6609,0.350513,0.0141
DQN,42,138,12420,248132.50,0.6584,0.356004,0.0128
DQN,42,139,12510,273267.50,0.6560,0.350629,0.0184
DQN,42,140,12600,259867.50,0.6535,0.357317,0.0123
DQN,42,141,12690,285770.00,0.6510,0.346408,0.0134
DQN,42,142,12780,276480.00,0.6485,0.357491,0.0144
DQN,42,143,12870,288417.50,0.6461,0.369160,0.0164
DQN,42,144,12960,267915.00,0.6436,0.361256,0.0125
DQN,42,145,13050,242150.00,0.6411,0.361409,0.0210
DQN,42,146,13140,265567.50,0.6386,0.329425,0.0152
DQN,42,147,13230,257247.50,0.6362,0.351708,0.0153
DQN,42,148,13320,214197.50,0.6337,0.353240,0.0164
DQN,42,149,13410,270805.00,0.6312,0.341905,0.0126
DQN,42,150,13500,274642.50,0.6288,0.356580,0.0128
DQN,42,151,13590,254035.00,0.6263,0.378352,0.0180
DQN,42,152,13680,250552.50,0.6238,0.348734,0.0136
DQN,42,153,13770,266765.00,0.6213,0.333784,0.0131
DQN,42,154,13860,293157.50,0.6189,0.355714,0.0126
DQN,42,155,13950,258382.50,0.6164,0.351500,0.0144
DQN,42,156,14040,263410.00,0.6139,0.346828,0.0127
DQN,42,157,14130,246870.00,0.6114,0.351612,0.0150
DQN,42,158,14220,277202.50,0.6089,0.340271,0.0144
DQN,42,159,14310,262727.50,0.6065,0.337661,0.0133
DQN,42,160,14400,278582.50,0.6040,0.350472,0.0134
DQN,42,161,14490,282227.50,0.6015,0.334215,0.0135
DQN,42,162,14580,271962.50,0.5990,0.383151,0.0136
DQN,42,163,14670,274872.50,0.5966,0.355184,0.0158
DQN,42,164,14760,291285.00,0.5941,0.353285,0.0125
DQN,42,165,14850,273265.00,0.5916,0.355830,0.0128
DQN,42,166,14940,276940.00,0.5892,0.358493,0.0129
DQN,42,167,15030,258792.50,0.5867,0.368855,0.0131
DQN,42,168,15120,274202.50,0.5842,0.350055,0.0139
DQN,42,169,15210,263325.00,0.5817,0.353452,0.0135
DQN,42,170,15300,261367.50,0.5793,0.338346,0.0126
DQN,42,171,15390,279392.50,0.5768,0.338840,0.0129
DQN,42,172,15480,258037.50,0.5743,0.361756,0.0151
DQN,42,173,15570,274792.50,0.5718,0.360207,0.0130
DQN,42,174,15660,247377.50,0.5694,0.349845,0.0144
DQN,42,175,15750,287247.50,0.5669,0.341386,0.0135
DQN,42,176,15840,280662.50,0.5644,0.356336,0.0125
DQN,42,177,15930,248355.00,0.5619,0.337891,0.0158
DQN,42,178,16020,286522.50,0.5595,0.351215,0.0201
DQN,42,179,16110,259770.00,0.5570,0.331303,0.0132
DQN,42,180,16200,276760.00,0.5545,0.338164,0.0127
DQN,42,181,16290,283337.50,0.5520,0.342006,0.0130
DQN,42,182,16380,283752.50,0.5495,0.324948,0.0131
DQN,42,183,16470,275612.50,0.5471,0.343461,0.0134
DQN,42,184,16560,281442.50,0.5446,0.319154,0.0135
DQN,42,185,16650,262115.00,0.5421,0.329742,0.0144
DQN,42,186,16740,248497.50,0.5396,0.328655,0.0142
DQN,42,187,16830,255400.00,0.5372,0.341277,0.0150
DQN,42,188,16920,278007.50,0.5347,0.349075,0.0127
DQN,42,189,17010,282445.00,0.5322,0.328927,0.0129
DQN,42,190,17100,262155.00,0.5297,0.321022,0.0131
DQN,42,191,17190,309210.00,0.5273,0.318092,0.0130
DQN,42,192,17280,254465.00,0.5248,0.321241,0.0131
DQN,42,193,17370,272550.00,0.5223,0.326882,0.0131
DQN,42,194,17460,266660.00,0.5199,0.331219,0.0132
DQN,42,195,17550,278612.50,0.5174,0.348332,0.0132
DQN,42,196,17640,286990.00,0.5149,0.339200,0.0131
DQN,42,197,17730,269797.50,0.5124,0.338099,0.0132
DQN,42,198,17820,259422.50,0.5100,0.342409,0.0191
DQN,42,199,17910,287862.50,0.5075,0.319622,0.0165
DQN,42,200,18000,271257.50,0.5050,0.329584,0.0128
DQN,42,201,18090,291907.50,0.5025,0.338590,0.0175
DQN,42,202,18180,285027.50,0.5000,0.348446,0.0154
DQN,42,203,18270,261095.00,0.4976,0.326324,0.0129
DQN,42,204,18360,267815.00,0.4951,0.323595,0.0130
DQN,42,205,18450,281717.50,0.4926,0.322100,0.0130
DQN,42,206,18540,261792.50,0.4901,0.327335,0.0130
DQN,42,207,18630,284507.50,0.4877,0.346945,0.0131
DQN,42,208,18720,273922.50,0.4852,0.318130,0.0130
DQN,42,209,18810,292135.00,0.4827,0.315776,0.0130
DQN,42,210,18900,294025.00,0.4802,0.313504,0.0133
DQN,42,211,18990,268410.00,0.4778,0.331598,0.0131
DQN,42,212,19080,274197.50,0.4753,0.331367,0.0133
DQN,42,213,19170,279490.00,0.4728,0.339575,0.0132
DQN,42,214,19260,264167.50,0.4703,0.331312,0.0131
DQN,42,215,19350,272402.50,0.4679,0.345418,0.0132
DQN,42,216,19440,276680.00,0.4654,0.338500,0.0133
DQN,42,217,19530,296087.50,0.4629,0.333701,0.0132
DQN,42,218,19620,284937.50,0.4604,0.342906,0.0133
DQN,42,219,19710,268475.00,0.4580,0.325256,0.0131
DQN,42,220,19800,262987.50,0.4555,0.338968,0.0131
DQN,42,221,19890,275065.00,0.4530,0.342217,0.0133
DQN,42,222,19980,267135.00,0.4506,0.339282,0.0132
DQN,42,223,20070,275587.50,0.4481,0.348760,0.0132
DQN,42,224,20160,287442.50,0.4456,0.336260,0.0132
DQN,42,225,20250,271447.50,0.4431,0.339079,0.0132
DQN,42,226,20340,270440.00,0.4407,0.337762,0.0132
DQN,42,227,20430,257910.00,0.4382,0.342246,0.0133
DQN,42,228,20520,283142.50,0.4357,0.330631,0.0133
DQN,42,229,20610,261210.00,0.4332,0.330462,0.0132
DQN,42,230,20700,262867.50,0.4308,0.321133,0.0132
DQN,42,231,20790,294540.00,0.4283,0.321431,0.0132
DQN,42,232,20880,272490.00,0.4258,0.333141,0.0133
DQN,42,233,20970,283330.00,0.4233,0.320519,0.0133
DQN,42,234,21060,267562.50,0.4209,0.321720,0.0132
DQN,42,235,21150,284992.50,0.4184,0.335449,0.0133
DQN,42,236,21240,266902.50,0.4159,0.341904,0.0133
DQN,42,237,21330,272962.50,0.4134,0.334426,0.0132
DQN,42,238,21420,271302.50,0.4110,0.335948,0.0132
DQN,42,239,21510,290347.50,0.4085,0.333903,0.0133
DQN,42,240,21600,278740.00,0.4060,0.312721,0.0132
DQN,42,241,21690,296437.50,0.4035,0.309706,0.0133
DQN,42,242,21780,268887.50,0.4011,0.320543,0.0132
DQN,42,243,21870,266982.50,0.3986,0.314922,0.0133
DQN,42,244,21960,268397.50,0.3961,0.319078,0.0132
DQN,42,245,22050,264860.00,0.3936,0.314166,0.0132
DQN,42,246,22140,267137.50,0.3911,0.318676,0.0132
DQN,42,247,22230,283502.50,0.3887,0.316265,0.0132
DQN,42,248,22320,256340.00,0.3862,0.320785,0.0132
DQN,42,249,22410,293612.50,0.3837,0.323884,0.0133
DQN,42,250,22500,269090.00,0.3812,0.322952,0.0133
DQN,42,251,22590,300522.50,0.3788,0.319457,0.0168
DQN,42,252,22680,271190.00,0.3763,0.299368,0.0130
DQN,42,253,22770,278052.50,0.3738,0.313387,0.0141
DQN,42,254,22860,278745.00,0.3713,0.315365,0.0148
DQN,42,255,22950,290847.50,0.3689,0.303393,0.0129
DQN,42,256,23040,274492.50,0.3664,0.299639,0.0131
DQN,42,257,23130,269992.50,0.3639,0.319421,0.0131
DQN,42,258,23220,289457.50,0.3614,0.309023,0.0132
DQN,42,259,23310,265772.50,0.3590,0.318496,0.0132
DQN,42,260,23400,293632.50,0.3565,0.320689,0.0133
DQN,42,261,23490,288655.00,0.3540,0.308690,0.0132
DQN,42,262,23580,270310.00,0.3516,0.310578,0.0134
DQN,42,263,23670,295545.00,0.3491,0.291899,0.0133
DQN,42,264,23760,300100.00,0.3466,0.309089,0.0132
DQN,42,265,23850,294755.00,0.3441,0.300060,0.0132
DQN,42,266,23940,274545.00,0.3417,0.297426,0.0133
DQN,42,267,24030,282845.00,0.3392,0.294818,0.0132
DQN,42,268,24120,289007.50,0.3367,0.295636,0.0133
DQN,42,269,24210,290947.50,0.3342,0.301363,0.0132
DQN,42,270,24300,280272.50,0.3317,0.310665,0.0133
DQN,42,271,24390,275460.00,0.3293,0.292693,0.0132
DQN,42,272,24480,301907.50,0.3268,0.309167,0.0133
DQN,42,273,24570,296312.50,0.3243,0.306260,0.0133
DQN,42,274,24660,293642.50,0.3218,0.303582,0.0133
DQN,42,275,24750,295992.50,0.3194,0.292076,0.0133
DQN,42,276,24840,293590.00,0.3169,0.302089,0.0132
DQN,42,277,24930,292197.50,0.3144,0.306167,0.0133
DQN,42,278,25020,279232.50,0.3120,0.295923,0.0132
DQN,42,279,25110,298607.50,0.3095,0.286771,0.0134
DQN,42,280,25200,269377.50,0.3070,0.285390,0.0134
DQN,42,281,25290,301045.00,0.3045,0.285230,0.0135
DQN,42,282,25380,281407.50,0.3021,0.286733,0.0134
DQN,42,283,25470,306745.00,0.2996,0.285251,0.0135
DQN,42,284,25560,277510.00,0.2971,0.301121,0.0142
DQN,42,285,25650,285030.00,0.2946,0.291288,0.0135
DQN,42,286,25740,287242.50,0.2922,0.303991,0.0132
DQN,42,287,25830,280125.00,0.2897,0.300240,0.0136
DQN,42,288,25920,289437.50,0.2872,0.286986,0.0135
DQN,42,289,26010,280100.00,0.2847,0.295952,0.0170
DQN,42,290,26100,289802.50,0.2823,0.295294,0.0136
DQN,42,291,26190,281207.50,0.2798,0.300860,0.0129
DQN,42,292,26280,302980.00,0.2773,0.297658,0.0134
DQN,42,293,26370,298250.00,0.2748,0.280235,0.0136
DQN,42,294,26460,292637.50,0.2723,0.300317,0.0137
DQN,42,295,26550,276810.00,0.2699,0.291206,0.0136
DQN,42,296,26640,285885.00,0.2674,0.281652,0.0153
DQN,42,297,26730,280857.50,0.2649,0.315750,0.0126
DQN,42,298,26820,285972.50,0.2624,0.291595,0.0131
DQN,42,299,26910,282807.50,0.2600,0.287130,0.0131
DQN,42,300,27000,295645.00,0.2575,0.293284,0.0131
DQN,42,301,27090,288597.50,0.2550,0.302653,0.0151
DQN,42,302,27180,282760.00,0.2526,0.297907,0.0139
DQN,42,303,27270,272307.50,0.2501,0.298926,0.0131
DQN,42,304,27360,292167.50,0.2476,0.298712,0.0133
DQN,42,305,27450,295485.00,0.2451,0.307735,0.0133
DQN,42,306,27540,291572.50,0.2427,0.290000,0.0133
DQN,42,307,27630,283145.00,0.2402,0.296849,0.0134
DQN,42,308,27720,270212.50,0.2377,0.295179,0.0133
DQN,42,309,27810,272267.50,0.2352,0.289967,0.0133
DQN,42,310,27900,298720.00,0.2328,0.295408,0.0135
DQN,42,311,27990,286452.50,0.2303,0.290053,0.0134
DQN,42,312,28080,288505.00,0.2278,0.310763,0.0134
DQN,42,313,28170,281972.50,0.2253,0.313184,0.0133
DQN,42,314,28260,298537.50,0.2228,0.311481,0.0134
DQN,42,315,28350,304220.00,0.2204,0.312249,0.0135
DQN,42,316,28440,297907.50,0.2179,0.308663,0.0134
DQN,42,317,28530,299200.00,0.2154,0.300131,0.0163
DQN,42,318,28620,272002.50,0.2129,0.292650,0.0126
DQN,42,319,28710,288542.50,0.2105,0.293349,0.0132
DQN,42,320,28800,287650.00,0.2080,0.292576,0.0135
DQN,42,321,28890,302495.00,0.2055,0.289947,0.0134
DQN,42,322,28980,295310.00,0.2030,0.293455,0.0136
DQN,42,323,29070,300725.00,0.2006,0.296267,0.0136
DQN,42,324,29160,288920.00,0.1981,0.305799,0.0137
DQN,42,325,29250,299635.00,0.1956,0.293316,0.0137
DQN,42,326,29340,278955.00,0.1932,0.309239,0.0138
DQN,42,327,29430,290375.00,0.1907,0.310855,0.0201
DQN,42,328,29520,279125.00,0.1882,0.291596,0.0148
DQN,42,329,29610,288450.00,0.1857,0.290669,0.0128
DQN,42,330,29700,279272.50,0.1833,0.291083,0.0131
DQN,42,331,29790,275110.00,0.1808,0.281985,0.0132
DQN,42,332,29880,283147.50,0.1783,0.299743,0.0132
DQN,42,333,29970,295425.00,0.1758,0.286111,0.0133
DQN,42,334,30060,286802.50,0.1734,0.294557,0.0132
DQN,42,335,30150,283780.00,0.1709,0.294474,0.0133
DQN,42,336,30240,281595.00,0.1684,0.294567,0.0133
DQN,42,337,30330,282925.00,0.1659,0.294024,0.0215
DQN,42,338,30420,297662.50,0.1634,0.292541,0.0130
DQN,42,339,30510,291137.50,0.1610,0.279840,0.0483
DQN,42,340,30600,276102.50,0.1585,0.279130,0.0320
DQN,42,341,30690,295297.50,0.1560,0.271812,0.0139
DQN,42,342,30780,288535.00,0.1536,0.270927,0.0128
DQN,42,343,30870,301775.00,0.1511,0.274335,0.0128
DQN,42,344,30960,302912.50,0.1486,0.270013,0.0130
DQN,42,345,31050,307707.50,0.1461,0.269944,0.0134
DQN,42,346,31140,285962.50,0.1437,0.289858,0.0170
DQN,42,347,31230,310047.50,0.1412,0.282492,0.0142
DQN,42,348,31320,293777.50,0.1387,0.287647,0.0124
DQN,42,349,31410,276845.00,0.1362,0.289894,0.0135
DQN,42,350,31500,298270.00,0.1338,0.271865,0.0193
DQN,42,351,31590,302297.50,0.1313,0.284305,0.0135
DQN,42,352,31680,307567.50,0.1288,0.287373,0.0154
DQN,42,353,31770,290900.00,0.1263,0.288212,0.0136
DQN,42,354,31860,295900.00,0.1239,0.287623,0.0156
DQN,42,355,31950,304622.50,0.1214,0.288485,0.0147
DQN,42,356,32040,290957.50,0.1189,0.287781,0.0132
DQN,42,357,32130,286080.00,0.1164,0.286518,0.0133
DQN,42,358,32220,291102.50,0.1139,0.295785,0.0132
DQN,42,359,32310,311837.50,0.1115,0.294511,0.0136
DQN,42,360,32400,308227.50,0.1090,0.283796,0.0136
DQN,42,361,32490,293580.00,0.1065,0.300983,0.0134
DQN,42,362,32580,295830.00,0.1040,0.307221,0.0135
DQN,42,363,32670,295947.50,0.1016,0.300135,0.0139
DQN,42,364,32760,295565.00,0.0991,0.301646,0.0148
DQN,42,365,32850,299292.50,0.0966,0.311698,0.0126
DQN,42,366,32940,286625.00,0.0941,0.294660,0.0127
DQN,42,367,33030,303300.00,0.0917,0.294065,0.0127
DQN,42,368,33120,290945.00,0.0892,0.298354,0.0144
DQN,42,369,33210,283580.00,0.0867,0.290428,0.0153
DQN,42,370,33300,292447.50,0.0842,0.284804,0.0129
DQN,42,371,33390,289272.50,0.0818,0.298612,0.0188
DQN,42,372,33480,281267.50,0.0793,0.288523,0.0164
DQN,42,373,33570,291147.50,0.0768,0.296936,0.0126
DQN,42,374,33660,297677.50,0.0743,0.288515,0.0151
DQN,42,375,33750,304325.00,0.0719,0.281809,0.0150
DQN,42,376,33840,290952.50,0.0694,0.286315,0.0126
DQN,42,377,33930,281157.50,0.0669,0.288383,0.0132
DQN,42,378,34020,286977.50,0.0645,0.287023,0.0132
DQN,42,379,34110,295340.00,0.0620,0.282225,0.0127
DQN,42,380,34200,294820.00,0.0595,0.274448,0.0136
DQN,42,381,34290,296580.00,0.0570,0.277980,0.0176
DQN,42,382,34380,296015.00,0.0546,0.280201,0.0145
DQN,42,383,34470,296767.50,0.0521,0.287052,0.0127
DQN,42,384,34560,300600.00,0.0496,0.304523,0.0129
DQN,42,385,34650,277610.00,0.0471,0.308292,0.0168
DQN,42,386,34740,291402.50,0.0447,0.299821,0.0188
DQN,42,387,34830,291395.00,0.0422,0.300355,0.0149
DQN,42,388,34920,301305.00,0.0397,0.301922,0.0204
DQN,42,389,35010,296330.00,0.0372,0.301561,0.0177
DQN,42,390,35100,289292.50,0.0348,0.312536,0.0124
DQN,42,391,35190,292357.50,0.0323,0.314041,0.0127
DQN,42,392,35280,296515.00,0.0298,0.317202,0.0135
DQN,42,393,35370,296827.50,0.0273,0.315935,0.0180
DQN,42,394,35460,297212.50,0.0249,0.323799,0.0178
DQN,42,395,35550,299337.50,0.0224,0.313920,0.0126
DQN,42,396,35640,288685.00,0.0199,0.302254,0.0127
DQN,42,397,35730,295867.50,0.0174,0.302705,0.0161
DQN,42,398,35820,288732.50,0.0150,0.309233,0.0130
DQN,42,399,35910,295932.50,0.0125,0.311647,0.0183
DQN,42,400,36000,289960.00,0.0100,0.311795,0.0129
DQN,42,401,36090,291212.50,0.0100,0.295118,0.0135
DQN,42,402,36180,295037.50,0.0100,0.306231,0.0126
DQN,42,403,36270,288080.00,0.0100,0.302121,0.0253
DQN,42,404,36360,297535.00,0.0100,0.292446,0.0146
DQN,42,405,36450,297017.50,0.0100,0.286962,0.0153
DQN,42,406,36540,291932.50,0.0100,0.294401,0.0141
DQN,42,407,36630,298195.00,0.0100,0.282838,0.0135
DQN,42,408,36720,292740.00,0.0100,0.288504,0.0125
DQN,42,409,36810,288737.50,0.0100,0.283404,0.0128
DQN,42,410,36900,293185.00,0.0100,0.282738,0.0175
DQN,42,411,36990,292832.50,0.0100,0.290803,0.0126
DQN,42,412,37080,290617.50,0.0100,0.280121,0.0132
DQN,42,413,37170,294080.00,0.0100,0.292919,0.0148
DQN,42,414,37260,293935.00,0.0100,0.290029,0.0125
DQN,42,415,37350,296437.50,0.0100,0.281301,0.0127
DQN,42,416,37440,288767.50,0.0100,0.291899,0.0147
DQN,42,417,37530,284302.50,0.0100,0.285042,0.0137
DQN,42,418,37620,298135.00,0.0100,0.270826,0.0130
DQN,42,419,37710,285630.00,0.0100,0.276012,0.0130
DQN,42,420,37800,292965.00,0.0100,0.258767,0.0133
DQN,42,421,37890,297897.50,0.0100,0.262553,0.0132
DQN,42,422,37980,288792.50,0.0100,0.268072,0.0150
DQN,42,423,38070,293002.50,0.0100,0.274673,0.0123
DQN,42,424,38160,299555.00,0.0100,0.275550,0.0126
DQN,42,425,38250,296127.50,0.0100,0.275254,0.0152
DQN,42,426,38340,290732.50,0.0100,0.271795,0.0138
DQN,42,427,38430,290545.00,0.0100,0.280484,0.0127
DQN,42,428,38520,307492.50,0.0100,0.272216,0.0126
DQN,42,429,38610,286135.00,0.0100,0.251925,0.0135
DQN,42,430,38700,303815.00,0.0100,0.259061,0.0153
DQN,42,431,38790,299975.00,0.0100,0.253905,0.0138
DQN,42,432,38880,286620.00,0.0100,0.258856,0.0138
DQN,42,433,38970,295280.00,0.0100,0.252763,0.0154
DQN,42,434,39060,292087.50,0.0100,0.250407,0.0141
DQN,42,435,39150,308375.00,0.0100,0.252524,0.0132
DQN,42,436,39240,314222.50,0.0100,0.249228,0.0132
DQN,42,437,39330,293747.50,0.0100,0.248208,0.0143
DQN,42,438,39420,289062.50,0.0100,0.249626,0.0155
DQN,42,439,39510,302122.50,0.0100,0.264184,0.0154
DQN,42,440,39600,303820.00,0.0100,0.271754,0.0136
DQN,42,441,39690,294040.00,0.0100,0.271931,0.0150
DQN,42,442,39780,307192.50,0.0100,0.266958,0.0128
DQN,42,443,39870,300620.00,0.0100,0.267512,0.0140
DQN,42,444,39960,302255.00,0.0100,0.268102,0.0131
DQN,42,445,40050,303815.00,0.0100,0.259108,0.0144
DQN,42,446,40140,305147.50,0.0100,0.258964,0.0136
DQN,42,447,40230,297910.00,0.0100,0.268188,0.0129
DQN,42,448,40320,287955.00,0.0100,0.277201,0.0131
DQN,42,449,40410,295607.50,0.0100,0.257935,0.0133
DQN,42,450,40500,291445.00,0.0100,0.259877,0.0133
DQN,42,451,40590,292482.50,0.0100,0.273401,0.0163
DQN,42,452,40680,291610.00,0.0100,0.267016,0.0152
DQN,42,453,40770,296285.00,0.0100,0.250980,0.0147
DQN,42,454,40860,300275.00,0.0100,0.264023,0.0134
DQN,42,455,40950,286540.00,0.0100,0.262889,0.0153
DQN,42,456,41040,298260.00,0.0100,0.280737,0.0123
DQN,42,457,41130,301550.00,0.0100,0.281072,0.0124
DQN,42,458,41220,304425.00,0.0100,0.265422,0.0137
DQN,42,459,41310,307215.00,0.0100,0.272592,0.0146
DQN,42,460,41400,286857.50,0.0100,0.263555,0.0138
DQN,42,461,41490,304645.00,0.0100,0.263539,0.0139
DQN,42,462,41580,287917.50,0.0100,0.267212,0.0126
DQN,42,463,41670,286810.00,0.0100,0.274119,0.0132
DQN,42,464,41760,301875.00,0.0100,0.272349,0.0144
DQN,42,465,41850,288340.00,0.0100,0.275643,0.0138
DQN,42,466,41940,283260.00,0.0100,0.283606,0.0139
DQN,42,467,42030,289755.00,0.0100,0.267100,0.0149
DQN,42,468,42120,304235.00,0.0100,0.254019,0.0136
DQN,42,469,42210,295732.50,0.0100,0.260343,0.0139
DQN,42,470,42300,277032.50,0.0100,0.264107,0.0135
DQN,42,471,42390,294347.50,0.0100,0.262966,0.0148
DQN,42,472,42480,287400.00,0.0100,0.252748,0.0152
DQN,42,473,42570,284582.50,0.0100,0.275207,0.0152
DQN,42,474,42660,286945.00,0.0100,0.258015,0.0129
DQN,42,475,42750,284262.50,0.0100,0.275489,0.0155
DQN,42,476,42840,297607.50,0.0100,0.275226,0.0132
DQN,42,477,42930,281242.50,0.0100,0.275772,0.0145
DQN,42,478,43020,285597.50,0.0100,0.258253,0.0124
DQN,42,479,43110,280387.50,0.0100,0.261969,0.0125
DQN,42,480,43200,293950.00,0.0100,0.258646,0.0128
DQN,42,481,43290,297780.00,0.0100,0.260084,0.0127
DQN,42,482,43380,286215.00,0.0100,0.260556,0.0127
DQN,42,483,43470,293950.00,0.0100,0.254259,0.0138
DQN,42,484,43560,289740.00,0.0100,0.251706,0.0151
DQN,42,485,43650,287970.00,0.0100,0.250548,0.0129
DQN,42,486,43740,290362.50,0.0100,0.247344,0.0142
DQN,42,487,43830,290010.00,0.0100,0.247018,0.0140
DQN,42,488,43920,303767.50,0.0100,0.249496,0.0126
DQN,42,489,44010,295345.00,0.0100,0.249201,0.0130
DQN,42,490,44100,266972.50,0.0100,0.253391,0.0132
DQN,42,491,44190,298430.00,0.0100,0.248526,0.0145
DQN,42,492,44280,286290.00,0.0100,0.250486,0.0129
DQN,42,493,44370,292392.50,0.0100,0.258782,0.0136
DQN,42,494,44460,296907.50,0.0100,0.251352,0.0137
DQN,42,495,44550,295045.00,0.0100,0.251417,0.0137
DQN,42,496,44640,288885.00,0.0100,0.254357,0.0139
DQN,42,497,44730,285102.50,0.0100,0.244824,0.0138
DQN,42,498,44820,291067.50,0.0100,0.250637,0.0141
DQN,42,499,44910,286682.50,0.0100,0.244327,0.0141
DQN,42,500,45000,303687.50,0.0100,0.250954,0.0154
DQN,123,1,90,233360.00,0.9975,0.000000,0.0004
DQN,123,2,180,234237.50,0.9950,0.000000,0.0015
DQN,123,3,270,231387.50,0.9926,0.000000,0.0012
DQN,123,4,360,211012.50,0.9901,0.000000,0.0010
DQN,123,5,450,233877.50,0.9876,0.000000,0.0012
DQN,123,6,540,265665.00,0.9851,4.551950,0.0064
DQN,123,7,630,194402.50,0.9827,3.642135,0.0155
DQN,123,8,720,211275.00,0.9802,2.218225,0.0151
DQN,123,9,810,216635.00,0.9777,1.982196,0.0145
DQN,123,10,900,230252.50,0.9752,1.952687,0.0139
DQN,123,11,990,181542.50,0.9728,1.834856,0.0133
DQN,123,12,1080,198215.00,0.9703,3.101875,0.0114
DQN,123,13,1170,230572.50,0.9678,1.536550,0.0117
DQN,123,14,1260,228887.50,0.9654,1.256935,0.0118
DQN,123,15,1350,198252.50,0.9629,1.026467,0.0173
DQN,123,16,1440,216247.50,0.9604,0.869575,0.0148
DQN,123,17,1530,221185.00,0.9579,1.749507,0.0132
DQN,123,18,1620,173037.50,0.9555,1.303274,0.0132
DQN,123,19,1710,231135.00,0.9530,0.922658,0.0150
DQN,123,20,1800,193235.00,0.9505,0.850370,0.0124
DQN,123,21,1890,128930.00,0.9480,0.800646,0.0130
DQN,123,22,1980,207185.00,0.9456,0.764267,0.0131
DQN,123,23,2070,219235.00,0.9431,1.881312,0.0132
DQN,123,24,2160,236220.00,0.9406,1.012464,0.0132
DQN,123,25,2250,181317.50,0.9381,0.898992,0.0202
DQN,123,26,2340,169187.50,0.9356,0.801027,0.0159
DQN,123,27,2430,232095.00,0.9332,0.761205,0.0127
DQN,123,28,2520,242485.00,0.9307,1.139991,0.0132
DQN,123,29,2610,199970.00,0.9282,1.081528,0.0133
DQN,123,30,2700,225357.50,0.9257,0.907731,0.0132
DQN,123,31,2790,244382.50,0.9233,0.811851,0.0132
DQN,123,32,2880,229095.00,0.9208,0.787850,0.0210
DQN,123,33,2970,185505.00,0.9183,0.780513,0.0177
DQN,123,34,3060,241232.50,0.9159,1.027001,0.0117
DQN,123,35,3150,260652.50,0.9134,0.756991,0.0149
DQN,123,36,3240,243495.00,0.9109,0.705905,0.0123
DQN,123,37,3330,200085.00,0.9084,0.673783,0.0130
DQN,123,38,3420,235137.50,0.9060,0.655223,0.0139
DQN,123,39,3510,200230.00,0.9035,0.740236,0.0140
DQN,123,40,3600,263070.00,0.9010,0.569305,0.0203
DQN,123,41,3690,238937.50,0.8985,0.467448,0.0153
DQN,123,42,3780,232700.00,0.8961,0.446152,0.0212
DQN,123,43,3870,228860.00,0.8936,0.438162,0.0133
DQN,123,44,3960,263827.50,0.8911,0.455581,0.0120
DQN,123,45,4050,275205.00,0.8886,0.563751,0.0159
DQN,123,46,4140,245902.50,0.8861,0.471651,0.0123
DQN,123,47,4230,227490.00,0.8837,0.457916,0.0130
DQN,123,48,4320,206077.50,0.8812,0.425392,0.0132
DQN,123,49,4410,256655.00,0.8787,0.420941,0.0132
DQN,123,50,4500,249575.00,0.8762,0.424225,0.0132
DQN,123,51,4590,244957.50,0.8738,0.430355,0.0223
DQN,123,52,4680,241215.00,0.8713,0.373431,0.0149
DQN,123,53,4770,249647.50,0.8688,0.372073,0.0134
DQN,123,54,4860,244662.50,0.8663,0.373025,0.0130
DQN,123,55,4950,235335.00,0.8639,0.354890,0.0154
DQN,123,56,5040,240937.50,0.8614,0.427079,0.0164
DQN,123,57,5130,239982.50,0.8589,0.393886,0.0125
DQN,123,58,5220,230657.50,0.8565,0.390633,0.0150
DQN,123,59,5310,232617.50,0.8540,0.366108,0.0143
DQN,123,60,5400,260692.50,0.8515,0.378952,0.0123
DQN,123,61,5490,206255.00,0.8490,0.373768,0.0149
DQN,123,62,5580,223107.50,0.8466,0.400068,0.0124
DQN,123,63,5670,226945.00,0.8441,0.375116,0.0130
DQN,123,64,5760,255117.50,0.8416,0.353819,0.0132
DQN,123,65,5850,277567.50,0.8391,0.364571,0.0132
DQN,123,66,5940,280460.00,0.8367,0.349933,0.0132
DQN,123,67,6030,270122.50,0.8342,0.397737,0.0132
DQN,123,68,6120,218067.50,0.8317,0.371170,0.0132
DQN,123,69,6210,241577.50,0.8292,0.356818,0.0133
DQN,123,70,6300,265217.50,0.8267,0.358304,0.0142
DQN,123,71,6390,274400.00,0.8243,0.369751,0.0137
DQN,123,72,6480,283235.00,0.8218,0.355187,0.0147
DQN,123,73,6570,253535.00,0.8193,0.376521,0.0136
DQN,123,74,6660,253957.50,0.8168,0.336758,0.0136
DQN,123,75,6750,236195.00,0.8144,0.346346,0.0157
DQN,123,76,6840,271792.50,0.8119,0.351450,0.0117
DQN,123,77,6930,264512.50,0.8094,0.354180,0.0119
DQN,123,78,7020,263777.50,0.8070,0.367031,0.0121
DQN,123,79,7110,234185.00,0.8045,0.329185,0.0124
DQN,123,80,7200,230417.50,0.8020,0.329656,0.0123
DQN,123,81,7290,261362.50,0.7995,0.343064,0.0154
DQN,123,82,7380,206552.50,0.7971,0.340296,0.0120
DQN,123,83,7470,266127.50,0.7946,0.338478,0.0122
DQN,123,84,7560,260327.50,0.7921,0.361712,0.0132
DQN,123,85,7650,271857.50,0.7896,0.345064,0.0122
DQN,123,86,7740,239632.50,0.7872,0.342711,0.0149
DQN,123,87,7830,236537.50,0.7847,0.336594,0.0121
DQN,123,88,7920,289827.50,0.7822,0.335306,0.0128
DQN,123,89,8010,275722.50,0.7797,0.356560,0.0133
DQN,123,90,8100,261237.50,0.7772,0.342154,0.0140
DQN,123,91,8190,219050.00,0.7748,0.338745,0.0147
DQN,123,92,8280,240937.50,0.7723,0.349432,0.0121
DQN,123,93,8370,248502.50,0.7698,0.340139,0.0124
DQN,123,94,8460,270297.50,0.7673,0.329419,0.0123
DQN,123,95,8550,277432.50,0.7649,0.377239,0.0124
DQN,123,96,8640,230800.00,0.7624,0.335423,0.0124
DQN,123,97,8730,249315.00,0.7599,0.348199,0.0123
DQN,123,98,8820,249872.50,0.7574,0.330292,0.0155
DQN,123,99,8910,233910.00,0.7550,0.335049,0.0118
DQN,123,100,9000,281185.00,0.7525,0.342476,0.0127
DQN,123,101,9090,230812.50,0.7500,0.363190,0.0180
DQN,123,102,9180,250697.50,0.7475,0.334108,0.0130
DQN,123,103,9270,245650.00,0.7451,0.335407,0.0130
DQN,123,104,9360,237152.50,0.7426,0.315584,0.0143
DQN,123,105,9450,244497.50,0.7401,0.330943,0.0132
DQN,123,106,9540,257100.00,0.7376,0.367437,0.0129
DQN,123,107,9630,246607.50,0.7352,0.325175,0.0129
DQN,123,108,9720,231930.00,0.7327,0.333878,0.0132
DQN,123,109,9810,262385.00,0.7302,0.333776,0.0133
DQN,123,110,9900,277662.50,0.7278,0.338862,0.0137
DQN,123,111,9990,249210.00,0.7253,0.334196,0.0145
DQN,123,112,10080,267125.00,0.7228,0.348136,0.0130
DQN,123,113,10170,279390.00,0.7203,0.334629,0.0123
DQN,123,114,10260,273680.00,0.7179,0.332900,0.0120
DQN,123,115,10350,280930.00,0.7154,0.310848,0.0123
DQN,123,116,10440,269527.50,0.7129,0.326225,0.0145
DQN,123,117,10530,261285.00,0.7104,0.349800,0.0143
DQN,123,118,10620,217277.50,0.7080,0.337273,0.0127
DQN,123,119,10710,269837.50,0.7055,0.328352,0.0129
DQN,123,120,10800,265007.50,0.7030,0.339144,0.0130
DQN,123,121,10890,249870.00,0.7005,0.326969,0.0148
DQN,123,122,10980,267055.00,0.6981,0.321388,0.0152
DQN,123,123,11070,234795.00,0.6956,0.342475,0.0124
DQN,123,124,11160,248765.00,0.6931,0.321452,0.0125
DQN,123,125,11250,259840.00,0.6906,0.340994,0.0124
DQN,123,126,11340,264302.50,0.6882,0.335112,0.0124
DQN,123,127,11430,237692.50,0.6857,0.332621,0.0125
DQN,123,128,11520,253192.50,0.6832,0.346436,0.0152
DQN,123,129,11610,278510.00,0.6807,0.331859,0.0124
DQN,123,130,11700,246447.50,0.6783,0.336557,0.0145
DQN,123,131,11790,248682.50,0.6758,0.330705,0.0140
DQN,123,132,11880,254877.50,0.6733,0.326299,0.0138
DQN,123,133,11970,224122.50,0.6708,0.323329,0.0148
DQN,123,134,12060,244262.50,0.6683,0.350691,0.0134
DQN,123,135,12150,253922.50,0.6659,0.332071,0.0133
DQN,123,136,12240,262470.00,0.6634,0.343547,0.0131
DQN,123,137,12330,269895.00,0.6609,0.333553,0.0134
DQN,123,138,12420,259827.50,0.6584,0.342006,0.0124
DQN,123,139,12510,262797.50,0.6560,0.355572,0.0131
DQN,123,140,12600,274830.00,0.6535,0.325622,0.0132
DQN,123,141,12690,260057.50,0.6510,0.325153,0.0129
DQN,123,142,12780,262062.50,0.6485,0.316310,0.0136
DQN,123,143,12870,285477.50,0.6461,0.311147,0.0125
DQN,123,144,12960,273070.00,0.6436,0.320286,0.0135
DQN,123,145,13050,273390.00,0.6411,0.338670,0.0132
DQN,123,146,13140,274332.50,0.6386,0.340007,0.0129
DQN,123,147,13230,245255.00,0.6362,0.336622,0.0139
DQN,123,148,13320,258450.00,0.6337,0.335039,0.0135
DQN,123,149,13410,267620.00,0.6312,0.340651,0.0147
DQN,123,150,13500,244015.00,0.6288,0.329805,0.0127
DQN,123,151,13590,243267.50,0.6263,0.337431,0.0168
DQN,123,152,13680,280210.00,0.6238,0.314375,0.0147
DQN,123,153,13770,264365.00,0.6213,0.325475,0.0131
DQN,123,154,13860,261925.00,0.6189,0.322487,0.0134
DQN,123,155,13950,262085.00,0.6164,0.323966,0.0236
DQN,123,156,14040,264417.50,0.6139,0.316279,0.0142
DQN,123,157,14130,257497.50,0.6114,0.322500,0.0164
DQN,123,158,14220,273705.00,0.6089,0.328357,0.0120
DQN,123,159,14310,269202.50,0.6065,0.331844,0.0125
DQN,123,160,14400,285825.00,0.6040,0.320057,0.0137
DQN,123,161,14490,246495.00,0.6015,0.307968,0.0121
DQN,123,162,14580,248092.50,0.5990,0.328988,0.0129
DQN,123,163,14670,241072.50,0.5966,0.318074,0.0123
DQN,123,164,14760,276207.50,0.5941,0.308839,0.0128
DQN,123,165,14850,286987.50,0.5916,0.311251,0.0128
DQN,123,166,14940,276662.50,0.5892,0.324852,0.0129
DQN,123,167,15030,264755.00,0.5867,0.320408,0.0130
DQN,123,168,15120,276762.50,0.5842,0.319707,0.0146
DQN,123,169,15210,240965.00,0.5817,0.317698,0.0129
DQN,123,170,15300,255877.50,0.5793,0.340134,0.0132
DQN,123,171,15390,267857.50,0.5768,0.309153,0.0136
DQN,123,172,15480,263690.00,0.5743,0.325852,0.0130
DQN,123,173,15570,253855.00,0.5718,0.317657,0.0143
DQN,123,174,15660,262410.00,0.5694,0.311865,0.0130
DQN,123,175,15750,250580.00,0.5669,0.328459,0.0130
DQN,123,176,15840,282680.00,0.5644,0.304547,0.0130
DQN,123,177,15930,242615.00,0.5619,0.308794,0.0130
DQN,123,178,16020,261420.00,0.5595,0.313122,0.0129
DQN,123,179,16110,264237.50,0.5570,0.318210,0.0145
DQN,123,180,16200,278300.00,0.5545,0.308830,0.0198
DQN,123,181,16290,279302.50,0.5520,0.320254,0.0159
DQN,123,182,16380,264102.50,0.5495,0.309562,0.0169
DQN,123,183,16470,262930.00,0.5471,0.291256,0.0193
DQN,123,184,16560,252347.50,0.5446,0.315753,0.0178
DQN,123,185,16650,257280.00,0.5421,0.319154,0.0184
DQN,123,186,16740,263195.00,0.5396,0.306962,0.0125
DQN,123,187,16830,287977.50,0.5372,0.301281,0.0128
DQN,123,188,16920,282290.00,0.5347,0.309294,0.0149
DQN,123,189,17010,283305.00,0.5322,0.312800,0.0195
DQN,123,190,17100,287705.00,0.5297,0.313585,0.0169
DQN,123,191,17190,274605.00,0.5273,0.319176,0.0126
DQN,123,192,17280,288085.00,0.5248,0.313212,0.0148
DQN,123,193,17370,282827.50,0.5223,0.319530,0.0164
DQN,123,194,17460,260730.00,0.5199,0.316795,0.0126
DQN,123,195,17550,272870.00,0.5174,0.329476,0.0128
DQN,123,196,17640,266050.00,0.5149,0.305071,0.0129
DQN,123,197,17730,260830.00,0.5124,0.314445,0.0129
DQN,123,198,17820,281760.00,0.5100,0.303103,0.0130
DQN,123,199,17910,278267.50,0.5075,0.313074,0.0152
DQN,123,200,18000,272262.50,0.5050,0.292066,0.0118
DQN,123,201,18090,263227.50,0.5025,0.311720,0.0173
DQN,123,202,18180,271997.50,0.5000,0.282358,0.0123
DQN,123,203,18270,286712.50,0.4976,0.290132,0.0139
DQN,123,204,18360,270902.50,0.4951,0.305261,0.0207
DQN,123,205,18450,257345.00,0.4926,0.299235,0.0152
DQN,123,206,18540,272727.50,0.4901,0.296186,0.0139
DQN,123,207,18630,272792.50,0.4877,0.306051,0.0136
DQN,123,208,18720,276995.00,0.4852,0.310361,0.0126
DQN,123,209,18810,254442.50,0.4827,0.298552,0.0126
DQN,123,210,18900,259997.50,0.4802,0.292928,0.0128
DQN,123,211,18990,287665.00,0.4778,0.310878,0.0129
DQN,123,212,19080,283660.00,0.4753,0.306696,0.0130
DQN,123,213,19170,264420.00,0.4728,0.301791,0.0130
DQN,123,214,19260,279192.50,0.4703,0.293154,0.0183
DQN,123,215,19350,272450.00,0.4679,0.292649,0.0167
DQN,123,216,19440,272827.50,0.4654,0.311411,0.0150
DQN,123,217,19530,279437.50,0.4629,0.293850,0.0131
DQN,123,218,19620,269792.50,0.4604,0.286668,0.0132
DQN,123,219,19710,276102.50,0.4580,0.296372,0.0151
DQN,123,220,19800,290790.00,0.4555,0.295303,0.0120
DQN,123,221,19890,289727.50,0.4530,0.297886,0.0121
DQN,123,222,19980,270970.00,0.4506,0.281892,0.0135
DQN,123,223,20070,265587.50,0.4481,0.285224,0.0128
DQN,123,224,20160,275937.50,0.4456,0.287597,0.0134
DQN,123,225,20250,275535.00,0.4431,0.299245,0.0137
DQN,123,226,20340,275782.50,0.4407,0.276104,0.0129
DQN,123,227,20430,269502.50,0.4382,0.281648,0.0147
DQN,123,228,20520,264047.50,0.4357,0.300743,0.0119
DQN,123,229,20610,272975.00,0.4332,0.286380,0.0128
DQN,123,230,20700,276807.50,0.4308,0.299656,0.0130
DQN,123,231,20790,242800.00,0.4283,0.277611,0.0132
DQN,123,232,20880,270890.00,0.4258,0.280540,0.0132
DQN,123,233,20970,289930.00,0.4233,0.285352,0.0133
DQN,123,234,21060,273697.50,0.4209,0.318532,0.0224
DQN,123,235,21150,301477.50,0.4184,0.309182,0.0132
DQN,123,236,21240,264075.00,0.4159,0.305205,0.0132
DQN,123,237,21330,265110.00,0.4134,0.291724,0.0150
DQN,123,238,21420,262612.50,0.4110,0.320862,0.0133
DQN,123,239,21510,280102.50,0.4085,0.306515,0.0136
DQN,123,240,21600,281952.50,0.4060,0.294502,0.0157
DQN,123,241,21690,266515.00,0.4035,0.296285,0.0168
DQN,123,242,21780,275917.50,0.4011,0.293759,0.0139
DQN,123,243,21870,263847.50,0.3986,0.286817,0.0128
DQN,123,244,21960,284505.00,0.3961,0.289694,0.0134
DQN,123,245,22050,270345.00,0.3936,0.284189,0.0147
DQN,123,246,22140,283715.00,0.3911,0.283184,0.0120
DQN,123,247,22230,295655.00,0.3887,0.278594,0.0122
DQN,123,248,22320,267862.50,0.3862,0.279032,0.0180
DQN,123,249,22410,276320.00,0.3837,0.284420,0.0123
DQN,123,250,22500,237390.00,0.3812,0.280771,0.0130
DQN,123,251,22590,285500.00,0.3788,0.278513,0.0159
DQN,123,252,22680,274235.00,0.3763,0.279977,0.0171
DQN,123,253,22770,300597.50,0.3738,0.267405,0.0150
DQN,123,254,22860,292727.50,0.3713,0.256759,0.0155
DQN,123,255,22950,293290.00,0.3689,0.268004,0.0128
DQN,123,256,23040,263545.00,0.3664,0.263602,0.0132
DQN,123,257,23130,273682.50,0.3639,0.267175,0.0133
DQN,123,258,23220,281492.50,0.3614,0.280499,0.0138
DQN,123,259,23310,278240.00,0.3590,0.273866,0.0204
DQN,123,260,23400,295312.50,0.3565,0.269552,0.0147
DQN,123,261,23490,267880.00,0.3540,0.265548,0.0185
DQN,123,262,23580,288907.50,0.3516,0.276584,0.0122
DQN,123,263,23670,275665.00,0.3491,0.266173,0.0136
DQN,123,264,23760,257702.50,0.3466,0.263297,0.0121
DQN,123,265,23850,285670.00,0.3441,0.265397,0.0131
DQN,123,266,23940,287167.50,0.3417,0.277044,0.0144
DQN,123,267,24030,280257.50,0.3392,0.270668,0.0124
DQN,123,268,24120,312555.00,0.3367,0.282628,0.0132
DQN,123,269,24210,279015.00,0.3342,0.272031,0.0146
DQN,123,270,24300,295707.50,0.3317,0.273685,0.0128
DQN,123,271,24390,253067.50,0.3293,0.264467,0.0123
DQN,123,272,24480,270770.00,0.3268,0.291242,0.0125
DQN,123,273,24570,273845.00,0.3243,0.279293,0.0126
DQN,123,274,24660,277967.50,0.3218,0.273828,0.0128
DQN,123,275,24750,268075.00,0.3194,0.260632,0.0128
DQN,123,276,24840,276357.50,0.3169,0.270395,0.0126
DQN,123,277,24930,267802.50,0.3144,0.267859,0.0126
DQN,123,278,25020,276282.50,0.3120,0.272973,0.0127
DQN,123,279,25110,301170.00,0.3095,0.271088,0.0127
DQN,123,280,25200,278187.50,0.3070,0.270041,0.0126
DQN,123,281,25290,269492.50,0.3045,0.249634,0.0126
DQN,123,282,25380,283095.00,0.3021,0.262586,0.0126
DQN,123,283,25470,277330.00,0.2996,0.264747,0.0126
DQN,123,284,25560,291810.00,0.2971,0.249462,0.0127
DQN,123,285,25650,273570.00,0.2946,0.262801,0.0126
DQN,123,286,25740,283632.50,0.2922,0.249258,0.0127
DQN,123,287,25830,274492.50,0.2897,0.257121,0.0127
DQN,123,288,25920,276015.00,0.2872,0.260737,0.0126
DQN,123,289,26010,274657.50,0.2847,0.254046,0.0128
DQN,123,290,26100,282437.50,0.2823,0.270574,0.0127
DQN,123,291,26190,291000.00,0.2798,0.284538,0.0127
DQN,123,292,26280,281105.00,0.2773,0.266305,0.0128
DQN,123,293,26370,278932.50,0.2748,0.284047,0.0127
DQN,123,294,26460,290367.50,0.2723,0.269535,0.0127
DQN,123,295,26550,269485.00,0.2699,0.262027,0.0127
DQN,123,296,26640,280895.00,0.2674,0.260715,0.0127
DQN,123,297,26730,267032.50,0.2649,0.264275,0.0127
DQN,123,298,26820,292550.00,0.2624,0.256218,0.0127
DQN,123,299,26910,281895.00,0.2600,0.263279,0.0127
DQN,123,300,27000,264352.50,0.2575,0.254974,0.0127
DQN,123,301,27090,287845.00,0.2550,0.248705,0.0181
DQN,123,302,27180,287110.00,0.2526,0.252103,0.0134
DQN,123,303,27270,292590.00,0.2501,0.250765,0.0131
DQN,123,304,27360,284547.50,0.2476,0.237501,0.0134
DQN,123,305,27450,278682.50,0.2451,0.251017,0.0135
DQN,123,306,27540,273502.50,0.2427,0.275103,0.0134
DQN,123,307,27630,299205.00,0.2402,0.284910,0.0136
DQN,123,308,27720,277955.00,0.2377,0.271788,0.0136
DQN,123,309,27810,284402.50,0.2352,0.279994,0.0136
DQN,123,310,27900,289455.00,0.2328,0.264094,0.0137
DQN,123,311,27990,285885.00,0.2303,0.274998,0.0136
DQN,123,312,28080,271790.00,0.2278,0.266671,0.0136
DQN,123,313,28170,292790.00,0.2253,0.273322,0.0136
DQN,123,314,28260,290212.50,0.2228,0.271069,0.0136
DQN,123,315,28350,264620.00,0.2204,0.270537,0.0137
DQN,123,316,28440,269595.00,0.2179,0.271597,0.0136
DQN,123,317,28530,268687.50,0.2154,0.273883,0.0137
DQN,123,318,28620,272295.00,0.2129,0.267392,0.0137
DQN,123,319,28710,295252.50,0.2105,0.255606,0.0136
DQN,123,320,28800,282635.00,0.2080,0.254341,0.0136
DQN,123,321,28890,274307.50,0.2055,0.258805,0.0137
DQN,123,322,28980,293190.00,0.2030,0.259463,0.0137
DQN,123,323,29070,281632.50,0.2006,0.257003,0.0138
DQN,123,324,29160,287497.50,0.1981,0.249224,0.0137
DQN,123,325,29250,290160.00,0.1956,0.237050,0.0137
DQN,123,326,29340,305067.50,0.1932,0.238699,0.0137
DQN,123,327,29430,289782.50,0.1907,0.231488,0.0137
DQN,123,328,29520,284597.50,0.1882,0.249050,0.0138
DQN,123,329,29610,286695.00,0.1857,0.243808,0.0137
DQN,123,330,29700,287515.00,0.1833,0.248333,0.0138
DQN,123,331,29790,282287.50,0.1808,0.240125,0.0137
DQN,123,332,29880,295052.50,0.1783,0.248135,0.0137
DQN,123,333,29970,294572.50,0.1758,0.232869,0.0137
DQN,123,334,30060,298397.50,0.1734,0.241084,0.0137
DQN,123,335,30150,286117.50,0.1709,0.244392,0.0138
DQN,123,336,30240,298912.50,0.1684,0.250576,0.0137
DQN,123,337,30330,299605.00,0.1659,0.254265,0.0155
DQN,123,338,30420,288357.50,0.1634,0.248971,0.0123
DQN,123,339,30510,285565.00,0.1610,0.244918,0.0127
DQN,123,340,30600,301937.50,0.1585,0.253456,0.0129
DQN,123,341,30690,291242.50,0.1560,0.252525,0.0130
DQN,123,342,30780,302530.00,0.1536,0.258195,0.0129
DQN,123,343,30870,294492.50,0.1511,0.246678,0.0131
DQN,123,344,30960,285165.00,0.1486,0.257975,0.0130
DQN,123,345,31050,285727.50,0.1461,0.241289,0.0131
DQN,123,346,31140,283925.00,0.1437,0.255153,0.0131
DQN,123,347,31230,291507.50,0.1412,0.249264,0.0131
DQN,123,348,31320,283315.00,0.1387,0.245348,0.0131
DQN,123,349,31410,269825.00,0.1362,0.246645,0.0131
DQN,123,350,31500,276317.50,0.1338,0.249339,0.0130
DQN,123,351,31590,298235.00,0.1313,0.238630,0.0139
DQN,123,352,31680,285825.00,0.1288,0.233631,0.0134
DQN,123,353,31770,294625.00,0.1263,0.233885,0.0133
DQN,123,354,31860,289612.50,0.1239,0.232183,0.0132
DQN,123,355,31950,279875.00,0.1214,0.238648,0.0132
DQN,123,356,32040,279077.50,0.1189,0.228480,0.0131
DQN,123,357,32130,293802.50,0.1164,0.244596,0.0132
DQN,123,358,32220,290230.00,0.1139,0.231131,0.0132
DQN,123,359,32310,291947.50,0.1115,0.240621,0.0132
DQN,123,360,32400,289807.50,0.1090,0.234474,0.0131
DQN,123,361,32490,294590.00,0.1065,0.244485,0.0132
DQN,123,362,32580,297510.00,0.1040,0.224470,0.0192
DQN,123,363,32670,298225.00,0.1016,0.231736,0.0152
DQN,123,364,32760,285350.00,0.0991,0.224658,0.0129
DQN,123,365,32850,292440.00,0.0966,0.218742,0.0131
DQN,123,366,32940,294870.00,0.0941,0.230347,0.0133
DQN,123,367,33030,290995.00,0.0917,0.223214,0.0132
DQN,123,368,33120,293917.50,0.0892,0.246599,0.0132
DQN,123,369,33210,283840.00,0.0867,0.239704,0.0132
DQN,123,370,33300,299592.50,0.0842,0.234826,0.0133
DQN,123,371,33390,305402.50,0.0818,0.249558,0.0133
DQN,123,372,33480,293657.50,0.0793,0.231832,0.0132
DQN,123,373,33570,297350.00,0.0768,0.230078,0.0132
DQN,123,374,33660,292332.50,0.0743,0.223866,0.0132
DQN,123,375,33750,277290.00,0.0719,0.227798,0.0133
DQN,123,376,33840,288440.00,0.0694,0.229560,0.0132
DQN,123,377,33930,281385.00,0.0669,0.223290,0.0133
DQN,123,378,34020,298885.00,0.0645,0.222661,0.0132
DQN,123,379,34110,287690.00,0.0620,0.231481,0.0133
DQN,123,380,34200,285977.50,0.0595,0.236471,0.0132
DQN,123,381,34290,298237.50,0.0570,0.238976,0.0132
DQN,123,382,34380,289795.00,0.0546,0.246355,0.0134
DQN,123,383,34470,280890.00,0.0521,0.238089,0.0133
DQN,123,384,34560,294120.00,0.0496,0.248514,0.0133
DQN,123,385,34650,291622.50,0.0471,0.234956,0.0133
DQN,123,386,34740,286030.00,0.0447,0.244760,0.0132
DQN,123,387,34830,287887.50,0.0422,0.237535,0.0132
DQN,123,388,34920,282570.00,0.0397,0.244480,0.0132
DQN,123,389,35010,285732.50,0.0372,0.246254,0.0133
DQN,123,390,35100,290482.50,0.0348,0.220434,0.0132
DQN,123,391,35190,291690.00,0.0323,0.227717,0.0132
DQN,123,392,35280,293092.50,0.0298,0.224517,0.0132
DQN,123,393,35370,292375.00,0.0273,0.225336,0.0132
DQN,123,394,35460,280737.50,0.0249,0.225518,0.0133
DQN,123,395,35550,286470.00,0.0224,0.212648,0.0132
DQN,123,396,35640,296807.50,0.0199,0.213369,0.0133
DQN,123,397,35730,311962.50,0.0174,0.212043,0.0132
DQN,123,398,35820,285230.00,0.0150,0.225044,0.0133
DQN,123,399,35910,299085.00,0.0125,0.210552,0.0133
DQN,123,400,36000,288360.00,0.0100,0.207159,0.0133
DQN,123,401,36090,296142.50,0.0100,0.205566,0.0136
DQN,123,402,36180,296810.00,0.0100,0.212379,0.0142
DQN,123,403,36270,296360.00,0.0100,0.204284,0.0153
DQN,123,404,36360,295707.50,0.0100,0.210012,0.0133
DQN,123,405,36450,294335.00,0.0100,0.216608,0.0133
DQN,123,406,36540,286285.00,0.0100,0.207163,0.0133
DQN,123,407,36630,296615.00,0.0100,0.221308,0.0133
DQN,123,408,36720,281240.00,0.0100,0.215894,0.0132
DQN,123,409,36810,293680.00,0.0100,0.211385,0.0133
DQN,123,410,36900,293622.50,0.0100,0.220048,0.0162
DQN,123,411,36990,293620.00,0.0100,0.206043,0.0129
DQN,123,412,37080,305115.00,0.0100,0.218932,0.0130
DQN,123,413,37170,297405.00,0.0100,0.216421,0.0139
DQN,123,414,37260,301592.50,0.0100,0.221953,0.0121
DQN,123,415,37350,292820.00,0.0100,0.206995,0.0122
DQN,123,416,37440,302735.00,0.0100,0.211100,0.0124
DQN,123,417,37530,293370.00,0.0100,0.204435,0.0126
DQN,123,418,37620,302250.00,0.0100,0.210111,0.0126
DQN,123,419,37710,279155.00,0.0100,0.226343,0.0126
DQN,123,420,37800,303177.50,0.0100,0.218185,0.0127
DQN,123,421,37890,305260.00,0.0100,0.225447,0.0127
DQN,123,422,37980,283320.00,0.0100,0.222952,0.0127
DQN,123,423,38070,288352.50,0.0100,0.223253,0.0128
DQN,123,424,38160,278432.50,0.0100,0.226354,0.0127
DQN,123,425,38250,285002.50,0.0100,0.221959,0.0128
DQN,123,426,38340,291845.00,0.0100,0.223742,0.0129
DQN,123,427,38430,287290.00,0.0100,0.222572,0.0128
DQN,123,428,38520,296150.00,0.0100,0.212578,0.0128
DQN,123,429,38610,287462.50,0.0100,0.223633,0.0127
DQN,123,430,38700,288755.00,0.0100,0.209768,0.0127
DQN,123,431,38790,301702.50,0.0100,0.225538,0.0128
DQN,123,432,38880,287417.50,0.0100,0.221153,0.0127
DQN,123,433,38970,286167.50,0.0100,0.216551,0.0128
DQN,123,434,39060,295677.50,0.0100,0.222683,0.0127
DQN,123,435,39150,280815.00,0.0100,0.223809,0.0127
DQN,123,436,39240,298585.00,0.0100,0.226186,0.0128
DQN,123,437,39330,282390.00,0.0100,0.218660,0.0127
DQN,123,438,39420,307980.00,0.0100,0.228141,0.0128
DQN,123,439,39510,288950.00,0.0100,0.223708,0.0128
DQN,123,440,39600,288835.00,0.0100,0.217281,0.0128
DQN,123,441,39690,300430.00,0.0100,0.230374,0.0128
DQN,123,442,39780,274245.00,0.0100,0.227851,0.0127
DQN,123,443,39870,283082.50,0.0100,0.228361,0.0128
DQN,123,444,39960,290847.50,0.0100,0.227314,0.0128
DQN,123,445,40050,287842.50,0.0100,0.221051,0.0128
DQN,123,446,40140,287272.50,0.0100,0.201108,0.0128
DQN,123,447,40230,293665.00,0.0100,0.202789,0.0128
DQN,123,448,40320,308192.50,0.0100,0.193789,0.0128
DQN,123,449,40410,296300.00,0.0100,0.203267,0.0127
DQN,123,450,40500,298290.00,0.0100,0.203769,0.0128
DQN,123,451,40590,291340.00,0.0100,0.205703,0.0171
DQN,123,452,40680,284182.50,0.0100,0.215505,0.0127
DQN,123,453,40770,284182.50,0.0100,0.218780,0.0129
DQN,123,454,40860,295577.50,0.0100,0.203848,0.0130
DQN,123,455,40950,303415.00,0.0100,0.207684,0.0130
DQN,123,456,41040,296880.00,0.0100,0.215534,0.0131
DQN,123,457,41130,286510.00,0.0100,0.224200,0.0132
DQN,123,458,41220,286795.00,0.0100,0.217266,0.0131
DQN,123,459,41310,299880.00,0.0100,0.212503,0.0210
DQN,123,460,41400,287840.00,0.0100,0.213212,0.0183
DQN,123,461,41490,293852.50,0.0100,0.214297,0.0654
DQN,123,462,41580,290337.50,0.0100,0.219414,0.0125
DQN,123,463,41670,286830.00,0.0100,0.216188,0.0137
DQN,123,464,41760,299697.50,0.0100,0.209908,0.0120
DQN,123,465,41850,288412.50,0.0100,0.205013,0.0122
DQN,123,466,41940,295607.50,0.0100,0.208783,0.0125
DQN,123,467,42030,303957.50,0.0100,0.211666,0.0125
DQN,123,468,42120,291192.50,0.0100,0.222129,0.0137
DQN,123,469,42210,286382.50,0.0100,0.218396,0.0141
DQN,123,470,42300,296915.00,0.0100,0.215606,0.0127
DQN,123,471,42390,287012.50,0.0100,0.224905,0.0139
DQN,123,472,42480,288480.00,0.0100,0.221379,0.0138
DQN,123,473,42570,286107.50,0.0100,0.224212,0.0127
DQN,123,474,42660,287075.00,0.0100,0.219101,0.0186
DQN,123,475,42750,297767.50,0.0100,0.220162,0.0172
DQN,123,476,42840,297020.00,0.0100,0.215713,0.0128
DQN,123,477,42930,296337.50,0.0100,0.214219,0.0135
DQN,123,478,43020,279822.50,0.0100,0.218960,0.0136
DQN,123,479,43110,290445.00,0.0100,0.202664,0.0153
DQN,123,480,43200,286857.50,0.0100,0.205451,0.0123
DQN,123,481,43290,290957.50,0.0100,0.206177,0.0127
DQN,123,482,43380,281675.00,0.0100,0.207765,0.0145
DQN,123,483,43470,309230.00,0.0100,0.200754,0.0123
DQN,123,484,43560,290007.50,0.0100,0.213596,0.0124
DQN,123,485,43650,291292.50,0.0100,0.229303,0.0133
DQN,123,486,43740,288642.50,0.0100,0.224485,0.0123
DQN,123,487,43830,289290.00,0.0100,0.226224,0.0129
DQN,123,488,43920,290347.50,0.0100,0.229804,0.0131
DQN,123,489,44010,286627.50,0.0100,0.216771,0.0123
DQN,123,490,44100,287420.00,0.0100,0.211841,0.0133
DQN,123,491,44190,292585.00,0.0100,0.214427,0.0125
DQN,123,492,44280,283647.50,0.0100,0.214249,0.0136
DQN,123,493,44370,294970.00,0.0100,0.214807,0.0149
DQN,123,494,44460,295992.50,0.0100,0.216140,0.0139
DQN,123,495,44550,291315.00,0.0100,0.211958,0.0149
DQN,123,496,44640,288647.50,0.0100,0.220190,0.0132
DQN,123,497,44730,275585.00,0.0100,0.215963,0.0173
DQN,123,498,44820,287900.00,0.0100,0.219057,0.0142
DQN,123,499,44910,294132.50,0.0100,0.215574,0.0132
DQN,123,500,45000,279837.50,0.0100,0.221880,0.0143
DQN,456,1,90,216032.50,0.9975,0.000000,0.0004
DQN,456,2,180,245147.50,0.9950,0.000000,0.0004
DQN,456,3,270,274485.00,0.9926,0.000000,0.0004
DQN,456,4,360,213312.50,0.9901,0.000000,0.0005
DQN,456,5,450,210587.50,0.9876,0.000000,0.0005
DQN,456,6,540,233765.00,0.9851,4.243418,0.0079
DQN,456,7,630,154780.00,0.9827,3.218711,0.0118
DQN,456,8,720,210855.00,0.9802,1.978080,0.0148
DQN,456,9,810,245360.00,0.9777,1.832319,0.0127
DQN,456,10,900,167947.50,0.9752,1.751006,0.0137
DQN,456,11,990,228460.00,0.9728,1.702909,0.0139
DQN,456,12,1080,185720.00,0.9703,2.859900,0.0117
DQN,456,13,1170,173960.00,0.9678,1.444642,0.0122
DQN,456,14,1260,255480.00,0.9654,1.443693,0.0123
DQN,456,15,1350,195140.00,0.9629,1.428206,0.0125
DQN,456,16,1440,257490.00,0.9604,1.350877,0.0126
DQN,456,17,1530,212227.50,0.9579,1.984248,0.0142
DQN,456,18,1620,213140.00,0.9555,1.292725,0.0123
DQN,456,19,1710,191080.00,0.9530,1.167221,0.0154
DQN,456,20,1800,209697.50,0.9505,1.145689,0.0117
DQN,456,21,1890,196622.50,0.9480,1.029995,0.0118
DQN,456,22,1980,220190.00,0.9456,0.977390,0.0122
DQN,456,23,2070,197390.00,0.9431,1.571502,0.0136
DQN,456,24,2160,228725.00,0.9406,0.982206,0.0170
DQN,456,25,2250,178640.00,0.9381,0.863709,0.0131
DQN,456,26,2340,198177.50,0.9356,0.833434,0.0158
DQN,456,27,2430,186672.50,0.9332,0.816008,0.0122
DQN,456,28,2520,205470.00,0.9307,1.219479,0.0121
DQN,456,29,2610,234465.00,0.9282,1.039930,0.0132
DQN,456,30,2700,187080.00,0.9257,0.922157,0.0140
DQN,456,31,2790,244775.00,0.9233,0.848952,0.0120
DQN,456,32,2880,160250.00,0.9208,0.820325,0.0129
DQN,456,33,2970,177747.50,0.9183,0.776750,0.0139
DQN,456,34,3060,202040.00,0.9159,1.200288,0.0118
DQN,456,35,3150,183905.00,0.9134,0.897302,0.0127
DQN,456,36,3240,165972.50,0.9109,0.853555,0.0135
DQN,456,37,3330,232757.50,0.9084,0.785087,0.0131
DQN,456,38,3420,176600.00,0.9060,0.786381,0.0131
DQN,456,39,3510,170637.50,0.9035,0.961841,0.0132
DQN,456,40,3600,204092.50,0.9010,1.014065,0.0132
DQN,456,41,3690,287327.50,0.8985,0.837446,0.0132
DQN,456,42,3780,225070.00,0.8961,0.779813,0.0133
DQN,456,43,3870,246240.00,0.8936,0.756938,0.0132
DQN,456,44,3960,213385.00,0.8911,0.751864,0.0152
DQN,456,45,4050,216430.00,0.8886,0.974905,0.0118
DQN,456,46,4140,234790.00,0.8861,0.798159,0.0124
DQN,456,47,4230,253290.00,0.8837,0.775437,0.0136
DQN,456,48,4320,223872.50,0.8812,0.732541,0.0141
DQN,456,49,4410,252382.50,0.8787,0.732718,0.0139
DQN,456,50,4500,240265.00,0.8762,0.668859,0.0134
DQN,456,51,4590,242085.00,0.8738,0.687203,0.0181
DQN,456,52,4680,256057.50,0.8713,0.544336,0.0122
DQN,456,53,4770,241500.00,0.8688,0.523738,0.0129
DQN,456,54,4860,243845.00,0.8663,0.518447,0.0125
DQN,456,55,4950,221342.50,0.8639,0.505999,0.0184
DQN,456,56,5040,256160.00,0.8614,0.566302,0.0148
DQN,456,57,5130,258570.00,0.8589,0.468246,0.0134
DQN,456,58,5220,263127.50,0.8565,0.445119,0.0139
DQN,456,59,5310,236657.50,0.8540,0.433745,0.0126
DQN,456,60,5400,235950.00,0.8515,0.437795,0.0129
DQN,456,61,5490,247242.50,0.8490,0.443008,0.0130
DQN,456,62,5580,248182.50,0.8466,0.480860,0.0126
DQN,456,63,5670,249580.00,0.8441,0.420004,0.0126
DQN,456,64,5760,235490.00,0.8416,0.410915,0.0130
DQN,456,65,5850,275755.00,0.8391,0.430309,0.0131
DQN,456,66,5940,287945.00,0.8367,0.421473,0.0211
DQN,456,67,6030,237505.00,0.8342,0.468743,0.0126
DQN,456,68,6120,235510.00,0.8317,0.425600,0.0123
DQN,456,69,6210,243455.00,0.8292,0.421456,0.0131
DQN,456,70,6300,272510.00,0.8267,0.400841,0.0132
DQN,456,71,6390,242260.00,0.8243,0.410695,0.0129
DQN,456,72,6480,232700.00,0.8218,0.406370,0.0122
DQN,456,73,6570,252862.50,0.8193,0.443990,0.0124
DQN,456,74,6660,220962.50,0.8168,0.423343,0.0123
DQN,456,75,6750,255092.50,0.8144,0.427956,0.0130
DQN,456,76,6840,272017.50,0.8119,0.407634,0.0146
DQN,456,77,6930,234712.50,0.8094,0.415703,0.0130
DQN,456,78,7020,256400.00,0.8070,0.441744,0.0137
DQN,456,79,7110,252302.50,0.8045,0.427189,0.0122
DQN,456,80,7200,285067.50,0.8020,0.429595,0.0134
DQN,456,81,7290,245192.50,0.7995,0.416593,0.0138
DQN,456,82,7380,235215.00,0.7971,0.411591,0.0128
DQN,456,83,7470,240075.00,0.7946,0.402427,0.0122
DQN,456,84,7560,227762.50,0.7921,0.430234,0.0123
DQN,456,85,7650,214132.50,0.7896,0.432379,0.0126
DQN,456,86,7740,286020.00,0.7872,0.437175,0.0125
DQN,456,87,7830,237017.50,0.7847,0.431715,0.0124
DQN,456,88,7920,227880.00,0.7822,0.413596,0.0146
DQN,456,89,8010,268957.50,0.7797,0.428837,0.0123
DQN,456,90,8100,234075.00,0.7772,0.441658,0.0127
DQN,456,91,8190,241252.50,0.7748,0.437249,0.0128
DQN,456,92,8280,239242.50,0.7723,0.448042,0.0129
DQN,456,93,8370,211190.00,0.7698,0.437955,0.0152
DQN,456,94,8460,221817.50,0.7673,0.420124,0.0140
DQN,456,95,8550,266847.50,0.7649,0.449381,0.0139
DQN,456,96,8640,213965.00,0.7624,0.403117,0.0121
DQN,456,97,8730,262182.50,0.7599,0.421136,0.0128
DQN,456,98,8820,244777.50,0.7574,0.432920,0.0120
DQN,456,99,8910,262902.50,0.7550,0.405746,0.0125
DQN,456,100,9000,256627.50,0.7525,0.407396,0.0125
DQN,456,101,9090,260535.00,0.7500,0.442655,0.0164
DQN,456,102,9180,247112.50,0.7475,0.424301,0.0156
DQN,456,103,9270,255202.50,0.7451,0.410112,0.0133
DQN,456,104,9360,258580.00,0.7426,0.417401,0.0123
DQN,456,105,9450,231200.00,0.7401,0.414011,0.0129
DQN,456,106,9540,263025.00,0.7376,0.431741,0.0137
DQN,456,107,9630,286040.00,0.7352,0.391510,0.0144
DQN,456,108,9720,250932.50,0.7327,0.381288,0.0147
DQN,456,109,9810,251330.00,0.7302,0.387494,0.0121
DQN,456,110,9900,290175.00,0.7278,0.396685,0.0126
DQN,456,111,9990,277742.50,0.7253,0.381487,0.0134
DQN,456,112,10080,270142.50,0.7228,0.385362,0.0121
DQN,456,113,10170,301735.00,0.7203,0.381335,0.0124
DQN,456,114,10260,261660.00,0.7179,0.378720,0.0124
DQN,456,115,10350,258687.50,0.7154,0.386122,0.0126
DQN,456,116,10440,225867.50,0.7129,0.375535,0.0139
DQN,456,117,10530,262997.50,0.7104,0.386390,0.0125
DQN,456,118,10620,256545.00,0.7080,0.366028,0.0133
DQN,456,119,10710,237992.50,0.7055,0.363462,0.0146
DQN,456,120,10800,248340.00,0.7030,0.359447,0.0142
DQN,456,121,10890,284075.00,0.7005,0.370240,0.0126
DQN,456,122,10980,255550.00,0.6981,0.367381,0.0132
DQN,456,123,11070,278142.50,0.6956,0.383380,0.0119
DQN,456,124,11160,274070.00,0.6931,0.371947,0.0138
DQN,456,125,11250,259570.00,0.6906,0.361660,0.0145
DQN,456,126,11340,271965.00,0.6882,0.366740,0.0142
DQN,456,127,11430,251865.00,0.6857,0.373202,0.0119
DQN,456,128,11520,280845.00,0.6832,0.390915,0.0129
DQN,456,129,11610,277330.00,0.6807,0.361155,0.0131
DQN,456,130,11700,250535.00,0.6783,0.363459,0.0144
DQN,456,131,11790,246467.50,0.6758,0.355699,0.0146
DQN,456,132,11880,216415.00,0.6733,0.374369,0.0135
DQN,456,133,11970,280537.50,0.6708,0.374736,0.0125
DQN,456,134,12060,244142.50,0.6683,0.395070,0.0119
DQN,456,135,12150,257097.50,0.6659,0.381039,0.0123
DQN,456,136,12240,305070.00,0.6634,0.375341,0.0139
DQN,456,137,12330,251502.50,0.6609,0.378246,0.0149
DQN,456,138,12420,255117.50,0.6584,0.370811,0.0134
DQN,456,139,12510,254185.00,0.6560,0.387556,0.0125
DQN,456,140,12600,241365.00,0.6535,0.372173,0.0127
DQN,456,141,12690,284050.00,0.6510,0.374704,0.0126
DQN,456,142,12780,268065.00,0.6485,0.369863,0.0129
DQN,456,143,12870,268610.00,0.6461,0.371253,0.0129
DQN,456,144,12960,267582.50,0.6436,0.377931,0.0129
DQN,456,145,13050,246270.00,0.6411,0.383905,0.0129
DQN,456,146,13140,250655.00,0.6386,0.366138,0.0152
DQN,456,147,13230,270580.00,0.6362,0.371335,0.0121
DQN,456,148,13320,281705.00,0.6337,0.361600,0.0154
DQN,456,149,13410,229395.00,0.6312,0.356229,0.0131
DQN,456,150,13500,260320.00,0.6288,0.354263,0.0159
DQN,456,151,13590,258147.50,0.6263,0.381656,0.0228
DQN,456,152,13680,251597.50,0.6238,0.372245,0.0131
DQN,456,153,13770,240572.50,0.6213,0.361986,0.0123
DQN,456,154,13860,227252.50,0.6189,0.361563,0.0128
DQN,456,155,13950,282977.50,0.6164,0.365330,0.0130
DQN,456,156,14040,278475.00,0.6139,0.370889,0.0132
DQN,456,157,14130,264977.50,0.6114,0.351504,0.0147
DQN,456,158,14220,283375.00,0.6089,0.335388,0.0129
DQN,456,159,14310,265222.50,0.6065,0.332012,0.0123
DQN,456,160,14400,267227.50,0.6040,0.341110,0.0162
DQN,456,161,14490,278537.50,0.6015,0.337679,0.0135
DQN,456,162,14580,284067.50,0.5990,0.357153,0.0146
DQN,456,163,14670,272997.50,0.5966,0.346706,0.0125
DQN,456,164,14760,267265.00,0.5941,0.343685,0.0142
DQN,456,165,14850,240512.50,0.5916,0.343204,0.0129
DQN,456,166,14940,272847.50,0.5892,0.353883,0.0146
DQN,456,167,15030,275102.50,0.5867,0.347755,0.0123
DQN,456,168,15120,275760.00,0.5842,0.345034,0.0129
DQN,456,169,15210,281985.00,0.5817,0.353248,0.0162
DQN,456,170,15300,263925.00,0.5793,0.338279,0.0124
DQN,456,171,15390,271700.00,0.5768,0.327338,0.0131
DQN,456,172,15480,267912.50,0.5743,0.341502,0.0153
DQN,456,173,15570,233912.50,0.5718,0.344661,0.0127
DQN,456,174,15660,258127.50,0.5694,0.343310,0.0122
DQN,456,175,15750,282737.50,0.5669,0.348483,0.0150
DQN,456,176,15840,268235.00,0.5644,0.356264,0.0119
DQN,456,177,15930,256465.00,0.5619,0.333042,0.0123
DQN,456,178,16020,272190.00,0.5595,0.341551,0.0124
DQN,456,179,16110,264397.50,0.5570,0.363802,0.0124
DQN,456,180,16200,284132.50,0.5545,0.336872,0.0124
DQN,456,181,16290,282500.00,0.5520,0.347991,0.0125
DQN,456,182,16380,286965.00,0.5495,0.336188,0.0125
DQN,456,183,16470,300525.00,0.5471,0.343019,0.0152
DQN,456,184,16560,250192.50,0.5446,0.353793,0.0122
DQN,456,185,16650,272125.00,0.5421,0.338121,0.0130
DQN,456,186,16740,282825.00,0.5396,0.352044,0.0141
DQN,456,187,16830,292907.50,0.5372,0.336296,0.0148
DQN,456,188,16920,276990.00,0.5347,0.332320,0.0148
DQN,456,189,17010,290920.00,0.5322,0.346187,0.0124
DQN,456,190,17100,248845.00,0.5297,0.340220,0.0128
DQN,456,191,17190,279550.00,0.5273,0.339185,0.0129
DQN,456,192,17280,302355.00,0.5248,0.333880,0.0128
DQN,456,193,17370,265712.50,0.5223,0.332454,0.0130
DQN,456,194,17460,272230.00,0.5199,0.340012,0.0150
DQN,456,195,17550,254595.00,0.5174,0.333705,0.0135
DQN,456,196,17640,276275.00,0.5149,0.337805,0.0146
DQN,456,197,17730,274455.00,0.5124,0.350003,0.0122
DQN,456,198,17820,245835.00,0.5100,0.344023,0.0126
DQN,456,199,17910,289187.50,0.5075,0.338339,0.0129
DQN,456,200,18000,282527.50,0.5050,0.346263,0.0140
DQN,456,201,18090,257835.00,0.5025,0.347440,0.0146
DQN,456,202,18180,275435.00,0.5000,0.330539,0.0158
DQN,456,203,18270,279080.00,0.4976,0.326940,0.0157
DQN,456,204,18360,264392.50,0.4951,0.340171,0.0138
DQN,456,205,18450,286225.00,0.4926,0.330149,0.0136
DQN,456,206,18540,267567.50,0.4901,0.330173,0.0125
DQN,456,207,18630,265965.00,0.4877,0.338855,0.0125
DQN,456,208,18720,288440.00,0.4852,0.335582,0.0125
DQN,456,209,18810,270735.00,0.4827,0.346385,0.0126
DQN,456,210,18900,243592.50,0.4802,0.346244,0.0128
DQN,456,211,18990,300440.00,0.4778,0.341479,0.0130
DQN,456,212,19080,277355.00,0.4753,0.348758,0.0127
DQN,456,213,19170,263867.50,0.4728,0.345717,0.0128
DQN,456,214,19260,264815.00,0.4703,0.350345,0.0155
DQN,456,215,19350,289120.00,0.4679,0.338964,0.0164
DQN,456,216,19440,264735.00,0.4654,0.346360,0.0127
DQN,456,217,19530,254320.00,0.4629,0.339920,0.0123
DQN,456,218,19620,274655.00,0.4604,0.351727,0.0126
DQN,456,219,19710,286622.50,0.4580,0.334360,0.0146
DQN,456,220,19800,255682.50,0.4555,0.341401,0.0125
DQN,456,221,19890,290215.00,0.4530,0.342243,0.0132
DQN,456,222,19980,244177.50,0.4506,0.347210,0.0160
DQN,456,223,20070,296695.00,0.4481,0.331133,0.0122
DQN,456,224,20160,269162.50,0.4456,0.332897,0.0131
DQN,456,225,20250,259345.00,0.4431,0.331653,0.0144
DQN,456,226,20340,244662.50,0.4407,0.330253,0.0128
DQN,456,227,20430,295545.00,0.4382,0.320854,0.0130
DQN,456,228,20520,266875.00,0.4357,0.332214,0.0126
DQN,456,229,20610,292905.00,0.4332,0.310866,0.0130
DQN,456,230,20700,277002.50,0.4308,0.332014,0.0133
DQN,456,231,20790,293172.50,0.4283,0.330735,0.0127
DQN,456,232,20880,269030.00,0.4258,0.302074,0.0133
DQN,456,233,20970,271130.00,0.4233,0.311176,0.0135
DQN,456,234,21060,267280.00,0.4209,0.335057,0.0161
DQN,456,235,21150,292465.00,0.4184,0.327836,0.0139
DQN,456,236,21240,298102.50,0.4159,0.307224,0.0142
DQN,456,237,21330,289822.50,0.4134,0.313367,0.0131
DQN,456,238,21420,285182.50,0.4110,0.317745,0.0143
DQN,456,239,21510,279010.00,0.4085,0.316382,0.0150
DQN,456,240,21600,268587.50,0.4060,0.327646,0.0147
DQN,456,241,21690,263400.00,0.4035,0.320424,0.0125
DQN,456,242,21780,280662.50,0.4011,0.317569,0.0136
DQN,456,243,21870,258335.00,0.3986,0.315527,0.0142
DQN,456,244,21960,261192.50,0.3961,0.309921,0.0131
DQN,456,245,22050,303550.00,0.3936,0.321481,0.0131
DQN,456,246,22140,284902.50,0.3911,0.316181,0.0150
DQN,456,247,22230,290682.50,0.3887,0.312916,0.0130
DQN,456,248,22320,286457.50,0.3862,0.302838,0.0142
DQN,456,249,22410,288377.50,0.3837,0.303420,0.0183
DQN,456,250,22500,289840.00,0.3812,0.304216,0.0142
DQN,456,251,22590,270300.00,0.3788,0.327263,0.0179
DQN,456,252,22680,253772.50,0.3763,0.302851,0.0169
DQN,456,253,22770,285552.50,0.3738,0.310490,0.0147
DQN,456,254,22860,279237.50,0.3713,0.305784,0.0149
DQN,456,255,22950,281712.50,0.3689,0.305782,0.0121
DQN,456,256,23040,262577.50,0.3664,0.317652,0.0126
DQN,456,257,23130,294392.50,0.3639,0.316644,0.0124
DQN,456,258,23220,275430.00,0.3614,0.315699,0.0125
DQN,456,259,23310,283602.50,0.3590,0.312903,0.0146
DQN,456,260,23400,279797.50,0.3565,0.307439,0.0126
DQN,456,261,23490,262965.00,0.3540,0.326257,0.0129
DQN,456,262,23580,295847.50,0.3516,0.307158,0.0152
DQN,456,263,23670,256830.00,0.3491,0.304312,0.0122
DQN,456,264,23760,280010.00,0.3466,0.298012,0.0131
DQN,456,265,23850,275875.00,0.3441,0.299929,0.0134
DQN,456,266,23940,289975.00,0.3417,0.301928,0.0149
DQN,456,267,24030,285805.00,0.3392,0.306244,0.0131
DQN,456,268,24120,283872.50,0.3367,0.312638,0.0122
DQN,456,269,24210,279017.50,0.3342,0.312009,0.0126
DQN,456,270,24300,268057.50,0.3317,0.290112,0.0127
DQN,456,271,24390,301187.50,0.3293,0.300072,0.0128
DQN,456,272,24480,281465.00,0.3268,0.298304,0.0127
DQN,456,273,24570,277915.00,0.3243,0.315096,0.0143
DQN,456,274,24660,295020.00,0.3218,0.319785,0.0149
DQN,456,275,24750,295315.00,0.3194,0.317361,0.0127
DQN,456,276,24840,288445.00,0.3169,0.310263,0.0133
DQN,456,277,24930,297837.50,0.3144,0.315651,0.0140
DQN,456,278,25020,292710.00,0.3120,0.321516,0.0136
DQN,456,279,25110,284260.00,0.3095,0.303652,0.0136
DQN,456,280,25200,293192.50,0.3070,0.303032,0.0136
DQN,456,281,25290,289947.50,0.3045,0.308265,0.0137
DQN,456,282,25380,298182.50,0.3021,0.308398,0.0160
DQN,456,283,25470,301830.00,0.2996,0.308726,0.0146
DQN,456,284,25560,284017.50,0.2971,0.305894,0.0128
DQN,456,285,25650,291162.50,0.2946,0.293314,0.0131
DQN,456,286,25740,275700.00,0.2922,0.309775,0.0141
DQN,456,287,25830,301725.00,0.2897,0.303292,0.0123
DQN,456,288,25920,285247.50,0.2872,0.308198,0.0128
DQN,456,289,26010,295487.50,0.2847,0.299492,0.0136
DQN,456,290,26100,286527.50,0.2823,0.308253,0.0136
DQN,456,291,26190,279797.50,0.2798,0.306177,0.0157
DQN,456,292,26280,279195.00,0.2773,0.305703,0.0145
DQN,456,293,26370,302187.50,0.2748,0.297508,0.0149
DQN,456,294,26460,261947.50,0.2723,0.286283,0.0126
DQN,456,295,26550,277060.00,0.2699,0.309456,0.0129
DQN,456,296,26640,296640.00,0.2674,0.307248,0.0129
DQN,456,297,26730,295907.50,0.2649,0.290518,0.0131
DQN,456,298,26820,278370.00,0.2624,0.289651,0.0157
DQN,456,299,26910,297287.50,0.2600,0.302679,0.0122
DQN,456,300,27000,301535.00,0.2575,0.300071,0.0124
DQN,456,301,27090,299262.50,0.2550,0.312258,0.0134
DQN,456,302,27180,302375.00,0.2526,0.306572,0.0165
DQN,456,303,27270,306337.50,0.2501,0.291295,0.0126
DQN,456,304,27360,276940.00,0.2476,0.305151,0.0137
DQN,456,305,27450,279537.50,0.2451,0.311598,0.0156
DQN,456,306,27540,279900.00,0.2427,0.294675,0.0141
DQN,456,307,27630,278775.00,0.2402,0.298282,0.0123
DQN,456,308,27720,310202.50,0.2377,0.295732,0.0126
DQN,456,309,27810,289972.50,0.2352,0.297268,0.0219
DQN,456,310,27900,261632.50,0.2328,0.285027,0.0228
DQN,456,311,27990,302612.50,0.2303,0.303312,0.0135
DQN,456,312,28080,286390.00,0.2278,0.284640,0.0123
DQN,456,313,28170,285555.00,0.2253,0.283914,0.0126
DQN,456,314,28260,290700.00,0.2228,0.300642,0.0126
DQN,456,315,28350,304060.00,0.2204,0.295280,0.0127
DQN,456,316,28440,296572.50,0.2179,0.291581,0.0132
DQN,456,317,28530,304270.00,0.2154,0.294726,0.0127
DQN,456,318,28620,290007.50,0.2129,0.293313,0.0127
DQN,456,319,28710,285540.00,0.2105,0.301690,0.0146
DQN,456,320,28800,299825.00,0.2080,0.300149,0.0143
DQN,456,321,28890,291775.00,0.2055,0.300661,0.0152
DQN,456,322,28980,290520.00,0.2030,0.290993,0.0124
DQN,456,323,29070,285305.00,0.2006,0.297474,0.0129
DQN,456,324,29160,292420.00,0.1981,0.298334,0.0133
DQN,456,325,29250,301337.50,0.1956,0.297741,0.0145
DQN,456,326,29340,288887.50,0.1932,0.296429,0.0134
DQN,456,327,29430,284522.50,0.1907,0.297516,0.0131
DQN,456,328,29520,289802.50,0.1882,0.303447,0.0148
DQN,456,329,29610,294462.50,0.1857,0.296636,0.0128
DQN,456,330,29700,292700.00,0.1833,0.293359,0.0127
DQN,456,331,29790,286292.50,0.1808,0.311869,0.0145
DQN,456,332,29880,289697.50,0.1783,0.292434,0.0127
DQN,456,333,29970,294457.50,0.1758,0.300600,0.0129
DQN,456,334,30060,283305.00,0.1734,0.290029,0.0131
DQN,456,335,30150,289232.50,0.1709,0.292118,0.0135
DQN,456,336,30240,285440.00,0.1684,0.289040,0.0132
DQN,456,337,30330,306415.00,0.1659,0.280096,0.0133
DQN,456,338,30420,298967.50,0.1634,0.299025,0.0133
DQN,456,339,30510,309080.00,0.1610,0.292692,0.0157
DQN,456,340,30600,296895.00,0.1585,0.295100,0.0121
DQN,456,341,30690,307240.00,0.1560,0.300631,0.0127
DQN,456,342,30780,287170.00,0.1536,0.290426,0.0126
DQN,456,343,30870,295285.00,0.1511,0.297512,0.0137
DQN,456,344,30960,289832.50,0.1486,0.293485,0.0123
DQN,456,345,31050,283270.00,0.1461,0.307654,0.0126
DQN,456,346,31140,281335.00,0.1437,0.296159,0.0127
DQN,456,347,31230,292272.50,0.1412,0.307098,0.0127
DQN,456,348,31320,280132.50,0.1387,0.291560,0.0143
DQN,456,349,31410,298175.00,0.1362,0.294092,0.0138
DQN,456,350,31500,270750.00,0.1338,0.288695,0.0149
DQN,456,351,31590,296400.00,0.1313,0.280902,0.0140
DQN,456,352,31680,302840.00,0.1288,0.291226,0.0149
DQN,456,353,31770,297872.50,0.1263,0.286114,0.0140
DQN,456,354,31860,294875.00,0.1239,0.287826,0.0139
DQN,456,355,31950,277887.50,0.1214,0.287555,0.0137
DQN,456,356,32040,279722.50,0.1189,0.289631,0.0139
DQN,456,357,32130,294742.50,0.1164,0.278812,0.0128
DQN,456,358,32220,286772.50,0.1139,0.294384,0.0140
DQN,456,359,32310,279417.50,0.1115,0.295136,0.0133
DQN,456,360,32400,286597.50,0.1090,0.289239,0.0127
DQN,456,361,32490,281185.00,0.1065,0.292127,0.0129
DQN,456,362,32580,276147.50,0.1040,0.310087,0.0132
DQN,456,363,32670,289602.50,0.1016,0.315105,0.0123
DQN,456,364,32760,276005.00,0.0991,0.291942,0.0134
DQN,456,365,32850,290762.50,0.0966,0.306007,0.0148
DQN,456,366,32940,289582.50,0.0941,0.306925,0.0174
DQN,456,367,33030,309117.50,0.0917,0.298315,0.0151
DQN,456,368,33120,291497.50,0.0892,0.297947,0.0133
DQN,456,369,33210,295640.00,0.0867,0.297480,0.0127
DQN,456,370,33300,294660.00,0.0842,0.313530,0.0157
DQN,456,371,33390,295060.00,0.0818,0.297597,0.0156
DQN,456,372,33480,296015.00,0.0793,0.306765,0.0151
DQN,456,373,33570,286985.00,0.0768,0.303787,0.0148
DQN,456,374,33660,283855.00,0.0743,0.306248,0.0129
DQN,456,375,33750,284522.50,0.0719,0.306314,0.0132
DQN,456,376,33840,276990.00,0.0694,0.298659,0.0131
DQN,456,377,33930,290160.00,0.0669,0.306641,0.0136
DQN,456,378,34020,284907.50,0.0645,0.308770,0.0166
DQN,456,379,34110,295560.00,0.0620,0.289298,0.0123
DQN,456,380,34200,281697.50,0.0595,0.289636,0.0131
DQN,456,381,34290,288920.00,0.0570,0.298754,0.0127
DQN,456,382,34380,275462.50,0.0546,0.292385,0.0141
DQN,456,383,34470,286845.00,0.0521,0.295775,0.0126
DQN,456,384,34560,277342.50,0.0496,0.316283,0.0149
DQN,456,385,34650,283097.50,0.0471,0.314006,0.0131
DQN,456,386,34740,283655.00,0.0447,0.303001,0.0129
DQN,456,387,34830,299242.50,0.0422,0.300214,0.0157
DQN,456,388,34920,296485.00,0.0397,0.315363,0.0146
DQN,456,389,35010,292562.50,0.0372,0.308058,0.0185
DQN,456,390,35100,281105.00,0.0348,0.280326,0.0155
DQN,456,391,35190,288727.50,0.0323,0.296799,0.0141
DQN,456,392,35280,292582.50,0.0298,0.285321,0.0131
DQN,456,393,35370,301197.50,0.0273,0.288797,0.0131
DQN,456,394,35460,289032.50,0.0249,0.282886,0.0132
DQN,456,395,35550,301357.50,0.0224,0.273747,0.0132
DQN,456,396,35640,296370.00,0.0199,0.271975,0.0140
DQN,456,397,35730,279575.00,0.0174,0.276809,0.0136
DQN,456,398,35820,300657.50,0.0150,0.275289,0.0148
DQN,456,399,35910,289067.50,0.0125,0.271823,0.0132
DQN,456,400,36000,291525.00,0.0100,0.278173,0.0130
DQN,456,401,36090,294250.00,0.0100,0.273623,0.0170
DQN,456,402,36180,300740.00,0.0100,0.264098,0.0145
DQN,456,403,36270,290642.50,0.0100,0.275002,0.0142
DQN,456,404,36360,283377.50,0.0100,0.275064,0.0137
DQN,456,405,36450,284002.50,0.0100,0.272872,0.0131
DQN,456,406,36540,298815.00,0.0100,0.272314,0.0132
DQN,456,407,36630,301680.00,0.0100,0.272792,0.0132
DQN,456,408,36720,298140.00,0.0100,0.279120,0.0132
DQN,456,409,36810,290642.50,0.0100,0.277733,0.0135
DQN,456,410,36900,297562.50,0.0100,0.273710,0.0133
DQN,456,411,36990,310550.00,0.0100,0.278911,0.0134
DQN,456,412,37080,286262.50,0.0100,0.280441,0.0133
DQN,456,413,37170,294475.00,0.0100,0.269738,0.0154
DQN,456,414,37260,301337.50,0.0100,0.283353,0.0124
DQN,456,415,37350,299107.50,0.0100,0.276081,0.0132
DQN,456,416,37440,306387.50,0.0100,0.276197,0.0135
DQN,456,417,37530,291800.00,0.0100,0.278365,0.0136
DQN,456,418,37620,292967.50,0.0100,0.280476,0.0137
DQN,456,419,37710,293447.50,0.0100,0.277636,0.0136
DQN,456,420,37800,303480.00,0.0100,0.274362,0.0138
DQN,456,421,37890,294840.00,0.0100,0.277756,0.0138
DQN,456,422,37980,282055.00,0.0100,0.278185,0.0139
DQN,456,423,38070,279597.50,0.0100,0.286622,0.0138
DQN,456,424,38160,296970.00,0.0100,0.268971,0.0138
DQN,456,425,38250,299277.50,0.0100,0.269568,0.0139
DQN,456,426,38340,292292.50,0.0100,0.280834,0.0139
DQN,456,427,38430,294082.50,0.0100,0.281115,0.0140
DQN,456,428,38520,297152.50,0.0100,0.282459,0.0139
DQN,456,429,38610,302995.00,0.0100,0.282067,0.0139
DQN,456,430,38700,297580.00,0.0100,0.276960,0.0138
DQN,456,431,38790,298262.50,0.0100,0.283497,0.0139
DQN,456,432,38880,280130.00,0.0100,0.277915,0.0139
DQN,456,433,38970,307010.00,0.0100,0.278989,0.0138
DQN,456,434,39060,294940.00,0.0100,0.264534,0.0139
DQN,456,435,39150,278275.00,0.0100,0.267533,0.0138
DQN,456,436,39240,296757.50,0.0100,0.260250,0.0139
DQN,456,437,39330,299252.50,0.0100,0.263710,0.0138
DQN,456,438,39420,283885.00,0.0100,0.262758,0.0139
DQN,456,439,39510,306337.50,0.0100,0.252114,0.0138
DQN,456,440,39600,303687.50,0.0100,0.249294,0.0138
DQN,456,441,39690,285922.50,0.0100,0.248547,0.0139
DQN,456,442,39780,301627.50,0.0100,0.250556,0.0164
DQN,456,443,39870,303132.50,0.0100,0.252672,0.0129
DQN,456,444,39960,297845.00,0.0100,0.234175,0.0130
DQN,456,445,40050,294622.50,0.0100,0.253324,0.0131
DQN,456,446,40140,298880.00,0.0100,0.251718,0.0131
DQN,456,447,40230,290925.00,0.0100,0.252978,0.0132
DQN,456,448,40320,315977.50,0.0100,0.255190,0.0132
DQN,456,449,40410,296902.50,0.0100,0.249616,0.0132
DQN,456,450,40500,295900.00,0.0100,0.244627,0.0134
DQN,456,451,40590,309577.50,0.0100,0.237960,0.0142
DQN,456,452,40680,307012.50,0.0100,0.241968,0.0154
DQN,456,453,40770,300485.00,0.0100,0.242203,0.0130
DQN,456,454,40860,290790.00,0.0100,0.230010,0.0132
DQN,456,455,40950,297490.00,0.0100,0.237248,0.0133
DQN,456,456,41040,299000.00,0.0100,0.258534,0.0133
DQN,456,457,41130,293765.00,0.0100,0.280592,0.0133
DQN,456,458,41220,291015.00,0.0100,0.277643,0.0134
DQN,456,459,41310,287722.50,0.0100,0.269895,0.0133
DQN,456,460,41400,295597.50,0.0100,0.265357,0.0155
DQN,456,461,41490,296177.50,0.0100,0.269696,0.0129
DQN,456,462,41580,290277.50,0.0100,0.246036,0.0132
DQN,456,463,41670,303002.50,0.0100,0.255262,0.0132
DQN,456,464,41760,302887.50,0.0100,0.249396,0.0132
DQN,456,465,41850,300472.50,0.0100,0.260428,0.0132
DQN,456,466,41940,288100.00,0.0100,0.250604,0.0133
DQN,456,467,42030,302205.00,0.0100,0.263983,0.0133
DQN,456,468,42120,286050.00,0.0100,0.277970,0.0133
DQN,456,469,42210,277380.00,0.0100,0.283074,0.0133
DQN,456,470,42300,297012.50,0.0100,0.285857,0.0132
DQN,456,471,42390,292517.50,0.0100,0.279399,0.0133
DQN,456,472,42480,285115.00,0.0100,0.276793,0.0133
DQN,456,473,42570,287547.50,0.0100,0.266131,0.0133
DQN,456,474,42660,296437.50,0.0100,0.271609,0.0133
DQN,456,475,42750,288607.50,0.0100,0.265011,0.0134
DQN,456,476,42840,299245.00,0.0100,0.260831,0.0133
DQN,456,477,42930,283627.50,0.0100,0.257322,0.0134
DQN,456,478,43020,300662.50,0.0100,0.263888,0.0134
DQN,456,479,43110,297025.00,0.0100,0.279688,0.0133
DQN,456,480,43200,303762.50,0.0100,0.277293,0.0133
DQN,456,481,43290,283030.00,0.0100,0.281543,0.0133
DQN,456,482,43380,300832.50,0.0100,0.270670,0.0133
DQN,456,483,43470,296442.50,0.0100,0.272814,0.0152
DQN,456,484,43560,298675.00,0.0100,0.270057,0.0125
DQN,456,485,43650,298942.50,0.0100,0.273653,0.0131
DQN,456,486,43740,295700.00,0.0100,0.272885,0.0134
DQN,456,487,43830,287197.50,0.0100,0.275351,0.0136
DQN,456,488,43920,284720.00,0.0100,0.282962,0.0135
DQN,456,489,44010,292602.50,0.0100,0.272121,0.0136
DQN,456,490,44100,298830.00,0.0100,0.264144,0.0140
DQN,456,491,44190,289805.00,0.0100,0.263898,0.0141
DQN,456,492,44280,299565.00,0.0100,0.263558,0.0137
DQN,456,493,44370,291765.00,0.0100,0.265135,0.0137
DQN,456,494,44460,300607.50,0.0100,0.264990,0.0137
DQN,456,495,44550,290115.00,0.0100,0.253794,0.0137
DQN,456,496,44640,290742.50,0.0100,0.255638,0.0138
DQN,456,497,44730,290912.50,0.0100,0.252298,0.0137
DQN,456,498,44820,272190.00,0.0100,0.255257,0.0138
DQN,456,499,44910,286962.50,0.0100,0.249328,0.0138
DQN,456,500,45000,292625.00,0.0100,0.252404,0.0138
DQN,789,1,90,207325.00,0.9975,0.000000,0.0008
DQN,789,2,180,220325.00,0.9950,0.000000,0.0008
DQN,789,3,270,237205.00,0.9926,0.000000,0.0007
DQN,789,4,360,155545.00,0.9901,0.000000,0.0007
DQN,789,5,450,237802.50,0.9876,0.000000,0.0007
DQN,789,6,540,253235.00,0.9851,4.656102,0.0090
DQN,789,7,630,231550.00,0.9827,3.730847,0.0149
DQN,789,8,720,191040.00,0.9802,2.255191,0.0136
DQN,789,9,810,224495.00,0.9777,1.884065,0.0116
DQN,789,10,900,259167.50,0.9752,1.691433,0.0121
DQN,789,11,990,224705.00,0.9728,1.513582,0.0122
DQN,789,12,1080,198737.50,0.9703,3.031584,0.0123
DQN,789,13,1170,227160.00,0.9678,1.318813,0.0124
DQN,789,14,1260,223055.00,0.9654,1.094460,0.0123
DQN,789,15,1350,212000.00,0.9629,0.955285,0.0125
DQN,789,16,1440,223665.00,0.9604,0.901907,0.0128
DQN,789,17,1530,269132.50,0.9579,1.734796,0.0128
DQN,789,18,1620,247392.50,0.9555,1.130500,0.0128
DQN,789,19,1710,196797.50,0.9530,0.997767,0.0128
DQN,789,20,1800,217752.50,0.9505,0.918403,0.0128
DQN,789,21,1890,272867.50,0.9480,0.895946,0.0128
DQN,789,22,1980,206910.00,0.9456,0.864745,0.0128
DQN,789,23,2070,213665.00,0.9431,1.731352,0.0128
DQN,789,24,2160,205670.00,0.9406,0.978505,0.0128
DQN,789,25,2250,213790.00,0.9381,0.887871,0.0128
DQN,789,26,2340,215812.50,0.9356,0.859811,0.0129
DQN,789,27,2430,137095.00,0.9332,0.796261,0.0128
DQN,789,28,2520,175505.00,0.9307,1.146165,0.0128
DQN,789,29,2610,218765.00,0.9282,1.027813,0.0128
DQN,789,30,2700,212145.00,0.9257,0.888380,0.0129
DQN,789,31,2790,243507.50,0.9233,0.827284,0.0129
DQN,789,32,2880,225882.50,0.9208,0.811669,0.0128
DQN,789,33,2970,199487.50,0.9183,0.817078,0.0129
DQN,789,34,3060,238640.00,0.9159,1.034380,0.0129
DQN,789,35,3150,241402.50,0.9134,0.762014,0.0129
DQN,789,36,3240,258595.00,0.9109,0.711096,0.0128
DQN,789,37,3330,180392.50,0.9084,0.687411,0.0129
DQN,789,38,3420,234152.50,0.9060,0.682661,0.0129
DQN,789,39,3510,230000.00,0.9035,0.780288,0.0129
DQN,789,40,3600,233247.50,0.9010,0.611741,0.0128
DQN,789,41,3690,250935.00,0.8985,0.517568,0.0129
DQN,789,42,3780,253195.00,0.8961,0.527747,0.0129
DQN,789,43,3870,239275.00,0.8936,0.528771,0.0129
DQN,789,44,3960,219147.50,0.8911,0.526349,0.0129
DQN,789,45,4050,286585.00,0.8886,0.605879,0.0146
DQN,789,46,4140,231735.00,0.8861,0.487284,0.0120
DQN,789,47,4230,269262.50,0.8837,0.467615,0.0125
DQN,789,48,4320,213037.50,0.8812,0.444072,0.0129
DQN,789,49,4410,260295.00,0.8787,0.456796,0.0131
DQN,789,50,4500,236830.00,0.8762,0.483143,0.0132
DQN,789,51,4590,252305.00,0.8738,0.499515,0.0143
DQN,789,52,4680,264425.00,0.8713,0.421455,0.0134
DQN,789,53,4770,209540.00,0.8688,0.417143,0.0133
DQN,789,54,4860,205487.50,0.8663,0.420743,0.0132
DQN,789,55,4950,212805.00,0.8639,0.414050,0.0133
DQN,789,56,5040,229715.00,0.8614,0.490690,0.0133
DQN,789,57,5130,243012.50,0.8589,0.401448,0.0133
DQN,789,58,5220,272625.00,0.8565,0.400239,0.0134
DQN,789,59,5310,272777.50,0.8540,0.389265,0.0134
DQN,789,60,5400,204370.00,0.8515,0.402326,0.0134
DQN,789,61,5490,256417.50,0.8490,0.399908,0.0133
DQN,789,62,5580,247507.50,0.8466,0.454736,0.0134
DQN,789,63,5670,269815.00,0.8441,0.404904,0.0134
DQN,789,64,5760,237182.50,0.8416,0.407110,0.0134
DQN,789,65,5850,261612.50,0.8391,0.393853,0.0133
DQN,789,66,5940,260877.50,0.8367,0.389351,0.0133
DQN,789,67,6030,258827.50,0.8342,0.421010,0.0135
DQN,789,68,6120,259542.50,0.8317,0.404502,0.0134
DQN,789,69,6210,291050.00,0.8292,0.384889,0.0134
DQN,789,70,6300,212285.00,0.8267,0.382864,0.0134
DQN,789,71,6390,253945.00,0.8243,0.392931,0.0134
DQN,789,72,6480,236282.50,0.8218,0.372231,0.0133
DQN,789,73,6570,257615.00,0.8193,0.411421,0.0135
DQN,789,74,6660,199215.00,0.8168,0.389634,0.0134
DQN,789,75,6750,177657.50,0.8144,0.395969,0.0134
DQN,789,76,6840,268040.00,0.8119,0.389840,0.0134
DQN,789,77,6930,248790.00,0.8094,0.382931,0.0134
DQN,789,78,7020,247242.50,0.8070,0.438320,0.0135
DQN,789,79,7110,284355.00,0.8045,0.386415,0.0134
DQN,789,80,7200,271927.50,0.8020,0.372895,0.0134
DQN,789,81,7290,270695.00,0.7995,0.395055,0.0134
DQN,789,82,7380,267842.50,0.7971,0.374751,0.0134
DQN,789,83,7470,234695.00,0.7946,0.366765,0.0135
DQN,789,84,7560,242012.50,0.7921,0.383471,0.0135
DQN,789,85,7650,270340.00,0.7896,0.363104,0.0135
DQN,789,86,7740,274605.00,0.7872,0.374925,0.0134
DQN,789,87,7830,281852.50,0.7847,0.367242,0.0135
DQN,789,88,7920,266512.50,0.7822,0.367302,0.0135
DQN,789,89,8010,237902.50,0.7797,0.387730,0.0135
DQN,789,90,8100,253442.50,0.7772,0.388063,0.0134
DQN,789,91,8190,178640.00,0.7748,0.381017,0.0134
DQN,789,92,8280,252012.50,0.7723,0.360210,0.0135
DQN,789,93,8370,287365.00,0.7698,0.364437,0.0135
DQN,789,94,8460,249862.50,0.7673,0.364922,0.0135
DQN,789,95,8550,244362.50,0.7649,0.382408,0.0135
DQN,789,96,8640,254625.00,0.7624,0.369637,0.0135
DQN,789,97,8730,275950.00,0.7599,0.368967,0.0135
DQN,789,98,8820,241642.50,0.7574,0.365160,0.0135
DQN,789,99,8910,253392.50,0.7550,0.356968,0.0134
DQN,789,100,9000,249772.50,0.7525,0.371025,0.0135
DQN,789,101,9090,259800.00,0.7500,0.406665,0.0216
DQN,789,102,9180,244275.00,0.7475,0.358780,0.0152
DQN,789,103,9270,291702.50,0.7451,0.377907,0.0121
DQN,789,104,9360,224542.50,0.7426,0.378632,0.0120
DQN,789,105,9450,258110.00,0.7401,0.359097,0.0125
DQN,789,106,9540,264290.00,0.7376,0.383179,0.0123
DQN,789,107,9630,246890.00,0.7352,0.372904,0.0122
DQN,789,108,9720,236267.50,0.7327,0.383728,0.0124
DQN,789,109,9810,259107.50,0.7302,0.382660,0.0123
DQN,789,110,9900,252127.50,0.7278,0.376783,0.0123
DQN,789,111,9990,237465.00,0.7253,0.377471,0.0124
DQN,789,112,10080,234142.50,0.7228,0.385984,0.0125
DQN,789,113,10170,254232.50,0.7203,0.370876,0.0125
DQN,789,114,10260,241142.50,0.7179,0.390695,0.0125
DQN,789,115,10350,260552.50,0.7154,0.377775,0.0125
DQN,789,116,10440,293100.00,0.7129,0.375815,0.0125
DQN,789,117,10530,294480.00,0.7104,0.385814,0.0124
DQN,789,118,10620,250055.00,0.7080,0.376694,0.0125
DQN,789,119,10710,259220.00,0.7055,0.360113,0.0125
DQN,789,120,10800,284302.50,0.7030,0.367316,0.0125
DQN,789,121,10890,236705.00,0.7005,0.382918,0.0125
DQN,789,122,10980,249710.00,0.6981,0.356653,0.0124
DQN,789,123,11070,268437.50,0.6956,0.388656,0.0125
DQN,789,124,11160,251982.50,0.6931,0.380872,0.0125
DQN,789,125,11250,257157.50,0.6906,0.367919,0.0125
DQN,789,126,11340,269322.50,0.6882,0.377101,0.0125
DQN,789,127,11430,264212.50,0.6857,0.368532,0.0126
DQN,789,128,11520,257005.00,0.6832,0.385448,0.0125
DQN,789,129,11610,284842.50,0.6807,0.358531,0.0125
DQN,789,130,11700,250977.50,0.6783,0.353470,0.0125
DQN,789,131,11790,242310.00,0.6758,0.345087,0.0125
DQN,789,132,11880,264350.00,0.6733,0.355917,0.0126
DQN,789,133,11970,267675.00,0.6708,0.365239,0.0287
DQN,789,134,12060,260192.50,0.6683,0.360712,0.0158
DQN,789,135,12150,250715.00,0.6659,0.341274,0.0121
DQN,789,136,12240,242950.00,0.6634,0.350959,0.0123
DQN,789,137,12330,276032.50,0.6609,0.351211,0.0124
DQN,789,138,12420,268242.50,0.6584,0.355394,0.0125
DQN,789,139,12510,277260.00,0.6560,0.350021,0.0125
DQN,789,140,12600,279982.50,0.6535,0.334129,0.0125
DQN,789,141,12690,248680.00,0.6510,0.352238,0.0125
DQN,789,142,12780,275965.00,0.6485,0.322852,0.0125
DQN,789,143,12870,273760.00,0.6461,0.332759,0.0125
DQN,789,144,12960,252260.00,0.6436,0.335598,0.0125
DQN,789,145,13050,255667.50,0.6411,0.351448,0.0126
DQN,789,146,13140,272520.00,0.6386,0.338597,0.0125
DQN,789,147,13230,266060.00,0.6362,0.342381,0.0126
DQN,789,148,13320,267670.00,0.6337,0.337981,0.0125
DQN,789,149,13410,281467.50,0.6312,0.342811,0.0126
DQN,789,150,13500,255037.50,0.6288,0.338816,0.0125
DQN,789,151,13590,254865.00,0.6263,0.335452,0.0153
DQN,789,152,13680,263030.00,0.6238,0.325129,0.0129
DQN,789,153,13770,262197.50,0.6213,0.321919,0.0132
DQN,789,154,13860,260020.00,0.6189,0.329556,0.0132
DQN,789,155,13950,269010.00,0.6164,0.335988,0.0134
DQN,789,156,14040,230152.50,0.6139,0.350660,0.0134
DQN,789,157,14130,286422.50,0.6114,0.351025,0.0134
DQN,789,158,14220,238000.00,0.6089,0.351719,0.0150
DQN,789,159,14310,268330.00,0.6065,0.350865,0.0134
DQN,789,160,14400,252725.00,0.6040,0.354834,0.0135
DQN,789,161,14490,282975.00,0.6015,0.352684,0.0135
DQN,789,162,14580,264697.50,0.5990,0.353798,0.0135
DQN,789,163,14670,278472.50,0.5966,0.341827,0.0138
DQN,789,164,14760,290287.50,0.5941,0.344134,0.0135
DQN,789,165,14850,264642.50,0.5916,0.340627,0.0135
DQN,789,166,14940,269652.50,0.5892,0.338218,0.0134
DQN,789,167,15030,265635.00,0.5867,0.347635,0.0135
DQN,789,168,15120,276290.00,0.5842,0.346483,0.0135
DQN,789,169,15210,284317.50,0.5817,0.352404,0.0135
DQN,789,170,15300,267600.00,0.5793,0.343155,0.0135
DQN,789,171,15390,274507.50,0.5768,0.340568,0.0135
DQN,789,172,15480,255292.50,0.5743,0.340239,0.0136
DQN,789,173,15570,273622.50,0.5718,0.377452,0.0136
DQN,789,174,15660,257392.50,0.5694,0.344473,0.0135
DQN,789,175,15750,274832.50,0.5669,0.367059,0.0136
DQN,789,176,15840,269147.50,0.5644,0.347240,0.0136
DQN,789,177,15930,269385.00,0.5619,0.347877,0.0136
DQN,789,178,16020,254162.50,0.5595,0.342499,0.0136
DQN,789,179,16110,255765.00,0.5570,0.324159,0.0136
DQN,789,180,16200,269817.50,0.5545,0.314451,0.0137
DQN,789,181,16290,270000.00,0.5520,0.334061,0.0135
DQN,789,182,16380,272635.00,0.5495,0.320289,0.0136
DQN,789,183,16470,288372.50,0.5471,0.318805,0.0137
DQN,789,184,16560,294142.50,0.5446,0.331868,0.0136
DQN,789,185,16650,305255.00,0.5421,0.329488,0.0135
DQN,789,186,16740,272610.00,0.5396,0.322752,0.0136
DQN,789,187,16830,285230.00,0.5372,0.331555,0.0136
DQN,789,188,16920,294827.50,0.5347,0.331949,0.0136
DQN,789,189,17010,244485.00,0.5322,0.322922,0.0136
DQN,789,190,17100,274347.50,0.5297,0.336575,0.0136
DQN,789,191,17190,264962.50,0.5273,0.317880,0.0137
DQN,789,192,17280,270162.50,0.5248,0.325226,0.0136
DQN,789,193,17370,266765.00,0.5223,0.335030,0.0136
DQN,789,194,17460,292382.50,0.5199,0.344335,0.0135
DQN,789,195,17550,269765.00,0.5174,0.335892,0.0136
DQN,789,196,17640,270457.50,0.5149,0.311901,0.0137
DQN,789,197,17730,264652.50,0.5124,0.320439,0.0136
DQN,789,198,17820,299282.50,0.5100,0.312149,0.0136
DQN,789,199,17910,280307.50,0.5075,0.327561,0.0136
DQN,789,200,18000,267225.00,0.5050,0.328140,0.0136
DQN,789,201,18090,253530.00,0.5025,0.325958,0.0139
DQN,789,202,18180,275337.50,0.5000,0.304323,0.0141
DQN,789,203,18270,271430.00,0.4976,0.316979,0.0137
DQN,789,204,18360,285660.00,0.4951,0.320343,0.0137
DQN,789,205,18450,291740.00,0.4926,0.329595,0.0136
DQN,789,206,18540,263872.50,0.4901,0.314863,0.0136
DQN,789,207,18630,300780.00,0.4877,0.304274,0.0146
DQN,789,208,18720,289770.00,0.4852,0.306361,0.0121
DQN,789,209,18810,292802.50,0.4827,0.338097,0.0123
DQN,789,210,18900,271642.50,0.4802,0.320196,0.0130
DQN,789,211,18990,272875.00,0.4778,0.316754,0.0125
DQN,789,212,19080,265662.50,0.4753,0.325812,0.0126
DQN,789,213,19170,289230.00,0.4728,0.328072,0.0126
DQN,789,214,19260,285535.00,0.4703,0.325274,0.0126
DQN,789,215,19350,279525.00,0.4679,0.305380,0.0126
DQN,789,216,19440,281915.00,0.4654,0.322021,0.0127
DQN,789,217,19530,278577.50,0.4629,0.311835,0.0126
DQN,789,218,19620,273967.50,0.4604,0.303767,0.0127
DQN,789,219,19710,282652.50,0.4580,0.314018,0.0126
DQN,789,220,19800,279990.00,0.4555,0.310290,0.0126
DQN,789,221,19890,271790.00,0.4530,0.324165,0.0127
DQN,789,222,19980,278712.50,0.4506,0.305911,0.0126
DQN,789,223,20070,277810.00,0.4481,0.336465,0.0127
DQN,789,224,20160,280445.00,0.4456,0.317030,0.0126
DQN,789,225,20250,270092.50,0.4431,0.330962,0.0126
DQN,789,226,20340,256907.50,0.4407,0.322995,0.0127
DQN,789,227,20430,263747.50,0.4382,0.321367,0.0127
DQN,789,228,20520,274370.00,0.4357,0.311198,0.0127
DQN,789,229,20610,283137.50,0.4332,0.305193,0.0127
DQN,789,230,20700,295522.50,0.4308,0.305399,0.0127
DQN,789,231,20790,267580.00,0.4283,0.301326,0.0127
DQN,789,232,20880,293985.00,0.4258,0.305671,0.0127
DQN,789,233,20970,283160.00,0.4233,0.298214,0.0127
DQN,789,234,21060,273512.50,0.4209,0.304834,0.0126
DQN,789,235,21150,273992.50,0.4184,0.321345,0.0127
DQN,789,236,21240,292105.00,0.4159,0.302331,0.0128
DQN,789,237,21330,288407.50,0.4134,0.303975,0.0127
DQN,789,238,21420,284205.00,0.4110,0.305596,0.0127
DQN,789,239,21510,272280.00,0.4085,0.298050,0.0127
DQN,789,240,21600,283655.00,0.4060,0.307521,0.0127
DQN,789,241,21690,287465.00,0.4035,0.302214,0.0127
DQN,789,242,21780,279670.00,0.4011,0.293347,0.0127
DQN,789,243,21870,277487.50,0.3986,0.292276,0.0127
DQN,789,244,21960,299145.00,0.3961,0.300084,0.0127
DQN,789,245,22050,268657.50,0.3936,0.313211,0.0127
DQN,789,246,22140,282127.50,0.3911,0.307023,0.0127
DQN,789,247,22230,284717.50,0.3887,0.305806,0.0127
DQN,789,248,22320,275105.00,0.3862,0.298763,0.0127
DQN,789,249,22410,275795.00,0.3837,0.306931,0.0127
DQN,789,250,22500,277957.50,0.3812,0.305551,0.0128
DQN,789,251,22590,263612.50,0.3788,0.297856,0.0152
DQN,789,252,22680,294737.50,0.3763,0.308623,0.0151
DQN,789,253,22770,278205.00,0.3738,0.297533,0.0129
DQN,789,254,22860,312172.50,0.3713,0.309459,0.0128
DQN,789,255,22950,276450.00,0.3689,0.306364,0.0127
DQN,789,256,23040,309210.00,0.3664,0.307534,0.0128
DQN,789,257,23130,277465.00,0.3639,0.298963,0.0127
DQN,789,258,23220,278827.50,0.3614,0.313802,0.0127
DQN,789,259,23310,283340.00,0.3590,0.303957,0.0127
DQN,789,260,23400,269800.00,0.3565,0.296685,0.0127
DQN,789,261,23490,273810.00,0.3540,0.312957,0.0128
DQN,789,262,23580,272797.50,0.3516,0.299682,0.0127
DQN,789,263,23670,292882.50,0.3491,0.290930,0.0128
DQN,789,264,23760,303350.00,0.3466,0.291240,0.0127
DQN,789,265,23850,278595.00,0.3441,0.291373,0.0127
DQN,789,266,23940,298432.50,0.3417,0.294963,0.0127
DQN,789,267,24030,281407.50,0.3392,0.287494,0.0127
DQN,789,268,24120,296700.00,0.3367,0.301711,0.0128
DQN,789,269,24210,278282.50,0.3342,0.298563,0.0128
DQN,789,270,24300,291697.50,0.3317,0.292109,0.0127
DQN,789,271,24390,260095.00,0.3293,0.295336,0.0128
DQN,789,272,24480,276720.00,0.3268,0.306718,0.0127
DQN,789,273,24570,287635.00,0.3243,0.289612,0.0128
DQN,789,274,24660,284780.00,0.3218,0.286577,0.0127
DQN,789,275,24750,298607.50,0.3194,0.296039,0.0128
DQN,789,276,24840,284592.50,0.3169,0.282453,0.0127
DQN,789,277,24930,279305.00,0.3144,0.290616,0.0128
DQN,789,278,25020,278595.00,0.3120,0.284772,0.0127
DQN,789,279,25110,296350.00,0.3095,0.279051,0.0128
DQN,789,280,25200,285525.00,0.3070,0.288455,0.0127
DQN,789,281,25290,288685.00,0.3045,0.303216,0.0128
DQN,789,282,25380,289160.00,0.3021,0.286298,0.0128
DQN,789,283,25470,286877.50,0.2996,0.292912,0.0127
DQN,789,284,25560,280545.00,0.2971,0.278194,0.0128
DQN,789,285,25650,257207.50,0.2946,0.284359,0.0127
DQN,789,286,25740,277767.50,0.2922,0.281800,0.0127
DQN,789,287,25830,297380.00,0.2897,0.267377,0.0128
DQN,789,288,25920,299462.50,0.2872,0.278016,0.0127
DQN,789,289,26010,291290.00,0.2847,0.293976,0.0128
DQN,789,290,26100,289775.00,0.2823,0.288177,0.0127
DQN,789,291,26190,286795.00,0.2798,0.298352,0.0127
DQN,789,292,26280,289375.00,0.2773,0.293334,0.0128
DQN,789,293,26370,277435.00,0.2748,0.284651,0.0128
DQN,789,294,26460,287625.00,0.2723,0.297910,0.0127
DQN,789,295,26550,307797.50,0.2699,0.295593,0.0128
DQN,789,296,26640,287245.00,0.2674,0.278483,0.0128
DQN,789,297,26730,287382.50,0.2649,0.272639,0.0127
DQN,789,298,26820,281880.00,0.2624,0.272651,0.0128
DQN,789,299,26910,290502.50,0.2600,0.271711,0.0127
DQN,789,300,27000,268505.00,0.2575,0.283658,0.0128
DQN,789,301,27090,282922.50,0.2550,0.266362,0.0158
DQN,789,302,27180,271142.50,0.2526,0.254436,0.0133
DQN,789,303,27270,298352.50,0.2501,0.266671,0.0128
DQN,789,304,27360,277152.50,0.2476,0.261855,0.0128
DQN,789,305,27450,308552.50,0.2451,0.263311,0.0128
DQN,789,306,27540,294852.50,0.2427,0.272650,0.0128
DQN,789,307,27630,280732.50,0.2402,0.293885,0.0128
DQN,789,308,27720,298337.50,0.2377,0.281000,0.0128
DQN,789,309,27810,284475.00,0.2352,0.280344,0.0128
DQN,789,310,27900,282557.50,0.2328,0.290047,0.0128
DQN,789,311,27990,290140.00,0.2303,0.267121,0.0128
DQN,789,312,28080,286097.50,0.2278,0.258685,0.0128
DQN,789,313,28170,287520.00,0.2253,0.270779,0.0128
DQN,789,314,28260,306467.50,0.2228,0.275419,0.0129
DQN,789,315,28350,285535.00,0.2204,0.272390,0.0128
DQN,789,316,28440,292365.00,0.2179,0.272063,0.0128
DQN,789,317,28530,292995.00,0.2154,0.267424,0.0129
DQN,789,318,28620,290967.50,0.2129,0.252552,0.0127
DQN,789,319,28710,295317.50,0.2105,0.260746,0.0128
DQN,789,320,28800,286865.00,0.2080,0.262096,0.0128
DQN,789,321,28890,292497.50,0.2055,0.260624,0.0127
DQN,789,322,28980,284765.00,0.2030,0.255251,0.0128
DQN,789,323,29070,293387.50,0.2006,0.261671,0.0128
DQN,789,324,29160,266917.50,0.1981,0.242514,0.0128
DQN,789,325,29250,295335.00,0.1956,0.255031,0.0128
DQN,789,326,29340,302397.50,0.1932,0.255082,0.0128
DQN,789,327,29430,298727.50,0.1907,0.251533,0.0128
DQN,789,328,29520,290577.50,0.1882,0.253920,0.0129
DQN,789,329,29610,305297.50,0.1857,0.252445,0.0128
DQN,789,330,29700,288530.00,0.1833,0.243172,0.0128
DQN,789,331,29790,288180.00,0.1808,0.247574,0.0128
DQN,789,332,29880,286037.50,0.1783,0.250672,0.0127
DQN,789,333,29970,300397.50,0.1758,0.251447,0.0129
DQN,789,334,30060,297177.50,0.1734,0.260174,0.0129
DQN,789,335,30150,287402.50,0.1709,0.239311,0.0129
DQN,789,336,30240,278617.50,0.1684,0.251624,0.0128
DQN,789,337,30330,282632.50,0.1659,0.262032,0.0128
DQN,789,338,30420,269355.00,0.1634,0.251887,0.0128
DQN,789,339,30510,280240.00,0.1610,0.250642,0.0128
DQN,789,340,30600,276260.00,0.1585,0.268999,0.0128
DQN,789,341,30690,293085.00,0.1560,0.268714,0.0128
DQN,789,342,30780,290985.00,0.1536,0.277251,0.0128
DQN,789,343,30870,304927.50,0.1511,0.273287,0.0128
DQN,789,344,30960,281852.50,0.1486,0.271279,0.0128
DQN,789,345,31050,281937.50,0.1461,0.274325,0.0128
DQN,789,346,31140,268465.00,0.1437,0.244242,0.0128
DQN,789,347,31230,277495.00,0.1412,0.246941,0.0128
DQN,789,348,31320,288690.00,0.1387,0.252040,0.0128
DQN,789,349,31410,295510.00,0.1362,0.250443,0.0128
DQN,789,350,31500,288567.50,0.1338,0.246692,0.0128
DQN,789,351,31590,282612.50,0.1313,0.259640,0.0227
DQN,789,352,31680,291917.50,0.1288,0.265655,0.0134
DQN,789,353,31770,281585.00,0.1263,0.262208,0.0129
DQN,789,354,31860,296897.50,0.1239,0.246802,0.0142
DQN,789,355,31950,288415.00,0.1214,0.255552,0.0127
DQN,789,356,32040,275172.50,0.1189,0.261155,0.0130
DQN,789,357,32130,292695.00,0.1164,0.266484,0.0130
DQN,789,358,32220,288420.00,0.1139,0.249504,0.0131
DQN,789,359,32310,284170.00,0.1115,0.260321,0.0131
DQN,789,360,32400,296130.00,0.1090,0.248845,0.0132
DQN,789,361,32490,307962.50,0.1065,0.253520,0.0133
DQN,789,362,32580,291072.50,0.1040,0.251844,0.0133
DQN,789,363,32670,293725.00,0.1016,0.241376,0.0133
DQN,789,364,32760,300145.00,0.0991,0.239435,0.0133
DQN,789,365,32850,297090.00,0.0966,0.240501,0.0133
DQN,789,366,32940,274935.00,0.0941,0.249360,0.0133
DQN,789,367,33030,296435.00,0.0917,0.252077,0.0133
DQN,789,368,33120,293125.00,0.0892,0.243354,0.0132
DQN,789,369,33210,306040.00,0.0867,0.256372,0.0133
DQN,789,370,33300,299125.00,0.0842,0.239160,0.0152
DQN,789,371,33390,293962.50,0.0818,0.246412,0.0122
DQN,789,372,33480,278617.50,0.0793,0.237657,0.0124
DQN,789,373,33570,299177.50,0.0768,0.242620,0.0129
DQN,789,374,33660,299992.50,0.0743,0.235925,0.0129
DQN,789,375,33750,297567.50,0.0719,0.234458,0.0127
DQN,789,376,33840,296082.50,0.0694,0.232252,0.0127
DQN,789,377,33930,282845.00,0.0669,0.239152,0.0127
DQN,789,378,34020,286755.00,0.0645,0.244974,0.0128
DQN,789,379,34110,301885.00,0.0620,0.245784,0.0127
DQN,789,380,34200,272252.50,0.0595,0.242964,0.0128
DQN,789,381,34290,294467.50,0.0570,0.246032,0.0128
DQN,789,382,34380,284075.00,0.0546,0.245891,0.0128
DQN,789,383,34470,302792.50,0.0521,0.238488,0.0129
DQN,789,384,34560,277547.50,0.0496,0.261170,0.0128
DQN,789,385,34650,293255.00,0.0471,0.278987,0.0129
DQN,789,386,34740,305335.00,0.0447,0.272431,0.0128
DQN,789,387,34830,289477.50,0.0422,0.273717,0.0128
DQN,789,388,34920,292025.00,0.0397,0.263631,0.0128
DQN,789,389,35010,294192.50,0.0372,0.266954,0.0129
DQN,789,390,35100,277315.00,0.0348,0.286096,0.0129
DQN,789,391,35190,285397.50,0.0323,0.281837,0.0129
DQN,789,392,35280,287452.50,0.0298,0.280318,0.0129
DQN,789,393,35370,297297.50,0.0273,0.277765,0.0128
DQN,789,394,35460,287525.00,0.0249,0.288647,0.0129
DQN,789,395,35550,296855.00,0.0224,0.279118,0.0129
DQN,789,396,35640,287750.00,0.0199,0.265752,0.0129
DQN,789,397,35730,296840.00,0.0174,0.275564,0.0129
DQN,789,398,35820,297097.50,0.0150,0.270724,0.0129
DQN,789,399,35910,297767.50,0.0125,0.268147,0.0129
DQN,789,400,36000,285792.50,0.0100,0.267821,0.0129
DQN,789,401,36090,303110.00,0.0100,0.252377,0.0129
DQN,789,402,36180,277925.00,0.0100,0.249264,0.0130
DQN,789,403,36270,313357.50,0.0100,0.244853,0.0129
DQN,789,404,36360,286695.00,0.0100,0.255855,0.0130
DQN,789,405,36450,294892.50,0.0100,0.253810,0.0130
DQN,789,406,36540,291315.00,0.0100,0.254890,0.0129
DQN,789,407,36630,280200.00,0.0100,0.278311,0.0128
DQN,789,408,36720,289607.50,0.0100,0.270491,0.0129
DQN,789,409,36810,289885.00,0.0100,0.274189,0.0129
DQN,789,410,36900,303075.00,0.0100,0.270635,0.0129
DQN,789,411,36990,286760.00,0.0100,0.267859,0.0129
DQN,789,412,37080,291275.00,0.0100,0.258805,0.0130
DQN,789,413,37170,298010.00,0.0100,0.261182,0.0129
DQN,789,414,37260,281700.00,0.0100,0.260286,0.0128
DQN,789,415,37350,276167.50,0.0100,0.253118,0.0129
DQN,789,416,37440,286925.00,0.0100,0.256385,0.0128
DQN,789,417,37530,292025.00,0.0100,0.249810,0.0129
DQN,789,418,37620,285375.00,0.0100,0.249800,0.0129
DQN,789,419,37710,284262.50,0.0100,0.252458,0.0128
DQN,789,420,37800,294952.50,0.0100,0.251898,0.0129
DQN,789,421,37890,292202.50,0.0100,0.244523,0.0129
DQN,789,422,37980,301920.00,0.0100,0.244154,0.0129
DQN,789,423,38070,300902.50,0.0100,0.244847,0.0128
DQN,789,424,38160,297357.50,0.0100,0.237351,0.0128
DQN,789,425,38250,291927.50,0.0100,0.237910,0.0129
DQN,789,426,38340,296067.50,0.0100,0.237009,0.0129
DQN,789,427,38430,289975.00,0.0100,0.238362,0.0129
DQN,789,428,38520,284982.50,0.0100,0.241697,0.0129
DQN,789,429,38610,291682.50,0.0100,0.251821,0.0128
DQN,789,430,38700,303977.50,0.0100,0.246253,0.0130
DQN,789,431,38790,298625.00,0.0100,0.253975,0.0129
DQN,789,432,38880,288877.50,0.0100,0.255514,0.0129
DQN,789,433,38970,292922.50,0.0100,0.259275,0.0129
DQN,789,434,39060,287145.00,0.0100,0.259200,0.0129
DQN,789,435,39150,302432.50,0.0100,0.255013,0.0129
DQN,789,436,39240,302825.00,0.0100,0.247806,0.0129
DQN,789,437,39330,285902.50,0.0100,0.251921,0.0129
DQN,789,438,39420,285765.00,0.0100,0.249221,0.0129
DQN,789,439,39510,292890.00,0.0100,0.244092,0.0128
DQN,789,440,39600,296472.50,0.0100,0.246978,0.0129
DQN,789,441,39690,284945.00,0.0100,0.243863,0.0129
DQN,789,442,39780,295552.50,0.0100,0.250276,0.0129
DQN,789,443,39870,288850.00,0.0100,0.242507,0.0129
DQN,789,444,39960,295997.50,0.0100,0.240073,0.0129
DQN,789,445,40050,286762.50,0.0100,0.238178,0.0129
DQN,789,446,40140,304965.00,0.0100,0.237695,0.0129
DQN,789,447,40230,296940.00,0.0100,0.237852,0.0129
DQN,789,448,40320,291675.00,0.0100,0.234316,0.0129
DQN,789,449,40410,294917.50,0.0100,0.238375,0.0129
DQN,789,450,40500,289617.50,0.0100,0.242143,0.0129
DQN,789,451,40590,279560.00,0.0100,0.231129,0.0187
DQN,789,452,40680,281665.00,0.0100,0.234849,0.0130
DQN,789,453,40770,290205.00,0.0100,0.231450,0.0127
DQN,789,454,40860,305707.50,0.0100,0.220252,0.0130
DQN,789,455,40950,286217.50,0.0100,0.231308,0.0130
DQN,789,456,41040,304832.50,0.0100,0.230180,0.0193
DQN,789,457,41130,302282.50,0.0100,0.223959,0.0146
DQN,789,458,41220,298530.00,0.0100,0.230620,0.0123
DQN,789,459,41310,283115.00,0.0100,0.231368,0.0126
DQN,789,460,41400,287790.00,0.0100,0.232418,0.0127
DQN,789,461,41490,290912.50,0.0100,0.226604,0.0127
DQN,789,462,41580,297150.00,0.0100,0.234780,0.0129
DQN,789,463,41670,299882.50,0.0100,0.229160,0.0128
DQN,789,464,41760,301810.00,0.0100,0.225408,0.0128
DQN,789,465,41850,296800.00,0.0100,0.225507,0.0128
DQN,789,466,41940,281262.50,0.0100,0.225222,0.0128
DQN,789,467,42030,303672.50,0.0100,0.220071,0.0128
DQN,789,468,42120,288045.00,0.0100,0.245247,0.0209
DQN,789,469,42210,302762.50,0.0100,0.258431,0.0139
DQN,789,470,42300,298337.50,0.0100,0.235133,0.0125
DQN,789,471,42390,292707.50,0.0100,0.243659,0.0128
DQN,789,472,42480,290252.50,0.0100,0.248140,0.0127
DQN,789,473,42570,287655.00,0.0100,0.228987,0.0145
DQN,789,474,42660,287887.50,0.0100,0.224182,0.0127
DQN,789,475,42750,295092.50,0.0100,0.225378,0.0132
DQN,789,476,42840,289395.00,0.0100,0.228127,0.0131
DQN,789,477,42930,288922.50,0.0100,0.224646,0.0132
DQN,789,478,43020,294997.50,0.0100,0.235001,0.0132
DQN,789,479,43110,295215.00,0.0100,0.241583,0.0132
DQN,789,480,43200,285372.50,0.0100,0.238815,0.0135
DQN,789,481,43290,283895.00,0.0100,0.244108,0.0133
DQN,789,482,43380,289962.50,0.0100,0.243066,0.0133
DQN,789,483,43470,300205.00,0.0100,0.235984,0.0132
DQN,789,484,43560,301877.50,0.0100,0.220444,0.0133
DQN,789,485,43650,306887.50,0.0100,0.209275,0.0132
DQN,789,486,43740,298567.50,0.0100,0.212924,0.0133
DQN,789,487,43830,295412.50,0.0100,0.206420,0.0133
DQN,789,488,43920,300950.00,0.0100,0.212152,0.0133
DQN,789,489,44010,296087.50,0.0100,0.202458,0.0133
DQN,789,490,44100,303942.50,0.0100,0.211181,0.0133
DQN,789,491,44190,291160.00,0.0100,0.214972,0.0133
DQN,789,492,44280,293880.00,0.0100,0.210844,0.0133
DQN,789,493,44370,299122.50,0.0100,0.210131,0.0146
DQN,789,494,44460,294027.50,0.0100,0.214879,0.0131
DQN,789,495,44550,292637.50,0.0100,0.218359,0.0122
DQN,789,496,44640,293102.50,0.0100,0.215191,0.0126
DQN,789,497,44730,291847.50,0.0100,0.222950,0.0127
DQN,789,498,44820,295602.50,0.0100,0.217563,0.0127
DQN,789,499,44910,289847.50,0.0100,0.221908,0.0128
DQN,789,500,45000,282647.50,0.0100,0.219106,0.0128
DQN,1024,1,90,232030.00,0.9975,0.000000,0.0017
DQN,1024,2,180,204805.00,0.9950,0.000000,0.0008
DQN,1024,3,270,214692.50,0.9926,0.000000,0.0004
DQN,1024,4,360,234960.00,0.9901,0.000000,0.0004
DQN,1024,5,450,246142.50,0.9876,0.000000,0.0004
DQN,1024,6,540,250650.00,0.9851,4.796558,0.0063
DQN,1024,7,630,200367.50,0.9827,3.920586,0.0118
DQN,1024,8,720,219127.50,0.9802,2.449403,0.0124
DQN,1024,9,810,233282.50,0.9777,1.939734,0.0126
DQN,1024,10,900,211437.50,0.9752,1.764966,0.0127
DQN,1024,11,990,218035.00,0.9728,1.733735,0.0128
DQN,1024,12,1080,190720.00,0.9703,2.760160,0.0129
DQN,1024,13,1170,237357.50,0.9678,1.360603,0.0128
DQN,1024,14,1260,243387.50,0.9654,1.208533,0.0129
DQN,1024,15,1350,228692.50,0.9629,1.130523,0.0131
DQN,1024,16,1440,175812.50,0.9604,0.987708,0.0131
DQN,1024,17,1530,224830.00,0.9579,1.750000,0.0133
DQN,1024,18,1620,266010.00,0.9555,1.034380,0.0132
DQN,1024,19,1710,270235.00,0.9530,0.876096,0.0133
DQN,1024,20,1800,204255.00,0.9505,0.795497,0.0132
DQN,1024,21,1890,210472.50,0.9480,0.753014,0.0133
DQN,1024,22,1980,106185.00,0.9456,0.750507,0.0133
DQN,1024,23,2070,202062.50,0.9431,1.579537,0.0133
DQN,1024,24,2160,261082.50,0.9406,0.872461,0.0133
DQN,1024,25,2250,227910.00,0.9381,0.800443,0.0133
DQN,1024,26,2340,175890.00,0.9356,0.771562,0.0133
DQN,1024,27,2430,213840.00,0.9332,0.727112,0.0133
DQN,1024,28,2520,172420.00,0.9307,1.165507,0.0133
DQN,1024,29,2610,236005.00,0.9282,0.897139,0.0132
DQN,1024,30,2700,203745.00,0.9257,0.797118,0.0133
DQN,1024,31,2790,244570.00,0.9233,0.743979,0.0132
DQN,1024,32,2880,218712.50,0.9208,0.693067,0.0132
DQN,1024,33,2970,281857.50,0.9183,0.723947,0.0134
DQN,1024,34,3060,196560.00,0.9159,1.168362,0.0133
DQN,1024,35,3150,274192.50,0.9134,0.852219,0.0133
DQN,1024,36,3240,227202.50,0.9109,0.787634,0.0132
DQN,1024,37,3330,248967.50,0.9084,0.749417,0.0133
DQN,1024,38,3420,228280.00,0.9060,0.747630,0.0134
DQN,1024,39,3510,203447.50,0.9035,0.864180,0.0133
DQN,1024,40,3600,216445.00,0.9010,0.897472,0.0133
DQN,1024,41,3690,223937.50,0.8985,0.806669,0.0133
DQN,1024,42,3780,252000.00,0.8961,0.795938,0.0134
DQN,1024,43,3870,167107.50,0.8936,0.779519,0.0133
DQN,1024,44,3960,271805.00,0.8911,0.736618,0.0133
DQN,1024,45,4050,277057.50,0.8886,0.758403,0.0133
DQN,1024,46,4140,259915.00,0.8861,0.625130,0.0134
DQN,1024,47,4230,217342.50,0.8837,0.602850,0.0133
DQN,1024,48,4320,265720.00,0.8812,0.561424,0.0134
DQN,1024,49,4410,246735.00,0.8787,0.577306,0.0133
DQN,1024,50,4500,221017.50,0.8762,0.572905,0.0133
DQN,1024,51,4590,253312.50,0.8738,0.538676,0.0140
DQN,1024,52,4680,246075.00,0.8713,0.487024,0.0134
DQN,1024,53,4770,201507.50,0.8688,0.475401,0.0133
DQN,1024,54,4860,269927.50,0.8663,0.478832,0.0133
DQN,1024,55,4950,267640.00,0.8639,0.459966,0.0133
DQN,1024,56,5040,235977.50,0.8614,0.477546,0.0133
DQN,1024,57,5130,261115.00,0.8589,0.445858,0.0133
DQN,1024,58,5220,259795.00,0.8565,0.435142,0.0133
DQN,1024,59,5310,181687.50,0.8540,0.423688,0.0133
DQN,1024,60,5400,263740.00,0.8515,0.421604,0.0134
DQN,1024,61,5490,249512.50,0.8490,0.437783,0.0133
DQN,1024,62,5580,247362.50,0.8466,0.472130,0.0133
DQN,1024,63,5670,240047.50,0.8441,0.419385,0.0134
DQN,1024,64,5760,202065.00,0.8416,0.422675,0.0133
DQN,1024,65,5850,250942.50,0.8391,0.427461,0.0134
DQN,1024,66,5940,251500.00,0.8367,0.416774,0.0134
DQN,1024,67,6030,255692.50,0.8342,0.439624,0.0134
DQN,1024,68,6120,240475.00,0.8317,0.406342,0.0134
DQN,1024,69,6210,228355.00,0.8292,0.417788,0.0134
DQN,1024,70,6300,259625.00,0.8267,0.407536,0.0134
DQN,1024,71,6390,240457.50,0.8243,0.402875,0.0134
DQN,1024,72,6480,250972.50,0.8218,0.393136,0.0134
DQN,1024,73,6570,254715.00,0.8193,0.407395,0.0134
DQN,1024,74,6660,268542.50,0.8168,0.380706,0.0133
DQN,1024,75,6750,255037.50,0.8144,0.379072,0.0134
DQN,1024,76,6840,263040.00,0.8119,0.392264,0.0134
DQN,1024,77,6930,245215.00,0.8094,0.384413,0.0133
DQN,1024,78,7020,246012.50,0.8070,0.409057,0.0134
DQN,1024,79,7110,256315.00,0.8045,0.372986,0.0133
DQN,1024,80,7200,235317.50,0.8020,0.367313,0.0134
DQN,1024,81,7290,185822.50,0.7995,0.380059,0.0133
DQN,1024,82,7380,255670.00,0.7971,0.382472,0.0134
DQN,1024,83,7470,262560.00,0.7946,0.373352,0.0133
DQN,1024,84,7560,265607.50,0.7921,0.417436,0.0134
DQN,1024,85,7650,252472.50,0.7896,0.377253,0.0134
DQN,1024,86,7740,233452.50,0.7872,0.379199,0.0134
DQN,1024,87,7830,282667.50,0.7847,0.370884,0.0135
DQN,1024,88,7920,253447.50,0.7822,0.360372,0.0134
DQN,1024,89,8010,251920.00,0.7797,0.395019,0.0133
DQN,1024,90,8100,280765.00,0.7772,0.352915,0.0134
DQN,1024,91,8190,247940.00,0.7748,0.360110,0.0134
DQN,1024,92,8280,252095.00,0.7723,0.378974,0.0134
DQN,1024,93,8370,223497.50,0.7698,0.365504,0.0135
DQN,1024,94,8460,264147.50,0.7673,0.356142,0.0134
DQN,1024,95,8550,253527.50,0.7649,0.397622,0.0134
DQN,1024,96,8640,244560.00,0.7624,0.370772,0.0134
DQN,1024,97,8730,257142.50,0.7599,0.358383,0.0134
DQN,1024,98,8820,258100.00,0.7574,0.364767,0.0133
DQN,1024,99,8910,229310.00,0.7550,0.376016,0.0133
DQN,1024,100,9000,230902.50,0.7525,0.387260,0.0134
DQN,1024,101,9090,276210.00,0.7500,0.383802,0.0141
DQN,1024,102,9180,252737.50,0.7475,0.351592,0.0135
DQN,1024,103,9270,279702.50,0.7451,0.362448,0.0134
DQN,1024,104,9360,254807.50,0.7426,0.351959,0.0135
DQN,1024,105,9450,265012.50,0.7401,0.366732,0.0134
DQN,1024,106,9540,291117.50,0.7376,0.366949,0.0135
DQN,1024,107,9630,240760.00,0.7352,0.366298,0.0134
DQN,1024,108,9720,244857.50,0.7327,0.351408,0.0134
DQN,1024,109,9810,266205.00,0.7302,0.363882,0.0135
DQN,1024,110,9900,215585.00,0.7278,0.356160,0.0134
DQN,1024,111,9990,286962.50,0.7253,0.353522,0.0135
DQN,1024,112,10080,256885.00,0.7228,0.383325,0.0135
DQN,1024,113,10170,247197.50,0.7203,0.351910,0.0134
DQN,1024,114,10260,277125.00,0.7179,0.356895,0.0134
DQN,1024,115,10350,233797.50,0.7154,0.354200,0.0134
DQN,1024,116,10440,252680.00,0.7129,0.355371,0.0137
DQN,1024,117,10530,237150.00,0.7104,0.376788,0.0134
DQN,1024,118,10620,229410.00,0.7080,0.370808,0.0134
DQN,1024,119,10710,281330.00,0.7055,0.351034,0.0134
DQN,1024,120,10800,260597.50,0.7030,0.367826,0.0135
DQN,1024,121,10890,270052.50,0.7005,0.359538,0.0135
DQN,1024,122,10980,250647.50,0.6981,0.351105,0.0135
DQN,1024,123,11070,257302.50,0.6956,0.373261,0.0135
DQN,1024,124,11160,251342.50,0.6931,0.347372,0.0135
DQN,1024,125,11250,282157.50,0.6906,0.342897,0.0135
DQN,1024,126,11340,265137.50,0.6882,0.354490,0.0134
DQN,1024,127,11430,258422.50,0.6857,0.357389,0.0134
DQN,1024,128,11520,266160.00,0.6832,0.368468,0.0135
DQN,1024,129,11610,236065.00,0.6807,0.343595,0.0134
DQN,1024,130,11700,255655.00,0.6783,0.344688,0.0134
DQN,1024,131,11790,268320.00,0.6758,0.341248,0.0135
DQN,1024,132,11880,256987.50,0.6733,0.332015,0.0134
DQN,1024,133,11970,265610.00,0.6708,0.337247,0.0136
DQN,1024,134,12060,284455.00,0.6683,0.368677,0.0134
DQN,1024,135,12150,250055.00,0.6659,0.346453,0.0135
DQN,1024,136,12240,242787.50,0.6634,0.353601,0.0135
DQN,1024,137,12330,243807.50,0.6609,0.346770,0.0134
DQN,1024,138,12420,267242.50,0.6584,0.351308,0.0135
DQN,1024,139,12510,281822.50,0.6560,0.346483,0.0135
DQN,1024,140,12600,268925.00,0.6535,0.349002,0.0135
DQN,1024,141,12690,253732.50,0.6510,0.338436,0.0135
DQN,1024,142,12780,266695.00,0.6485,0.354522,0.0135
DQN,1024,143,12870,255675.00,0.6461,0.347625,0.0135
DQN,1024,144,12960,271872.50,0.6436,0.344264,0.0135
DQN,1024,145,13050,283150.00,0.6411,0.362105,0.0135
DQN,1024,146,13140,288347.50,0.6386,0.354516,0.0135
DQN,1024,147,13230,257415.00,0.6362,0.357904,0.0134
DQN,1024,148,13320,281355.00,0.6337,0.342154,0.0135
DQN,1024,149,13410,256560.00,0.6312,0.340677,0.0134
DQN,1024,150,13500,290732.50,0.6288,0.351321,0.0135
DQN,1024,151,13590,262207.50,0.6263,0.348459,0.0137
DQN,1024,152,13680,286422.50,0.6238,0.335312,0.0161
DQN,1024,153,13770,236372.50,0.6213,0.346352,0.0124
DQN,1024,154,13860,240927.50,0.6189,0.343573,0.0121
DQN,1024,155,13950,272960.00,0.6164,0.341289,0.0122
DQN,1024,156,14040,287187.50,0.6139,0.346623,0.0123
DQN,1024,157,14130,283255.00,0.6114,0.343625,0.0124
DQN,1024,158,14220,258740.00,0.6089,0.343407,0.0125
DQN,1024,159,14310,270482.50,0.6065,0.342327,0.0124
DQN,1024,160,14400,243365.00,0.6040,0.333203,0.0124
DQN,1024,161,14490,262495.00,0.6015,0.356877,0.0146
DQN,1024,162,14580,271460.00,0.5990,0.366709,0.0127
DQN,1024,163,14670,253842.50,0.5966,0.344543,0.0132
DQN,1024,164,14760,286275.00,0.5941,0.369757,0.0133
DQN,1024,165,14850,248450.00,0.5916,0.353011,0.0133
DQN,1024,166,14940,285945.00,0.5892,0.356092,0.0133
DQN,1024,167,15030,265187.50,0.5867,0.356014,0.0134
DQN,1024,168,15120,303572.50,0.5842,0.333324,0.0134
DQN,1024,169,15210,277297.50,0.5817,0.344982,0.0135
DQN,1024,170,15300,271752.50,0.5793,0.338368,0.0134
DQN,1024,171,15390,253960.00,0.5768,0.345829,0.0136
DQN,1024,172,15480,278972.50,0.5743,0.333279,0.0135
DQN,1024,173,15570,268352.50,0.5718,0.341730,0.0135
DQN,1024,174,15660,270440.00,0.5694,0.332420,0.0135
DQN,1024,175,15750,259962.50,0.5669,0.341381,0.0135
DQN,1024,176,15840,282702.50,0.5644,0.321138,0.0135
DQN,1024,177,15930,313947.50,0.5619,0.324837,0.0136
DQN,1024,178,16020,256485.00,0.5595,0.333526,0.0135
DQN,1024,179,16110,260540.00,0.5570,0.349640,0.0135
DQN,1024,180,16200,248327.50,0.5545,0.343944,0.0135
DQN,1024,181,16290,249845.00,0.5520,0.342467,0.0154
DQN,1024,182,16380,258627.50,0.5495,0.359078,0.0122
DQN,1024,183,16470,284695.00,0.5471,0.349243,0.0120
DQN,1024,184,16560,264375.00,0.5446,0.342019,0.0122
DQN,1024,185,16650,284445.00,0.5421,0.333950,0.0123
DQN,1024,186,16740,275890.00,0.5396,0.330113,0.0123
DQN,1024,187,16830,266547.50,0.5372,0.332860,0.0124
DQN,1024,188,16920,279370.00,0.5347,0.330382,0.0124
DQN,1024,189,17010,255375.00,0.5322,0.322476,0.0128
DQN,1024,190,17100,291755.00,0.5297,0.325637,0.0127
DQN,1024,191,17190,268727.50,0.5273,0.323770,0.0126
DQN,1024,192,17280,302270.00,0.5248,0.326758,0.0126
DQN,1024,193,17370,282400.00,0.5223,0.335403,0.0126
DQN,1024,194,17460,270430.00,0.5199,0.340390,0.0125
DQN,1024,195,17550,285977.50,0.5174,0.330576,0.0125
DQN,1024,196,17640,267735.00,0.5149,0.330587,0.0126
DQN,1024,197,17730,268550.00,0.5124,0.323915,0.0126
DQN,1024,198,17820,267162.50,0.5100,0.320948,0.0125
DQN,1024,199,17910,284195.00,0.5075,0.328881,0.0126
DQN,1024,200,18000,257110.00,0.5050,0.316379,0.0126
DQN,1024,201,18090,284547.50,0.5025,0.331058,0.0156
DQN,1024,202,18180,278855.00,0.5000,0.333778,0.0127
DQN,1024,203,18270,287100.00,0.4976,0.320274,0.0133
DQN,1024,204,18360,263832.50,0.4951,0.336607,0.0134
DQN,1024,205,18450,262295.00,0.4926,0.314976,0.0134
DQN,1024,206,18540,259085.00,0.4901,0.324367,0.0135
DQN,1024,207,18630,284632.50,0.4877,0.324271,0.0134
DQN,1024,208,18720,278680.00,0.4852,0.298735,0.0135
DQN,1024,209,18810,279652.50,0.4827,0.296252,0.0134
DQN,1024,210,18900,289257.50,0.4802,0.298786,0.0136
DQN,1024,211,18990,273927.50,0.4778,0.309212,0.0135
DQN,1024,212,19080,279452.50,0.4753,0.308928,0.0165
DQN,1024,213,19170,288305.00,0.4728,0.307067,0.0123
DQN,1024,214,19260,295245.00,0.4703,0.308708,0.0126
DQN,1024,215,19350,265637.50,0.4679,0.300764,0.0130
DQN,1024,216,19440,288795.00,0.4654,0.297422,0.0129
DQN,1024,217,19530,301262.50,0.4629,0.304161,0.0129
DQN,1024,218,19620,273020.00,0.4604,0.318502,0.0129
DQN,1024,219,19710,279797.50,0.4580,0.325148,0.0130
DQN,1024,220,19800,282992.50,0.4555,0.327071,0.0130
DQN,1024,221,19890,261835.00,0.4530,0.304208,0.0130
DQN,1024,222,19980,271977.50,0.4506,0.309884,0.0130
DQN,1024,223,20070,282667.50,0.4481,0.305224,0.0131
DQN,1024,224,20160,288275.00,0.4456,0.306404,0.0130
DQN,1024,225,20250,296882.50,0.4431,0.305038,0.0129
DQN,1024,226,20340,284620.00,0.4407,0.309883,0.0131
DQN,1024,227,20430,280010.00,0.4382,0.311432,0.0130
DQN,1024,228,20520,298945.00,0.4357,0.306357,0.0130
DQN,1024,229,20610,295717.50,0.4332,0.329410,0.0131
DQN,1024,230,20700,277822.50,0.4308,0.327746,0.0131
DQN,1024,231,20790,277740.00,0.4283,0.325510,0.0131
DQN,1024,232,20880,271282.50,0.4258,0.329874,0.0131
DQN,1024,233,20970,278140.00,0.4233,0.333985,0.0131
DQN,1024,234,21060,286525.00,0.4209,0.312894,0.0132
DQN,1024,235,21150,293792.50,0.4184,0.311986,0.0131
DQN,1024,236,21240,255665.00,0.4159,0.311953,0.0131
DQN,1024,237,21330,292712.50,0.4134,0.312890,0.0130
DQN,1024,238,21420,285912.50,0.4110,0.309635,0.0132
DQN,1024,239,21510,236517.50,0.4085,0.307488,0.0131
DQN,1024,240,21600,281825.00,0.4060,0.308162,0.0131
DQN,1024,241,21690,282030.00,0.4035,0.291589,0.0131
DQN,1024,242,21780,280507.50,0.4011,0.285791,0.0131
DQN,1024,243,21870,288990.00,0.3986,0.291710,0.0132
DQN,1024,244,21960,289087.50,0.3961,0.296884,0.0131
DQN,1024,245,22050,264485.00,0.3936,0.309161,0.0131
DQN,1024,246,22140,300105.00,0.3911,0.301618,0.0132
DQN,1024,247,22230,289577.50,0.3887,0.296942,0.0132
DQN,1024,248,22320,270717.50,0.3862,0.301921,0.0131
DQN,1024,249,22410,283640.00,0.3837,0.315215,0.0131
DQN,1024,250,22500,284080.00,0.3812,0.313334,0.0131
DQN,1024,251,22590,290835.00,0.3788,0.315909,0.0167
DQN,1024,252,22680,276407.50,0.3763,0.308152,0.0126
DQN,1024,253,22770,287750.00,0.3738,0.324609,0.0132
DQN,1024,254,22860,282362.50,0.3713,0.309063,0.0132
DQN,1024,255,22950,285675.00,0.3689,0.310139,0.0134
DQN,1024,256,23040,286887.50,0.3664,0.306770,0.0133
DQN,1024,257,23130,285027.50,0.3639,0.311475,0.0135
DQN,1024,258,23220,276677.50,0.3614,0.310875,0.0135
DQN,1024,259,23310,297245.00,0.3590,0.312982,0.0135
DQN,1024,260,23400,290820.00,0.3565,0.318418,0.0135
DQN,1024,261,23490,275025.00,0.3540,0.308624,0.0135
DQN,1024,262,23580,280320.00,0.3516,0.301234,0.0136
DQN,1024,263,23670,272637.50,0.3491,0.305509,0.0136
DQN,1024,264,23760,301450.00,0.3466,0.304483,0.0137
DQN,1024,265,23850,287885.00,0.3441,0.295264,0.0136
DQN,1024,266,23940,286382.50,0.3417,0.303351,0.0136
DQN,1024,267,24030,273367.50,0.3392,0.315665,0.0137
DQN,1024,268,24120,280907.50,0.3367,0.311228,0.0136
DQN,1024,269,24210,260257.50,0.3342,0.309957,0.0137
DQN,1024,270,24300,269635.00,0.3317,0.314999,0.0136
DQN,1024,271,24390,291190.00,0.3293,0.297452,0.0136
DQN,1024,272,24480,293637.50,0.3268,0.302418,0.0136
DQN,1024,273,24570,291887.50,0.3243,0.299869,0.0137
DQN,1024,274,24660,283980.00,0.3218,0.291925,0.0136
DQN,1024,275,24750,302845.00,0.3194,0.282837,0.0137
DQN,1024,276,24840,287355.00,0.3169,0.304151,0.0136
DQN,1024,277,24930,272250.00,0.3144,0.291379,0.0136
DQN,1024,278,25020,283640.00,0.3120,0.304635,0.0136
DQN,1024,279,25110,282127.50,0.3095,0.317743,0.0137
DQN,1024,280,25200,286387.50,0.3070,0.287707,0.0136
DQN,1024,281,25290,280682.50,0.3045,0.297199,0.0136
DQN,1024,282,25380,263607.50,0.3021,0.292555,0.0248
DQN,1024,283,25470,282360.00,0.2996,0.308178,0.0586
DQN,1024,284,25560,280960.00,0.2971,0.288294,0.0320
DQN,1024,285,25650,275575.00,0.2946,0.281881,0.0125
DQN,1024,286,25740,305927.50,0.2922,0.282258,0.0157
DQN,1024,287,25830,296285.00,0.2897,0.282289,0.0125
DQN,1024,288,25920,285167.50,0.2872,0.258567,0.0132
DQN,1024,289,26010,275017.50,0.2847,0.275802,0.0133
DQN,1024,290,26100,282647.50,0.2823,0.279651,0.0135
DQN,1024,291,26190,285370.00,0.2798,0.276079,0.0147
DQN,1024,292,26280,284472.50,0.2773,0.268700,0.0120
DQN,1024,293,26370,271895.00,0.2748,0.265168,0.0121
DQN,1024,294,26460,282125.00,0.2723,0.276847,0.0151
DQN,1024,295,26550,295430.00,0.2699,0.285113,0.0131
DQN,1024,296,26640,285685.00,0.2674,0.271686,0.0138
DQN,1024,297,26730,286380.00,0.2649,0.263037,0.0138
DQN,1024,298,26820,284655.00,0.2624,0.279607,0.0147
DQN,1024,299,26910,279392.50,0.2600,0.265299,0.0145
DQN,1024,300,27000,289895.00,0.2575,0.286323,0.0140
DQN,1024,301,27090,283027.50,0.2550,0.284878,0.0152
DQN,1024,302,27180,282752.50,0.2526,0.289470,0.0139
DQN,1024,303,27270,295470.00,0.2501,0.280221,0.0148
DQN,1024,304,27360,275250.00,0.2476,0.281364,0.0151
DQN,1024,305,27450,298150.00,0.2451,0.279008,0.0143
DQN,1024,306,27540,276012.50,0.2427,0.313706,0.0138
DQN,1024,307,27630,277397.50,0.2402,0.303569,0.0136
DQN,1024,308,27720,272625.00,0.2377,0.284396,0.0135
DQN,1024,309,27810,268387.50,0.2352,0.302435,0.0137
DQN,1024,310,27900,277530.00,0.2328,0.304040,0.0129
DQN,1024,311,27990,280192.50,0.2303,0.299665,0.0154
DQN,1024,312,28080,276922.50,0.2278,0.287544,0.0127
DQN,1024,313,28170,279417.50,0.2253,0.285698,0.0147
DQN,1024,314,28260,296870.00,0.2228,0.281315,0.0129
DQN,1024,315,28350,284825.00,0.2204,0.276148,0.0130
DQN,1024,316,28440,298202.50,0.2179,0.274403,0.0131
DQN,1024,317,28530,277842.50,0.2154,0.272910,0.0132
DQN,1024,318,28620,294170.00,0.2129,0.277995,0.0139
DQN,1024,319,28710,281272.50,0.2105,0.269692,0.0139
DQN,1024,320,28800,283770.00,0.2080,0.278492,0.0131
DQN,1024,321,28890,286952.50,0.2055,0.268842,0.0132
DQN,1024,322,28980,285355.00,0.2030,0.273664,0.0132
DQN,1024,323,29070,275337.50,0.2006,0.276666,0.0132
DQN,1024,324,29160,261970.00,0.1981,0.289364,0.0156
DQN,1024,325,29250,279997.50,0.1956,0.275990,0.0130
DQN,1024,326,29340,287352.50,0.1932,0.275877,0.0130
DQN,1024,327,29430,283615.00,0.1907,0.269349,0.0120
DQN,1024,328,29520,285420.00,0.1882,0.270123,0.0123
DQN,1024,329,29610,295577.50,0.1857,0.252876,0.0126
DQN,1024,330,29700,279677.50,0.1833,0.238315,0.0125
DQN,1024,331,29790,287552.50,0.1808,0.241681,0.0127
DQN,1024,332,29880,315665.00,0.1783,0.257723,0.0127
DQN,1024,333,29970,283045.00,0.1758,0.242626,0.0127
DQN,1024,334,30060,289160.00,0.1734,0.240158,0.0129
DQN,1024,335,30150,280057.50,0.1709,0.250559,0.0144
DQN,1024,336,30240,295247.50,0.1684,0.244610,0.0135
DQN,1024,337,30330,291527.50,0.1659,0.241384,0.0130
DQN,1024,338,30420,276805.00,0.1634,0.229139,0.0132
DQN,1024,339,30510,292882.50,0.1610,0.236473,0.0131
DQN,1024,340,30600,267237.50,0.1585,0.249509,0.0132
DQN,1024,341,30690,288835.00,0.1560,0.254780,0.0149
DQN,1024,342,30780,296370.00,0.1536,0.259479,0.0132
DQN,1024,343,30870,288835.00,0.1511,0.244167,0.0135
DQN,1024,344,30960,292690.00,0.1486,0.248107,0.0140
DQN,1024,345,31050,283550.00,0.1461,0.252834,0.0131
DQN,1024,346,31140,287315.00,0.1437,0.227445,0.0146
DQN,1024,347,31230,295612.50,0.1412,0.228863,0.0131
DQN,1024,348,31320,284095.00,0.1387,0.232096,0.0132
DQN,1024,349,31410,293230.00,0.1362,0.224699,0.0147
DQN,1024,350,31500,290490.00,0.1338,0.241006,0.0132
DQN,1024,351,31590,300597.50,0.1313,0.234845,0.0221
DQN,1024,352,31680,281892.50,0.1288,0.235586,0.0226
DQN,1024,353,31770,280752.50,0.1263,0.247004,0.0158
DQN,1024,354,31860,295997.50,0.1239,0.226614,0.0128
DQN,1024,355,31950,301337.50,0.1214,0.239085,0.0125
DQN,1024,356,32040,297862.50,0.1189,0.244457,0.0125
DQN,1024,357,32130,272637.50,0.1164,0.244701,0.0127
DQN,1024,358,32220,278950.00,0.1139,0.243245,0.0127
DQN,1024,359,32310,289035.00,0.1115,0.245645,0.0126
DQN,1024,360,32400,288715.00,0.1090,0.239196,0.0129
DQN,1024,361,32490,278257.50,0.1065,0.236231,0.0129
DQN,1024,362,32580,296597.50,0.1040,0.236423,0.0172
DQN,1024,363,32670,289045.00,0.1016,0.227949,0.0143
DQN,1024,364,32760,299940.00,0.0991,0.235292,0.0130
DQN,1024,365,32850,301500.00,0.0966,0.235701,0.0122
DQN,1024,366,32940,300690.00,0.0941,0.231825,0.0137
DQN,1024,367,33030,296622.50,0.0917,0.227559,0.0127
DQN,1024,368,33120,292265.00,0.0892,0.258476,0.0131
DQN,1024,369,33210,282705.00,0.0867,0.246710,0.0155
DQN,1024,370,33300,298052.50,0.0842,0.244998,0.0128
DQN,1024,371,33390,284627.50,0.0818,0.265413,0.0133
DQN,1024,372,33480,297632.50,0.0793,0.250246,0.0135
DQN,1024,373,33570,293552.50,0.0768,0.255977,0.0153
DQN,1024,374,33660,285005.00,0.0743,0.251525,0.0159
DQN,1024,375,33750,280550.00,0.0719,0.242696,0.0159
DQN,1024,376,33840,280415.00,0.0694,0.241871,0.0146
DQN,1024,377,33930,285967.50,0.0669,0.240636,0.0125
DQN,1024,378,34020,279245.00,0.0645,0.241485,0.0131
DQN,1024,379,34110,285817.50,0.0620,0.240975,0.0137
DQN,1024,380,34200,282150.00,0.0595,0.240283,0.0144
DQN,1024,381,34290,291182.50,0.0570,0.234010,0.0122
DQN,1024,382,34380,291817.50,0.0546,0.238304,0.0124
DQN,1024,383,34470,300462.50,0.0521,0.243709,0.0205
DQN,1024,384,34560,285125.00,0.0496,0.224799,0.0144
DQN,1024,385,34650,296582.50,0.0471,0.216425,0.0227
DQN,1024,386,34740,293110.00,0.0447,0.219255,0.0123
DQN,1024,387,34830,306190.00,0.0422,0.216052,0.0127
DQN,1024,388,34920,291945.00,0.0397,0.222799,0.0131
DQN,1024,389,35010,312307.50,0.0372,0.229290,0.0132
DQN,1024,390,35100,291402.50,0.0348,0.242236,0.0124
DQN,1024,391,35190,281680.00,0.0323,0.242668,0.0141
DQN,1024,392,35280,289805.00,0.0298,0.251106,0.0148
DQN,1024,393,35370,281557.50,0.0273,0.252531,0.0123
DQN,1024,394,35460,281942.50,0.0249,0.244657,0.0126
DQN,1024,395,35550,291142.50,0.0224,0.234256,0.0188
DQN,1024,396,35640,302490.00,0.0199,0.258026,0.0150
DQN,1024,397,35730,304925.00,0.0174,0.229082,0.0138
DQN,1024,398,35820,285307.50,0.0150,0.242653,0.0150
DQN,1024,399,35910,286632.50,0.0125,0.232548,0.0140
DQN,1024,400,36000,295635.00,0.0100,0.230524,0.0138
DQN,1024,401,36090,290042.50,0.0100,0.245709,0.0149
DQN,1024,402,36180,299237.50,0.0100,0.248301,0.0156
DQN,1024,403,36270,291475.00,0.0100,0.239184,0.0146
DQN,1024,404,36360,298560.00,0.0100,0.239057,0.0145
DQN,1024,405,36450,297115.00,0.0100,0.244414,0.0186
DQN,1024,406,36540,289487.50,0.0100,0.244416,0.0161
DQN,1024,407,36630,281935.00,0.0100,0.251800,0.0134
DQN,1024,408,36720,294520.00,0.0100,0.249280,0.0132
DQN,1024,409,36810,288642.50,0.0100,0.246983,0.0123
DQN,1024,410,36900,274387.50,0.0100,0.236061,0.0147
DQN,1024,411,36990,287662.50,0.0100,0.256699,0.0126
DQN,1024,412,37080,286457.50,0.0100,0.218404,0.0130
DQN,1024,413,37170,306962.50,0.0100,0.238327,0.0124
DQN,1024,414,37260,296295.00,0.0100,0.230817,0.0127
DQN,1024,415,37350,289865.00,0.0100,0.226813,0.0130
DQN,1024,416,37440,288265.00,0.0100,0.228592,0.0131
DQN,1024,417,37530,299902.50,0.0100,0.232099,0.0149
DQN,1024,418,37620,297255.00,0.0100,0.242165,0.0127
DQN,1024,419,37710,289425.00,0.0100,0.248167,0.0154
DQN,1024,420,37800,289035.00,0.0100,0.237975,0.0148
DQN,1024,421,37890,301675.00,0.0100,0.231217,0.0121
DQN,1024,422,37980,284895.00,0.0100,0.234927,0.0122
DQN,1024,423,38070,284925.00,0.0100,0.241155,0.0125
DQN,1024,424,38160,283275.00,0.0100,0.244675,0.0128
DQN,1024,425,38250,290005.00,0.0100,0.241898,0.0147
DQN,1024,426,38340,284530.00,0.0100,0.245443,0.0125
DQN,1024,427,38430,300797.50,0.0100,0.245018,0.0146
DQN,1024,428,38520,302242.50,0.0100,0.241187,0.0134
DQN,1024,429,38610,291770.00,0.0100,0.222757,0.0144
DQN,1024,430,38700,307085.00,0.0100,0.225604,0.0127
DQN,1024,431,38790,281817.50,0.0100,0.226451,0.0130
DQN,1024,432,38880,316527.50,0.0100,0.214845,0.0131
DQN,1024,433,38970,284797.50,0.0100,0.217760,0.0154
DQN,1024,434,39060,303627.50,0.0100,0.248574,0.0124
DQN,1024,435,39150,281950.00,0.0100,0.244841,0.0127
DQN,1024,436,39240,293675.00,0.0100,0.248045,0.0148
DQN,1024,437,39330,284932.50,0.0100,0.255744,0.0143
DQN,1024,438,39420,297062.50,0.0100,0.238147,0.0129
DQN,1024,439,39510,289110.00,0.0100,0.249377,0.0125
DQN,1024,440,39600,291595.00,0.0100,0.239050,0.0125
DQN,1024,441,39690,274130.00,0.0100,0.236548,0.0142
DQN,1024,442,39780,283582.50,0.0100,0.236700,0.0149
DQN,1024,443,39870,289930.00,0.0100,0.229932,0.0127
DQN,1024,444,39960,286710.00,0.0100,0.243477,0.0129
DQN,1024,445,40050,291360.00,0.0100,0.242610,0.0130
DQN,1024,446,40140,291412.50,0.0100,0.226932,0.0131
DQN,1024,447,40230,294155.00,0.0100,0.245370,0.0131
DQN,1024,448,40320,296915.00,0.0100,0.242466,0.0132
DQN,1024,449,40410,282685.00,0.0100,0.232732,0.0131
DQN,1024,450,40500,290345.00,0.0100,0.236134,0.0136
DQN,1024,451,40590,296475.00,0.0100,0.231629,0.0184
DQN,1024,452,40680,288870.00,0.0100,0.228194,0.0130
DQN,1024,453,40770,296445.00,0.0100,0.229512,0.0145
DQN,1024,454,40860,297607.50,0.0100,0.234135,0.0136
DQN,1024,455,40950,293292.50,0.0100,0.222500,0.0132
DQN,1024,456,41040,289945.00,0.0100,0.222988,0.0127
DQN,1024,457,41130,287180.00,0.0100,0.221925,0.0130
DQN,1024,458,41220,307132.50,0.0100,0.231048,0.0136
DQN,1024,459,41310,301135.00,0.0100,0.234750,0.0130
DQN,1024,460,41400,300655.00,0.0100,0.224170,0.0138
DQN,1024,461,41490,290250.00,0.0100,0.225138,0.0129
DQN,1024,462,41580,299202.50,0.0100,0.226296,0.0154
DQN,1024,463,41670,290505.00,0.0100,0.237677,0.0135
DQN,1024,464,41760,301915.00,0.0100,0.215830,0.0123
DQN,1024,465,41850,296245.00,0.0100,0.226538,0.0131
DQN,1024,466,41940,277777.50,0.0100,0.230336,0.0142
DQN,1024,467,42030,292065.00,0.0100,0.233480,0.0149
DQN,1024,468,42120,303380.00,0.0100,0.225661,0.0126
DQN,1024,469,42210,291050.00,0.0100,0.221116,0.0159
DQN,1024,470,42300,288170.00,0.0100,0.223330,0.0123
DQN,1024,471,42390,296275.00,0.0100,0.212788,0.0122
DQN,1024,472,42480,290860.00,0.0100,0.210061,0.0142
DQN,1024,473,42570,298337.50,0.0100,0.231195,0.0137
DQN,1024,474,42660,291787.50,0.0100,0.223253,0.0152
DQN,1024,475,42750,279977.50,0.0100,0.232056,0.0126
DQN,1024,476,42840,292780.00,0.0100,0.224601,0.0137
DQN,1024,477,42930,296937.50,0.0100,0.223646,0.0171
DQN,1024,478,43020,294477.50,0.0100,0.239031,0.0139
DQN,1024,479,43110,293422.50,0.0100,0.241505,0.0126
DQN,1024,480,43200,281075.00,0.0100,0.236497,0.0131
DQN,1024,481,43290,295900.00,0.0100,0.243478,0.0130
DQN,1024,482,43380,287047.50,0.0100,0.238982,0.0131
DQN,1024,483,43470,290037.50,0.0100,0.234385,0.0132
DQN,1024,484,43560,293395.00,0.0100,0.222411,0.0131
DQN,1024,485,43650,288127.50,0.0100,0.206592,0.0154
DQN,1024,486,43740,289667.50,0.0100,0.211056,0.0121
DQN,1024,487,43830,300752.50,0.0100,0.210286,0.0122
DQN,1024,488,43920,298357.50,0.0100,0.202364,0.0146
DQN,1024,489,44010,294062.50,0.0100,0.205841,0.0128
DQN,1024,490,44100,289290.00,0.0100,0.215714,0.0133
DQN,1024,491,44190,292855.00,0.0100,0.220811,0.0135
DQN,1024,492,44280,299427.50,0.0100,0.213709,0.0135
DQN,1024,493,44370,274562.50,0.0100,0.210056,0.0158
DQN,1024,494,44460,286852.50,0.0100,0.203381,0.0131
DQN,1024,495,44550,287222.50,0.0100,0.206735,0.0136
DQN,1024,496,44640,286815.00,0.0100,0.208272,0.0129
DQN,1024,497,44730,304465.00,0.0100,0.208850,0.0131
DQN,1024,498,44820,297830.00,0.0100,0.216065,0.0139
DQN,1024,499,44910,298507.50,0.0100,0.211453,0.0177
DQN,1024,500,45000,296950.00,0.0100,0.212241,0.0136
