policy,seed,episode,total_steps,reward,epsilon,loss,duration_sec
DQN,42,1,90,120610.00,0.9975,0.000000,0.0006
DQN,42,2,180,172257.50,0.9950,0.000000,0.0006
DQN,42,3,270,88025.00,0.9926,0.000000,0.0006
DQN,42,4,360,132415.00,0.9901,0.000000,0.0005
DQN,42,5,450,67200.00,0.9876,0.000000,0.0005
DQN,42,6,540,151772.50,0.9851,3.786380,0.0064
DQN,42,7,630,164490.00,0.9827,3.325679,0.0128
DQN,42,8,720,113867.50,0.9802,5.323067,0.0130
DQN,42,9,810,31767.50,0.9777,5.175051,0.0130
DQN,42,10,900,60075.00,0.9752,1.869308,0.0131
DQN,42,11,990,131327.50,0.9728,1.484156,0.0131
DQN,42,12,1080,99615.00,0.9703,1.235668,0.0131
DQN,42,13,1170,131015.00,0.9678,1.206640,0.0133
DQN,42,14,1260,158012.50,0.9654,1.209983,0.0132
DQN,42,15,1350,128682.50,0.9629,1.144687,0.0154
DQN,42,16,1440,145562.50,0.9604,1.258539,0.0137
DQN,42,17,1530,123882.50,0.9579,1.325058,0.0131
DQN,42,18,1620,147590.00,0.9555,1.237377,0.0134
DQN,42,19,1710,174225.00,0.9530,1.577628,0.0144
DQN,42,20,1800,111540.00,0.9505,1.715357,0.0149
DQN,42,21,1890,110237.50,0.9480,1.610032,0.0138
DQN,42,22,1980,101320.00,0.9456,1.739770,0.0141
DQN,42,23,2070,139177.50,0.9431,1.716483,0.0147
DQN,42,24,2160,189742.50,0.9406,1.812764,0.0132
DQN,42,25,2250,190460.00,0.9381,1.485698,0.0134
DQN,42,26,2340,117365.00,0.9356,1.472212,0.0150
DQN,42,27,2430,152932.50,0.9332,1.569195,0.0154
DQN,42,28,2520,187040.00,0.9307,1.734725,0.0142
DQN,42,29,2610,113475.00,0.9282,1.610781,0.0137
DQN,42,30,2700,99607.50,0.9257,1.566752,0.0142
DQN,42,31,2790,93447.50,0.9233,1.312818,0.0136
DQN,42,32,2880,169125.00,0.9208,1.332271,0.0142
DQN,42,33,2970,163595.00,0.9183,1.265301,0.0154
DQN,42,34,3060,125797.50,0.9159,1.052806,0.0159
DQN,42,35,3150,130537.50,0.9134,0.896545,0.0160
DQN,42,36,3240,113555.00,0.9109,0.866056,0.0139
DQN,42,37,3330,150785.00,0.9084,0.813444,0.0145
DQN,42,38,3420,114755.00,0.9060,0.749983,0.0137
DQN,42,39,3510,131725.00,0.9035,0.724865,0.0133
DQN,42,40,3600,146962.50,0.9010,0.686212,0.0135
DQN,42,41,3690,159307.50,0.8985,0.705292,0.0160
DQN,42,42,3780,144607.50,0.8961,0.685840,0.0137
DQN,42,43,3870,128085.00,0.8936,0.670911,0.0202
DQN,42,44,3960,166975.00,0.8911,0.693361,0.0161
DQN,42,45,4050,119225.00,0.8886,0.636552,0.0137
DQN,42,46,4140,146350.00,0.8861,0.634078,0.0139
DQN,42,47,4230,147240.00,0.8837,0.646484,0.0153
DQN,42,48,4320,186860.00,0.8812,0.665352,0.0143
DQN,42,49,4410,47392.50,0.8787,0.663206,0.0161
DQN,42,50,4500,166715.00,0.8762,0.638304,0.0144
DQN,42,51,4590,143790.00,0.8738,0.636271,0.0154
DQN,42,52,4680,179305.00,0.8713,0.651905,0.0145
DQN,42,53,4770,152707.50,0.8688,0.660457,0.0146
DQN,42,54,4860,128607.50,0.8663,0.611724,0.0146
DQN,42,55,4950,180197.50,0.8639,0.626746,0.0148
DQN,42,56,5040,146307.50,0.8614,0.630848,0.0156
DQN,42,57,5130,155875.00,0.8589,0.628392,0.0157
DQN,42,58,5220,123262.50,0.8565,0.628461,0.0145
DQN,42,59,5310,121027.50,0.8540,0.626536,0.0143
DQN,42,60,5400,188170.00,0.8515,0.643309,0.0157
DQN,42,61,5490,149667.50,0.8490,0.622781,0.0207
DQN,42,62,5580,172892.50,0.8466,0.627846,0.0148
DQN,42,63,5670,172172.50,0.8441,0.630949,0.0146
DQN,42,64,5760,173940.00,0.8416,0.604541,0.0153
DQN,42,65,5850,179250.00,0.8391,0.646705,0.0139
DQN,42,66,5940,180875.00,0.8367,0.650058,0.0136
DQN,42,67,6030,135785.00,0.8342,0.628117,0.0148
DQN,42,68,6120,110772.50,0.8317,0.604142,0.0149
DQN,42,69,6210,144647.50,0.8292,0.640690,0.0165
DQN,42,70,6300,155140.00,0.8267,0.622368,0.0148
DQN,42,71,6390,85695.00,0.8243,0.612180,0.0163
DQN,42,72,6480,186147.50,0.8218,0.605210,0.0152
DQN,42,73,6570,181632.50,0.8193,0.626889,0.0134
DQN,42,74,6660,128487.50,0.8168,0.606667,0.0136
DQN,42,75,6750,105427.50,0.8144,0.634110,0.0138
DQN,42,76,6840,146922.50,0.8119,0.619907,0.0154
DQN,42,77,6930,177042.50,0.8094,0.611929,0.0158
DQN,42,78,7020,171007.50,0.8070,0.576568,0.0153
DQN,42,79,7110,166785.00,0.8045,0.625824,0.0144
DQN,42,80,7200,200732.50,0.8020,0.613652,0.0144
DQN,42,81,7290,184450.00,0.7995,0.598458,0.0160
DQN,42,82,7380,156067.50,0.7971,0.592922,0.0155
DQN,42,83,7470,172460.00,0.7946,0.596634,0.0146
DQN,42,84,7560,187382.50,0.7921,0.599564,0.0149
DQN,42,85,7650,200925.00,0.7896,0.603060,0.0149
DQN,42,86,7740,181277.50,0.7872,0.630967,0.0134
DQN,42,87,7830,174025.00,0.7847,0.627410,0.0155
DQN,42,88,7920,121452.50,0.7822,0.624550,0.0156
DQN,42,89,8010,172010.00,0.7797,0.590277,0.0162
DQN,42,90,8100,199460.00,0.7772,0.604994,0.0145
DQN,42,91,8190,184970.00,0.7748,0.591388,0.0157
DQN,42,92,8280,191602.50,0.7723,0.608734,0.0151
DQN,42,93,8370,182497.50,0.7698,0.589188,0.0152
DQN,42,94,8460,182807.50,0.7673,0.566982,0.0146
DQN,42,95,8550,211280.00,0.7649,0.600771,0.0151
DQN,42,96,8640,217417.50,0.7624,0.580479,0.0146
DQN,42,97,8730,136342.50,0.7599,0.559768,0.0135
DQN,42,98,8820,222565.00,0.7574,0.579609,0.0155
DQN,42,99,8910,167737.50,0.7550,0.587519,0.0156
DQN,42,100,9000,151235.00,0.7525,0.600191,0.0164
DQN,42,101,9090,167217.50,0.7500,0.586976,0.0150
DQN,42,102,9180,222397.50,0.7475,0.569455,0.0173
DQN,42,103,9270,209125.00,0.7451,0.574073,0.0143
DQN,42,104,9360,234107.50,0.7426,0.565944,0.0153
DQN,42,105,9450,186710.00,0.7401,0.562049,0.0152
DQN,42,106,9540,204392.50,0.7376,0.571932,0.0151
DQN,42,107,9630,207222.50,0.7352,0.571774,0.0138
DQN,42,108,9720,189800.00,0.7327,0.566251,0.0134
DQN,42,109,9810,160155.00,0.7302,0.577696,0.0148
DQN,42,110,9900,185485.00,0.7278,0.551994,0.0153
DQN,42,111,9990,211292.50,0.7253,0.559085,0.0143
DQN,42,112,10080,159155.00,0.7228,0.553780,0.0156
DQN,42,113,10170,220472.50,0.7203,0.552008,0.0148
DQN,42,114,10260,206507.50,0.7179,0.563111,0.0149
DQN,42,115,10350,189787.50,0.7154,0.559375,0.0158
DQN,42,116,10440,211545.00,0.7129,0.558186,0.0160
DQN,42,117,10530,217225.00,0.7104,0.568374,0.0155
DQN,42,118,10620,189852.50,0.7080,0.562829,0.0153
DQN,42,119,10710,222395.00,0.7055,0.568099,0.0140
DQN,42,120,10800,195800.00,0.7030,0.549647,0.0143
DQN,42,121,10890,186052.50,0.7005,0.548695,0.0152
DQN,42,122,10980,199470.00,0.6981,0.525050,0.0145
DQN,42,123,11070,139780.00,0.6956,0.551729,0.0139
DQN,42,124,11160,205802.50,0.6931,0.555379,0.0138
DQN,42,125,11250,155820.00,0.6906,0.544546,0.0149
DQN,42,126,11340,174657.50,0.6882,0.565090,0.0155
DQN,42,127,11430,203955.00,0.6857,0.572189,0.0145
DQN,42,128,11520,165597.50,0.6832,0.567059,0.0134
DQN,42,129,11610,189115.00,0.6807,0.542321,0.0153
DQN,42,130,11700,217632.50,0.6783,0.544786,0.0153
DQN,42,131,11790,194825.00,0.6758,0.525973,0.0145
DQN,42,132,11880,181850.00,0.6733,0.533383,0.0158
DQN,42,133,11970,217982.50,0.6708,0.520591,0.0163
DQN,42,134,12060,182987.50,0.6683,0.569991,0.0141
DQN,42,135,12150,213862.50,0.6659,0.547604,0.0148
DQN,42,136,12240,219947.50,0.6634,0.517629,0.0162
DQN,42,137,12330,183267.50,0.6609,0.551026,0.0152
DQN,42,138,12420,158990.00,0.6584,0.545142,0.0147
DQN,42,139,12510,200247.50,0.6560,0.528062,0.0136
DQN,42,140,12600,169530.00,0.6535,0.534355,0.0140
DQN,42,141,12690,204862.50,0.6510,0.528714,0.0141
DQN,42,142,12780,192377.50,0.6485,0.529170,0.0162
DQN,42,143,12870,222697.50,0.6461,0.534960,0.0143
DQN,42,144,12960,197587.50,0.6436,0.519959,0.0168
DQN,42,145,13050,220522.50,0.6411,0.518489,0.0150
DQN,42,146,13140,168567.50,0.6386,0.541187,0.0152
DQN,42,147,13230,197767.50,0.6362,0.520820,0.0151
DQN,42,148,13320,178967.50,0.6337,0.518646,0.0155
DQN,42,149,13410,203950.00,0.6312,0.528142,0.0140
DQN,42,150,13500,200092.50,0.6288,0.507899,0.0137
DQN,42,151,13590,165690.00,0.6263,0.546316,0.0152
DQN,42,152,13680,214365.00,0.6238,0.517441,0.0166
DQN,42,153,13770,230515.00,0.6213,0.526444,0.0158
DQN,42,154,13860,239635.00,0.6189,0.521051,0.0160
DQN,42,155,13950,169062.50,0.6164,0.511625,0.0150
DQN,42,156,14040,212012.50,0.6139,0.521298,0.0161
DQN,42,157,14130,193362.50,0.6114,0.510424,0.0154
DQN,42,158,14220,227247.50,0.6089,0.513113,0.0145
DQN,42,159,14310,202725.00,0.6065,0.509592,0.0151
DQN,42,160,14400,207037.50,0.6040,0.514266,0.0169
DQN,42,161,14490,215322.50,0.6015,0.520577,0.0158
DQN,42,162,14580,216232.50,0.5990,0.523103,0.0154
DQN,42,163,14670,220055.00,0.5966,0.507609,0.0139
DQN,42,164,14760,224662.50,0.5941,0.516629,0.0138
DQN,42,165,14850,213392.50,0.5916,0.522088,0.0149
DQN,42,166,14940,194072.50,0.5892,0.514162,0.0163
DQN,42,167,15030,218850.00,0.5867,0.518402,0.0143
DQN,42,168,15120,215622.50,0.5842,0.523866,0.0151
DQN,42,169,15210,210865.00,0.5817,0.506483,0.0169
DQN,42,170,15300,190470.00,0.5793,0.479244,0.0162
DQN,42,171,15390,205350.00,0.5768,0.476471,0.0172
DQN,42,172,15480,179227.50,0.5743,0.507252,0.0161
DQN,42,173,15570,215267.50,0.5718,0.506270,0.0166
DQN,42,174,15660,158105.00,0.5694,0.492982,0.0167
DQN,42,175,15750,203672.50,0.5669,0.513161,0.0147
DQN,42,176,15840,219117.50,0.5644,0.517803,0.0149
DQN,42,177,15930,205282.50,0.5619,0.516620,0.0149
DQN,42,178,16020,213640.00,0.5595,0.479605,0.0165
DQN,42,179,16110,198950.00,0.5570,0.493983,0.0206
DQN,42,180,16200,219407.50,0.5545,0.505809,0.0164
DQN,42,181,16290,217010.00,0.5520,0.497150,0.0155
DQN,42,182,16380,194972.50,0.5495,0.473431,0.0166
DQN,42,183,16470,212315.00,0.5471,0.489733,0.0167
DQN,42,184,16560,220460.00,0.5446,0.471356,0.0183
DQN,42,185,16650,190962.50,0.5421,0.502864,0.0169
DQN,42,186,16740,185077.50,0.5396,0.494785,0.0158
DQN,42,187,16830,189445.00,0.5372,0.478399,0.0146
DQN,42,188,16920,210375.00,0.5347,0.502064,0.0206
DQN,42,189,17010,224637.50,0.5322,0.484854,0.0163
DQN,42,190,17100,198720.00,0.5297,0.464468,0.0141
DQN,42,191,17190,211315.00,0.5273,0.474559,0.0163
DQN,42,192,17280,213742.50,0.5248,0.495335,0.0167
DQN,42,193,17370,214325.00,0.5223,0.493923,0.0166
DQN,42,194,17460,206545.00,0.5199,0.504554,0.0159
DQN,42,195,17550,221687.50,0.5174,0.484862,0.0163
DQN,42,196,17640,225107.50,0.5149,0.491087,0.0161
DQN,42,197,17730,200872.50,0.5124,0.491317,0.0159
DQN,42,198,17820,211032.50,0.5100,0.477404,0.0144
DQN,42,199,17910,228320.00,0.5075,0.484632,0.0150
DQN,42,200,18000,213805.00,0.5050,0.476163,0.0153
DQN,42,201,18090,224595.00,0.5025,0.482065,0.0184
DQN,42,202,18180,218062.50,0.5000,0.497478,0.0151
DQN,42,203,18270,195800.00,0.4976,0.478205,0.0136
DQN,42,204,18360,204672.50,0.4951,0.477655,0.0242
DQN,42,205,18450,218992.50,0.4926,0.470329,0.0147
DQN,42,206,18540,205780.00,0.4901,0.469692,0.0149
DQN,42,207,18630,243380.00,0.4877,0.482388,0.0153
DQN,42,208,18720,213170.00,0.4852,0.488839,0.0141
DQN,42,209,18810,220387.50,0.4827,0.483197,0.0148
DQN,42,210,18900,220692.50,0.4802,0.464305,0.0218
DQN,42,211,18990,188090.00,0.4778,0.463485,0.0163
DQN,42,212,19080,212207.50,0.4753,0.480683,0.0150
DQN,42,213,19170,220382.50,0.4728,0.483946,0.0150
DQN,42,214,19260,208725.00,0.4703,0.465680,0.0138
DQN,42,215,19350,222790.00,0.4679,0.486680,0.0158
DQN,42,216,19440,214122.50,0.4654,0.515443,0.0236
DQN,42,217,19530,217910.00,0.4629,0.464848,0.0147
DQN,42,218,19620,241995.00,0.4604,0.469948,0.0145
DQN,42,219,19710,229720.00,0.4580,0.504751,0.0146
DQN,42,220,19800,201847.50,0.4555,0.481174,0.0171
DQN,42,221,19890,223837.50,0.4530,0.470018,0.0147
DQN,42,222,19980,247992.50,0.4506,0.461049,0.0147
DQN,42,223,20070,219315.00,0.4481,0.499874,0.0175
DQN,42,224,20160,217125.00,0.4456,0.463264,0.0235
DQN,42,225,20250,229480.00,0.4431,0.453921,0.0159
DQN,42,226,20340,208340.00,0.4407,0.467429,0.0145
DQN,42,227,20430,209502.50,0.4382,0.443237,0.0145
DQN,42,228,20520,219195.00,0.4357,0.445182,0.0160
DQN,42,229,20610,201387.50,0.4332,0.465883,0.0167
DQN,42,230,20700,208002.50,0.4308,0.456887,0.0143
DQN,42,231,20790,223682.50,0.4283,0.471407,0.0158
DQN,42,232,20880,206345.00,0.4258,0.484355,0.0162
DQN,42,233,20970,231865.00,0.4233,0.459752,0.0216
DQN,42,234,21060,210167.50,0.4209,0.460951,0.0141
DQN,42,235,21150,199950.00,0.4184,0.450388,0.0160
DQN,42,236,21240,224632.50,0.4159,0.453102,0.0159
DQN,42,237,21330,214227.50,0.4134,0.447608,0.0161
DQN,42,238,21420,197160.00,0.4110,0.428266,0.0162
DQN,42,239,21510,240697.50,0.4085,0.458353,0.0158
DQN,42,240,21600,227930.00,0.4060,0.447837,0.0143
DQN,42,241,21690,229180.00,0.4035,0.467944,0.0151
DQN,42,242,21780,222940.00,0.4011,0.424204,0.0148
DQN,42,243,21870,207972.50,0.3986,0.417065,0.0153
DQN,42,244,21960,222635.00,0.3961,0.419516,0.0157
DQN,42,245,22050,192442.50,0.3936,0.449898,0.0158
DQN,42,246,22140,226990.00,0.3911,0.438499,0.0175
DQN,42,247,22230,221515.00,0.3887,0.411329,0.0215
DQN,42,248,22320,184157.50,0.3862,0.440016,0.0150
DQN,42,249,22410,231320.00,0.3837,0.445895,0.0148
DQN,42,250,22500,210982.50,0.3812,0.455686,0.0164
DQN,42,251,22590,239380.00,0.3788,0.422948,0.0167
DQN,42,252,22680,245657.50,0.3763,0.419062,0.0160
DQN,42,253,22770,224837.50,0.3738,0.410469,0.0146
DQN,42,254,22860,226990.00,0.3713,0.419900,0.0166
DQN,42,255,22950,229032.50,0.3689,0.421607,0.0215
DQN,42,256,23040,233542.50,0.3664,0.412411,0.0172
DQN,42,257,23130,230557.50,0.3639,0.420746,0.0165
DQN,42,258,23220,228625.00,0.3614,0.407600,0.0162
DQN,42,259,23310,218167.50,0.3590,0.414456,0.0169
DQN,42,260,23400,229177.50,0.3565,0.424330,0.0163
DQN,42,261,23490,232345.00,0.3540,0.418003,0.0169
DQN,42,262,23580,232645.00,0.3516,0.415362,0.0160
DQN,42,263,23670,223480.00,0.3491,0.412127,0.0152
DQN,42,264,23760,245972.50,0.3466,0.426965,0.0159
DQN,42,265,23850,236070.00,0.3441,0.406274,0.0148
DQN,42,266,23940,223120.00,0.3417,0.415442,0.0155
DQN,42,267,24030,235645.00,0.3392,0.398520,0.0161
DQN,42,268,24120,221630.00,0.3367,0.401898,0.0162
DQN,42,269,24210,242127.50,0.3342,0.393490,0.0152
DQN,42,270,24300,195327.50,0.3317,0.401894,0.0133
DQN,42,271,24390,227667.50,0.3293,0.409768,0.0151
DQN,42,272,24480,256115.00,0.3268,0.417862,0.0154
DQN,42,273,24570,244130.00,0.3243,0.419558,0.0164
DQN,42,274,24660,227652.50,0.3218,0.397145,0.0158
DQN,42,275,24750,239770.00,0.3194,0.401343,0.0155
DQN,42,276,24840,238677.50,0.3169,0.404041,0.0150
DQN,42,277,24930,238462.50,0.3144,0.396596,0.0150
DQN,42,278,25020,230737.50,0.3120,0.387617,0.0187
DQN,42,279,25110,229087.50,0.3095,0.398625,0.0170
DQN,42,280,25200,219755.00,0.3070,0.407881,0.0147
DQN,42,281,25290,242402.50,0.3045,0.388145,0.0150
DQN,42,282,25380,230812.50,0.3021,0.375721,0.0153
DQN,42,283,25470,239097.50,0.2996,0.393596,0.0165
DQN,42,284,25560,224870.00,0.2971,0.382441,0.0153
DQN,42,285,25650,224512.50,0.2946,0.393372,0.0164
DQN,42,286,25740,226470.00,0.2922,0.380245,0.0153
DQN,42,287,25830,229267.50,0.2897,0.388013,0.0161
DQN,42,288,25920,228072.50,0.2872,0.385575,0.0206
DQN,42,289,26010,226830.00,0.2847,0.390949,0.0142
DQN,42,290,26100,228905.00,0.2823,0.394691,0.0138
DQN,42,291,26190,237250.00,0.2798,0.371451,0.0142
DQN,42,292,26280,245467.50,0.2773,0.372192,0.0160
DQN,42,293,26370,237447.50,0.2748,0.383688,0.0163
DQN,42,294,26460,223670.00,0.2723,0.365706,0.0166
DQN,42,295,26550,210155.00,0.2699,0.362095,0.0147
DQN,42,296,26640,222595.00,0.2674,0.384529,0.0168
DQN,42,297,26730,218682.50,0.2649,0.366420,0.0151
DQN,42,298,26820,240217.50,0.2624,0.386581,0.0246
DQN,42,299,26910,234347.50,0.2600,0.375340,0.0154
DQN,42,300,27000,243187.50,0.2575,0.385096,0.0137
DQN,42,301,27090,232775.00,0.2550,0.366644,0.0176
DQN,42,302,27180,230157.50,0.2526,0.391883,0.0206
DQN,42,303,27270,227407.50,0.2501,0.384258,0.0160
DQN,42,304,27360,242705.00,0.2476,0.346509,0.0156
DQN,42,305,27450,230072.50,0.2451,0.346035,0.0150
DQN,42,306,27540,242735.00,0.2427,0.354881,0.0141
DQN,42,307,27630,225737.50,0.2402,0.369452,0.0142
DQN,42,308,27720,200172.50,0.2377,0.354245,0.0168
DQN,42,309,27810,218832.50,0.2352,0.365061,0.0147
DQN,42,310,27900,242042.50,0.2328,0.361994,0.0149
DQN,42,311,27990,219115.00,0.2303,0.361647,0.0155
DQN,42,312,28080,231707.50,0.2278,0.340433,0.0156
DQN,42,313,28170,217510.00,0.2253,0.359016,0.0160
DQN,42,314,28260,245607.50,0.2228,0.350205,0.0169
DQN,42,315,28350,242872.50,0.2204,0.369083,0.0155
DQN,42,316,28440,234285.00,0.2179,0.341874,0.0143
DQN,42,317,28530,242237.50,0.2154,0.360838,0.0154
DQN,42,318,28620,203077.50,0.2129,0.352945,0.0165
DQN,42,319,28710,231825.00,0.2105,0.353734,0.0139
DQN,42,320,28800,228955.00,0.2080,0.342800,0.0144
DQN,42,321,28890,230867.50,0.2055,0.365446,0.0158
DQN,42,322,28980,239537.50,0.2030,0.351614,0.0242
DQN,42,323,29070,227862.50,0.2006,0.346632,0.0140
DQN,42,324,29160,251920.00,0.1981,0.349392,0.0143
DQN,42,325,29250,244665.00,0.1956,0.343335,0.0148
DQN,42,326,29340,230407.50,0.1932,0.336362,0.0239
DQN,42,327,29430,230957.50,0.1907,0.343701,0.0166
DQN,42,328,29520,224742.50,0.1882,0.336631,0.0151
DQN,42,329,29610,232465.00,0.1857,0.349217,0.0153
DQN,42,330,29700,224752.50,0.1833,0.344415,0.0186
DQN,42,331,29790,213272.50,0.1808,0.355344,0.0150
DQN,42,332,29880,215690.00,0.1783,0.344968,0.0188
DQN,42,333,29970,225787.50,0.1758,0.329966,0.0188
DQN,42,334,30060,221565.00,0.1734,0.343335,0.0152
DQN,42,335,30150,220537.50,0.1709,0.338439,0.0150
DQN,42,336,30240,222460.00,0.1684,0.350578,0.0155
DQN,42,337,30330,238605.00,0.1659,0.340458,0.0156
DQN,42,338,30420,229200.00,0.1634,0.331333,0.0168
DQN,42,339,30510,231207.50,0.1610,0.349624,0.0157
DQN,42,340,30600,229890.00,0.1585,0.351071,0.0153
DQN,42,341,30690,231907.50,0.1560,0.339240,0.0163
DQN,42,342,30780,230257.50,0.1536,0.353769,0.0151
DQN,42,343,30870,242542.50,0.1511,0.335047,0.0149
DQN,42,344,30960,238885.00,0.1486,0.335563,0.0152
DQN,42,345,31050,246415.00,0.1461,0.325511,0.0152
DQN,42,346,31140,229770.00,0.1437,0.345250,0.0152
DQN,42,347,31230,250295.00,0.1412,0.346167,0.0210
DQN,42,348,31320,230517.50,0.1387,0.330368,0.0165
DQN,42,349,31410,220565.00,0.1362,0.339078,0.0148
DQN,42,350,31500,237140.00,0.1338,0.312488,0.0146
DQN,42,351,31590,236042.50,0.1313,0.329214,0.0233
DQN,42,352,31680,243265.00,0.1288,0.325739,0.0152
DQN,42,353,31770,227867.50,0.1263,0.333620,0.0141
DQN,42,354,31860,232787.50,0.1239,0.320942,0.0146
DQN,42,355,31950,241617.50,0.1214,0.320906,0.0165
DQN,42,356,32040,234962.50,0.1189,0.312236,0.0157
DQN,42,357,32130,228185.00,0.1164,0.311620,0.0232
DQN,42,358,32220,237005.00,0.1139,0.310293,0.0138
DQN,42,359,32310,252997.50,0.1115,0.318900,0.0150
DQN,42,360,32400,243385.00,0.1090,0.323926,0.0169
DQN,42,361,32490,237750.00,0.1065,0.337583,0.0156
DQN,42,362,32580,242045.00,0.1040,0.319015,0.0168
DQN,42,363,32670,242590.00,0.1016,0.298176,0.0152
DQN,42,364,32760,231160.00,0.0991,0.304961,0.0150
DQN,42,365,32850,249360.00,0.0966,0.322151,0.0172
DQN,42,366,32940,235217.50,0.0941,0.318767,0.0141
DQN,42,367,33030,242762.50,0.0917,0.307344,0.0242
DQN,42,368,33120,241982.50,0.0892,0.316066,0.0162
DQN,42,369,33210,226820.00,0.0867,0.315930,0.0141
DQN,42,370,33300,228675.00,0.0842,0.305574,0.0238
DQN,42,371,33390,234737.50,0.0818,0.309203,0.0145
DQN,42,372,33480,218197.50,0.0793,0.313463,0.0147
DQN,42,373,33570,236730.00,0.0768,0.306664,0.0137
DQN,42,374,33660,237985.00,0.0743,0.321215,0.0171
DQN,42,375,33750,241282.50,0.0719,0.310127,0.0149
DQN,42,376,33840,242645.00,0.0694,0.306672,0.0151
DQN,42,377,33930,229637.50,0.0669,0.306185,0.0152
DQN,42,378,34020,226557.50,0.0645,0.304835,0.0151
DQN,42,379,34110,241922.50,0.0620,0.303505,0.0152
DQN,42,380,34200,236015.00,0.0595,0.311184,0.0154
DQN,42,381,34290,240357.50,0.0570,0.312761,0.0148
DQN,42,382,34380,236405.00,0.0546,0.309885,0.0149
DQN,42,383,34470,236835.00,0.0521,0.295479,0.0170
DQN,42,384,34560,232117.50,0.0496,0.297127,0.0151
DQN,42,385,34650,217360.00,0.0471,0.304842,0.0153
DQN,42,386,34740,242332.50,0.0447,0.298340,0.0155
DQN,42,387,34830,223202.50,0.0422,0.304214,0.0140
DQN,42,388,34920,237392.50,0.0397,0.299927,0.0154
DQN,42,389,35010,235982.50,0.0372,0.294881,0.0151
DQN,42,390,35100,226760.00,0.0348,0.295464,0.0221
DQN,42,391,35190,239897.50,0.0323,0.300195,0.0150
DQN,42,392,35280,240287.50,0.0298,0.297901,0.0144
DQN,42,393,35370,237182.50,0.0273,0.316858,0.0166
DQN,42,394,35460,235470.00,0.0249,0.300054,0.0158
DQN,42,395,35550,244297.50,0.0224,0.316982,0.0153
DQN,42,396,35640,231870.00,0.0199,0.301587,0.0227
DQN,42,397,35730,241610.00,0.0174,0.290405,0.0138
DQN,42,398,35820,231470.00,0.0150,0.282066,0.0167
DQN,42,399,35910,230682.50,0.0125,0.285442,0.0160
DQN,42,400,36000,234680.00,0.0100,0.302072,0.0149
DQN,42,401,36090,221882.50,0.0100,0.288779,0.0155
DQN,42,402,36180,237750.00,0.0100,0.301450,0.0163
DQN,42,403,36270,230375.00,0.0100,0.298674,0.0150
DQN,42,404,36360,240655.00,0.0100,0.293284,0.0147
DQN,42,405,36450,243992.50,0.0100,0.285494,0.0146
DQN,42,406,36540,232150.00,0.0100,0.284336,0.0146
DQN,42,407,36630,225207.50,0.0100,0.296891,0.0147
DQN,42,408,36720,238292.50,0.0100,0.290745,0.0161
DQN,42,409,36810,221575.00,0.0100,0.282169,0.0151
DQN,42,410,36900,238022.50,0.0100,0.292436,0.0148
DQN,42,411,36990,239217.50,0.0100,0.277923,0.0148
DQN,42,412,37080,221555.00,0.0100,0.294103,0.0158
DQN,42,413,37170,235272.50,0.0100,0.284965,0.0177
DQN,42,414,37260,241007.50,0.0100,0.279828,0.0153
DQN,42,415,37350,241557.50,0.0100,0.281093,0.0149
DQN,42,416,37440,240905.00,0.0100,0.283675,0.0148
DQN,42,417,37530,227447.50,0.0100,0.282664,0.0148
DQN,42,418,37620,229107.50,0.0100,0.297973,0.0147
DQN,42,419,37710,231355.00,0.0100,0.282676,0.0149
DQN,42,420,37800,231937.50,0.0100,0.281688,0.0146
DQN,42,421,37890,234800.00,0.0100,0.268631,0.0148
DQN,42,422,37980,226550.00,0.0100,0.290623,0.0148
DQN,42,423,38070,237777.50,0.0100,0.285961,0.0167
DQN,42,424,38160,234477.50,0.0100,0.282922,0.0151
DQN,42,425,38250,230007.50,0.0100,0.277314,0.0147
DQN,42,426,38340,226995.00,0.0100,0.292995,0.0147
DQN,42,427,38430,227135.00,0.0100,0.300821,0.0148
DQN,42,428,38520,244185.00,0.0100,0.271214,0.0147
DQN,42,429,38610,217540.00,0.0100,0.279771,0.0147
DQN,42,430,38700,241117.50,0.0100,0.286879,0.0147
DQN,42,431,38790,244562.50,0.0100,0.272982,0.0147
DQN,42,432,38880,236010.00,0.0100,0.281974,0.0147
DQN,42,433,38970,234835.00,0.0100,0.276647,0.0146
DQN,42,434,39060,235437.50,0.0100,0.291339,0.0147
DQN,42,435,39150,247280.00,0.0100,0.271864,0.0147
DQN,42,436,39240,243745.00,0.0100,0.281572,0.0146
DQN,42,437,39330,241962.50,0.0100,0.268232,0.0147
DQN,42,438,39420,230240.00,0.0100,0.277279,0.0176
DQN,42,439,39510,238400.00,0.0100,0.273879,0.0149
DQN,42,440,39600,231577.50,0.0100,0.264416,0.0147
DQN,42,441,39690,239385.00,0.0100,0.269563,0.0148
DQN,42,442,39780,225920.00,0.0100,0.271501,0.0146
DQN,42,443,39870,231972.50,0.0100,0.262526,0.0174
DQN,42,444,39960,229857.50,0.0100,0.267884,0.0150
DQN,42,445,40050,240067.50,0.0100,0.263582,0.0147
DQN,42,446,40140,233035.00,0.0100,0.269921,0.0147
DQN,42,447,40230,238812.50,0.0100,0.252246,0.0147
DQN,42,448,40320,231757.50,0.0100,0.258230,0.0148
DQN,42,449,40410,241942.50,0.0100,0.270486,0.0147
DQN,42,450,40500,244765.00,0.0100,0.275562,0.0164
DQN,42,451,40590,231922.50,0.0100,0.270300,0.0153
DQN,42,452,40680,242395.00,0.0100,0.268855,0.0146
DQN,42,453,40770,225350.00,0.0100,0.277001,0.0147
DQN,42,454,40860,238715.00,0.0100,0.280720,0.0148
DQN,42,455,40950,234392.50,0.0100,0.271576,0.0148
DQN,42,456,41040,236157.50,0.0100,0.272696,0.0147
DQN,42,457,41130,246762.50,0.0100,0.276074,0.0147
DQN,42,458,41220,234895.00,0.0100,0.274753,0.0147
DQN,42,459,41310,237662.50,0.0100,0.274918,0.0147
DQN,42,460,41400,228647.50,0.0100,0.259768,0.0147
DQN,42,461,41490,242110.00,0.0100,0.266307,0.0148
DQN,42,462,41580,234132.50,0.0100,0.274637,0.0147
DQN,42,463,41670,232342.50,0.0100,0.267448,0.0173
DQN,42,464,41760,235032.50,0.0100,0.254995,0.0151
DQN,42,465,41850,226315.00,0.0100,0.252795,0.0148
DQN,42,466,41940,224222.50,0.0100,0.261514,0.0147
DQN,42,467,42030,230975.00,0.0100,0.260474,0.0147
DQN,42,468,42120,242762.50,0.0100,0.255285,0.0147
DQN,42,469,42210,231905.00,0.0100,0.259117,0.0148
DQN,42,470,42300,226667.50,0.0100,0.258661,0.0147
DQN,42,471,42390,220360.00,0.0100,0.259442,0.0147
DQN,42,472,42480,225772.50,0.0100,0.269546,0.0147
DQN,42,473,42570,226490.00,0.0100,0.266908,0.0148
DQN,42,474,42660,225980.00,0.0100,0.251832,0.0148
DQN,42,475,42750,230747.50,0.0100,0.267747,0.0147
DQN,42,476,42840,235715.00,0.0100,0.256342,0.0148
DQN,42,477,42930,229177.50,0.0100,0.274371,0.0147
DQN,42,478,43020,226812.50,0.0100,0.247214,0.0164
DQN,42,479,43110,226192.50,0.0100,0.249902,0.0150
DQN,42,480,43200,219872.50,0.0100,0.260127,0.0148
DQN,42,481,43290,239635.00,0.0100,0.260857,0.0148
DQN,42,482,43380,224377.50,0.0100,0.258643,0.0147
DQN,42,483,43470,241127.50,0.0100,0.255760,0.0148
DQN,42,484,43560,221117.50,0.0100,0.251932,0.0172
DQN,42,485,43650,226615.00,0.0100,0.251619,0.0148
DQN,42,486,43740,228915.00,0.0100,0.250449,0.0161
DQN,42,487,43830,235785.00,0.0100,0.258403,0.0152
DQN,42,488,43920,239970.00,0.0100,0.252304,0.0152
DQN,42,489,44010,240995.00,0.0100,0.257431,0.0136
DQN,42,490,44100,227577.50,0.0100,0.256667,0.0142
DQN,42,491,44190,227902.50,0.0100,0.249135,0.0145
DQN,42,492,44280,229865.00,0.0100,0.262488,0.0146
DQN,42,493,44370,230235.00,0.0100,0.258095,0.0162
DQN,42,494,44460,232877.50,0.0100,0.232650,0.0147
DQN,42,495,44550,240887.50,0.0100,0.250672,0.0146
DQN,42,496,44640,234275.00,0.0100,0.258169,0.0147
DQN,42,497,44730,234025.00,0.0100,0.247037,0.0146
DQN,42,498,44820,221350.00,0.0100,0.254998,0.0147
DQN,42,499,44910,238405.00,0.0100,0.253590,0.0147
DQN,42,500,45000,227117.50,0.0100,0.250278,0.0147
DQN,123,1,90,181277.50,0.9975,0.000000,0.0006
DQN,123,2,180,166555.00,0.9950,0.000000,0.0005
DQN,123,3,270,97707.50,0.9926,0.000000,0.0008
DQN,123,4,360,131260.00,0.9901,0.000000,0.0010
DQN,123,5,450,88877.50,0.9876,0.000000,0.0010
DQN,123,6,540,132272.50,0.9851,3.544260,0.0109
DQN,123,7,630,126727.50,0.9827,3.388330,0.0177
DQN,123,8,720,157030.00,0.9802,4.322799,0.0125
DQN,123,9,810,131017.50,0.9777,3.222354,0.0152
DQN,123,10,900,155805.00,0.9752,1.155349,0.0153
DQN,123,11,990,206880.00,0.9728,1.123826,0.0141
DQN,123,12,1080,174007.50,0.9703,1.066459,0.0147
DQN,123,13,1170,153967.50,0.9678,1.069314,0.0131
DQN,123,14,1260,133847.50,0.9654,0.996168,0.0133
DQN,123,15,1350,32597.50,0.9629,0.987546,0.0136
DQN,123,16,1440,185147.50,0.9604,1.081019,0.0138
DQN,123,17,1530,193005.00,0.9579,1.161480,0.0159
DQN,123,18,1620,54575.00,0.9555,1.036679,0.0134
DQN,123,19,1710,143925.00,0.9530,1.031887,0.0137
DQN,123,20,1800,95190.00,0.9505,1.241555,0.0757
DQN,123,21,1890,66230.00,0.9480,1.254178,0.0215
DQN,123,22,1980,164242.50,0.9456,1.288622,0.0128
DQN,123,23,2070,150785.00,0.9431,1.280610,0.0135
DQN,123,24,2160,130640.00,0.9406,1.169732,0.0136
DQN,123,25,2250,182490.00,0.9381,1.422067,0.0143
DQN,123,26,2340,126320.00,0.9356,1.422939,0.0143
DQN,123,27,2430,99085.00,0.9332,1.282478,0.0145
DQN,123,28,2520,129340.00,0.9307,1.305562,0.0122
DQN,123,29,2610,194260.00,0.9282,1.405842,0.0139
DQN,123,30,2700,85782.50,0.9257,1.441126,0.0144
DQN,123,31,2790,144030.00,0.9233,1.416059,0.0148
DQN,123,32,2880,162030.00,0.9208,1.397458,0.0141
DQN,123,33,2970,202490.00,0.9183,1.088885,0.0140
DQN,123,34,3060,132730.00,0.9159,1.105378,0.0129
DQN,123,35,3150,197712.50,0.9134,1.137586,0.0135
DQN,123,36,3240,156912.50,0.9109,1.105097,0.0145
DQN,123,37,3330,110062.50,0.9084,0.976771,0.0142
DQN,123,38,3420,123415.00,0.9060,0.926459,0.0135
DQN,123,39,3510,120785.00,0.9035,0.842628,0.0140
DQN,123,40,3600,159007.50,0.9010,0.804233,0.0127
DQN,123,41,3690,132830.00,0.8985,0.801641,0.0132
DQN,123,42,3780,92380.00,0.8961,0.774997,0.0146
DQN,123,43,3870,160010.00,0.8936,0.771426,0.0138
DQN,123,44,3960,135587.50,0.8911,0.740450,0.0140
DQN,123,45,4050,169532.50,0.8886,0.746223,0.0137
DQN,123,46,4140,102722.50,0.8861,0.739694,0.0137
DQN,123,47,4230,150655.00,0.8837,0.730320,0.0132
DQN,123,48,4320,84470.00,0.8812,0.715523,0.0136
DQN,123,49,4410,163090.00,0.8787,0.716005,0.0135
DQN,123,50,4500,114210.00,0.8762,0.704274,0.0138
DQN,123,51,4590,125950.00,0.8738,0.686492,0.0152
DQN,123,52,4680,193777.50,0.8713,0.691466,0.0146
DQN,123,53,4770,195762.50,0.8688,0.680488,0.0130
DQN,123,54,4860,212130.00,0.8663,0.666592,0.0143
DQN,123,55,4950,114997.50,0.8639,0.658804,0.0150
DQN,123,56,5040,134042.50,0.8614,0.636194,0.0157
DQN,123,57,5130,149540.00,0.8589,0.633899,0.0141
DQN,123,58,5220,146040.00,0.8565,0.645716,0.0152
DQN,123,59,5310,168862.50,0.8540,0.630729,0.0152
DQN,123,60,5400,160935.00,0.8515,0.645305,0.0139
DQN,123,61,5490,170492.50,0.8490,0.628108,0.0130
DQN,123,62,5580,216170.00,0.8466,0.637038,0.0144
DQN,123,63,5670,142402.50,0.8441,0.632619,0.0150
DQN,123,64,5760,150597.50,0.8416,0.614239,0.0143
DQN,123,65,5850,187747.50,0.8391,0.626481,0.0139
DQN,123,66,5940,170625.00,0.8367,0.605234,0.0144
DQN,123,67,6030,185812.50,0.8342,0.613173,0.0144
DQN,123,68,6120,172120.00,0.8317,0.616268,0.0128
DQN,123,69,6210,148085.00,0.8292,0.613046,0.0138
DQN,123,70,6300,171882.50,0.8267,0.613740,0.0141
DQN,123,71,6390,183435.00,0.8243,0.626730,0.0149
DQN,123,72,6480,209435.00,0.8218,0.603235,0.0142
DQN,123,73,6570,195055.00,0.8193,0.592508,0.0140
DQN,123,74,6660,192912.50,0.8168,0.592102,0.0130
DQN,123,75,6750,191380.00,0.8144,0.597792,0.0134
DQN,123,76,6840,155777.50,0.8119,0.587871,0.0134
DQN,123,77,6930,179067.50,0.8094,0.609074,0.0134
DQN,123,78,7020,199762.50,0.8070,0.593797,0.0137
DQN,123,79,7110,175472.50,0.8045,0.592271,0.0158
DQN,123,80,7200,126327.50,0.8020,0.591595,0.0141
DQN,123,81,7290,159242.50,0.7995,0.587850,0.0131
DQN,123,82,7380,150375.00,0.7971,0.607184,0.0138
DQN,123,83,7470,229305.00,0.7946,0.596413,0.0142
DQN,123,84,7560,202970.00,0.7921,0.569217,0.0148
DQN,123,85,7650,197935.00,0.7896,0.554211,0.0151
DQN,123,86,7740,168822.50,0.7872,0.571615,0.0155
DQN,123,87,7830,160277.50,0.7847,0.576959,0.0154
DQN,123,88,7920,165740.00,0.7822,0.587661,0.0137
DQN,123,89,8010,221582.50,0.7797,0.570305,0.0129
DQN,123,90,8100,162960.00,0.7772,0.571410,0.0147
DQN,123,91,8190,152362.50,0.7748,0.556180,0.0155
DQN,123,92,8280,173430.00,0.7723,0.570506,0.0142
DQN,123,93,8370,188507.50,0.7698,0.603416,0.0162
DQN,123,94,8460,198840.00,0.7673,0.576653,0.0144
DQN,123,95,8550,186787.50,0.7649,0.570579,0.0160
DQN,123,96,8640,194727.50,0.7624,0.564862,0.0142
DQN,123,97,8730,175070.00,0.7599,0.561560,0.0141
DQN,123,98,8820,191770.00,0.7574,0.565929,0.0132
DQN,123,99,8910,109797.50,0.7550,0.545181,0.0152
DQN,123,100,9000,213660.00,0.7525,0.548735,0.0152
DQN,123,101,9090,196797.50,0.7500,0.580580,0.0149
DQN,123,102,9180,161185.00,0.7475,0.581334,0.0161
DQN,123,103,9270,185720.00,0.7451,0.574169,0.0140
DQN,123,104,9360,169392.50,0.7426,0.536845,0.0142
DQN,123,105,9450,193192.50,0.7401,0.552665,0.0188
DQN,123,106,9540,177545.00,0.7376,0.554497,0.0250
DQN,123,107,9630,184707.50,0.7352,0.551310,0.0225
DQN,123,108,9720,151685.00,0.7327,0.589400,0.0140
DQN,123,109,9810,183692.50,0.7302,0.563702,0.0137
DQN,123,110,9900,171355.00,0.7278,0.548326,0.0133
DQN,123,111,9990,181447.50,0.7253,0.549466,0.0135
DQN,123,112,10080,229145.00,0.7228,0.539501,0.0156
DQN,123,113,10170,186075.00,0.7203,0.562741,0.0158
DQN,123,114,10260,201827.50,0.7179,0.557772,0.0141
DQN,123,115,10350,227570.00,0.7154,0.544305,0.0148
DQN,123,116,10440,211785.00,0.7129,0.554202,0.0151
DQN,123,117,10530,188180.00,0.7104,0.551967,0.0150
DQN,123,118,10620,148917.50,0.7080,0.552781,0.0129
DQN,123,119,10710,209185.00,0.7055,0.551842,0.0160
DQN,123,120,10800,219422.50,0.7030,0.541435,0.0145
DQN,123,121,10890,217857.50,0.7005,0.519683,0.0162
DQN,123,122,10980,211410.00,0.6981,0.536049,0.0145
DQN,123,123,11070,156552.50,0.6956,0.526540,0.0159
DQN,123,124,11160,197045.00,0.6931,0.547239,0.0148
DQN,123,125,11250,174705.00,0.6906,0.546192,0.0154
DQN,123,126,11340,203157.50,0.6882,0.540676,0.0137
DQN,123,127,11430,171310.00,0.6857,0.523123,0.0142
DQN,123,128,11520,162650.00,0.6832,0.524137,0.0127
DQN,123,129,11610,179810.00,0.6807,0.526981,0.0148
DQN,123,130,11700,201252.50,0.6783,0.527023,0.0151
DQN,123,131,11790,190177.50,0.6758,0.552938,0.0150
DQN,123,132,11880,166510.00,0.6733,0.536063,0.0147
DQN,123,133,11970,140330.00,0.6708,0.545917,0.0159
DQN,123,134,12060,175587.50,0.6683,0.525744,0.0142
DQN,123,135,12150,193385.00,0.6659,0.511752,0.0138
DQN,123,136,12240,226140.00,0.6634,0.551763,0.0130
DQN,123,137,12330,209100.00,0.6609,0.532212,0.0153
DQN,123,138,12420,198185.00,0.6584,0.525751,0.0154
DQN,123,139,12510,200560.00,0.6560,0.520933,0.0138
DQN,123,140,12600,190240.00,0.6535,0.517480,0.0150
DQN,123,141,12690,164497.50,0.6510,0.549003,0.0149
DQN,123,142,12780,204362.50,0.6485,0.527817,0.0140
DQN,123,143,12870,191262.50,0.6461,0.532255,0.0164
DQN,123,144,12960,212870.00,0.6436,0.531060,0.0143
DQN,123,145,13050,213807.50,0.6411,0.526969,0.0134
DQN,123,146,13140,200665.00,0.6386,0.533587,0.0142
DQN,123,147,13230,190375.00,0.6362,0.528646,0.0147
DQN,123,148,13320,184115.00,0.6337,0.524174,0.0150
DQN,123,149,13410,200267.50,0.6312,0.517709,0.0143
DQN,123,150,13500,201667.50,0.6288,0.549657,0.0161
DQN,123,151,13590,203260.00,0.6263,0.535605,0.0161
DQN,123,152,13680,225240.00,0.6238,0.524567,0.0149
DQN,123,153,13770,210552.50,0.6213,0.539639,0.0151
DQN,123,154,13860,215497.50,0.6189,0.521385,0.0146
DQN,123,155,13950,203747.50,0.6164,0.544329,0.0132
DQN,123,156,14040,221190.00,0.6139,0.526749,0.0149
DQN,123,157,14130,198562.50,0.6114,0.511295,0.0142
DQN,123,158,14220,190675.00,0.6089,0.533080,0.0158
DQN,123,159,14310,192095.00,0.6065,0.524633,0.0155
DQN,123,160,14400,230782.50,0.6040,0.512824,0.0147
DQN,123,161,14490,210355.00,0.6015,0.517818,0.0148
DQN,123,162,14580,218472.50,0.5990,0.516515,0.0149
DQN,123,163,14670,196437.50,0.5966,0.498259,0.0154
DQN,123,164,14760,212415.00,0.5941,0.512568,0.0143
DQN,123,165,14850,212432.50,0.5916,0.521101,0.0134
DQN,123,166,14940,223695.00,0.5892,0.508135,0.0155
DQN,123,167,15030,212170.00,0.5867,0.501547,0.0168
DQN,123,168,15120,202732.50,0.5842,0.498127,0.0156
DQN,123,169,15210,208882.50,0.5817,0.504284,0.0145
DQN,123,170,15300,211377.50,0.5793,0.510583,0.0153
DQN,123,171,15390,194755.00,0.5768,0.496954,0.0158
DQN,123,172,15480,216160.00,0.5743,0.506988,0.0161
DQN,123,173,15570,189440.00,0.5718,0.493137,0.0170
DQN,123,174,15660,186135.00,0.5694,0.498085,0.0149
DQN,123,175,15750,209980.00,0.5669,0.516255,0.0151
DQN,123,176,15840,197135.00,0.5644,0.482496,0.0150
DQN,123,177,15930,213415.00,0.5619,0.509589,0.0159
DQN,123,178,16020,223537.50,0.5595,0.503432,0.0142
DQN,123,179,16110,220387.50,0.5570,0.504547,0.0136
DQN,123,180,16200,238055.00,0.5545,0.498516,0.0163
DQN,123,181,16290,224630.00,0.5520,0.523206,0.0147
DQN,123,182,16380,236625.00,0.5495,0.504147,0.0150
DQN,123,183,16470,200992.50,0.5471,0.486467,0.0150
DQN,123,184,16560,191640.00,0.5446,0.500552,0.0152
DQN,123,185,16650,225830.00,0.5421,0.509849,0.0159
DQN,123,186,16740,219902.50,0.5396,0.476773,0.0167
DQN,123,187,16830,227412.50,0.5372,0.513424,0.0147
DQN,123,188,16920,225275.00,0.5347,0.495316,0.0157
DQN,123,189,17010,231092.50,0.5322,0.480068,0.0141
DQN,123,190,17100,212632.50,0.5297,0.498890,0.0154
DQN,123,191,17190,213887.50,0.5273,0.487713,0.0136
DQN,123,192,17280,218900.00,0.5248,0.491697,0.0142
DQN,123,193,17370,241565.00,0.5223,0.491131,0.0158
DQN,123,194,17460,192547.50,0.5199,0.484999,0.0143
DQN,123,195,17550,195240.00,0.5174,0.487462,0.0145
DQN,123,196,17640,226222.50,0.5149,0.474874,0.0137
DQN,123,197,17730,235412.50,0.5124,0.493186,0.0144
DQN,123,198,17820,233617.50,0.5100,0.481478,0.0170
DQN,123,199,17910,228175.00,0.5075,0.491894,0.0145
DQN,123,200,18000,203952.50,0.5050,0.477389,0.0136
DQN,123,201,18090,215075.00,0.5025,0.476644,0.0142
DQN,123,202,18180,247785.00,0.5000,0.500915,0.0166
DQN,123,203,18270,232865.00,0.4976,0.465198,0.0149
DQN,123,204,18360,233057.50,0.4951,0.479598,0.0158
DQN,123,205,18450,213612.50,0.4926,0.499821,0.0154
DQN,123,206,18540,219302.50,0.4901,0.484022,0.0153
DQN,123,207,18630,234630.00,0.4877,0.480197,0.0150
DQN,123,208,18720,232012.50,0.4852,0.492053,0.0144
DQN,123,209,18810,184790.00,0.4827,0.458262,0.0149
DQN,123,210,18900,208860.00,0.4802,0.482434,0.0165
DQN,123,211,18990,231147.50,0.4778,0.482992,0.0159
DQN,123,212,19080,210410.00,0.4753,0.477292,0.0142
DQN,123,213,19170,236922.50,0.4728,0.486742,0.0139
DQN,123,214,19260,231877.50,0.4703,0.499828,0.0145
DQN,123,215,19350,242455.00,0.4679,0.469303,0.0142
DQN,123,216,19440,238305.00,0.4654,0.482951,0.0147
DQN,123,217,19530,231080.00,0.4629,0.479033,0.0159
DQN,123,218,19620,206007.50,0.4604,0.464582,0.0155
DQN,123,219,19710,210970.00,0.4580,0.489708,0.0162
DQN,123,220,19800,227157.50,0.4555,0.466103,0.0156
DQN,123,221,19890,249762.50,0.4530,0.478282,0.0146
DQN,123,222,19980,230345.00,0.4506,0.477008,0.0147
DQN,123,223,20070,223350.00,0.4481,0.451900,0.0141
DQN,123,224,20160,221295.00,0.4456,0.457020,0.0147
DQN,123,225,20250,225477.50,0.4431,0.447910,0.0146
DQN,123,226,20340,211572.50,0.4407,0.450742,0.0153
DQN,123,227,20430,222027.50,0.4382,0.445920,0.0151
DQN,123,228,20520,227320.00,0.4357,0.472389,0.0147
DQN,123,229,20610,217252.50,0.4332,0.458022,0.0162
DQN,123,230,20700,215470.00,0.4308,0.471670,0.0155
DQN,123,231,20790,217532.50,0.4283,0.465759,0.0142
DQN,123,232,20880,214382.50,0.4258,0.468552,0.0162
DQN,123,233,20970,242802.50,0.4233,0.447447,0.0160
DQN,123,234,21060,231000.00,0.4209,0.451147,0.0150
DQN,123,235,21150,227905.00,0.4184,0.455553,0.0145
DQN,123,236,21240,219732.50,0.4159,0.462768,0.0146
DQN,123,237,21330,216737.50,0.4134,0.459256,0.0146
DQN,123,238,21420,239117.50,0.4110,0.444528,0.0143
DQN,123,239,21510,226877.50,0.4085,0.454174,0.0158
DQN,123,240,21600,232147.50,0.4060,0.469097,0.0147
DQN,123,241,21690,194165.00,0.4035,0.458932,0.0159
DQN,123,242,21780,236807.50,0.4011,0.445531,0.0158
DQN,123,243,21870,215275.00,0.3986,0.449396,0.0162
DQN,123,244,21960,234042.50,0.3961,0.426540,0.0136
DQN,123,245,22050,213985.00,0.3936,0.441203,0.0137
DQN,123,246,22140,227785.00,0.3911,0.435747,0.0144
DQN,123,247,22230,236122.50,0.3887,0.441271,0.0152
DQN,123,248,22320,207777.50,0.3862,0.458628,0.0159
DQN,123,249,22410,232360.00,0.3837,0.454554,0.0157
DQN,123,250,22500,219457.50,0.3812,0.442294,0.0145
DQN,123,251,22590,207222.50,0.3788,0.420788,0.0165
DQN,123,252,22680,206502.50,0.3763,0.414858,0.0159
DQN,123,253,22770,236795.00,0.3738,0.442143,0.0159
DQN,123,254,22860,221670.00,0.3713,0.441549,0.0149
DQN,123,255,22950,229537.50,0.3689,0.423216,0.0153
DQN,123,256,23040,197237.50,0.3664,0.415794,0.0152
DQN,123,257,23130,222682.50,0.3639,0.424114,0.0143
DQN,123,258,23220,232215.00,0.3614,0.433902,0.0140
DQN,123,259,23310,222495.00,0.3590,0.425711,0.0145
DQN,123,260,23400,244345.00,0.3565,0.419226,0.0151
DQN,123,261,23490,219340.00,0.3540,0.425456,0.0154
DQN,123,262,23580,234577.50,0.3516,0.419861,0.0153
DQN,123,263,23670,233437.50,0.3491,0.423964,0.0147
DQN,123,264,23760,222935.00,0.3466,0.428156,0.0149
DQN,123,265,23850,238605.00,0.3441,0.434575,0.0160
DQN,123,266,23940,228942.50,0.3417,0.440028,0.0155
DQN,123,267,24030,227735.00,0.3392,0.436381,0.0166
DQN,123,268,24120,247925.00,0.3367,0.428806,0.0147
DQN,123,269,24210,222980.00,0.3342,0.399543,0.0151
DQN,123,270,24300,243037.50,0.3317,0.404340,0.0138
DQN,123,271,24390,205775.00,0.3293,0.398901,0.0148
DQN,123,272,24480,218092.50,0.3268,0.410939,0.0163
DQN,123,273,24570,223327.50,0.3243,0.394777,0.0162
DQN,123,274,24660,229490.00,0.3218,0.415352,0.0157
DQN,123,275,24750,219805.00,0.3194,0.382968,0.0145
DQN,123,276,24840,226540.00,0.3169,0.400347,0.0148
DQN,123,277,24930,211102.50,0.3144,0.391358,0.0157
DQN,123,278,25020,223220.00,0.3120,0.383481,0.0148
DQN,123,279,25110,240502.50,0.3095,0.409747,0.0173
DQN,123,280,25200,232147.50,0.3070,0.400804,0.0154
DQN,123,281,25290,220715.00,0.3045,0.396993,0.0152
DQN,123,282,25380,223095.00,0.3021,0.388238,0.0153
DQN,123,283,25470,231270.00,0.2996,0.405244,0.0146
DQN,123,284,25560,233012.50,0.2971,0.384929,0.0144
DQN,123,285,25650,228527.50,0.2946,0.382123,0.0151
DQN,123,286,25740,229380.00,0.2922,0.383263,0.0155
DQN,123,287,25830,227755.00,0.2897,0.398840,0.0165
DQN,123,288,25920,219510.00,0.2872,0.406116,0.0164
DQN,123,289,26010,227895.00,0.2847,0.378443,0.0139
DQN,123,290,26100,222655.00,0.2823,0.394576,0.0137
DQN,123,291,26190,240000.00,0.2798,0.378980,0.0142
DQN,123,292,26280,231347.50,0.2773,0.400411,0.0162
DQN,123,293,26370,220082.50,0.2748,0.395474,0.0154
DQN,123,294,26460,237110.00,0.2723,0.396875,0.0170
DQN,123,295,26550,224717.50,0.2699,0.399567,0.0155
DQN,123,296,26640,228047.50,0.2674,0.373352,0.0147
DQN,123,297,26730,218902.50,0.2649,0.382108,0.0135
DQN,123,298,26820,241400.00,0.2624,0.368739,0.0151
DQN,123,299,26910,228545.00,0.2600,0.366565,0.0146
DQN,123,300,27000,219117.50,0.2575,0.391199,0.0157
DQN,123,301,27090,234307.50,0.2550,0.384332,0.0182
DQN,123,302,27180,241805.00,0.2526,0.374608,0.0153
DQN,123,303,27270,224035.00,0.2501,0.382648,0.0152
DQN,123,304,27360,223530.00,0.2476,0.380527,0.0152
DQN,123,305,27450,224810.00,0.2451,0.359603,0.0160
DQN,123,306,27540,223535.00,0.2427,0.383801,0.0141
DQN,123,307,27630,246027.50,0.2402,0.408706,0.0157
DQN,123,308,27720,230422.50,0.2377,0.389872,0.0148
DQN,123,309,27810,231805.00,0.2352,0.372588,0.0142
DQN,123,310,27900,227502.50,0.2328,0.375700,0.0140
DQN,123,311,27990,230375.00,0.2303,0.381425,0.0159
DQN,123,312,28080,221710.00,0.2278,0.359196,0.0158
DQN,123,313,28170,244885.00,0.2253,0.378508,0.0159
DQN,123,314,28260,231162.50,0.2228,0.351281,0.0154
DQN,123,315,28350,227332.50,0.2204,0.368604,0.0164
DQN,123,316,28440,216710.00,0.2179,0.356084,0.0161
DQN,123,317,28530,232445.00,0.2154,0.379527,0.0156
DQN,123,318,28620,220757.50,0.2129,0.362017,0.0149
DQN,123,319,28710,240515.00,0.2105,0.356548,0.0146
DQN,123,320,28800,230332.50,0.2080,0.369608,0.0163
DQN,123,321,28890,226347.50,0.2055,0.367582,0.0140
DQN,123,322,28980,239350.00,0.2030,0.363066,0.0156
DQN,123,323,29070,223417.50,0.2006,0.373054,0.0147
DQN,123,324,29160,242595.00,0.1981,0.351286,0.0152
DQN,123,325,29250,234665.00,0.1956,0.354671,0.0148
DQN,123,326,29340,246957.50,0.1932,0.348167,0.0150
DQN,123,327,29430,234497.50,0.1907,0.363181,0.0161
DQN,123,328,29520,224180.00,0.1882,0.344685,0.0146
DQN,123,329,29610,237200.00,0.1857,0.353708,0.0161
DQN,123,330,29700,239030.00,0.1833,0.358510,0.0146
DQN,123,331,29790,229160.00,0.1808,0.337623,0.0146
DQN,123,332,29880,236442.50,0.1783,0.336352,0.0148
DQN,123,333,29970,231455.00,0.1758,0.359630,0.0154
DQN,123,334,30060,239650.00,0.1734,0.341030,0.0162
DQN,123,335,30150,240492.50,0.1709,0.349138,0.0136
DQN,123,336,30240,242192.50,0.1684,0.348972,0.0144
DQN,123,337,30330,244625.00,0.1659,0.355563,0.0154
DQN,123,338,30420,237935.00,0.1634,0.338259,0.0159
DQN,123,339,30510,230252.50,0.1610,0.334908,0.0145
DQN,123,340,30600,239135.00,0.1585,0.349172,0.0155
DQN,123,341,30690,231002.50,0.1560,0.338905,0.0154
DQN,123,342,30780,248952.50,0.1536,0.354022,0.0162
DQN,123,343,30870,237597.50,0.1511,0.360597,0.0161
DQN,123,344,30960,237817.50,0.1486,0.347357,0.0160
DQN,123,345,31050,235130.00,0.1461,0.346996,0.0146
DQN,123,346,31140,235737.50,0.1437,0.341842,0.0143
DQN,123,347,31230,238427.50,0.1412,0.341767,0.0139
DQN,123,348,31320,219912.50,0.1387,0.326656,0.0149
DQN,123,349,31410,231015.00,0.1362,0.340393,0.0148
DQN,123,350,31500,228152.50,0.1338,0.323557,0.0143
DQN,123,351,31590,243687.50,0.1313,0.322715,0.0170
DQN,123,352,31680,231392.50,0.1288,0.333184,0.0151
DQN,123,353,31770,233407.50,0.1263,0.329525,0.0158
DQN,123,354,31860,230075.00,0.1239,0.333487,0.0158
DQN,123,355,31950,239445.00,0.1214,0.329859,0.0162
DQN,123,356,32040,222415.00,0.1189,0.344061,0.0150
DQN,123,357,32130,250037.50,0.1164,0.322795,0.0154
DQN,123,358,32220,223272.50,0.1139,0.323953,0.0164
DQN,123,359,32310,242392.50,0.1115,0.331535,0.0163
DQN,123,360,32400,232987.50,0.1090,0.332375,0.0148
DQN,123,361,32490,238812.50,0.1065,0.325759,0.0150
DQN,123,362,32580,238832.50,0.1040,0.319641,0.0139
DQN,123,363,32670,240842.50,0.1016,0.333995,0.0153
DQN,123,364,32760,231882.50,0.0991,0.318503,0.0151
DQN,123,365,32850,233145.00,0.0966,0.322212,0.0151
DQN,123,366,32940,238747.50,0.0941,0.313307,0.0169
DQN,123,367,33030,227792.50,0.0917,0.308755,0.0149
DQN,123,368,33120,234797.50,0.0892,0.314080,0.0168
DQN,123,369,33210,228285.00,0.0867,0.329999,0.0167
DQN,123,370,33300,241695.00,0.0842,0.323181,0.0149
DQN,123,371,33390,244970.00,0.0818,0.317141,0.0157
DQN,123,372,33480,237962.50,0.0793,0.309288,0.0152
DQN,123,373,33570,234387.50,0.0768,0.323368,0.0162
DQN,123,374,33660,235190.00,0.0743,0.316411,0.0141
DQN,123,375,33750,223290.00,0.0719,0.324644,0.0179
DQN,123,376,33840,235437.50,0.0694,0.315210,0.0205
DQN,123,377,33930,225187.50,0.0669,0.325180,0.0143
DQN,123,378,34020,238210.00,0.0645,0.318398,0.0154
DQN,123,379,34110,243567.50,0.0620,0.303062,0.0145
DQN,123,380,34200,219962.50,0.0595,0.309906,0.0171
DQN,123,381,34290,238845.00,0.0570,0.319086,0.0163
DQN,123,382,34380,233440.00,0.0546,0.324842,0.0168
DQN,123,383,34470,233672.50,0.0521,0.321316,0.0170
DQN,123,384,34560,239010.00,0.0496,0.337317,0.0175
DQN,123,385,34650,242122.50,0.0471,0.312832,0.0207
DQN,123,386,34740,225785.00,0.0447,0.311863,0.0149
DQN,123,387,34830,232425.00,0.0422,0.318796,0.0181
DQN,123,388,34920,230255.00,0.0397,0.321598,0.0163
DQN,123,389,35010,228592.50,0.0372,0.313101,0.0152
DQN,123,390,35100,231365.00,0.0348,0.312190,0.0164
DQN,123,391,35190,250470.00,0.0323,0.322623,0.0159
DQN,123,392,35280,249092.50,0.0298,0.316437,0.0149
DQN,123,393,35370,234252.50,0.0273,0.303286,0.0162
DQN,123,394,35460,229320.00,0.0249,0.313483,0.0161
DQN,123,395,35550,224015.00,0.0224,0.309926,0.0149
DQN,123,396,35640,235875.00,0.0199,0.305152,0.0170
DQN,123,397,35730,237482.50,0.0174,0.300840,0.0156
DQN,123,398,35820,240002.50,0.0150,0.305465,0.0153
DQN,123,399,35910,231180.00,0.0125,0.298488,0.0145
DQN,123,400,36000,230762.50,0.0100,0.305588,0.0141
DQN,123,401,36090,238897.50,0.0100,0.295702,0.0205
DQN,123,402,36180,233782.50,0.0100,0.302047,0.0146
DQN,123,403,36270,239260.00,0.0100,0.290540,0.0150
DQN,123,404,36360,237102.50,0.0100,0.289741,0.0159
DQN,123,405,36450,242720.00,0.0100,0.308536,0.0177
DQN,123,406,36540,238440.00,0.0100,0.313317,0.0187
DQN,123,407,36630,241220.00,0.0100,0.300694,0.0167
DQN,123,408,36720,221420.00,0.0100,0.289195,0.0148
DQN,123,409,36810,236792.50,0.0100,0.302280,0.0147
DQN,123,410,36900,231285.00,0.0100,0.301250,0.0146
DQN,123,411,36990,234410.00,0.0100,0.309794,0.0162
DQN,123,412,37080,237935.00,0.0100,0.310040,0.0154
DQN,123,413,37170,251307.50,0.0100,0.299233,0.0164
DQN,123,414,37260,240860.00,0.0100,0.307164,0.0149
DQN,123,415,37350,233045.00,0.0100,0.296022,0.0164
DQN,123,416,37440,237927.50,0.0100,0.291918,0.0153
DQN,123,417,37530,234207.50,0.0100,0.296439,0.0158
DQN,123,418,37620,239060.00,0.0100,0.288397,0.0176
DQN,123,419,37710,214432.50,0.0100,0.281051,0.0151
DQN,123,420,37800,247320.00,0.0100,0.283976,0.0171
DQN,123,421,37890,245887.50,0.0100,0.286064,0.0151
DQN,123,422,37980,223927.50,0.0100,0.294574,0.0147
DQN,123,423,38070,238427.50,0.0100,0.289654,0.0147
DQN,123,424,38160,228835.00,0.0100,0.310637,0.0185
DQN,123,425,38250,237070.00,0.0100,0.294790,0.0200
DQN,123,426,38340,237037.50,0.0100,0.299368,0.0204
DQN,123,427,38430,229557.50,0.0100,0.299712,0.0227
DQN,123,428,38520,228357.50,0.0100,0.302145,0.0178
DQN,123,429,38610,225027.50,0.0100,0.308302,0.0143
DQN,123,430,38700,231127.50,0.0100,0.294202,0.0146
DQN,123,431,38790,244067.50,0.0100,0.292779,0.0146
DQN,123,432,38880,224080.00,0.0100,0.287524,0.0146
DQN,123,433,38970,236650.00,0.0100,0.295243,0.0146
DQN,123,434,39060,229495.00,0.0100,0.290838,0.0170
DQN,123,435,39150,228285.00,0.0100,0.295802,0.0150
DQN,123,436,39240,242547.50,0.0100,0.299627,0.0147
DQN,123,437,39330,225862.50,0.0100,0.285219,0.0148
DQN,123,438,39420,244592.50,0.0100,0.296321,0.0147
DQN,123,439,39510,230335.00,0.0100,0.287782,0.0155
DQN,123,440,39600,229525.00,0.0100,0.278055,0.0155
DQN,123,441,39690,233767.50,0.0100,0.282310,0.0148
DQN,123,442,39780,222707.50,0.0100,0.286596,0.0147
DQN,123,443,39870,236620.00,0.0100,0.284605,0.0151
DQN,123,444,39960,239685.00,0.0100,0.288319,0.0146
DQN,123,445,40050,227195.00,0.0100,0.287718,0.0146
DQN,123,446,40140,235805.00,0.0100,0.287963,0.0148
DQN,123,447,40230,237707.50,0.0100,0.291669,0.0149
DQN,123,448,40320,246282.50,0.0100,0.291599,0.0148
DQN,123,449,40410,231357.50,0.0100,0.283798,0.0208
DQN,123,450,40500,231705.00,0.0100,0.296553,0.0147
DQN,123,451,40590,226867.50,0.0100,0.275194,0.0172
DQN,123,452,40680,222342.50,0.0100,0.274458,0.0144
DQN,123,453,40770,223977.50,0.0100,0.288707,0.0159
DQN,123,454,40860,232912.50,0.0100,0.270129,0.0148
DQN,123,455,40950,254027.50,0.0100,0.290808,0.0145
DQN,123,456,41040,244247.50,0.0100,0.277642,0.0145
DQN,123,457,41130,225820.00,0.0100,0.290580,0.0145
DQN,123,458,41220,228057.50,0.0100,0.279042,0.0145
DQN,123,459,41310,228960.00,0.0100,0.277700,0.0145
DQN,123,460,41400,240852.50,0.0100,0.279983,0.0145
DQN,123,461,41490,232732.50,0.0100,0.272132,0.0145
DQN,123,462,41580,228980.00,0.0100,0.274506,0.0170
DQN,123,463,41670,221552.50,0.0100,0.280320,0.0174
DQN,123,464,41760,241807.50,0.0100,0.276391,0.0153
DQN,123,465,41850,231675.00,0.0100,0.281526,0.0146
DQN,123,466,41940,239450.00,0.0100,0.285978,0.0163
DQN,123,467,42030,249102.50,0.0100,0.270856,0.0145
DQN,123,468,42120,239870.00,0.0100,0.272503,0.0146
DQN,123,469,42210,231597.50,0.0100,0.278231,0.0164
DQN,123,470,42300,223470.00,0.0100,0.284892,0.0147
DQN,123,471,42390,232767.50,0.0100,0.291121,0.0147
DQN,123,472,42480,234487.50,0.0100,0.276217,0.0147
DQN,123,473,42570,223942.50,0.0100,0.269419,0.0147
DQN,123,474,42660,227197.50,0.0100,0.285704,0.0148
DQN,123,475,42750,228630.00,0.0100,0.290336,0.0148
DQN,123,476,42840,237190.00,0.0100,0.282248,0.0146
DQN,123,477,42930,232972.50,0.0100,0.280265,0.0146
DQN,123,478,43020,224312.50,0.0100,0.269474,0.0224
DQN,123,479,43110,227650.00,0.0100,0.279831,0.0144
DQN,123,480,43200,225965.00,0.0100,0.278788,0.0166
DQN,123,481,43290,228237.50,0.0100,0.277588,0.0146
DQN,123,482,43380,228402.50,0.0100,0.290254,0.0146
DQN,123,483,43470,245232.50,0.0100,0.272484,0.0145
DQN,123,484,43560,231182.50,0.0100,0.278926,0.0154
DQN,123,485,43650,225145.00,0.0100,0.276102,0.0146
DQN,123,486,43740,230490.00,0.0100,0.276344,0.0145
DQN,123,487,43830,233647.50,0.0100,0.261218,0.0164
DQN,123,488,43920,233395.00,0.0100,0.274971,0.0153
DQN,123,489,44010,231932.50,0.0100,0.271539,0.0149
DQN,123,490,44100,225832.50,0.0100,0.280983,0.0149
DQN,123,491,44190,229905.00,0.0100,0.260006,0.0147
DQN,123,492,44280,222680.00,0.0100,0.275252,0.0146
DQN,123,493,44370,233355.00,0.0100,0.279150,0.0146
DQN,123,494,44460,227052.50,0.0100,0.278258,0.0165
DQN,123,495,44550,227320.00,0.0100,0.285346,0.0148
DQN,123,496,44640,231605.00,0.0100,0.269709,0.0146
DQN,123,497,44730,236700.00,0.0100,0.274480,0.0146
DQN,123,498,44820,225840.00,0.0100,0.263633,0.0165
DQN,123,499,44910,232702.50,0.0100,0.270851,0.0156
DQN,123,500,45000,226342.50,0.0100,0.276809,0.0150
DQN,456,1,90,109257.50,0.9975,0.000000,0.0018
DQN,456,2,180,131665.00,0.9950,0.000000,0.0006
DQN,456,3,270,113892.50,0.9926,0.000000,0.0011
DQN,456,4,360,84235.00,0.9901,0.000000,0.0016
DQN,456,5,450,109430.00,0.9876,0.000000,0.0008
DQN,456,6,540,91870.00,0.9851,3.498561,0.0066
DQN,456,7,630,78872.50,0.9827,3.221242,0.0182
DQN,456,8,720,105830.00,0.9802,5.233231,0.0161
DQN,456,9,810,102612.50,0.9777,3.348199,0.0142
DQN,456,10,900,89545.00,0.9752,1.226772,0.0142
DQN,456,11,990,106592.50,0.9728,1.205387,0.0155
DQN,456,12,1080,85177.50,0.9703,1.165603,0.0141
DQN,456,13,1170,13257.50,0.9678,1.261246,0.0137
DQN,456,14,1260,151970.00,0.9654,1.309765,0.0137
DQN,456,15,1350,189560.00,0.9629,1.230269,0.0154
DQN,456,16,1440,150087.50,0.9604,1.312794,0.0155
DQN,456,17,1530,90047.50,0.9579,1.400760,0.0158
DQN,456,18,1620,98020.00,0.9555,1.448129,0.0152
DQN,456,19,1710,125970.00,0.9530,1.577997,0.0148
DQN,456,20,1800,138237.50,0.9505,1.423814,0.0146
DQN,456,21,1890,198237.50,0.9480,1.452635,0.0162
DQN,456,22,1980,120390.00,0.9456,1.349984,0.0169
DQN,456,23,2070,124210.00,0.9431,1.390011,0.0140
DQN,456,24,2160,87407.50,0.9406,1.294839,0.0146
DQN,456,25,2250,121352.50,0.9381,1.560765,0.0152
DQN,456,26,2340,157777.50,0.9356,1.582404,0.0146
DQN,456,27,2430,98947.50,0.9332,1.617310,0.0150
DQN,456,28,2520,151432.50,0.9307,1.513186,0.0148
DQN,456,29,2610,113885.00,0.9282,1.318951,0.0148
DQN,456,30,2700,134367.50,0.9257,1.315584,0.0162
DQN,456,31,2790,161000.00,0.9233,1.773286,0.0146
DQN,456,32,2880,159872.50,0.9208,1.348189,0.0148
DQN,456,33,2970,162800.00,0.9183,1.379650,0.0143
DQN,456,34,3060,185577.50,0.9159,1.478894,0.0163
DQN,456,35,3150,97722.50,0.9134,1.866675,0.0164
DQN,456,36,3240,157987.50,0.9109,1.632588,0.0200
DQN,456,37,3330,149570.00,0.9084,1.406292,0.0162
DQN,456,38,3420,131772.50,0.9060,1.716285,0.0146
DQN,456,39,3510,133742.50,0.9035,1.815036,0.0151
DQN,456,40,3600,150022.50,0.9010,1.847844,0.0142
DQN,456,41,3690,189455.00,0.8985,1.737942,0.0142
DQN,456,42,3780,131445.00,0.8961,1.364497,0.0161
DQN,456,43,3870,154455.00,0.8936,1.198124,0.0163
DQN,456,44,3960,108667.50,0.8911,1.198887,0.0146
DQN,456,45,4050,131737.50,0.8886,1.154427,0.0143
DQN,456,46,4140,176135.00,0.8861,1.071991,0.0164
DQN,456,47,4230,196780.00,0.8837,0.974787,0.0194
DQN,456,48,4320,65745.00,0.8812,1.041507,0.0138
DQN,456,49,4410,172900.00,0.8787,0.960577,0.0141
DQN,456,50,4500,132045.00,0.8762,0.960349,0.0193
DQN,456,51,4590,114212.50,0.8738,0.975049,0.0178
DQN,456,52,4680,134095.00,0.8713,0.968545,0.0154
DQN,456,53,4770,144105.00,0.8688,0.923668,0.0180
DQN,456,54,4860,165982.50,0.8663,0.959308,0.0173
DQN,456,55,4950,132480.00,0.8639,0.916322,0.0143
DQN,456,56,5040,163770.00,0.8614,0.921556,0.0191
DQN,456,57,5130,189317.50,0.8589,0.932563,0.0163
DQN,456,58,5220,197895.00,0.8565,0.914628,0.0140
DQN,456,59,5310,211990.00,0.8540,0.903286,0.0143
DQN,456,60,5400,187872.50,0.8515,0.950558,0.0145
DQN,456,61,5490,206127.50,0.8490,0.886868,0.0151
DQN,456,62,5580,212205.00,0.8466,0.874791,0.0151
DQN,456,63,5670,169572.50,0.8441,0.902877,0.0144
DQN,456,64,5760,164690.00,0.8416,0.895676,0.0141
DQN,456,65,5850,146885.00,0.8391,0.865772,0.0155
DQN,456,66,5940,160775.00,0.8367,0.883653,0.0157
DQN,456,67,6030,171075.00,0.8342,0.857474,0.0159
DQN,456,68,6120,202330.00,0.8317,0.875273,0.0156
DQN,456,69,6210,143215.00,0.8292,0.849506,0.0158
DQN,456,70,6300,212487.50,0.8267,0.874609,0.0158
DQN,456,71,6390,159170.00,0.8243,0.838855,0.0153
DQN,456,72,6480,202760.00,0.8218,0.826248,0.0155
DQN,456,73,6570,178527.50,0.8193,0.840618,0.0158
DQN,456,74,6660,92040.00,0.8168,0.862264,0.0146
DQN,456,75,6750,136652.50,0.8144,0.829625,0.0168
DQN,456,76,6840,192132.50,0.8119,0.826130,0.0155
DQN,456,77,6930,146875.00,0.8094,0.829764,0.0175
DQN,456,78,7020,189847.50,0.8070,0.835535,0.0165
DQN,456,79,7110,186005.00,0.8045,0.827489,0.0163
DQN,456,80,7200,187337.50,0.8020,0.820704,0.0157
DQN,456,81,7290,202110.00,0.7995,0.808225,0.0208
DQN,456,82,7380,189102.50,0.7971,0.797631,0.0152
DQN,456,83,7470,131307.50,0.7946,0.822773,0.0161
DQN,456,84,7560,123432.50,0.7921,0.790726,0.0202
DQN,456,85,7650,78112.50,0.7896,0.821423,0.0185
DQN,456,86,7740,187460.00,0.7872,0.814312,0.0167
DQN,456,87,7830,131652.50,0.7847,0.861284,0.0154
DQN,456,88,7920,153890.00,0.7822,0.816464,0.0152
DQN,456,89,8010,169882.50,0.7797,0.795810,0.0166
DQN,456,90,8100,144082.50,0.7772,0.768681,0.0146
DQN,456,91,8190,193607.50,0.7748,0.761478,0.0154
DQN,456,92,8280,199440.00,0.7723,0.785186,0.0152
DQN,456,93,8370,141102.50,0.7698,0.798326,0.0182
DQN,456,94,8460,178942.50,0.7673,0.777208,0.0193
DQN,456,95,8550,209162.50,0.7649,0.765560,0.0152
DQN,456,96,8640,139295.00,0.7624,0.750594,0.0179
DQN,456,97,8730,192380.00,0.7599,0.769701,0.0199
DQN,456,98,8820,154402.50,0.7574,0.734389,0.0145
DQN,456,99,8910,184205.00,0.7550,0.735303,0.0151
DQN,456,100,9000,171450.00,0.7525,0.718151,0.0154
DQN,456,101,9090,186967.50,0.7500,0.742647,0.0176
DQN,456,102,9180,188065.00,0.7475,0.741972,0.0153
DQN,456,103,9270,176737.50,0.7451,0.713528,0.0148
DQN,456,104,9360,182272.50,0.7426,0.730147,0.0160
DQN,456,105,9450,147740.00,0.7401,0.723153,0.0158
DQN,456,106,9540,203502.50,0.7376,0.700634,0.0158
DQN,456,107,9630,204142.50,0.7352,0.725219,0.0160
DQN,456,108,9720,204342.50,0.7327,0.699740,0.0145
DQN,456,109,9810,186402.50,0.7302,0.703602,0.0147
DQN,456,110,9900,217405.00,0.7278,0.724072,0.0143
DQN,456,111,9990,192120.00,0.7253,0.688203,0.0169
DQN,456,112,10080,186037.50,0.7228,0.717379,0.0158
DQN,456,113,10170,228302.50,0.7203,0.726094,0.0203
DQN,456,114,10260,187177.50,0.7179,0.671630,0.0162
DQN,456,115,10350,187377.50,0.7154,0.687612,0.0145
DQN,456,116,10440,151860.00,0.7129,0.716087,0.0145
DQN,456,117,10530,211792.50,0.7104,0.677294,0.0143
DQN,456,118,10620,213462.50,0.7080,0.685101,0.0151
DQN,456,119,10710,185732.50,0.7055,0.666686,0.0148
DQN,456,120,10800,194867.50,0.7030,0.673819,0.0174
DQN,456,121,10890,229347.50,0.7005,0.668808,0.0205
DQN,456,122,10980,205835.00,0.6981,0.668623,0.0154
DQN,456,123,11070,203907.50,0.6956,0.657295,0.0154
DQN,456,124,11160,175477.50,0.6931,0.655785,0.0163
DQN,456,125,11250,199225.00,0.6906,0.638932,0.0147
DQN,456,126,11340,202437.50,0.6882,0.648397,0.0169
DQN,456,127,11430,179105.00,0.6857,0.690722,0.0185
DQN,456,128,11520,180865.00,0.6832,0.623830,0.0158
DQN,456,129,11610,191310.00,0.6807,0.649658,0.0145
DQN,456,130,11700,158557.50,0.6783,0.633616,0.0150
DQN,456,131,11790,173980.00,0.6758,0.633959,0.0143
DQN,456,132,11880,152042.50,0.6733,0.621705,0.0143
DQN,456,133,11970,178042.50,0.6708,0.637516,0.0147
DQN,456,134,12060,192020.00,0.6683,0.636417,0.0147
DQN,456,135,12150,183407.50,0.6659,0.632099,0.0159
DQN,456,136,12240,219150.00,0.6634,0.617652,0.0207
DQN,456,137,12330,192632.50,0.6609,0.644843,0.0152
DQN,456,138,12420,197182.50,0.6584,0.613184,0.0140
DQN,456,139,12510,213165.00,0.6560,0.643090,0.0143
DQN,456,140,12600,178615.00,0.6535,0.630836,0.0157
DQN,456,141,12690,199517.50,0.6510,0.601531,0.0159
DQN,456,142,12780,208682.50,0.6485,0.613417,0.0153
DQN,456,143,12870,179690.00,0.6461,0.628575,0.0148
DQN,456,144,12960,158477.50,0.6436,0.643005,0.0148
DQN,456,145,13050,184837.50,0.6411,0.621010,0.0159
DQN,456,146,13140,190845.00,0.6386,0.601869,0.0148
DQN,456,147,13230,201302.50,0.6362,0.597719,0.0153
DQN,456,148,13320,198927.50,0.6337,0.614296,0.0165
DQN,456,149,13410,188977.50,0.6312,0.638436,0.0144
DQN,456,150,13500,209695.00,0.6288,0.595776,0.0148
DQN,456,151,13590,205815.00,0.6263,0.588640,0.0168
DQN,456,152,13680,201155.00,0.6238,0.614438,0.0198
DQN,456,153,13770,174287.50,0.6213,0.612273,0.0158
DQN,456,154,13860,158687.50,0.6189,0.590034,0.0240
DQN,456,155,13950,200722.50,0.6164,0.615600,0.0146
DQN,456,156,14040,199700.00,0.6139,0.575544,0.0138
DQN,456,157,14130,199730.00,0.6114,0.595905,0.0142
DQN,456,158,14220,218175.00,0.6089,0.613926,0.0137
DQN,456,159,14310,212107.50,0.6065,0.598624,0.0138
DQN,456,160,14400,186692.50,0.6040,0.616813,0.0201
DQN,456,161,14490,192780.00,0.6015,0.620786,0.0150
DQN,456,162,14580,213472.50,0.5990,0.594694,0.0139
DQN,456,163,14670,169812.50,0.5966,0.585216,0.0148
DQN,456,164,14760,183430.00,0.5941,0.619298,0.0155
DQN,456,165,14850,173960.00,0.5916,0.595613,0.0212
DQN,456,166,14940,215517.50,0.5892,0.584945,0.0145
DQN,456,167,15030,206565.00,0.5867,0.619624,0.0144
DQN,456,168,15120,210305.00,0.5842,0.568756,0.0143
DQN,456,169,15210,217717.50,0.5817,0.587037,0.0141
DQN,456,170,15300,221695.00,0.5793,0.596905,0.0152
DQN,456,171,15390,219155.00,0.5768,0.572027,0.0141
DQN,456,172,15480,191620.00,0.5743,0.582973,0.0132
DQN,456,173,15570,166117.50,0.5718,0.566838,0.0140
DQN,456,174,15660,157792.50,0.5694,0.572162,0.0145
DQN,456,175,15750,210710.00,0.5669,0.557237,0.0147
DQN,456,176,15840,217355.00,0.5644,0.585603,0.0147
DQN,456,177,15930,173487.50,0.5619,0.557413,0.0160
DQN,456,178,16020,216927.50,0.5595,0.564308,0.0142
DQN,456,179,16110,199897.50,0.5570,0.563208,0.0141
DQN,456,180,16200,218927.50,0.5545,0.568126,0.0145
DQN,456,181,16290,207232.50,0.5520,0.564023,0.0137
DQN,456,182,16380,234487.50,0.5495,0.518471,0.0167
DQN,456,183,16470,243292.50,0.5471,0.546711,0.0152
DQN,456,184,16560,190465.00,0.5446,0.558370,0.0143
DQN,456,185,16650,205265.00,0.5421,0.552042,0.0149
DQN,456,186,16740,199657.50,0.5396,0.559608,0.0150
DQN,456,187,16830,209212.50,0.5372,0.564204,0.0149
DQN,456,188,16920,217110.00,0.5347,0.558116,0.0140
DQN,456,189,17010,191097.50,0.5322,0.535881,0.0133
DQN,456,190,17100,203017.50,0.5297,0.532332,0.0136
DQN,456,191,17190,198932.50,0.5273,0.543487,0.0159
DQN,456,192,17280,238702.50,0.5248,0.528016,0.0139
DQN,456,193,17370,189962.50,0.5223,0.534058,0.0143
DQN,456,194,17460,235862.50,0.5199,0.560023,0.0161
DQN,456,195,17550,193027.50,0.5174,0.507909,0.0140
DQN,456,196,17640,208095.00,0.5149,0.529307,0.0143
DQN,456,197,17730,191517.50,0.5124,0.540457,0.0140
DQN,456,198,17820,215362.50,0.5100,0.546016,0.0218
DQN,456,199,17910,215732.50,0.5075,0.523661,0.0154
DQN,456,200,18000,194470.00,0.5050,0.530956,0.0150
DQN,456,201,18090,178487.50,0.5025,0.535914,0.0135
DQN,456,202,18180,219250.00,0.5000,0.536994,0.0159
DQN,456,203,18270,223950.00,0.4976,0.525803,0.0145
DQN,456,204,18360,189187.50,0.4951,0.515403,0.0151
DQN,456,205,18450,217920.00,0.4926,0.535780,0.0141
DQN,456,206,18540,204785.00,0.4901,0.517089,0.0149
DQN,456,207,18630,196397.50,0.4877,0.533069,0.0151
DQN,456,208,18720,220465.00,0.4852,0.532698,0.0145
DQN,456,209,18810,209272.50,0.4827,0.502049,0.0151
DQN,456,210,18900,213092.50,0.4802,0.515022,0.0135
DQN,456,211,18990,234925.00,0.4778,0.496871,0.0142
DQN,456,212,19080,217735.00,0.4753,0.537839,0.0145
DQN,456,213,19170,204287.50,0.4728,0.530034,0.0145
DQN,456,214,19260,208555.00,0.4703,0.505472,0.0148
DQN,456,215,19350,207007.50,0.4679,0.498928,0.0146
DQN,456,216,19440,203212.50,0.4654,0.492665,0.0137
DQN,456,217,19530,186775.00,0.4629,0.497828,0.0148
DQN,456,218,19620,221260.00,0.4604,0.521186,0.0145
DQN,456,219,19710,226740.00,0.4580,0.500581,0.0142
DQN,456,220,19800,213037.50,0.4555,0.511757,0.0146
DQN,456,221,19890,232645.00,0.4530,0.491444,0.0147
DQN,456,222,19980,199850.00,0.4506,0.508352,0.0142
DQN,456,223,20070,235145.00,0.4481,0.503425,0.0146
DQN,456,224,20160,197962.50,0.4456,0.467734,0.0171
DQN,456,225,20250,221832.50,0.4431,0.475700,0.0134
DQN,456,226,20340,220485.00,0.4407,0.469668,0.0136
DQN,456,227,20430,227325.00,0.4382,0.504041,0.0138
DQN,456,228,20520,207430.00,0.4357,0.499740,0.0159
DQN,456,229,20610,212327.50,0.4332,0.492763,0.0161
DQN,456,230,20700,223110.00,0.4308,0.486174,0.0140
DQN,456,231,20790,215270.00,0.4283,0.490891,0.0148
DQN,456,232,20880,218410.00,0.4258,0.476403,0.0152
DQN,456,233,20970,225922.50,0.4233,0.463601,0.0153
DQN,456,234,21060,219982.50,0.4209,0.457869,0.0143
DQN,456,235,21150,221690.00,0.4184,0.453807,0.0140
DQN,456,236,21240,229737.50,0.4159,0.473119,0.0136
DQN,456,237,21330,216075.00,0.4134,0.497810,0.0150
DQN,456,238,21420,228842.50,0.4110,0.495041,0.0168
DQN,456,239,21510,212207.50,0.4085,0.480374,0.0153
DQN,456,240,21600,231570.00,0.4060,0.461436,0.0159
DQN,456,241,21690,201792.50,0.4035,0.466825,0.0146
DQN,456,242,21780,221365.00,0.4011,0.465091,0.0144
DQN,456,243,21870,204907.50,0.3986,0.454984,0.0152
DQN,456,244,21960,209675.00,0.3961,0.477889,0.0158
DQN,456,245,22050,238067.50,0.3936,0.472710,0.0182
DQN,456,246,22140,237175.00,0.3911,0.468913,0.0142
DQN,456,247,22230,229965.00,0.3887,0.475051,0.0148
DQN,456,248,22320,223530.00,0.3862,0.445642,0.0142
DQN,456,249,22410,227050.00,0.3837,0.465195,0.0138
DQN,456,250,22500,224610.00,0.3812,0.436144,0.0140
DQN,456,251,22590,206335.00,0.3788,0.466369,0.0188
DQN,456,252,22680,222632.50,0.3763,0.443905,0.0148
DQN,456,253,22770,245010.00,0.3738,0.475630,0.0142
DQN,456,254,22860,238652.50,0.3713,0.457290,0.0152
DQN,456,255,22950,211095.00,0.3689,0.449741,0.0149
DQN,456,256,23040,206532.50,0.3664,0.458239,0.0145
DQN,456,257,23130,223487.50,0.3639,0.447689,0.0165
DQN,456,258,23220,224340.00,0.3614,0.440304,0.0142
DQN,456,259,23310,229995.00,0.3590,0.456742,0.0142
DQN,456,260,23400,238942.50,0.3565,0.451437,0.0214
DQN,456,261,23490,213325.00,0.3540,0.466223,0.0143
DQN,456,262,23580,244485.00,0.3516,0.488118,0.0156
DQN,456,263,23670,205827.50,0.3491,0.449792,0.0152
DQN,456,264,23760,221522.50,0.3466,0.450495,0.0138
DQN,456,265,23850,217125.00,0.3441,0.472678,0.0146
DQN,456,266,23940,226385.00,0.3417,0.444067,0.0158
DQN,456,267,24030,237515.00,0.3392,0.475235,0.0146
DQN,456,268,24120,230295.00,0.3367,0.464581,0.0185
DQN,456,269,24210,217582.50,0.3342,0.456813,0.0159
DQN,456,270,24300,218842.50,0.3317,0.453285,0.0152
DQN,456,271,24390,226005.00,0.3293,0.449192,0.0150
DQN,456,272,24480,233507.50,0.3268,0.446552,0.0142
DQN,456,273,24570,232750.00,0.3243,0.437176,0.0146
DQN,456,274,24660,236065.00,0.3218,0.453962,0.0157
DQN,456,275,24750,239807.50,0.3194,0.463314,0.0159
DQN,456,276,24840,231595.00,0.3169,0.437055,0.0151
DQN,456,277,24930,222420.00,0.3144,0.453622,0.0146
DQN,456,278,25020,231190.00,0.3120,0.450229,0.0143
DQN,456,279,25110,232662.50,0.3095,0.481198,0.0150
DQN,456,280,25200,236905.00,0.3070,0.445700,0.0156
DQN,456,281,25290,241385.00,0.3045,0.438245,0.0150
DQN,456,282,25380,238920.00,0.3021,0.446496,0.0142
DQN,456,283,25470,246362.50,0.2996,0.445978,0.0153
DQN,456,284,25560,227330.00,0.2971,0.445759,0.0154
DQN,456,285,25650,240170.00,0.2946,0.458338,0.0152
DQN,456,286,25740,222207.50,0.2922,0.436413,0.0168
DQN,456,287,25830,241665.00,0.2897,0.459015,0.0146
DQN,456,288,25920,227810.00,0.2872,0.450818,0.0145
DQN,456,289,26010,240560.00,0.2847,0.421651,0.0149
DQN,456,290,26100,217880.00,0.2823,0.444466,0.0139
DQN,456,291,26190,223582.50,0.2798,0.436103,0.0140
DQN,456,292,26280,232907.50,0.2773,0.458367,0.0140
DQN,456,293,26370,243992.50,0.2748,0.446088,0.0151
DQN,456,294,26460,209172.50,0.2723,0.434392,0.0149
DQN,456,295,26550,224172.50,0.2699,0.439921,0.0140
DQN,456,296,26640,250307.50,0.2674,0.441522,0.0154
DQN,456,297,26730,232130.00,0.2649,0.425370,0.0145
DQN,456,298,26820,217767.50,0.2624,0.416827,0.0169
DQN,456,299,26910,236190.00,0.2600,0.446187,0.0142
DQN,456,300,27000,240560.00,0.2575,0.416826,0.0140
DQN,456,301,27090,244115.00,0.2550,0.434349,0.0170
DQN,456,302,27180,231515.00,0.2526,0.422122,0.0166
DQN,456,303,27270,216622.50,0.2501,0.439891,0.0153
DQN,456,304,27360,220620.00,0.2476,0.424018,0.0148
DQN,456,305,27450,209847.50,0.2451,0.432748,0.0148
DQN,456,306,27540,221922.50,0.2427,0.422278,0.0151
DQN,456,307,27630,229565.00,0.2402,0.414785,0.0160
DQN,456,308,27720,238815.00,0.2377,0.428272,0.0147
DQN,456,309,27810,233922.50,0.2352,0.419269,0.0157
DQN,456,310,27900,219967.50,0.2328,0.413654,0.0150
DQN,456,311,27990,236752.50,0.2303,0.442455,0.0145
DQN,456,312,28080,228820.00,0.2278,0.410850,0.0141
DQN,456,313,28170,236497.50,0.2253,0.432491,0.0143
DQN,456,314,28260,225745.00,0.2228,0.415673,0.0143
DQN,456,315,28350,235222.50,0.2204,0.436992,0.0210
DQN,456,316,28440,230835.00,0.2179,0.383070,0.0160
DQN,456,317,28530,226042.50,0.2154,0.391290,0.0147
DQN,456,318,28620,233122.50,0.2129,0.391632,0.0144
DQN,456,319,28710,224060.00,0.2105,0.397693,0.0146
DQN,456,320,28800,225047.50,0.2080,0.385054,0.0142
DQN,456,321,28890,241027.50,0.2055,0.397723,0.0144
DQN,456,322,28980,244717.50,0.2030,0.406300,0.0164
DQN,456,323,29070,235115.00,0.2006,0.391832,0.0149
DQN,456,324,29160,241272.50,0.1981,0.415319,0.0144
DQN,456,325,29250,240730.00,0.1956,0.384608,0.0141
DQN,456,326,29340,222642.50,0.1932,0.390476,0.0169
DQN,456,327,29430,222537.50,0.1907,0.389990,0.0147
DQN,456,328,29520,231622.50,0.1882,0.389475,0.0165
DQN,456,329,29610,230502.50,0.1857,0.386971,0.0154
DQN,456,330,29700,242367.50,0.1833,0.386058,0.0159
DQN,456,331,29790,240075.00,0.1808,0.387849,0.0145
DQN,456,332,29880,231967.50,0.1783,0.394866,0.0166
DQN,456,333,29970,218085.00,0.1758,0.382409,0.0156
DQN,456,334,30060,232885.00,0.1734,0.390686,0.0150
DQN,456,335,30150,233120.00,0.1709,0.388177,0.0139
DQN,456,336,30240,221487.50,0.1684,0.392090,0.0137
DQN,456,337,30330,246420.00,0.1659,0.360348,0.0137
DQN,456,338,30420,238505.00,0.1634,0.360637,0.0138
DQN,456,339,30510,245507.50,0.1610,0.358480,0.0140
DQN,456,340,30600,236852.50,0.1585,0.360850,0.0144
DQN,456,341,30690,248225.00,0.1560,0.379926,0.0164
DQN,456,342,30780,227387.50,0.1536,0.399215,0.0159
DQN,456,343,30870,236062.50,0.1511,0.399722,0.0155
DQN,456,344,30960,225905.00,0.1486,0.379071,0.0153
DQN,456,345,31050,235505.00,0.1461,0.357784,0.0148
DQN,456,346,31140,227987.50,0.1437,0.356271,0.0161
DQN,456,347,31230,234757.50,0.1412,0.370949,0.0153
DQN,456,348,31320,219607.50,0.1387,0.362805,0.0156
DQN,456,349,31410,242252.50,0.1362,0.363605,0.0145
DQN,456,350,31500,235072.50,0.1338,0.362775,0.0156
DQN,456,351,31590,234872.50,0.1313,0.359688,0.0153
DQN,456,352,31680,239902.50,0.1288,0.374354,0.0172
DQN,456,353,31770,232522.50,0.1263,0.365382,0.0153
DQN,456,354,31860,232015.00,0.1239,0.378014,0.0146
DQN,456,355,31950,230367.50,0.1214,0.368193,0.0154
DQN,456,356,32040,237655.00,0.1189,0.360828,0.0151
DQN,456,357,32130,242477.50,0.1164,0.384057,0.0156
DQN,456,358,32220,226525.00,0.1139,0.378465,0.0150
DQN,456,359,32310,219002.50,0.1115,0.359942,0.0149
DQN,456,360,32400,236457.50,0.1090,0.367997,0.0145
DQN,456,361,32490,231255.00,0.1065,0.328727,0.0159
DQN,456,362,32580,229225.00,0.1040,0.353494,0.0146
DQN,456,363,32670,231137.50,0.1016,0.352241,0.0143
DQN,456,364,32760,214310.00,0.0991,0.352980,0.0165
DQN,456,365,32850,238877.50,0.0966,0.367207,0.0159
DQN,456,366,32940,231627.50,0.0941,0.328141,0.0172
DQN,456,367,33030,250777.50,0.0917,0.336143,0.0139
DQN,456,368,33120,233582.50,0.0892,0.325383,0.0137
DQN,456,369,33210,243100.00,0.0867,0.343898,0.0137
DQN,456,370,33300,238125.00,0.0842,0.341479,0.0139
DQN,456,371,33390,243390.00,0.0818,0.362953,0.0139
DQN,456,372,33480,245115.00,0.0793,0.337670,0.0140
DQN,456,373,33570,243347.50,0.0768,0.346372,0.0151
DQN,456,374,33660,228140.00,0.0743,0.359000,0.0159
DQN,456,375,33750,241285.00,0.0719,0.343925,0.0148
DQN,456,376,33840,234575.00,0.0694,0.351238,0.0147
DQN,456,377,33930,246527.50,0.0669,0.356390,0.0139
DQN,456,378,34020,230955.00,0.0645,0.344772,0.0157
DQN,456,379,34110,235902.50,0.0620,0.336295,0.0162
DQN,456,380,34200,232907.50,0.0595,0.335839,0.0151
DQN,456,381,34290,240415.00,0.0570,0.325416,0.0146
DQN,456,382,34380,227747.50,0.0546,0.355265,0.0166
DQN,456,383,34470,226755.00,0.0521,0.331153,0.0154
DQN,456,384,34560,237217.50,0.0496,0.334983,0.0146
DQN,456,385,34650,233312.50,0.0471,0.328379,0.0176
DQN,456,386,34740,223242.50,0.0447,0.323818,0.0175
DQN,456,387,34830,249730.00,0.0422,0.324518,0.0149
DQN,456,388,34920,251302.50,0.0397,0.315249,0.0148
DQN,456,389,35010,234742.50,0.0372,0.332543,0.0167
DQN,456,390,35100,229225.00,0.0348,0.313626,0.0156
DQN,456,391,35190,222147.50,0.0323,0.318870,0.0157
DQN,456,392,35280,232375.00,0.0298,0.320813,0.0168
DQN,456,393,35370,236282.50,0.0273,0.323839,0.0148
DQN,456,394,35460,245367.50,0.0249,0.313172,0.0143
DQN,456,395,35550,239262.50,0.0224,0.320644,0.0145
DQN,456,396,35640,237705.00,0.0199,0.316821,0.0145
DQN,456,397,35730,219655.00,0.0174,0.319557,0.0145
DQN,456,398,35820,231470.00,0.0150,0.329501,0.0146
DQN,456,399,35910,234505.00,0.0125,0.315362,0.0147
DQN,456,400,36000,245427.50,0.0100,0.322685,0.0147
DQN,456,401,36090,230832.50,0.0100,0.312568,0.0198
DQN,456,402,36180,242097.50,0.0100,0.326413,0.0148
DQN,456,403,36270,236847.50,0.0100,0.302496,0.0146
DQN,456,404,36360,235717.50,0.0100,0.337758,0.0145
DQN,456,405,36450,219087.50,0.0100,0.324513,0.0144
DQN,456,406,36540,247245.00,0.0100,0.317905,0.0143
DQN,456,407,36630,245440.00,0.0100,0.327676,0.0144
DQN,456,408,36720,237787.50,0.0100,0.327920,0.0143
DQN,456,409,36810,243997.50,0.0100,0.307023,0.0143
DQN,456,410,36900,232140.00,0.0100,0.320349,0.0144
DQN,456,411,36990,243097.50,0.0100,0.304998,0.0143
DQN,456,412,37080,222485.00,0.0100,0.323901,0.0144
DQN,456,413,37170,235115.00,0.0100,0.314200,0.0143
DQN,456,414,37260,237412.50,0.0100,0.316199,0.0143
DQN,456,415,37350,239315.00,0.0100,0.321214,0.0144
DQN,456,416,37440,240170.00,0.0100,0.311267,0.0143
DQN,456,417,37530,221020.00,0.0100,0.331613,0.0143
DQN,456,418,37620,236050.00,0.0100,0.330491,0.0143
DQN,456,419,37710,236402.50,0.0100,0.301414,0.0164
DQN,456,420,37800,235792.50,0.0100,0.315177,0.0139
DQN,456,421,37890,236915.00,0.0100,0.313322,0.0139
DQN,456,422,37980,224812.50,0.0100,0.306362,0.0142
DQN,456,423,38070,229810.00,0.0100,0.307181,0.0143
DQN,456,424,38160,240727.50,0.0100,0.293970,0.0143
DQN,456,425,38250,237942.50,0.0100,0.319278,0.0145
DQN,456,426,38340,238632.50,0.0100,0.320082,0.0145
DQN,456,427,38430,240185.00,0.0100,0.305768,0.0145
DQN,456,428,38520,239845.00,0.0100,0.314257,0.0145
DQN,456,429,38610,241220.00,0.0100,0.307932,0.0145
DQN,456,430,38700,233040.00,0.0100,0.300405,0.0145
DQN,456,431,38790,240350.00,0.0100,0.301801,0.0145
DQN,456,432,38880,222297.50,0.0100,0.294568,0.0146
DQN,456,433,38970,243090.00,0.0100,0.292494,0.0145
DQN,456,434,39060,234920.00,0.0100,0.302366,0.0146
DQN,456,435,39150,224357.50,0.0100,0.299172,0.0147
DQN,456,436,39240,236762.50,0.0100,0.304853,0.0146
DQN,456,437,39330,237435.00,0.0100,0.294037,0.0146
DQN,456,438,39420,233925.00,0.0100,0.301564,0.0146
DQN,456,439,39510,244872.50,0.0100,0.289058,0.0145
DQN,456,440,39600,233942.50,0.0100,0.295444,0.0146
DQN,456,441,39690,222862.50,0.0100,0.289530,0.0145
DQN,456,442,39780,242960.00,0.0100,0.292376,0.0146
DQN,456,443,39870,234600.00,0.0100,0.294099,0.0146
DQN,456,444,39960,241695.00,0.0100,0.276045,0.0146
DQN,456,445,40050,237090.00,0.0100,0.295480,0.0146
DQN,456,446,40140,226990.00,0.0100,0.284668,0.0146
DQN,456,447,40230,233360.00,0.0100,0.299806,0.0146
DQN,456,448,40320,251930.00,0.0100,0.286779,0.0145
DQN,456,449,40410,231205.00,0.0100,0.297103,0.0145
DQN,456,450,40500,239850.00,0.0100,0.301386,0.0145
DQN,456,451,40590,239072.50,0.0100,0.290584,0.0174
DQN,456,452,40680,243882.50,0.0100,0.291406,0.0143
DQN,456,453,40770,242850.00,0.0100,0.295141,0.0161
DQN,456,454,40860,233482.50,0.0100,0.301552,0.0145
DQN,456,455,40950,242802.50,0.0100,0.274335,0.0162
DQN,456,456,41040,234870.00,0.0100,0.292797,0.0154
DQN,456,457,41130,230180.00,0.0100,0.301810,0.0145
DQN,456,458,41220,229450.00,0.0100,0.272299,0.0141
DQN,456,459,41310,232835.00,0.0100,0.303554,0.0155
DQN,456,460,41400,243747.50,0.0100,0.297261,0.0146
DQN,456,461,41490,238027.50,0.0100,0.303221,0.0144
DQN,456,462,41580,225335.00,0.0100,0.283972,0.0145
DQN,456,463,41670,234135.00,0.0100,0.275654,0.0167
DQN,456,464,41760,246920.00,0.0100,0.288631,0.0145
DQN,456,465,41850,239787.50,0.0100,0.274652,0.0141
DQN,456,466,41940,229562.50,0.0100,0.288133,0.0141
DQN,456,467,42030,220445.00,0.0100,0.292681,0.0140
DQN,456,468,42120,237247.50,0.0100,0.298020,0.0140
DQN,456,469,42210,224382.50,0.0100,0.283710,0.0163
DQN,456,470,42300,230122.50,0.0100,0.307022,0.0140
DQN,456,471,42390,230040.00,0.0100,0.296161,0.0138
DQN,456,472,42480,241682.50,0.0100,0.286887,0.0140
DQN,456,473,42570,217205.00,0.0100,0.279406,0.0142
DQN,456,474,42660,249495.00,0.0100,0.290029,0.0143
DQN,456,475,42750,228925.00,0.0100,0.271481,0.0171
DQN,456,476,42840,243572.50,0.0100,0.289232,0.0141
DQN,456,477,42930,223287.50,0.0100,0.282944,0.0141
DQN,456,478,43020,237470.00,0.0100,0.290760,0.0141
DQN,456,479,43110,239050.00,0.0100,0.292463,0.0140
DQN,456,480,43200,238675.00,0.0100,0.271152,0.0141
DQN,456,481,43290,237052.50,0.0100,0.289692,0.0141
DQN,456,482,43380,232047.50,0.0100,0.287481,0.0140
DQN,456,483,43470,225122.50,0.0100,0.282378,0.0139
DQN,456,484,43560,231637.50,0.0100,0.281880,0.0140
DQN,456,485,43650,237175.00,0.0100,0.282648,0.0140
DQN,456,486,43740,233922.50,0.0100,0.280735,0.0140
DQN,456,487,43830,226625.00,0.0100,0.282873,0.0141
DQN,456,488,43920,220420.00,0.0100,0.280038,0.0140
DQN,456,489,44010,238917.50,0.0100,0.270111,0.0140
DQN,456,490,44100,232402.50,0.0100,0.276273,0.0140
DQN,456,491,44190,218552.50,0.0100,0.293628,0.0140
DQN,456,492,44280,224020.00,0.0100,0.293848,0.0143
DQN,456,493,44370,228330.00,0.0100,0.278670,0.0141
DQN,456,494,44460,241395.00,0.0100,0.289752,0.0140
DQN,456,495,44550,232592.50,0.0100,0.306900,0.0141
DQN,456,496,44640,225710.00,0.0100,0.282621,0.0141
DQN,456,497,44730,217767.50,0.0100,0.288472,0.0141
DQN,456,498,44820,235352.50,0.0100,0.277272,0.0140
DQN,456,499,44910,237345.00,0.0100,0.286960,0.0141
DQN,456,500,45000,221995.00,0.0100,0.275707,0.0141
DQN,789,1,90,50575.00,0.9975,0.000000,0.0006
DQN,789,2,180,125687.50,0.9950,0.000000,0.0006
DQN,789,3,270,122992.50,0.9926,0.000000,0.0006
DQN,789,4,360,137680.00,0.9901,0.000000,0.0005
DQN,789,5,450,120840.00,0.9876,0.000000,0.0005
DQN,789,6,540,195545.00,0.9851,4.073144,0.0066
DQN,789,7,630,122290.00,0.9827,4.143006,0.0131
DQN,789,8,720,76050.00,0.9802,6.999576,0.0131
DQN,789,9,810,158692.50,0.9777,10.288763,0.0132
DQN,789,10,900,148972.50,0.9752,2.455503,0.0130
DQN,789,11,990,118482.50,0.9728,1.200417,0.0132
DQN,789,12,1080,136322.50,0.9703,1.149139,0.0133
DQN,789,13,1170,174767.50,0.9678,1.103624,0.0134
DQN,789,14,1260,84555.00,0.9654,1.087532,0.0133
DQN,789,15,1350,107055.00,0.9629,1.148679,0.0134
DQN,789,16,1440,179162.50,0.9604,1.141255,0.0137
DQN,789,17,1530,130002.50,0.9579,1.074269,0.0160
DQN,789,18,1620,157352.50,0.9555,1.200493,0.0131
DQN,789,19,1710,154075.00,0.9530,1.111552,0.0133
DQN,789,20,1800,119120.00,0.9505,1.029761,0.0135
DQN,789,21,1890,192397.50,0.9480,1.144490,0.0136
DQN,789,22,1980,111780.00,0.9456,1.088491,0.0137
DQN,789,23,2070,125912.50,0.9431,1.309587,0.0138
DQN,789,24,2160,151557.50,0.9406,1.026796,0.0138
DQN,789,25,2250,83585.00,0.9381,0.973477,0.0139
DQN,789,26,2340,92455.00,0.9356,0.934032,0.0139
DQN,789,27,2430,87635.00,0.9332,0.922410,0.0139
DQN,789,28,2520,33712.50,0.9307,0.895251,0.0140
DQN,789,29,2610,156285.00,0.9282,0.907653,0.0139
DQN,789,30,2700,161195.00,0.9257,0.838134,0.0140
DQN,789,31,2790,180572.50,0.9233,0.850854,0.0141
DQN,789,32,2880,95690.00,0.9208,0.768477,0.0144
DQN,789,33,2970,125382.50,0.9183,0.777586,0.0144
DQN,789,34,3060,115280.00,0.9159,0.812061,0.0140
DQN,789,35,3150,165477.50,0.9134,0.792371,0.0137
DQN,789,36,3240,183192.50,0.9109,0.747193,0.0135
DQN,789,37,3330,93092.50,0.9084,0.793482,0.0135
DQN,789,38,3420,117062.50,0.9060,0.774021,0.0135
DQN,789,39,3510,107522.50,0.9035,0.784163,0.0136
DQN,789,40,3600,95762.50,0.9010,0.772186,0.0135
DQN,789,41,3690,159460.00,0.8985,0.709967,0.0135
DQN,789,42,3780,137057.50,0.8961,0.703863,0.0135
DQN,789,43,3870,100640.00,0.8936,0.728984,0.0135
DQN,789,44,3960,133715.00,0.8911,0.748028,0.0135
DQN,789,45,4050,206080.00,0.8886,0.735728,0.0135
DQN,789,46,4140,147920.00,0.8861,0.725984,0.0135
DQN,789,47,4230,167647.50,0.8837,0.697514,0.0136
DQN,789,48,4320,151412.50,0.8812,0.705068,0.0136
DQN,789,49,4410,140392.50,0.8787,0.726182,0.0154
DQN,789,50,4500,148530.00,0.8762,0.685394,0.0136
DQN,789,51,4590,193595.00,0.8738,0.691842,0.0152
DQN,789,52,4680,180120.00,0.8713,0.677341,0.0143
DQN,789,53,4770,94667.50,0.8688,0.666465,0.0138
DQN,789,54,4860,169310.00,0.8663,0.662404,0.0164
DQN,789,55,4950,129125.00,0.8639,0.642309,0.0141
DQN,789,56,5040,131455.00,0.8614,0.671819,0.0137
DQN,789,57,5130,157142.50,0.8589,0.649080,0.0136
DQN,789,58,5220,199560.00,0.8565,0.641308,0.0135
DQN,789,59,5310,199372.50,0.8540,0.633952,0.0157
DQN,789,60,5400,142562.50,0.8515,0.631269,0.0132
DQN,789,61,5490,169857.50,0.8490,0.641183,0.0137
DQN,789,62,5580,116440.00,0.8466,0.627174,0.0138
DQN,789,63,5670,156625.00,0.8441,0.639048,0.0140
DQN,789,64,5760,169110.00,0.8416,0.654680,0.0163
DQN,789,65,5850,173437.50,0.8391,0.653966,0.0138
DQN,789,66,5940,178425.00,0.8367,0.641733,0.0136
DQN,789,67,6030,182595.00,0.8342,0.630955,0.0136
DQN,789,68,6120,200017.50,0.8317,0.627998,0.0135
DQN,789,69,6210,201380.00,0.8292,0.612748,0.0136
DQN,789,70,6300,183992.50,0.8267,0.592917,0.0156
DQN,789,71,6390,159977.50,0.8243,0.615770,0.0138
DQN,789,72,6480,140222.50,0.8218,0.597869,0.0134
DQN,789,73,6570,179995.00,0.8193,0.596277,0.0139
DQN,789,74,6660,92555.00,0.8168,0.621341,0.0138
DQN,789,75,6750,101375.00,0.8144,0.607488,0.0139
DQN,789,76,6840,175355.00,0.8119,0.586279,0.0140
DQN,789,77,6930,173847.50,0.8094,0.599968,0.0141
DQN,789,78,7020,163967.50,0.8070,0.600129,0.0141
DQN,789,79,7110,199172.50,0.8045,0.587710,0.0141
DQN,789,80,7200,178657.50,0.8020,0.604550,0.0141
DQN,789,81,7290,207610.00,0.7995,0.610042,0.0141
DQN,789,82,7380,186280.00,0.7971,0.606249,0.0141
DQN,789,83,7470,166280.00,0.7946,0.592558,0.0143
DQN,789,84,7560,181445.00,0.7921,0.610017,0.0141
DQN,789,85,7650,175225.00,0.7896,0.568344,0.0142
DQN,789,86,7740,175570.00,0.7872,0.609330,0.0142
DQN,789,87,7830,184030.00,0.7847,0.577486,0.0142
DQN,789,88,7920,172867.50,0.7822,0.615018,0.0142
DQN,789,89,8010,190617.50,0.7797,0.607942,0.0142
DQN,789,90,8100,166787.50,0.7772,0.589399,0.0142
DQN,789,91,8190,96782.50,0.7748,0.590726,0.0301
DQN,789,92,8280,146570.00,0.7723,0.560132,0.0211
DQN,789,93,8370,211450.00,0.7698,0.580947,0.0151
DQN,789,94,8460,163502.50,0.7673,0.573754,0.0139
DQN,789,95,8550,201882.50,0.7649,0.558179,0.0141
DQN,789,96,8640,158100.00,0.7624,0.575364,0.0141
DQN,789,97,8730,210360.00,0.7599,0.574632,0.0142
DQN,789,98,8820,129785.00,0.7574,0.568413,0.0202
DQN,789,99,8910,210405.00,0.7550,0.561998,0.0158
DQN,789,100,9000,176637.50,0.7525,0.598311,0.0137
DQN,789,101,9090,207375.00,0.7500,0.582399,0.0150
DQN,789,102,9180,148817.50,0.7475,0.563188,0.0136
DQN,789,103,9270,216930.00,0.7451,0.587987,0.0136
DQN,789,104,9360,131592.50,0.7426,0.580992,0.0136
DQN,789,105,9450,177695.00,0.7401,0.572970,0.0136
DQN,789,106,9540,184040.00,0.7376,0.543416,0.0137
DQN,789,107,9630,157072.50,0.7352,0.573662,0.0137
DQN,789,108,9720,163570.00,0.7327,0.577146,0.0145
DQN,789,109,9810,216905.00,0.7302,0.565877,0.0136
DQN,789,110,9900,174310.00,0.7278,0.562581,0.0136
DQN,789,111,9990,197957.50,0.7253,0.549821,0.0139
DQN,789,112,10080,184000.00,0.7228,0.564394,0.0141
DQN,789,113,10170,217337.50,0.7203,0.571001,0.0142
DQN,789,114,10260,198640.00,0.7179,0.584877,0.0141
DQN,789,115,10350,205605.00,0.7154,0.545440,0.0142
DQN,789,116,10440,163905.00,0.7129,0.556915,0.0141
DQN,789,117,10530,217557.50,0.7104,0.541390,0.0142
DQN,789,118,10620,183080.00,0.7080,0.559996,0.0142
DQN,789,119,10710,201807.50,0.7055,0.539691,0.0142
DQN,789,120,10800,191037.50,0.7030,0.554052,0.0142
DQN,789,121,10890,184737.50,0.7005,0.559411,0.0142
DQN,789,122,10980,205690.00,0.6981,0.551010,0.0146
DQN,789,123,11070,203637.50,0.6956,0.551644,0.0149
DQN,789,124,11160,205777.50,0.6931,0.554496,0.0141
DQN,789,125,11250,202292.50,0.6906,0.541659,0.0139
DQN,789,126,11340,157760.00,0.6882,0.542725,0.0138
DQN,789,127,11430,173277.50,0.6857,0.564749,0.0138
DQN,789,128,11520,220880.00,0.6832,0.529971,0.0137
DQN,789,129,11610,182410.00,0.6807,0.535447,0.0137
DQN,789,130,11700,214767.50,0.6783,0.535043,0.0137
DQN,789,131,11790,187882.50,0.6758,0.527761,0.0135
DQN,789,132,11880,234515.00,0.6733,0.546860,0.0139
DQN,789,133,11970,179952.50,0.6708,0.547194,0.0140
DQN,789,134,12060,220182.50,0.6683,0.532126,0.0141
DQN,789,135,12150,222682.50,0.6659,0.536552,0.0142
DQN,789,136,12240,195127.50,0.6634,0.547893,0.0142
DQN,789,137,12330,226620.00,0.6609,0.552543,0.0153
DQN,789,138,12420,213537.50,0.6584,0.549943,0.0151
DQN,789,139,12510,195330.00,0.6560,0.518263,0.0137
DQN,789,140,12600,222730.00,0.6535,0.515122,0.0173
DQN,789,141,12690,176467.50,0.6510,0.541287,0.0140
DQN,789,142,12780,208960.00,0.6485,0.515638,0.0139
DQN,789,143,12870,187657.50,0.6461,0.528370,0.0137
DQN,789,144,12960,184802.50,0.6436,0.508324,0.0137
DQN,789,145,13050,196365.00,0.6411,0.529221,0.0137
DQN,789,146,13140,196555.00,0.6386,0.547261,0.0138
DQN,789,147,13230,217490.00,0.6362,0.541244,0.0139
DQN,789,148,13320,204222.50,0.6337,0.552098,0.0138
DQN,789,149,13410,206582.50,0.6312,0.524297,0.0138
DQN,789,150,13500,234242.50,0.6288,0.540455,0.0137
DQN,789,151,13590,219155.00,0.6263,0.522208,0.0147
DQN,789,152,13680,167550.00,0.6238,0.545141,0.0144
DQN,789,153,13770,210967.50,0.6213,0.526379,0.0139
DQN,789,154,13860,225950.00,0.6189,0.555872,0.0138
DQN,789,155,13950,193330.00,0.6164,0.530573,0.0137
DQN,789,156,14040,181430.00,0.6139,0.510405,0.0138
DQN,789,157,14130,208362.50,0.6114,0.493279,0.0138
DQN,789,158,14220,204775.00,0.6089,0.525336,0.0138
DQN,789,159,14310,185415.00,0.6065,0.529786,0.0139
DQN,789,160,14400,223870.00,0.6040,0.525890,0.0139
DQN,789,161,14490,220347.50,0.6015,0.505086,0.0138
DQN,789,162,14580,170305.00,0.5990,0.508012,0.0138
DQN,789,163,14670,196372.50,0.5966,0.519821,0.0138
DQN,789,164,14760,203910.00,0.5941,0.526590,0.0137
DQN,789,165,14850,194660.00,0.5916,0.529363,0.0160
DQN,789,166,14940,205505.00,0.5892,0.529506,0.0140
DQN,789,167,15030,210982.50,0.5867,0.519707,0.0139
DQN,789,168,15120,215360.00,0.5842,0.524745,0.0138
DQN,789,169,15210,219522.50,0.5817,0.514492,0.0138
DQN,789,170,15300,203437.50,0.5793,0.542843,0.0138
DQN,789,171,15390,188632.50,0.5768,0.536413,0.0137
DQN,789,172,15480,183865.00,0.5743,0.535750,0.0142
DQN,789,173,15570,226757.50,0.5718,0.504321,0.0141
DQN,789,174,15660,225722.50,0.5694,0.508701,0.0141
DQN,789,175,15750,171797.50,0.5669,0.522495,0.0141
DQN,789,176,15840,212782.50,0.5644,0.505456,0.0141
DQN,789,177,15930,230102.50,0.5619,0.501816,0.0142
DQN,789,178,16020,203142.50,0.5595,0.511663,0.0148
DQN,789,179,16110,198017.50,0.5570,0.509685,0.0140
DQN,789,180,16200,212220.00,0.5545,0.487062,0.0138
DQN,789,181,16290,220095.00,0.5520,0.501194,0.0138
DQN,789,182,16380,208957.50,0.5495,0.507225,0.0138
DQN,789,183,16470,219725.00,0.5471,0.495114,0.0138
DQN,789,184,16560,236022.50,0.5446,0.511470,0.0138
DQN,789,185,16650,220237.50,0.5421,0.517121,0.0138
DQN,789,186,16740,206760.00,0.5396,0.484668,0.0139
DQN,789,187,16830,221652.50,0.5372,0.508493,0.0142
DQN,789,188,16920,237555.00,0.5347,0.515098,0.0139
DQN,789,189,17010,214635.00,0.5322,0.492265,0.0138
DQN,789,190,17100,213332.50,0.5297,0.487648,0.0137
DQN,789,191,17190,209067.50,0.5273,0.484406,0.0139
DQN,789,192,17280,233690.00,0.5248,0.482194,0.0138
DQN,789,193,17370,195100.00,0.5223,0.498222,0.0178
DQN,789,194,17460,212360.00,0.5199,0.484358,0.0143
DQN,789,195,17550,193395.00,0.5174,0.478973,0.0139
DQN,789,196,17640,228030.00,0.5149,0.472290,0.0139
DQN,789,197,17730,197812.50,0.5124,0.496577,0.0139
DQN,789,198,17820,218630.00,0.5100,0.474181,0.0139
DQN,789,199,17910,211855.00,0.5075,0.505680,0.0139
DQN,789,200,18000,179187.50,0.5050,0.489990,0.0139
DQN,789,201,18090,192817.50,0.5025,0.494964,0.0161
DQN,789,202,18180,212440.00,0.5000,0.487825,0.0142
DQN,789,203,18270,226607.50,0.4976,0.507643,0.0142
DQN,789,204,18360,227982.50,0.4951,0.496547,0.0143
DQN,789,205,18450,234155.00,0.4926,0.501988,0.0142
DQN,789,206,18540,215060.00,0.4901,0.488098,0.0140
DQN,789,207,18630,238800.00,0.4877,0.485797,0.0139
DQN,789,208,18720,226865.00,0.4852,0.478879,0.0167
DQN,789,209,18810,222647.50,0.4827,0.477760,0.0141
DQN,789,210,18900,221455.00,0.4802,0.478916,0.0139
DQN,789,211,18990,209477.50,0.4778,0.490069,0.0138
DQN,789,212,19080,217272.50,0.4753,0.469611,0.0139
DQN,789,213,19170,242555.00,0.4728,0.459674,0.0139
DQN,789,214,19260,235120.00,0.4703,0.477919,0.0139
DQN,789,215,19350,216117.50,0.4679,0.470191,0.0141
DQN,789,216,19440,224712.50,0.4654,0.492228,0.0139
DQN,789,217,19530,225792.50,0.4629,0.486683,0.0139
DQN,789,218,19620,201407.50,0.4604,0.469549,0.0139
DQN,789,219,19710,241097.50,0.4580,0.469835,0.0140
DQN,789,220,19800,222300.00,0.4555,0.471855,0.0139
DQN,789,221,19890,204007.50,0.4530,0.490693,0.0139
DQN,789,222,19980,244297.50,0.4506,0.469733,0.0139
DQN,789,223,20070,221725.00,0.4481,0.476782,0.0140
DQN,789,224,20160,212437.50,0.4456,0.470363,0.0139
DQN,789,225,20250,207165.00,0.4431,0.481270,0.0139
DQN,789,226,20340,178402.50,0.4407,0.497612,0.0139
DQN,789,227,20430,204410.00,0.4382,0.455998,0.0140
DQN,789,228,20520,211657.50,0.4357,0.477688,0.0139
DQN,789,229,20610,223065.00,0.4332,0.456491,0.0140
DQN,789,230,20700,235492.50,0.4308,0.462475,0.0140
DQN,789,231,20790,200127.50,0.4283,0.456406,0.0140
DQN,789,232,20880,228932.50,0.4258,0.464293,0.0139
DQN,789,233,20970,218820.00,0.4233,0.448799,0.0140
DQN,789,234,21060,216565.00,0.4209,0.467712,0.0139
DQN,789,235,21150,220127.50,0.4184,0.467838,0.0140
DQN,789,236,21240,221212.50,0.4159,0.448688,0.0139
DQN,789,237,21330,218447.50,0.4134,0.459205,0.0140
DQN,789,238,21420,225367.50,0.4110,0.466903,0.0139
DQN,789,239,21510,223317.50,0.4085,0.440891,0.0147
DQN,789,240,21600,224960.00,0.4060,0.451282,0.0141
DQN,789,241,21690,216310.00,0.4035,0.445699,0.0139
DQN,789,242,21780,216345.00,0.4011,0.473076,0.0140
DQN,789,243,21870,228445.00,0.3986,0.450180,0.0139
DQN,789,244,21960,228597.50,0.3961,0.456124,0.0139
DQN,789,245,22050,198675.00,0.3936,0.451304,0.0139
DQN,789,246,22140,234200.00,0.3911,0.438998,0.0140
DQN,789,247,22230,223727.50,0.3887,0.449857,0.0139
DQN,789,248,22320,223615.00,0.3862,0.435536,0.0140
DQN,789,249,22410,218137.50,0.3837,0.442556,0.0140
DQN,789,250,22500,210550.00,0.3812,0.433755,0.0139
DQN,789,251,22590,212327.50,0.3788,0.431341,0.0141
DQN,789,252,22680,222085.00,0.3763,0.437651,0.0141
DQN,789,253,22770,231482.50,0.3738,0.415852,0.0141
DQN,789,254,22860,243770.00,0.3713,0.422116,0.0142
DQN,789,255,22950,234565.00,0.3689,0.432385,0.0141
DQN,789,256,23040,246437.50,0.3664,0.435017,0.0160
DQN,789,257,23130,216227.50,0.3639,0.421989,0.0165
DQN,789,258,23220,213240.00,0.3614,0.423070,0.0145
DQN,789,259,23310,230667.50,0.3590,0.429294,0.0143
DQN,789,260,23400,219357.50,0.3565,0.425391,0.0143
DQN,789,261,23490,219452.50,0.3540,0.442141,0.0172
DQN,789,262,23580,223117.50,0.3516,0.423791,0.0149
DQN,789,263,23670,238395.00,0.3491,0.422317,0.0143
DQN,789,264,23760,234392.50,0.3466,0.449623,0.0143
DQN,789,265,23850,228740.00,0.3441,0.414312,0.0143
DQN,789,266,23940,236092.50,0.3417,0.408206,0.0167
DQN,789,267,24030,226562.50,0.3392,0.386023,0.0141
DQN,789,268,24120,235432.50,0.3367,0.408734,0.0137
DQN,789,269,24210,231635.00,0.3342,0.403672,0.0140
DQN,789,270,24300,230382.50,0.3317,0.408858,0.0141
DQN,789,271,24390,186327.50,0.3293,0.407734,0.0142
DQN,789,272,24480,218905.00,0.3268,0.406055,0.0143
DQN,789,273,24570,230520.00,0.3243,0.397510,0.0144
DQN,789,274,24660,205690.00,0.3218,0.402627,0.0144
DQN,789,275,24750,245722.50,0.3194,0.391682,0.0144
DQN,789,276,24840,226825.00,0.3169,0.417912,0.0144
DQN,789,277,24930,214330.00,0.3144,0.418947,0.0144
DQN,789,278,25020,232295.00,0.3120,0.405026,0.0144
DQN,789,279,25110,235347.50,0.3095,0.407016,0.0145
DQN,789,280,25200,221602.50,0.3070,0.390842,0.0145
DQN,789,281,25290,239642.50,0.3045,0.421449,0.0146
DQN,789,282,25380,233465.00,0.3021,0.400822,0.0145
DQN,789,283,25470,214882.50,0.2996,0.391385,0.0145
DQN,789,284,25560,232082.50,0.2971,0.413353,0.0145
DQN,789,285,25650,218540.00,0.2946,0.394481,0.0178
DQN,789,286,25740,227260.00,0.2922,0.399193,0.0147
DQN,789,287,25830,236652.50,0.2897,0.389643,0.0141
DQN,789,288,25920,223215.00,0.2872,0.396215,0.0140
DQN,789,289,26010,218117.50,0.2847,0.401490,0.0140
DQN,789,290,26100,225512.50,0.2823,0.399656,0.0140
DQN,789,291,26190,234095.00,0.2798,0.404348,0.0140
DQN,789,292,26280,219910.00,0.2773,0.381874,0.0140
DQN,789,293,26370,214082.50,0.2748,0.403135,0.0140
DQN,789,294,26460,231615.00,0.2723,0.402629,0.0139
DQN,789,295,26550,240010.00,0.2699,0.392661,0.0139
DQN,789,296,26640,224662.50,0.2674,0.385483,0.0140
DQN,789,297,26730,230080.00,0.2649,0.375179,0.0167
DQN,789,298,26820,218297.50,0.2624,0.378671,0.0140
DQN,789,299,26910,234810.00,0.2600,0.388105,0.0137
DQN,789,300,27000,207377.50,0.2575,0.396947,0.0138
DQN,789,301,27090,236407.50,0.2550,0.380377,0.0174
DQN,789,302,27180,213257.50,0.2526,0.367550,0.0139
DQN,789,303,27270,248070.00,0.2501,0.374906,0.0137
DQN,789,304,27360,223125.00,0.2476,0.387811,0.0140
DQN,789,305,27450,242652.50,0.2451,0.391233,0.0142
DQN,789,306,27540,237022.50,0.2427,0.403931,0.0150
DQN,789,307,27630,220632.50,0.2402,0.380024,0.0145
DQN,789,308,27720,230810.00,0.2377,0.375830,0.0144
DQN,789,309,27810,230227.50,0.2352,0.393294,0.0169
DQN,789,310,27900,241952.50,0.2328,0.367279,0.0144
DQN,789,311,27990,232082.50,0.2303,0.367643,0.0140
DQN,789,312,28080,225482.50,0.2278,0.376593,0.0139
DQN,789,313,28170,227462.50,0.2253,0.375541,0.0139
DQN,789,314,28260,240000.00,0.2228,0.367070,0.0139
DQN,789,315,28350,257920.00,0.2204,0.373095,0.0138
DQN,789,316,28440,221175.00,0.2179,0.383238,0.0138
DQN,789,317,28530,226410.00,0.2154,0.366811,0.0139
DQN,789,318,28620,228010.00,0.2129,0.377776,0.0141
DQN,789,319,28710,233472.50,0.2105,0.366701,0.0141
DQN,789,320,28800,240600.00,0.2080,0.361601,0.0141
DQN,789,321,28890,241340.00,0.2055,0.362027,0.0139
DQN,789,322,28980,228377.50,0.2030,0.363749,0.0140
DQN,789,323,29070,244752.50,0.2006,0.361774,0.0141
DQN,789,324,29160,215250.00,0.1981,0.359049,0.0141
DQN,789,325,29250,232097.50,0.1956,0.362417,0.0140
DQN,789,326,29340,250290.00,0.1932,0.352540,0.0141
DQN,789,327,29430,236040.00,0.1907,0.349227,0.0141
DQN,789,328,29520,232557.50,0.1882,0.370452,0.0140
DQN,789,329,29610,241095.00,0.1857,0.344014,0.0141
DQN,789,330,29700,219292.50,0.1833,0.368874,0.0140
DQN,789,331,29790,229330.00,0.1808,0.350775,0.0140
DQN,789,332,29880,230950.00,0.1783,0.337825,0.0141
DQN,789,333,29970,246182.50,0.1758,0.345655,0.0142
DQN,789,334,30060,258990.00,0.1734,0.337528,0.0140
DQN,789,335,30150,237460.00,0.1709,0.357540,0.0141
DQN,789,336,30240,226382.50,0.1684,0.365848,0.0140
DQN,789,337,30330,231030.00,0.1659,0.346116,0.0140
DQN,789,338,30420,203455.00,0.1634,0.349125,0.0140
DQN,789,339,30510,228250.00,0.1610,0.348452,0.0141
DQN,789,340,30600,223582.50,0.1585,0.369229,0.0142
DQN,789,341,30690,236232.50,0.1560,0.354940,0.0141
DQN,789,342,30780,232315.00,0.1536,0.336683,0.0141
DQN,789,343,30870,243500.00,0.1511,0.362868,0.0141
DQN,789,344,30960,219175.00,0.1486,0.351403,0.0141
DQN,789,345,31050,228772.50,0.1461,0.337162,0.0140
DQN,789,346,31140,226100.00,0.1437,0.356387,0.0141
DQN,789,347,31230,225535.00,0.1412,0.346654,0.0141
DQN,789,348,31320,226105.00,0.1387,0.348934,0.0142
DQN,789,349,31410,228812.50,0.1362,0.359760,0.0141
DQN,789,350,31500,241072.50,0.1338,0.337790,0.0141
DQN,789,351,31590,224240.00,0.1313,0.347178,0.0180
DQN,789,352,31680,237190.00,0.1288,0.360866,0.0140
DQN,789,353,31770,235802.50,0.1263,0.340477,0.0138
DQN,789,354,31860,242930.00,0.1239,0.377595,0.0139
DQN,789,355,31950,237602.50,0.1214,0.350875,0.0139
DQN,789,356,32040,232220.00,0.1189,0.347312,0.0140
DQN,789,357,32130,232397.50,0.1164,0.348719,0.0140
DQN,789,358,32220,232587.50,0.1139,0.347179,0.0141
DQN,789,359,32310,223010.00,0.1115,0.338853,0.0248
DQN,789,360,32400,238592.50,0.1090,0.328573,0.0736
DQN,789,361,32490,238220.00,0.1065,0.334061,0.0136
DQN,789,362,32580,231987.50,0.1040,0.346825,0.0141
DQN,789,363,32670,244737.50,0.1016,0.344716,0.0166
DQN,789,364,32760,247462.50,0.0991,0.323707,0.0167
DQN,789,365,32850,234740.00,0.0966,0.324121,0.0150
DQN,789,366,32940,231245.00,0.0941,0.340531,0.0152
DQN,789,367,33030,239142.50,0.0917,0.349721,0.0143
DQN,789,368,33120,233750.00,0.0892,0.334143,0.0153
DQN,789,369,33210,241025.00,0.0867,0.329459,0.0159
DQN,789,370,33300,233932.50,0.0842,0.338897,0.0155
DQN,789,371,33390,229365.00,0.0818,0.324351,0.0167
DQN,789,372,33480,218922.50,0.0793,0.341595,0.0168
DQN,789,373,33570,238235.00,0.0768,0.347842,0.0166
DQN,789,374,33660,236700.00,0.0743,0.327314,0.0172
DQN,789,375,33750,235220.00,0.0719,0.337562,0.0141
DQN,789,376,33840,238280.00,0.0694,0.340602,0.0140
DQN,789,377,33930,221037.50,0.0669,0.354625,0.0143
DQN,789,378,34020,230472.50,0.0645,0.335304,0.0150
DQN,789,379,34110,240990.00,0.0620,0.329887,0.0163
DQN,789,380,34200,214072.50,0.0595,0.320872,0.0151
DQN,789,381,34290,228772.50,0.0570,0.328570,0.0150
DQN,789,382,34380,227420.00,0.0546,0.330089,0.0155
DQN,789,383,34470,233400.00,0.0521,0.337028,0.0151
DQN,789,384,34560,216897.50,0.0496,0.333117,0.0173
DQN,789,385,34650,240540.00,0.0471,0.333954,0.0164
DQN,789,386,34740,240882.50,0.0447,0.329757,0.0171
DQN,789,387,34830,237902.50,0.0422,0.326028,0.0158
DQN,789,388,34920,239885.00,0.0397,0.329987,0.0198
DQN,789,389,35010,235267.50,0.0372,0.317691,0.0171
DQN,789,390,35100,232597.50,0.0348,0.325389,0.0165
DQN,789,391,35190,236400.00,0.0323,0.319891,0.0159
DQN,789,392,35280,231955.00,0.0298,0.318891,0.0154
DQN,789,393,35370,238935.00,0.0273,0.325561,0.0163
DQN,789,394,35460,233320.00,0.0249,0.316015,0.0152
DQN,789,395,35550,234697.50,0.0224,0.324535,0.0150
DQN,789,396,35640,230662.50,0.0199,0.343025,0.0158
DQN,789,397,35730,233637.50,0.0174,0.343393,0.0146
DQN,789,398,35820,236982.50,0.0150,0.329452,0.0162
DQN,789,399,35910,224045.00,0.0125,0.325495,0.0156
DQN,789,400,36000,230630.00,0.0100,0.319598,0.0158
DQN,789,401,36090,225617.50,0.0100,0.327256,0.0144
DQN,789,402,36180,231092.50,0.0100,0.313392,0.0169
DQN,789,403,36270,249187.50,0.0100,0.322126,0.0176
DQN,789,404,36360,236547.50,0.0100,0.318766,0.0152
DQN,789,405,36450,226690.00,0.0100,0.320840,0.0139
DQN,789,406,36540,232127.50,0.0100,0.315290,0.0177
DQN,789,407,36630,229927.50,0.0100,0.319577,0.0149
DQN,789,408,36720,217587.50,0.0100,0.323484,0.0171
DQN,789,409,36810,220920.00,0.0100,0.323964,0.0162
DQN,789,410,36900,247452.50,0.0100,0.320228,0.0159
DQN,789,411,36990,233300.00,0.0100,0.315968,0.0161
DQN,789,412,37080,231460.00,0.0100,0.313509,0.0176
DQN,789,413,37170,225182.50,0.0100,0.317897,0.0158
DQN,789,414,37260,232960.00,0.0100,0.315682,0.0149
DQN,789,415,37350,230747.50,0.0100,0.306563,0.0151
DQN,789,416,37440,220680.00,0.0100,0.325688,0.0161
DQN,789,417,37530,234002.50,0.0100,0.311547,0.0161
DQN,789,418,37620,224962.50,0.0100,0.310915,0.0147
DQN,789,419,37710,231432.50,0.0100,0.307898,0.0146
DQN,789,420,37800,232447.50,0.0100,0.300773,0.0180
DQN,789,421,37890,228687.50,0.0100,0.301520,0.0180
DQN,789,422,37980,239407.50,0.0100,0.304645,0.0149
DQN,789,423,38070,230947.50,0.0100,0.299013,0.0193
DQN,789,424,38160,229237.50,0.0100,0.304925,0.0187
DQN,789,425,38250,245542.50,0.0100,0.290833,0.0149
DQN,789,426,38340,229192.50,0.0100,0.311006,0.0142
DQN,789,427,38430,225190.00,0.0100,0.294006,0.0175
DQN,789,428,38520,233580.00,0.0100,0.300038,0.0181
DQN,789,429,38610,235995.00,0.0100,0.302818,0.0150
DQN,789,430,38700,241247.50,0.0100,0.299379,0.0160
DQN,789,431,38790,232315.00,0.0100,0.288374,0.0151
DQN,789,432,38880,231632.50,0.0100,0.296418,0.0159
DQN,789,433,38970,222005.00,0.0100,0.291528,0.0150
DQN,789,434,39060,223217.50,0.0100,0.298738,0.0151
DQN,789,435,39150,230805.00,0.0100,0.304657,0.0150
DQN,789,436,39240,225790.00,0.0100,0.295412,0.0233
DQN,789,437,39330,232232.50,0.0100,0.294083,0.0155
DQN,789,438,39420,222232.50,0.0100,0.274012,0.0151
DQN,789,439,39510,234980.00,0.0100,0.289648,0.0162
DQN,789,440,39600,231440.00,0.0100,0.304284,0.0167
DQN,789,441,39690,232885.00,0.0100,0.284008,0.0159
DQN,789,442,39780,234675.00,0.0100,0.276660,0.0145
DQN,789,443,39870,241680.00,0.0100,0.303995,0.0153
DQN,789,444,39960,230510.00,0.0100,0.292779,0.0147
DQN,789,445,40050,234817.50,0.0100,0.291984,0.0142
DQN,789,446,40140,242910.00,0.0100,0.272556,0.0162
DQN,789,447,40230,227242.50,0.0100,0.271187,0.0150
DQN,789,448,40320,236830.00,0.0100,0.266184,0.0170
DQN,789,449,40410,232717.50,0.0100,0.272147,0.0161
DQN,789,450,40500,229335.00,0.0100,0.283071,0.0151
DQN,789,451,40590,222610.00,0.0100,0.283116,0.0224
DQN,789,452,40680,219182.50,0.0100,0.278522,0.0151
DQN,789,453,40770,220000.00,0.0100,0.281806,0.0167
DQN,789,454,40860,239365.00,0.0100,0.279138,0.0154
DQN,789,455,40950,225947.50,0.0100,0.287700,0.0156
DQN,789,456,41040,232085.00,0.0100,0.266253,0.0154
DQN,789,457,41130,244375.00,0.0100,0.276412,0.0159
DQN,789,458,41220,227885.00,0.0100,0.276243,0.0167
DQN,789,459,41310,240170.00,0.0100,0.285729,0.0160
DQN,789,460,41400,221677.50,0.0100,0.291770,0.0155
DQN,789,461,41490,234537.50,0.0100,0.280817,0.0146
DQN,789,462,41580,241830.00,0.0100,0.268678,0.0152
DQN,789,463,41670,239780.00,0.0100,0.275569,0.0160
DQN,789,464,41760,238800.00,0.0100,0.276887,0.0154
DQN,789,465,41850,235872.50,0.0100,0.266999,0.0159
DQN,789,466,41940,221592.50,0.0100,0.262113,0.0185
DQN,789,467,42030,251847.50,0.0100,0.256526,0.0231
DQN,789,468,42120,224712.50,0.0100,0.272542,0.0163
DQN,789,469,42210,241267.50,0.0100,0.258592,0.0168
DQN,789,470,42300,240120.00,0.0100,0.285252,0.0162
DQN,789,471,42390,241262.50,0.0100,0.265984,0.0162
DQN,789,472,42480,225752.50,0.0100,0.254826,0.0159
DQN,789,473,42570,228272.50,0.0100,0.256493,0.0229
DQN,789,474,42660,220362.50,0.0100,0.273904,0.0178
DQN,789,475,42750,243827.50,0.0100,0.248483,0.0158
DQN,789,476,42840,236090.00,0.0100,0.256136,0.0150
DQN,789,477,42930,240430.00,0.0100,0.258822,0.0144
DQN,789,478,43020,234127.50,0.0100,0.256149,0.0151
DQN,789,479,43110,227697.50,0.0100,0.257507,0.0239
DQN,789,480,43200,229815.00,0.0100,0.256049,0.0167
DQN,789,481,43290,232020.00,0.0100,0.256069,0.0161
DQN,789,482,43380,236167.50,0.0100,0.265240,0.0233
DQN,789,483,43470,241225.00,0.0100,0.254796,0.0167
DQN,789,484,43560,242142.50,0.0100,0.265729,0.0147
DQN,789,485,43650,245580.00,0.0100,0.254154,0.0162
DQN,789,486,43740,229540.00,0.0100,0.250703,0.0161
DQN,789,487,43830,233250.00,0.0100,0.270760,0.0170
DQN,789,488,43920,246677.50,0.0100,0.246387,0.0157
DQN,789,489,44010,238652.50,0.0100,0.254340,0.0168
DQN,789,490,44100,234435.00,0.0100,0.245569,0.0154
DQN,789,491,44190,226415.00,0.0100,0.252967,0.0195
DQN,789,492,44280,229365.00,0.0100,0.257365,0.0190
DQN,789,493,44370,228900.00,0.0100,0.233849,0.0161
DQN,789,494,44460,241202.50,0.0100,0.236365,0.0171
DQN,789,495,44550,231762.50,0.0100,0.255408,0.0155
DQN,789,496,44640,223667.50,0.0100,0.256558,0.0145
DQN,789,497,44730,238182.50,0.0100,0.255571,0.0161
DQN,789,498,44820,237195.00,0.0100,0.236994,0.0166
DQN,789,499,44910,232007.50,0.0100,0.243632,0.0159
DQN,789,500,45000,218035.00,0.0100,0.246965,0.0160
DQN,1024,1,90,148332.50,0.9975,0.000000,0.0006
DQN,1024,2,180,140762.50,0.9950,0.000000,0.0005
DQN,1024,3,270,75565.00,0.9926,0.000000,0.0008
DQN,1024,4,360,130622.50,0.9901,0.000000,0.0006
DQN,1024,5,450,123907.50,0.9876,0.000000,0.0006
DQN,1024,6,540,125667.50,0.9851,3.922783,0.0075
DQN,1024,7,630,185382.50,0.9827,3.723635,0.0179
DQN,1024,8,720,107670.00,0.9802,7.341634,0.0141
DQN,1024,9,810,139402.50,0.9777,6.904294,0.0164
DQN,1024,10,900,95710.00,0.9752,1.417212,0.0177
DQN,1024,11,990,126257.50,0.9728,1.087965,0.0155
DQN,1024,12,1080,123477.50,0.9703,1.001411,0.0188
DQN,1024,13,1170,95700.00,0.9678,1.064287,0.0141
DQN,1024,14,1260,163445.00,0.9654,1.017377,0.0134
DQN,1024,15,1350,108060.00,0.9629,1.018565,0.0175
DQN,1024,16,1440,54402.50,0.9604,0.929616,0.0144
DQN,1024,17,1530,142347.50,0.9579,1.046456,0.0144
DQN,1024,18,1620,116232.50,0.9555,1.014567,0.0147
DQN,1024,19,1710,105785.00,0.9530,1.063372,0.0145
DQN,1024,20,1800,117137.50,0.9505,1.165366,0.0162
DQN,1024,21,1890,141397.50,0.9480,1.127885,0.0144
DQN,1024,22,1980,-23490.00,0.9456,1.277976,0.0148
DQN,1024,23,2070,163290.00,0.9431,1.402401,0.0160
DQN,1024,24,2160,218100.00,0.9406,1.210990,0.0147
DQN,1024,25,2250,195167.50,0.9381,1.334292,0.0186
DQN,1024,26,2340,169555.00,0.9356,1.169749,0.0178
DQN,1024,27,2430,158785.00,0.9332,1.069453,0.0139
DQN,1024,28,2520,173982.50,0.9307,1.341071,0.0156
DQN,1024,29,2610,131112.50,0.9282,1.104955,0.0146
DQN,1024,30,2700,153755.00,0.9257,1.192823,0.0163
DQN,1024,31,2790,123935.00,0.9233,1.084930,0.0146
DQN,1024,32,2880,56565.00,0.9208,1.010305,0.0257
DQN,1024,33,2970,184397.50,0.9183,1.109973,0.0152
DQN,1024,34,3060,126212.50,0.9159,1.043249,0.0160
DQN,1024,35,3150,170232.50,0.9134,0.944866,0.0161
DQN,1024,36,3240,127037.50,0.9109,0.926151,0.0150
DQN,1024,37,3330,113667.50,0.9084,0.915443,0.0146
DQN,1024,38,3420,188657.50,0.9060,0.903602,0.0143
DQN,1024,39,3510,45925.00,0.9035,0.830493,0.0166
DQN,1024,40,3600,168882.50,0.9010,0.868122,0.0159
DQN,1024,41,3690,122017.50,0.8985,0.844027,0.0140
DQN,1024,42,3780,157227.50,0.8961,0.805009,0.0215
DQN,1024,43,3870,76397.50,0.8936,0.768867,0.0162
DQN,1024,44,3960,134542.50,0.8911,0.770894,0.0152
DQN,1024,45,4050,200417.50,0.8886,0.744374,0.0140
DQN,1024,46,4140,116007.50,0.8861,0.742753,0.0141
DQN,1024,47,4230,154502.50,0.8837,0.736998,0.0171
DQN,1024,48,4320,131180.00,0.8812,0.708060,0.0144
DQN,1024,49,4410,190792.50,0.8787,0.691438,0.0142
DQN,1024,50,4500,171602.50,0.8762,0.705030,0.0204
DQN,1024,51,4590,151885.00,0.8738,0.703240,0.0162
DQN,1024,52,4680,133947.50,0.8713,0.711623,0.0166
DQN,1024,53,4770,137832.50,0.8688,0.681207,0.0153
DQN,1024,54,4860,173157.50,0.8663,0.687218,0.0145
DQN,1024,55,4950,178012.50,0.8639,0.698488,0.0150
DQN,1024,56,5040,166557.50,0.8614,0.727977,0.0146
DQN,1024,57,5130,179432.50,0.8589,0.772494,0.0159
DQN,1024,58,5220,174550.00,0.8565,0.676942,0.0155
DQN,1024,59,5310,161117.50,0.8540,0.662561,0.0143
DQN,1024,60,5400,151295.00,0.8515,0.678183,0.0149
DQN,1024,61,5490,242412.50,0.8490,0.706229,0.0139
DQN,1024,62,5580,141500.00,0.8466,0.683855,0.0145
DQN,1024,63,5670,144872.50,0.8441,0.689968,0.0199
DQN,1024,64,5760,47090.00,0.8416,0.689898,0.0156
DQN,1024,65,5850,173712.50,0.8391,0.694175,0.0140
DQN,1024,66,5940,213712.50,0.8367,0.673311,0.0145
DQN,1024,67,6030,171597.50,0.8342,0.664199,0.0153
DQN,1024,68,6120,158170.00,0.8317,0.686398,0.0144
DQN,1024,69,6210,195410.00,0.8292,0.679669,0.0158
DQN,1024,70,6300,196857.50,0.8267,0.654860,0.0153
DQN,1024,71,6390,143920.00,0.8243,0.652683,0.0195
DQN,1024,72,6480,119210.00,0.8218,0.650067,0.0182
DQN,1024,73,6570,121372.50,0.8193,0.675427,0.0157
DQN,1024,74,6660,176067.50,0.8168,0.640720,0.0153
DQN,1024,75,6750,195172.50,0.8144,0.641180,0.0146
DQN,1024,76,6840,179500.00,0.8119,0.642402,0.0146
DQN,1024,77,6930,113160.00,0.8094,0.633443,0.0147
DQN,1024,78,7020,120695.00,0.8070,0.641541,0.0147
DQN,1024,79,7110,167160.00,0.8045,0.613098,0.0144
DQN,1024,80,7200,144702.50,0.8020,0.668374,0.0229
DQN,1024,81,7290,156132.50,0.7995,0.638237,0.0169
DQN,1024,82,7380,197082.50,0.7971,0.602497,0.0147
DQN,1024,83,7470,204867.50,0.7946,0.624200,0.0146
DQN,1024,84,7560,160957.50,0.7921,0.632126,0.0168
DQN,1024,85,7650,190185.00,0.7896,0.628086,0.0161
DQN,1024,86,7740,174835.00,0.7872,0.642678,0.0156
DQN,1024,87,7830,182360.00,0.7847,0.612483,0.0157
DQN,1024,88,7920,152462.50,0.7822,0.640780,0.0146
DQN,1024,89,8010,186247.50,0.7797,0.626864,0.0220
DQN,1024,90,8100,207800.00,0.7772,0.593035,0.0168
DQN,1024,91,8190,181930.00,0.7748,0.597541,0.0155
DQN,1024,92,8280,184617.50,0.7723,0.584922,0.0158
DQN,1024,93,8370,162370.00,0.7698,0.597926,0.0155
DQN,1024,94,8460,189372.50,0.7673,0.584861,0.0148
DQN,1024,95,8550,174830.00,0.7649,0.581777,0.0149
DQN,1024,96,8640,200862.50,0.7624,0.570199,0.0147
DQN,1024,97,8730,164275.00,0.7599,0.584848,0.0155
DQN,1024,98,8820,169532.50,0.7574,0.584552,0.0155
DQN,1024,99,8910,154592.50,0.7550,0.573625,0.0210
DQN,1024,100,9000,144595.00,0.7525,0.610786,0.0161
DQN,1024,101,9090,234755.00,0.7500,0.579734,0.0162
DQN,1024,102,9180,168200.00,0.7475,0.616635,0.0151
DQN,1024,103,9270,187652.50,0.7451,0.603087,0.0202
DQN,1024,104,9360,164540.00,0.7426,0.577021,0.0157
DQN,1024,105,9450,190327.50,0.7401,0.615258,0.0141
DQN,1024,106,9540,212030.00,0.7376,0.564209,0.0150
DQN,1024,107,9630,193337.50,0.7352,0.568294,0.0147
DQN,1024,108,9720,180857.50,0.7327,0.549866,0.0169
DQN,1024,109,9810,181850.00,0.7302,0.597152,0.0173
DQN,1024,110,9900,113400.00,0.7278,0.567696,0.0167
DQN,1024,111,9990,230827.50,0.7253,0.566905,0.0147
DQN,1024,112,10080,203077.50,0.7228,0.565182,0.0161
DQN,1024,113,10170,156927.50,0.7203,0.612416,0.0165
DQN,1024,114,10260,207082.50,0.7179,0.571278,0.0151
DQN,1024,115,10350,128250.00,0.7154,0.566145,0.0159
DQN,1024,116,10440,185590.00,0.7129,0.590141,0.0150
DQN,1024,117,10530,140155.00,0.7104,0.563428,0.0143
DQN,1024,118,10620,165480.00,0.7080,0.553432,0.0286
DQN,1024,119,10710,196452.50,0.7055,0.575896,0.0273
DQN,1024,120,10800,211445.00,0.7030,0.564918,0.0160
DQN,1024,121,10890,225105.00,0.7005,0.572836,0.0140
DQN,1024,122,10980,183027.50,0.6981,0.547945,0.0155
DQN,1024,123,11070,190815.00,0.6956,0.563338,0.0144
DQN,1024,124,11160,186105.00,0.6931,0.554839,0.0143
DQN,1024,125,11250,219190.00,0.6906,0.540532,0.0147
DQN,1024,126,11340,174647.50,0.6882,0.551371,0.0158
DQN,1024,127,11430,136970.00,0.6857,0.566739,0.0161
DQN,1024,128,11520,208007.50,0.6832,0.559389,0.0155
DQN,1024,129,11610,194585.00,0.6807,0.545339,0.0148
DQN,1024,130,11700,178495.00,0.6783,0.567864,0.0146
DQN,1024,131,11790,194532.50,0.6758,0.548845,0.0147
DQN,1024,132,11880,209757.50,0.6733,0.541219,0.0146
DQN,1024,133,11970,231237.50,0.6708,0.559034,0.0165
DQN,1024,134,12060,209055.00,0.6683,0.544614,0.0182
DQN,1024,135,12150,144855.00,0.6659,0.540149,0.0197
DQN,1024,136,12240,201025.00,0.6634,0.548219,0.0155
DQN,1024,137,12330,184282.50,0.6609,0.569080,0.0146
DQN,1024,138,12420,218832.50,0.6584,0.555811,0.0149
DQN,1024,139,12510,231347.50,0.6560,0.568974,0.0159
DQN,1024,140,12600,170160.00,0.6535,0.539426,0.0151
DQN,1024,141,12690,190635.00,0.6510,0.524727,0.0226
DQN,1024,142,12780,197795.00,0.6485,0.559402,0.0191
DQN,1024,143,12870,195080.00,0.6461,0.570515,0.0179
DQN,1024,144,12960,218287.50,0.6436,0.518599,0.0141
DQN,1024,145,13050,218300.00,0.6411,0.550272,0.0146
DQN,1024,146,13140,202837.50,0.6386,0.558803,0.0167
DQN,1024,147,13230,166942.50,0.6362,0.544234,0.0152
DQN,1024,148,13320,198560.00,0.6337,0.521612,0.0147
DQN,1024,149,13410,201187.50,0.6312,0.516978,0.0165
DQN,1024,150,13500,204595.00,0.6288,0.522726,0.0150
DQN,1024,151,13590,216235.00,0.6263,0.553876,0.0165
DQN,1024,152,13680,188802.50,0.6238,0.512681,0.0157
DQN,1024,153,13770,141295.00,0.6213,0.534934,0.0154
DQN,1024,154,13860,172455.00,0.6189,0.538406,0.0146
DQN,1024,155,13950,234020.00,0.6164,0.540493,0.0168
DQN,1024,156,14040,207642.50,0.6139,0.533090,0.0154
DQN,1024,157,14130,232972.50,0.6114,0.551648,0.0149
DQN,1024,158,14220,187452.50,0.6089,0.533543,0.0156
DQN,1024,159,14310,228027.50,0.6065,0.524304,0.0158
DQN,1024,160,14400,182037.50,0.6040,0.541456,0.0232
DQN,1024,161,14490,199855.00,0.6015,0.534838,0.0159
DQN,1024,162,14580,212542.50,0.5990,0.577220,0.0142
DQN,1024,163,14670,189067.50,0.5966,0.550105,0.0149
DQN,1024,164,14760,230730.00,0.5941,0.517726,0.0231
DQN,1024,165,14850,191342.50,0.5916,0.509782,0.0154
DQN,1024,166,14940,217532.50,0.5892,0.531783,0.0151
DQN,1024,167,15030,222992.50,0.5867,0.528001,0.0144
DQN,1024,168,15120,246887.50,0.5842,0.534866,0.0143
DQN,1024,169,15210,235115.00,0.5817,0.552797,0.0143
DQN,1024,170,15300,229857.50,0.5793,0.497184,0.0142
DQN,1024,171,15390,209297.50,0.5768,0.533740,0.0145
DQN,1024,172,15480,217300.00,0.5743,0.510867,0.0143
DQN,1024,173,15570,213982.50,0.5718,0.521277,0.0151
DQN,1024,174,15660,203747.50,0.5694,0.506072,0.0148
DQN,1024,175,15750,210837.50,0.5669,0.515087,0.0146
DQN,1024,176,15840,217925.00,0.5644,0.510373,0.0147
DQN,1024,177,15930,253272.50,0.5619,0.510498,0.0146
DQN,1024,178,16020,176052.50,0.5595,0.518097,0.0153
DQN,1024,179,16110,190990.00,0.5570,0.501515,0.0148
DQN,1024,180,16200,204032.50,0.5545,0.508863,0.0144
DQN,1024,181,16290,194340.00,0.5520,0.507217,0.0157
DQN,1024,182,16380,192652.50,0.5495,0.505391,0.0170
DQN,1024,183,16470,202187.50,0.5471,0.501542,0.0212
DQN,1024,184,16560,210357.50,0.5446,0.503808,0.0164
DQN,1024,185,16650,230030.00,0.5421,0.494033,0.0156
DQN,1024,186,16740,213452.50,0.5396,0.529816,0.0147
DQN,1024,187,16830,204757.50,0.5372,0.538800,0.0192
DQN,1024,188,16920,207945.00,0.5347,0.507424,0.0192
DQN,1024,189,17010,196252.50,0.5322,0.491971,0.0143
DQN,1024,190,17100,241867.50,0.5297,0.514332,0.0171
DQN,1024,191,17190,229417.50,0.5273,0.498863,0.0158
DQN,1024,192,17280,236547.50,0.5248,0.496248,0.0179
DQN,1024,193,17370,228145.00,0.5223,0.507858,0.0143
DQN,1024,194,17460,223132.50,0.5199,0.517954,0.0143
DQN,1024,195,17550,217247.50,0.5174,0.494834,0.0145
DQN,1024,196,17640,206435.00,0.5149,0.515236,0.0150
DQN,1024,197,17730,207867.50,0.5124,0.498310,0.0157
DQN,1024,198,17820,216475.00,0.5100,0.501095,0.0142
DQN,1024,199,17910,211920.00,0.5075,0.508507,0.0142
DQN,1024,200,18000,205872.50,0.5050,0.511998,0.0141
DQN,1024,201,18090,238252.50,0.5025,0.522948,0.0151
DQN,1024,202,18180,218052.50,0.5000,0.500568,0.0186
DQN,1024,203,18270,228582.50,0.4976,0.501049,0.0143
DQN,1024,204,18360,210080.00,0.4951,0.494032,0.0143
DQN,1024,205,18450,237000.00,0.4926,0.478488,0.0143
DQN,1024,206,18540,198217.50,0.4901,0.473827,0.0141
DQN,1024,207,18630,224585.00,0.4877,0.487393,0.0135
DQN,1024,208,18720,208195.00,0.4852,0.507718,0.0155
DQN,1024,209,18810,210200.00,0.4827,0.480385,0.0207
DQN,1024,210,18900,230945.00,0.4802,0.498022,0.0141
DQN,1024,211,18990,213570.00,0.4778,0.481690,0.0140
DQN,1024,212,19080,226105.00,0.4753,0.507784,0.0147
DQN,1024,213,19170,219665.00,0.4728,0.500734,0.0141
DQN,1024,214,19260,223302.50,0.4703,0.511195,0.0143
DQN,1024,215,19350,218762.50,0.4679,0.477848,0.0142
DQN,1024,216,19440,227302.50,0.4654,0.494461,0.0152
DQN,1024,217,19530,221790.00,0.4629,0.499454,0.0162
DQN,1024,218,19620,216477.50,0.4604,0.485096,0.0152
DQN,1024,219,19710,230610.00,0.4580,0.524849,0.0185
DQN,1024,220,19800,225145.00,0.4555,0.485985,0.0183
DQN,1024,221,19890,201677.50,0.4530,0.502497,0.0171
DQN,1024,222,19980,225137.50,0.4506,0.489235,0.0154
DQN,1024,223,20070,217070.00,0.4481,0.485858,0.0140
DQN,1024,224,20160,225162.50,0.4456,0.484996,0.0173
DQN,1024,225,20250,237277.50,0.4431,0.501018,0.0190
DQN,1024,226,20340,230190.00,0.4407,0.495543,0.0137
DQN,1024,227,20430,231200.00,0.4382,0.485647,0.0150
DQN,1024,228,20520,235017.50,0.4357,0.486278,0.0175
DQN,1024,229,20610,238655.00,0.4332,0.501555,0.0190
DQN,1024,230,20700,229290.00,0.4308,0.487992,0.0162
DQN,1024,231,20790,216880.00,0.4283,0.473412,0.0142
DQN,1024,232,20880,234612.50,0.4258,0.467053,0.0146
DQN,1024,233,20970,213240.00,0.4233,0.461991,0.0150
DQN,1024,234,21060,224212.50,0.4209,0.472169,0.0135
DQN,1024,235,21150,236252.50,0.4184,0.454875,0.0149
DQN,1024,236,21240,207580.00,0.4159,0.473890,0.0139
DQN,1024,237,21330,247610.00,0.4134,0.464409,0.0139
DQN,1024,238,21420,234195.00,0.4110,0.464676,0.0138
DQN,1024,239,21510,191810.00,0.4085,0.464311,0.0138
DQN,1024,240,21600,231167.50,0.4060,0.465547,0.0138
DQN,1024,241,21690,203147.50,0.4035,0.455390,0.0139
DQN,1024,242,21780,222640.00,0.4011,0.457390,0.0139
DQN,1024,243,21870,225067.50,0.3986,0.473112,0.0140
DQN,1024,244,21960,225195.00,0.3961,0.446986,0.0139
DQN,1024,245,22050,221335.00,0.3936,0.464789,0.0140
DQN,1024,246,22140,233735.00,0.3911,0.438927,0.0139
DQN,1024,247,22230,230832.50,0.3887,0.449627,0.0140
DQN,1024,248,22320,206450.00,0.3862,0.462680,0.0139
DQN,1024,249,22410,208295.00,0.3837,0.465966,0.0139
DQN,1024,250,22500,235340.00,0.3812,0.472233,0.0140
DQN,1024,251,22590,227902.50,0.3788,0.438641,0.0156
DQN,1024,252,22680,219942.50,0.3763,0.435943,0.0137
DQN,1024,253,22770,231950.00,0.3738,0.456551,0.0152
DQN,1024,254,22860,227107.50,0.3713,0.460881,0.0141
DQN,1024,255,22950,225035.00,0.3689,0.457792,0.0139
DQN,1024,256,23040,230182.50,0.3664,0.455073,0.0139
DQN,1024,257,23130,237305.00,0.3639,0.460453,0.0139
DQN,1024,258,23220,230355.00,0.3614,0.434203,0.0140
DQN,1024,259,23310,227062.50,0.3590,0.453826,0.0140
DQN,1024,260,23400,236257.50,0.3565,0.419867,0.0139
DQN,1024,261,23490,216345.00,0.3540,0.429703,0.0139
DQN,1024,262,23580,220482.50,0.3516,0.441058,0.0140
DQN,1024,263,23670,210025.00,0.3491,0.421827,0.0140
DQN,1024,264,23760,239387.50,0.3466,0.420422,0.0139
DQN,1024,265,23850,224395.00,0.3441,0.415128,0.0140
DQN,1024,266,23940,232847.50,0.3417,0.430987,0.0140
DQN,1024,267,24030,231622.50,0.3392,0.420824,0.0140
DQN,1024,268,24120,230902.50,0.3367,0.431539,0.0139
DQN,1024,269,24210,212242.50,0.3342,0.420520,0.0140
DQN,1024,270,24300,232627.50,0.3317,0.418315,0.0139
DQN,1024,271,24390,238857.50,0.3293,0.442157,0.0139
DQN,1024,272,24480,223695.00,0.3268,0.425796,0.0140
DQN,1024,273,24570,231210.00,0.3243,0.418792,0.0140
DQN,1024,274,24660,236252.50,0.3218,0.410690,0.0140
DQN,1024,275,24750,252320.00,0.3194,0.414207,0.0221
DQN,1024,276,24840,229015.00,0.3169,0.427164,0.0140
DQN,1024,277,24930,216285.00,0.3144,0.407105,0.0138
DQN,1024,278,25020,231032.50,0.3120,0.453657,0.0140
DQN,1024,279,25110,216732.50,0.3095,0.433989,0.0140
DQN,1024,280,25200,227040.00,0.3070,0.420527,0.0140
DQN,1024,281,25290,235902.50,0.3045,0.422464,0.0140
DQN,1024,282,25380,225155.00,0.3021,0.405722,0.0147
DQN,1024,283,25470,232090.00,0.2996,0.413550,0.0137
DQN,1024,284,25560,230227.50,0.2971,0.423564,0.0135
DQN,1024,285,25650,216310.00,0.2946,0.405280,0.0138
DQN,1024,286,25740,252840.00,0.2922,0.379721,0.0142
DQN,1024,287,25830,233095.00,0.2897,0.389563,0.0141
DQN,1024,288,25920,242370.00,0.2872,0.387060,0.0141
DQN,1024,289,26010,229100.00,0.2847,0.400182,0.0142
DQN,1024,290,26100,218097.50,0.2823,0.388516,0.0141
DQN,1024,291,26190,216270.00,0.2798,0.385967,0.0140
DQN,1024,292,26280,227905.00,0.2773,0.396999,0.0140
DQN,1024,293,26370,210105.00,0.2748,0.411461,0.0140
DQN,1024,294,26460,244535.00,0.2723,0.379743,0.0141
DQN,1024,295,26550,231107.50,0.2699,0.395946,0.0140
DQN,1024,296,26640,225740.00,0.2674,0.392575,0.0140
DQN,1024,297,26730,232140.00,0.2649,0.374554,0.0140
DQN,1024,298,26820,238917.50,0.2624,0.400247,0.0140
DQN,1024,299,26910,228152.50,0.2600,0.386140,0.0140
DQN,1024,300,27000,233282.50,0.2575,0.383055,0.0141
DQN,1024,301,27090,229022.50,0.2550,0.385167,0.0144
DQN,1024,302,27180,239265.00,0.2526,0.396331,0.0135
DQN,1024,303,27270,240177.50,0.2501,0.381729,0.0139
DQN,1024,304,27360,232245.00,0.2476,0.364525,0.0139
DQN,1024,305,27450,232052.50,0.2451,0.365430,0.0139
DQN,1024,306,27540,228537.50,0.2427,0.387867,0.0140
DQN,1024,307,27630,224680.00,0.2402,0.374376,0.0140
DQN,1024,308,27720,230147.50,0.2377,0.362191,0.0140
DQN,1024,309,27810,232702.50,0.2352,0.389534,0.0140
DQN,1024,310,27900,232302.50,0.2328,0.379917,0.0140
DQN,1024,311,27990,225785.00,0.2303,0.375899,0.0140
DQN,1024,312,28080,214182.50,0.2278,0.374669,0.0141
DQN,1024,313,28170,236812.50,0.2253,0.374398,0.0141
DQN,1024,314,28260,240675.00,0.2228,0.371287,0.0141
DQN,1024,315,28350,221132.50,0.2204,0.370572,0.0140
DQN,1024,316,28440,244402.50,0.2179,0.359498,0.0141
DQN,1024,317,28530,225995.00,0.2154,0.362773,0.0141
DQN,1024,318,28620,241742.50,0.2129,0.353057,0.0141
DQN,1024,319,28710,221880.00,0.2105,0.365988,0.0141
DQN,1024,320,28800,230010.00,0.2080,0.359129,0.0141
DQN,1024,321,28890,228930.00,0.2055,0.370114,0.0141
DQN,1024,322,28980,243317.50,0.2030,0.347392,0.0141
DQN,1024,323,29070,232415.00,0.2006,0.353190,0.0141
DQN,1024,324,29160,215185.00,0.1981,0.365451,0.0141
DQN,1024,325,29250,229502.50,0.1956,0.343563,0.0141
DQN,1024,326,29340,237635.00,0.1932,0.347047,0.0141
DQN,1024,327,29430,226652.50,0.1907,0.338582,0.0141
DQN,1024,328,29520,232622.50,0.1882,0.340623,0.0141
DQN,1024,329,29610,239507.50,0.1857,0.346361,0.0142
DQN,1024,330,29700,227957.50,0.1833,0.358931,0.0141
DQN,1024,331,29790,227647.50,0.1808,0.349153,0.0141
DQN,1024,332,29880,257767.50,0.1783,0.342312,0.0141
DQN,1024,333,29970,236592.50,0.1758,0.359619,0.0142
DQN,1024,334,30060,235960.00,0.1734,0.353265,0.0141
DQN,1024,335,30150,224830.00,0.1709,0.344625,0.0147
DQN,1024,336,30240,233800.00,0.1684,0.351734,0.0140
DQN,1024,337,30330,234472.50,0.1659,0.351332,0.0141
DQN,1024,338,30420,236382.50,0.1634,0.361238,0.0142
DQN,1024,339,30510,230625.00,0.1610,0.346336,0.0141
DQN,1024,340,30600,208840.00,0.1585,0.339312,0.0142
DQN,1024,341,30690,236772.50,0.1560,0.346656,0.0141
DQN,1024,342,30780,234847.50,0.1536,0.335147,0.0141
DQN,1024,343,30870,232432.50,0.1511,0.336211,0.0141
DQN,1024,344,30960,233387.50,0.1486,0.345729,0.0141
DQN,1024,345,31050,233235.00,0.1461,0.357591,0.0142
DQN,1024,346,31140,241395.00,0.1437,0.310786,0.0142
DQN,1024,347,31230,229155.00,0.1412,0.331990,0.0142
DQN,1024,348,31320,223497.50,0.1387,0.327039,0.0141
DQN,1024,349,31410,230530.00,0.1362,0.324846,0.0142
DQN,1024,350,31500,234837.50,0.1338,0.330129,0.0142
DQN,1024,351,31590,240750.00,0.1313,0.330472,0.0137
DQN,1024,352,31680,232525.00,0.1288,0.328170,0.0141
DQN,1024,353,31770,229232.50,0.1263,0.327034,0.0139
DQN,1024,354,31860,239402.50,0.1239,0.316267,0.0139
DQN,1024,355,31950,245477.50,0.1214,0.326801,0.0140
DQN,1024,356,32040,241210.00,0.1189,0.341485,0.0140
DQN,1024,357,32130,226595.00,0.1164,0.329079,0.0156
DQN,1024,358,32220,230405.00,0.1139,0.313628,0.0172
DQN,1024,359,32310,237920.00,0.1115,0.324967,0.0142
DQN,1024,360,32400,225705.00,0.1090,0.321393,0.0142
DQN,1024,361,32490,223000.00,0.1065,0.304240,0.0141
DQN,1024,362,32580,243100.00,0.1040,0.313831,0.0141
DQN,1024,363,32670,235787.50,0.1016,0.313952,0.0141
DQN,1024,364,32760,238830.00,0.0991,0.321483,0.0141
DQN,1024,365,32850,237240.00,0.0966,0.291387,0.0140
DQN,1024,366,32940,240050.00,0.0941,0.318439,0.0141
DQN,1024,367,33030,228670.00,0.0917,0.303071,0.0141
DQN,1024,368,33120,242925.00,0.0892,0.299160,0.0141
DQN,1024,369,33210,228867.50,0.0867,0.317056,0.0141
DQN,1024,370,33300,245500.00,0.0842,0.314986,0.0141
DQN,1024,371,33390,234437.50,0.0818,0.298381,0.0141
DQN,1024,372,33480,240675.00,0.0793,0.317583,0.0141
DQN,1024,373,33570,246582.50,0.0768,0.307149,0.0141
DQN,1024,374,33660,239035.00,0.0743,0.304792,0.0142
DQN,1024,375,33750,242542.50,0.0719,0.297824,0.0141
DQN,1024,376,33840,224790.00,0.0694,0.303119,0.0141
DQN,1024,377,33930,226630.00,0.0669,0.321410,0.0141
DQN,1024,378,34020,234822.50,0.0645,0.299680,0.0165
DQN,1024,379,34110,234217.50,0.0620,0.306406,0.0147
DQN,1024,380,34200,230132.50,0.0595,0.297428,0.0134
DQN,1024,381,34290,228057.50,0.0570,0.308850,0.0139
DQN,1024,382,34380,244965.00,0.0546,0.294294,0.0139
DQN,1024,383,34470,244470.00,0.0521,0.296039,0.0140
DQN,1024,384,34560,233945.00,0.0496,0.295894,0.0140
DQN,1024,385,34650,231715.00,0.0471,0.270223,0.0140
DQN,1024,386,34740,232052.50,0.0447,0.290400,0.0140
DQN,1024,387,34830,248422.50,0.0422,0.292327,0.0142
DQN,1024,388,34920,245530.00,0.0397,0.286730,0.0141
DQN,1024,389,35010,249890.00,0.0372,0.297651,0.0141
DQN,1024,390,35100,230382.50,0.0348,0.288243,0.0141
DQN,1024,391,35190,227932.50,0.0323,0.299370,0.0141
DQN,1024,392,35280,235400.00,0.0298,0.286995,0.0141
DQN,1024,393,35370,221397.50,0.0273,0.304459,0.0141
DQN,1024,394,35460,226977.50,0.0249,0.284461,0.0141
DQN,1024,395,35550,223897.50,0.0224,0.281963,0.0142
DQN,1024,396,35640,243710.00,0.0199,0.309201,0.0142
DQN,1024,397,35730,243897.50,0.0174,0.296165,0.0142
DQN,1024,398,35820,239920.00,0.0150,0.297523,0.0141
DQN,1024,399,35910,239185.00,0.0125,0.287171,0.0142
DQN,1024,400,36000,237612.50,0.0100,0.289484,0.0141
DQN,1024,401,36090,226845.00,0.0100,0.288482,0.0146
DQN,1024,402,36180,244772.50,0.0100,0.295066,0.0167
DQN,1024,403,36270,237952.50,0.0100,0.287532,0.0155
DQN,1024,404,36360,240092.50,0.0100,0.289684,0.0143
DQN,1024,405,36450,236750.00,0.0100,0.293107,0.0142
DQN,1024,406,36540,228287.50,0.0100,0.282775,0.0141
DQN,1024,407,36630,234820.00,0.0100,0.291584,0.0177
DQN,1024,408,36720,245962.50,0.0100,0.288269,0.0157
DQN,1024,409,36810,237390.00,0.0100,0.281085,0.0144
DQN,1024,410,36900,237280.00,0.0100,0.279562,0.0141
DQN,1024,411,36990,237115.00,0.0100,0.285116,0.0142
DQN,1024,412,37080,222887.50,0.0100,0.274170,0.0143
DQN,1024,413,37170,243470.00,0.0100,0.276921,0.0142
DQN,1024,414,37260,241970.00,0.0100,0.277465,0.0142
DQN,1024,415,37350,230010.00,0.0100,0.279598,0.0142
DQN,1024,416,37440,238420.00,0.0100,0.277164,0.0141
DQN,1024,417,37530,236312.50,0.0100,0.257132,0.0141
DQN,1024,418,37620,237852.50,0.0100,0.272050,0.0141
DQN,1024,419,37710,235025.00,0.0100,0.266260,0.0142
DQN,1024,420,37800,236332.50,0.0100,0.267957,0.0141
DQN,1024,421,37890,245487.50,0.0100,0.268211,0.0142
DQN,1024,422,37980,236865.00,0.0100,0.266223,0.0157
DQN,1024,423,38070,229585.00,0.0100,0.272347,0.0149
DQN,1024,424,38160,231797.50,0.0100,0.277338,0.0139
DQN,1024,425,38250,239342.50,0.0100,0.280521,0.0138
DQN,1024,426,38340,230822.50,0.0100,0.271916,0.0139
DQN,1024,427,38430,242615.00,0.0100,0.271991,0.0140
DQN,1024,428,38520,232175.00,0.0100,0.271494,0.0140
DQN,1024,429,38610,238482.50,0.0100,0.269033,0.0141
DQN,1024,430,38700,246240.00,0.0100,0.275002,0.0143
DQN,1024,431,38790,226207.50,0.0100,0.276309,0.0145
DQN,1024,432,38880,228480.00,0.0100,0.266097,0.0169
DQN,1024,433,38970,223057.50,0.0100,0.273423,0.0136
DQN,1024,434,39060,238665.00,0.0100,0.275499,0.0143
DQN,1024,435,39150,224622.50,0.0100,0.269489,0.0143
DQN,1024,436,39240,233705.00,0.0100,0.261522,0.0141
DQN,1024,437,39330,219992.50,0.0100,0.269094,0.0141
DQN,1024,438,39420,238780.00,0.0100,0.274546,0.0141
DQN,1024,439,39510,229497.50,0.0100,0.267434,0.0145
DQN,1024,440,39600,238695.00,0.0100,0.253702,0.0145
DQN,1024,441,39690,246060.00,0.0100,0.257919,0.0142
DQN,1024,442,39780,243097.50,0.0100,0.268381,0.0141
DQN,1024,443,39870,236340.00,0.0100,0.244546,0.0141
DQN,1024,444,39960,235142.50,0.0100,0.258638,0.0142
DQN,1024,445,40050,236707.50,0.0100,0.257533,0.0141
DQN,1024,446,40140,225622.50,0.0100,0.257303,0.0141
DQN,1024,447,40230,241057.50,0.0100,0.256474,0.0141
DQN,1024,448,40320,239415.00,0.0100,0.267903,0.0141
DQN,1024,449,40410,228705.00,0.0100,0.262667,0.0142
DQN,1024,450,40500,232395.00,0.0100,0.266198,0.0142
DQN,1024,451,40590,244982.50,0.0100,0.254257,0.0145
DQN,1024,452,40680,237165.00,0.0100,0.269001,0.0136
DQN,1024,453,40770,243260.00,0.0100,0.270382,0.0138
DQN,1024,454,40860,235692.50,0.0100,0.275100,0.0140
DQN,1024,455,40950,223857.50,0.0100,0.261624,0.0140
DQN,1024,456,41040,240147.50,0.0100,0.258195,0.0141
DQN,1024,457,41130,236117.50,0.0100,0.258791,0.0145
DQN,1024,458,41220,242352.50,0.0100,0.256749,0.0142
DQN,1024,459,41310,247175.00,0.0100,0.255369,0.0139
DQN,1024,460,41400,241957.50,0.0100,0.261844,0.0140
DQN,1024,461,41490,233562.50,0.0100,0.258241,0.0140
DQN,1024,462,41580,244452.50,0.0100,0.247669,0.0141
DQN,1024,463,41670,230845.00,0.0100,0.265601,0.0141
DQN,1024,464,41760,250222.50,0.0100,0.255301,0.0141
DQN,1024,465,41850,240490.00,0.0100,0.257262,0.0141
DQN,1024,466,41940,217742.50,0.0100,0.265492,0.0141
DQN,1024,467,42030,237750.00,0.0100,0.253136,0.0141
DQN,1024,468,42120,235232.50,0.0100,0.253534,0.0142
DQN,1024,469,42210,234835.00,0.0100,0.249607,0.0142
DQN,1024,470,42300,223052.50,0.0100,0.266383,0.0142
DQN,1024,471,42390,237582.50,0.0100,0.267446,0.0141
DQN,1024,472,42480,225397.50,0.0100,0.257492,0.0145
DQN,1024,473,42570,246277.50,0.0100,0.267581,0.0158
DQN,1024,474,42660,222822.50,0.0100,0.266075,0.0142
DQN,1024,475,42750,235570.00,0.0100,0.260931,0.0142
DQN,1024,476,42840,237255.00,0.0100,0.258074,0.0142
DQN,1024,477,42930,223687.50,0.0100,0.259674,0.0143
DQN,1024,478,43020,240755.00,0.0100,0.270844,0.0144
DQN,1024,479,43110,243797.50,0.0100,0.247383,0.0142
DQN,1024,480,43200,221460.00,0.0100,0.254521,0.0141
DQN,1024,481,43290,234955.00,0.0100,0.250958,0.0142
DQN,1024,482,43380,242265.00,0.0100,0.255212,0.0141
DQN,1024,483,43470,225672.50,0.0100,0.250319,0.0142
DQN,1024,484,43560,223042.50,0.0100,0.255140,0.0140
DQN,1024,485,43650,229215.00,0.0100,0.250121,0.0142
DQN,1024,486,43740,235635.00,0.0100,0.253898,0.0140
DQN,1024,487,43830,241957.50,0.0100,0.256565,0.0141
DQN,1024,488,43920,238145.00,0.0100,0.257662,0.0246
DQN,1024,489,44010,227047.50,0.0100,0.246327,0.0817
DQN,1024,490,44100,229495.00,0.0100,0.270686,0.0139
DQN,1024,491,44190,239062.50,0.0100,0.258316,0.0152
DQN,1024,492,44280,217530.00,0.0100,0.272201,0.0156
DQN,1024,493,44370,216437.50,0.0100,0.256002,0.0155
DQN,1024,494,44460,231115.00,0.0100,0.266687,0.0163
DQN,1024,495,44550,210460.00,0.0100,0.268681,0.0152
DQN,1024,496,44640,231315.00,0.0100,0.239943,0.0146
DQN,1024,497,44730,238532.50,0.0100,0.262858,0.0151
DQN,1024,498,44820,237287.50,0.0100,0.244454,0.0145
DQN,1024,499,44910,238365.00,0.0100,0.266840,0.0142
DQN,1024,500,45000,231020.00,0.0100,0.235254,0.0143
