policy,seed,episode,total_steps,reward,epsilon,loss,duration_sec
DQN,42,1,90,101412.50,0.9975,0.000000,0.0004
DQN,42,2,180,152417.50,0.9950,0.000000,0.0004
DQN,42,3,270,84225.00,0.9926,0.000000,0.0004
DQN,42,4,360,107455.00,0.9901,0.000000,0.0004
DQN,42,5,450,53067.50,0.9876,0.000000,0.0004
DQN,42,6,540,118017.50,0.9851,3.752016,0.0082
DQN,42,7,630,146460.00,0.9827,2.306170,0.0163
DQN,42,8,720,94530.00,0.9802,1.423331,0.0145
DQN,42,9,810,17672.50,0.9777,1.401118,0.0141
DQN,42,10,900,45960.00,0.9752,1.372048,0.0146
DQN,42,11,990,118467.50,0.9728,1.337083,0.0144
DQN,42,12,1080,72210.00,0.9703,2.636368,0.0139
DQN,42,13,1170,114175.00,0.9678,1.288204,0.0136
DQN,42,14,1260,133760.00,0.9654,1.194975,0.0130
DQN,42,15,1350,126427.50,0.9629,1.113588,0.0144
DQN,42,16,1440,129805.00,0.9604,1.053901,0.0150
DQN,42,17,1530,107435.00,0.9579,1.720564,0.0140
DQN,42,18,1620,127082.50,0.9555,1.083514,0.0147
DQN,42,19,1710,156595.00,0.9530,0.966867,0.0159
DQN,42,20,1800,93495.00,0.9505,0.901050,0.0146
DQN,42,21,1890,98065.00,0.9480,0.834435,0.0154
DQN,42,22,1980,90280.00,0.9456,0.809210,0.0147
DQN,42,23,2070,123560.00,0.9431,1.469869,0.0135
DQN,42,24,2160,169562.50,0.9406,0.870844,0.0151
DQN,42,25,2250,168052.50,0.9381,0.831479,0.0151
DQN,42,26,2340,98922.50,0.9356,0.800786,0.0148
DQN,42,27,2430,131762.50,0.9332,0.777782,0.0141
DQN,42,28,2520,167037.50,0.9307,1.300622,0.0148
DQN,42,29,2610,95910.00,0.9282,1.014312,0.0143
DQN,42,30,2700,79060.00,0.9257,0.855497,0.0146
DQN,42,31,2790,70415.00,0.9233,0.848844,0.0133
DQN,42,32,2880,149092.50,0.9208,0.812407,0.0143
DQN,42,33,2970,140665.00,0.9183,0.805578,0.0151
DQN,42,34,3060,102430.00,0.9159,1.357153,0.0150
DQN,42,35,3150,117480.00,0.9134,0.890834,0.0153
DQN,42,36,3240,94775.00,0.9109,0.850048,0.0149
DQN,42,37,3330,142430.00,0.9084,0.812466,0.0152
DQN,42,38,3420,99665.00,0.9060,0.814300,0.0152
DQN,42,39,3510,90682.50,0.9035,1.088113,0.0165
DQN,42,40,3600,118362.50,0.9010,1.032285,0.0150
DQN,42,41,3690,134567.50,0.8985,0.832691,0.0155
DQN,42,42,3780,123885.00,0.8961,0.809742,0.0156
DQN,42,43,3870,108455.00,0.8936,0.805016,0.0131
DQN,42,44,3960,140265.00,0.8911,0.803223,0.0147
DQN,42,45,4050,90447.50,0.8886,1.193173,0.0149
DQN,42,46,4140,126785.00,0.8861,0.888338,0.0156
DQN,42,47,4230,105522.50,0.8837,0.847785,0.0146
DQN,42,48,4320,158027.50,0.8812,0.847243,0.0142
DQN,42,49,4410,27222.50,0.8787,0.822282,0.0149
DQN,42,50,4500,139110.00,0.8762,0.841090,0.0179
DQN,42,51,4590,122715.00,0.8738,1.091902,0.0146
DQN,42,52,4680,163975.00,0.8713,0.886224,0.0165
DQN,42,53,4770,148665.00,0.8688,0.858610,0.0152
DQN,42,54,4860,108362.50,0.8663,0.838038,0.0139
DQN,42,55,4950,151125.00,0.8639,0.830058,0.0158
DQN,42,56,5040,116892.50,0.8614,0.979925,0.0140
DQN,42,57,5130,145965.00,0.8589,0.840089,0.0146
DQN,42,58,5220,107742.50,0.8565,0.836932,0.0148
DQN,42,59,5310,112915.00,0.8540,0.802125,0.0151
DQN,42,60,5400,150427.50,0.8515,0.782335,0.0141
DQN,42,61,5490,137385.00,0.8490,0.778766,0.0164
DQN,42,62,5580,150267.50,0.8466,0.873506,0.0150
DQN,42,63,5670,144737.50,0.8441,0.748169,0.0152
DQN,42,64,5760,153010.00,0.8416,0.711343,0.0150
DQN,42,65,5850,166222.50,0.8391,0.731076,0.0151
DQN,42,66,5940,151870.00,0.8367,0.715232,0.0161
DQN,42,67,6030,114892.50,0.8342,0.721856,0.0138
DQN,42,68,6120,102112.50,0.8317,0.659750,0.0151
DQN,42,69,6210,141237.50,0.8292,0.645816,0.0156
DQN,42,70,6300,139852.50,0.8267,0.643786,0.0168
DQN,42,71,6390,72772.50,0.8243,0.623463,0.0138
DQN,42,72,6480,171497.50,0.8218,0.634439,0.0144
DQN,42,73,6570,155612.50,0.8193,0.659498,0.0150
DQN,42,74,6660,109990.00,0.8168,0.622714,0.0160
DQN,42,75,6750,90115.00,0.8144,0.633449,0.0131
DQN,42,76,6840,142752.50,0.8119,0.639447,0.0154
DQN,42,77,6930,164200.00,0.8094,0.608751,0.0142
DQN,42,78,7020,144937.50,0.8070,0.610620,0.0148
DQN,42,79,7110,132020.00,0.8045,0.628133,0.0150
DQN,42,80,7200,179167.50,0.8020,0.631165,0.0141
DQN,42,81,7290,186262.50,0.7995,0.594682,0.0158
DQN,42,82,7380,124340.00,0.7971,0.593017,0.0143
DQN,42,83,7470,167497.50,0.7946,0.604355,0.0143
DQN,42,84,7560,169182.50,0.7921,0.596650,0.0140
DQN,42,85,7650,194947.50,0.7896,0.597003,0.0144
DQN,42,86,7740,151295.00,0.7872,0.633327,0.0146
DQN,42,87,7830,147890.00,0.7847,0.593572,0.0156
DQN,42,88,7920,110827.50,0.7822,0.607581,0.0158
DQN,42,89,8010,160245.00,0.7797,0.598356,0.0146
DQN,42,90,8100,182295.00,0.7772,0.618433,0.0152
DQN,42,91,8190,171730.00,0.7748,0.612373,0.0159
DQN,42,92,8280,189587.50,0.7723,0.599073,0.0147
DQN,42,93,8370,160077.50,0.7698,0.607957,0.0155
DQN,42,94,8460,176670.00,0.7673,0.596582,0.0138
DQN,42,95,8550,190182.50,0.7649,0.608988,0.0149
DQN,42,96,8640,196765.00,0.7624,0.577493,0.0149
DQN,42,97,8730,107830.00,0.7599,0.585243,0.0151
DQN,42,98,8820,202595.00,0.7574,0.593710,0.0146
DQN,42,99,8910,161955.00,0.7550,0.592674,0.0151
DQN,42,100,9000,133470.00,0.7525,0.611111,0.0148
DQN,42,101,9090,145445.00,0.7500,0.593637,0.0193
DQN,42,102,9180,205207.50,0.7475,0.574345,0.0157
DQN,42,103,9270,192407.50,0.7451,0.582850,0.0150
DQN,42,104,9360,217170.00,0.7426,0.589268,0.0157
DQN,42,105,9450,160262.50,0.7401,0.570686,0.0165
DQN,42,106,9540,181557.50,0.7376,0.599027,0.0155
DQN,42,107,9630,177047.50,0.7352,0.608258,0.0147
DQN,42,108,9720,185532.50,0.7327,0.584922,0.0145
DQN,42,109,9810,130697.50,0.7302,0.598099,0.0134
DQN,42,110,9900,165192.50,0.7278,0.585564,0.0156
DQN,42,111,9990,198115.00,0.7253,0.582798,0.0157
DQN,42,112,10080,140025.00,0.7228,0.581861,0.0153
DQN,42,113,10170,203202.50,0.7203,0.589517,0.0160
DQN,42,114,10260,191065.00,0.7179,0.585257,0.0141
DQN,42,115,10350,170635.00,0.7154,0.574522,0.0145
DQN,42,116,10440,194355.00,0.7129,0.583602,0.0171
DQN,42,117,10530,195662.50,0.7104,0.599448,0.0140
DQN,42,118,10620,162432.50,0.7080,0.588406,0.0150
DQN,42,119,10710,205395.00,0.7055,0.588503,0.0144
DQN,42,120,10800,175187.50,0.7030,0.584987,0.0137
DQN,42,121,10890,177075.00,0.7005,0.580382,0.0171
DQN,42,122,10980,163760.00,0.6981,0.561757,0.0142
DQN,42,123,11070,120657.50,0.6956,0.592187,0.0138
DQN,42,124,11160,176260.00,0.6931,0.571376,0.0163
DQN,42,125,11250,139185.00,0.6906,0.562617,0.0153
DQN,42,126,11340,161132.50,0.6882,0.575114,0.0141
DQN,42,127,11430,181140.00,0.6857,0.593502,0.0143
DQN,42,128,11520,142042.50,0.6832,0.594919,0.0148
DQN,42,129,11610,167787.50,0.6807,0.586173,0.0171
DQN,42,130,11700,197075.00,0.6783,0.567272,0.0152
DQN,42,131,11790,178825.00,0.6758,0.583962,0.0135
DQN,42,132,11880,157962.50,0.6733,0.562143,0.0148
DQN,42,133,11970,192805.00,0.6708,0.558971,0.0152
DQN,42,134,12060,175182.50,0.6683,0.575486,0.0158
DQN,42,135,12150,197105.00,0.6659,0.573879,0.0170
DQN,42,136,12240,205332.50,0.6634,0.562343,0.0149
DQN,42,137,12330,160050.00,0.6609,0.571666,0.0141
DQN,42,138,12420,134810.00,0.6584,0.577427,0.0161
DQN,42,139,12510,187365.00,0.6560,0.561137,0.0142
DQN,42,140,12600,137925.00,0.6535,0.564462,0.0151
DQN,42,141,12690,191107.50,0.6510,0.570727,0.0147
DQN,42,142,12780,179805.00,0.6485,0.563839,0.0138
DQN,42,143,12870,207830.00,0.6461,0.574005,0.0141
DQN,42,144,12960,183565.00,0.6436,0.552558,0.0163
DQN,42,145,13050,189887.50,0.6411,0.555914,0.0145
DQN,42,146,13140,152632.50,0.6386,0.563282,0.0149
DQN,42,147,13230,179627.50,0.6362,0.539314,0.0150
DQN,42,148,13320,155922.50,0.6337,0.541381,0.0147
DQN,42,149,13410,178600.00,0.6312,0.548258,0.0156
DQN,42,150,13500,184912.50,0.6288,0.538527,0.0154
DQN,42,151,13590,154245.00,0.6263,0.552034,0.0149
DQN,42,152,13680,188000.00,0.6238,0.533823,0.0170
DQN,42,153,13770,192025.00,0.6213,0.542793,0.0147
DQN,42,154,13860,217275.00,0.6189,0.529346,0.0143
DQN,42,155,13950,157315.00,0.6164,0.525790,0.0152
DQN,42,156,14040,185850.00,0.6139,0.552175,0.0148
DQN,42,157,14130,178640.00,0.6114,0.519814,0.0146
DQN,42,158,14220,220387.50,0.6089,0.526543,0.0152
DQN,42,159,14310,180832.50,0.6065,0.514005,0.0262
DQN,42,160,14400,186720.00,0.6040,0.523782,0.0308
DQN,42,161,14490,189562.50,0.6015,0.513585,0.0140
DQN,42,162,14580,192862.50,0.5990,0.507948,0.0137
DQN,42,163,14670,207507.50,0.5966,0.507241,0.0144
DQN,42,164,14760,200595.00,0.5941,0.535958,0.0149
DQN,42,165,14850,199860.00,0.5916,0.539191,0.0153
DQN,42,166,14940,187745.00,0.5892,0.504202,0.0168
DQN,42,167,15030,182072.50,0.5867,0.511091,0.0152
DQN,42,168,15120,195862.50,0.5842,0.515121,0.0143
DQN,42,169,15210,197420.00,0.5817,0.514448,0.0143
DQN,42,170,15300,156892.50,0.5793,0.504690,0.0138
DQN,42,171,15390,183787.50,0.5768,0.501183,0.0147
DQN,42,172,15480,166427.50,0.5743,0.519623,0.0150
DQN,42,173,15570,188455.00,0.5718,0.520308,0.0150
DQN,42,174,15660,150432.50,0.5694,0.513880,0.0146
DQN,42,175,15750,184842.50,0.5669,0.502750,0.0164
DQN,42,176,15840,203940.00,0.5644,0.505468,0.0158
DQN,42,177,15930,188792.50,0.5619,0.507912,0.0156
DQN,42,178,16020,196912.50,0.5595,0.508291,0.0147
DQN,42,179,16110,172995.00,0.5570,0.513844,0.0162
DQN,42,180,16200,203777.50,0.5545,0.526351,0.0145
DQN,42,181,16290,192642.50,0.5520,0.512273,0.0161
DQN,42,182,16380,180885.00,0.5495,0.497719,0.0141
DQN,42,183,16470,197775.00,0.5471,0.505351,0.0149
DQN,42,184,16560,203555.00,0.5446,0.494158,0.0152
DQN,42,185,16650,173022.50,0.5421,0.498926,0.0176
DQN,42,186,16740,154532.50,0.5396,0.508396,0.0154
DQN,42,187,16830,165122.50,0.5372,0.517991,0.0155
DQN,42,188,16920,187555.00,0.5347,0.506450,0.0144
DQN,42,189,17010,202205.00,0.5322,0.503794,0.0151
DQN,42,190,17100,189735.00,0.5297,0.494347,0.0159
DQN,42,191,17190,189140.00,0.5273,0.504400,0.0147
DQN,42,192,17280,181285.00,0.5248,0.515197,0.0153
DQN,42,193,17370,202502.50,0.5223,0.526583,0.0145
DQN,42,194,17460,175052.50,0.5199,0.507073,0.0161
DQN,42,195,17550,203817.50,0.5174,0.501545,0.0155
DQN,42,196,17640,187672.50,0.5149,0.510499,0.0151
DQN,42,197,17730,190800.00,0.5124,0.512395,0.0146
DQN,42,198,17820,192950.00,0.5100,0.507834,0.0147
DQN,42,199,17910,200555.00,0.5075,0.519155,0.0145
DQN,42,200,18000,202037.50,0.5050,0.487376,0.0152
DQN,42,201,18090,190705.00,0.5025,0.497037,0.0157
DQN,42,202,18180,204822.50,0.5000,0.493338,0.0180
DQN,42,203,18270,188497.50,0.4976,0.505414,0.0151
DQN,42,204,18360,178232.50,0.4951,0.509334,0.0144
DQN,42,205,18450,206452.50,0.4926,0.486903,0.0162
DQN,42,206,18540,190837.50,0.4901,0.486887,0.0153
DQN,42,207,18630,185380.00,0.4877,0.502280,0.0152
DQN,42,208,18720,184970.00,0.4852,0.484960,0.0141
DQN,42,209,18810,197555.00,0.4827,0.483760,0.0137
DQN,42,210,18900,192680.00,0.4802,0.485908,0.0152
DQN,42,211,18990,161725.00,0.4778,0.481271,0.0147
DQN,42,212,19080,197877.50,0.4753,0.481151,0.0149
DQN,42,213,19170,193380.00,0.4728,0.499797,0.0143
DQN,42,214,19260,187552.50,0.4703,0.491293,0.0145
DQN,42,215,19350,200410.00,0.4679,0.494653,0.0144
DQN,42,216,19440,186090.00,0.4654,0.497872,0.0163
DQN,42,217,19530,196637.50,0.4629,0.480481,0.0149
DQN,42,218,19620,220550.00,0.4604,0.486831,0.0139
DQN,42,219,19710,211097.50,0.4580,0.474676,0.0162
DQN,42,220,19800,174215.00,0.4555,0.484625,0.0152
DQN,42,221,19890,199000.00,0.4530,0.481852,0.0147
DQN,42,222,19980,206307.50,0.4506,0.462895,0.0146
DQN,42,223,20070,190272.50,0.4481,0.493032,0.0151
DQN,42,224,20160,197775.00,0.4456,0.475101,0.0164
DQN,42,225,20250,198050.00,0.4431,0.450810,0.0146
DQN,42,226,20340,178940.00,0.4407,0.468902,0.0150
DQN,42,227,20430,185135.00,0.4382,0.446655,0.0148
DQN,42,228,20520,199825.00,0.4357,0.451704,0.0144
DQN,42,229,20610,181932.50,0.4332,0.463135,0.0142
DQN,42,230,20700,187032.50,0.4308,0.451978,0.0145
DQN,42,231,20790,204147.50,0.4283,0.451736,0.0148
DQN,42,232,20880,186912.50,0.4258,0.445297,0.0148
DQN,42,233,20970,206687.50,0.4233,0.427457,0.0180
DQN,42,234,21060,185597.50,0.4209,0.440088,0.0151
DQN,42,235,21150,181320.00,0.4184,0.439775,0.0142
DQN,42,236,21240,213682.50,0.4159,0.428484,0.0156
DQN,42,237,21330,199057.50,0.4134,0.427950,0.0152
DQN,42,238,21420,189075.00,0.4110,0.418432,0.0163
DQN,42,239,21510,226665.00,0.4085,0.433541,0.0149
DQN,42,240,21600,208320.00,0.4060,0.431806,0.0146
DQN,42,241,21690,210030.00,0.4035,0.451669,0.0142
DQN,42,242,21780,195525.00,0.4011,0.431987,0.0157
DQN,42,243,21870,189417.50,0.3986,0.447026,0.0146
DQN,42,244,21960,200977.50,0.3961,0.423941,0.0146
DQN,42,245,22050,184265.00,0.3936,0.431456,0.0146
DQN,42,246,22140,177517.50,0.3911,0.418181,0.0159
DQN,42,247,22230,200955.00,0.3887,0.425040,0.0166
DQN,42,248,22320,180662.50,0.3862,0.420123,0.0150
DQN,42,249,22410,211710.00,0.3837,0.415565,0.0156
DQN,42,250,22500,204507.50,0.3812,0.422259,0.0164
DQN,42,251,22590,214642.50,0.3788,0.425396,0.0155
DQN,42,252,22680,213405.00,0.3763,0.397584,0.0175
DQN,42,253,22770,198137.50,0.3738,0.402440,0.0155
DQN,42,254,22860,209895.00,0.3713,0.406553,0.0184
DQN,42,255,22950,200190.00,0.3689,0.399327,0.0209
DQN,42,256,23040,213035.00,0.3664,0.393668,0.0175
DQN,42,257,23130,198077.50,0.3639,0.415233,0.0186
DQN,42,258,23220,215070.00,0.3614,0.398047,0.0151
DQN,42,259,23310,196732.50,0.3590,0.408136,0.0191
DQN,42,260,23400,222660.00,0.3565,0.409093,0.0196
DQN,42,261,23490,206225.00,0.3540,0.402428,0.0138
DQN,42,262,23580,194415.00,0.3516,0.409457,0.0151
DQN,42,263,23670,217720.00,0.3491,0.400285,0.0158
DQN,42,264,23760,229620.00,0.3466,0.411980,0.0152
DQN,42,265,23850,213787.50,0.3441,0.406234,0.0146
DQN,42,266,23940,216425.00,0.3417,0.407812,0.0167
DQN,42,267,24030,206242.50,0.3392,0.373548,0.0147
DQN,42,268,24120,206957.50,0.3367,0.398523,0.0147
DQN,42,269,24210,204577.50,0.3342,0.376650,0.0156
DQN,42,270,24300,181827.50,0.3317,0.385253,0.0147
DQN,42,271,24390,196427.50,0.3293,0.363991,0.0150
DQN,42,272,24480,233525.00,0.3268,0.389672,0.0136
DQN,42,273,24570,211510.00,0.3243,0.389607,0.0157
DQN,42,274,24660,206965.00,0.3218,0.368829,0.0149
DQN,42,275,24750,221827.50,0.3194,0.374004,0.0154
DQN,42,276,24840,215265.00,0.3169,0.390489,0.0151
DQN,42,277,24930,207120.00,0.3144,0.383870,0.0159
DQN,42,278,25020,214097.50,0.3120,0.353914,0.0158
DQN,42,279,25110,218480.00,0.3095,0.378375,0.0155
DQN,42,280,25200,200377.50,0.3070,0.392479,0.0143
DQN,42,281,25290,227485.00,0.3045,0.376613,0.0153
DQN,42,282,25380,202220.00,0.3021,0.375129,0.0154
DQN,42,283,25470,228095.00,0.2996,0.381407,0.0167
DQN,42,284,25560,205380.00,0.2971,0.377018,0.0154
DQN,42,285,25650,204922.50,0.2946,0.380923,0.0149
DQN,42,286,25740,209467.50,0.2922,0.363453,0.0143
DQN,42,287,25830,202587.50,0.2897,0.371405,0.0151
DQN,42,288,25920,211930.00,0.2872,0.362874,0.0170
DQN,42,289,26010,211092.50,0.2847,0.370816,0.0145
DQN,42,290,26100,210727.50,0.2823,0.368331,0.0155
DQN,42,291,26190,203995.00,0.2798,0.359820,0.0149
DQN,42,292,26280,222015.00,0.2773,0.362198,0.0148
DQN,42,293,26370,217837.50,0.2748,0.360925,0.0151
DQN,42,294,26460,214260.00,0.2723,0.346185,0.0166
DQN,42,295,26550,189677.50,0.2699,0.340597,0.0152
DQN,42,296,26640,199672.50,0.2674,0.355401,0.0157
DQN,42,297,26730,202075.00,0.2649,0.342638,0.0165
DQN,42,298,26820,217720.00,0.2624,0.359492,0.0159
DQN,42,299,26910,208662.50,0.2600,0.341908,0.0146
DQN,42,300,27000,223107.50,0.2575,0.364098,0.0144
DQN,42,301,27090,208675.00,0.2550,0.358577,0.0180
DQN,42,302,27180,196990.00,0.2526,0.362940,0.0177
DQN,42,303,27270,208667.50,0.2501,0.355763,0.0147
DQN,42,304,27360,223600.00,0.2476,0.349316,0.0144
DQN,42,305,27450,206247.50,0.2451,0.343496,0.0157
DQN,42,306,27540,217370.00,0.2427,0.345529,0.0150
DQN,42,307,27630,212170.00,0.2402,0.360588,0.0153
DQN,42,308,27720,186205.00,0.2377,0.361143,0.0148
DQN,42,309,27810,198370.00,0.2352,0.357544,0.0145
DQN,42,310,27900,212737.50,0.2328,0.367838,0.0164
DQN,42,311,27990,213037.50,0.2303,0.354986,0.0160
DQN,42,312,28080,202677.50,0.2278,0.336516,0.0149
DQN,42,313,28170,209057.50,0.2253,0.344508,0.0146
DQN,42,314,28260,227532.50,0.2228,0.344254,0.0285
DQN,42,315,28350,217877.50,0.2204,0.354900,0.0203
DQN,42,316,28440,211025.00,0.2179,0.349482,0.0166
DQN,42,317,28530,217912.50,0.2154,0.349938,0.0203
DQN,42,318,28620,188955.00,0.2129,0.323674,0.0160
DQN,42,319,28710,209962.50,0.2105,0.324820,0.0164
DQN,42,320,28800,217475.00,0.2080,0.331077,0.0144
DQN,42,321,28890,211200.00,0.2055,0.347812,0.0156
DQN,42,322,28980,211975.00,0.2030,0.351818,0.0160
DQN,42,323,29070,215365.00,0.2006,0.335388,0.0163
DQN,42,324,29160,209177.50,0.1981,0.328748,0.0138
DQN,42,325,29250,219920.00,0.1956,0.310672,0.0161
DQN,42,326,29340,212702.50,0.1932,0.319883,0.0155
DQN,42,327,29430,214335.00,0.1907,0.324970,0.0150
DQN,42,328,29520,214285.00,0.1882,0.310374,0.0166
DQN,42,329,29610,215387.50,0.1857,0.309139,0.0150
DQN,42,330,29700,210145.00,0.1833,0.302183,0.0169
DQN,42,331,29790,190892.50,0.1808,0.302274,0.0146
DQN,42,332,29880,205672.50,0.1783,0.312680,0.0155
DQN,42,333,29970,218227.50,0.1758,0.289972,0.0154
DQN,42,334,30060,209985.00,0.1734,0.309544,0.0148
DQN,42,335,30150,206517.50,0.1709,0.301519,0.0150
DQN,42,336,30240,209577.50,0.1684,0.300999,0.0154
DQN,42,337,30330,216005.00,0.1659,0.304816,0.0157
DQN,42,338,30420,211640.00,0.1634,0.307263,0.0141
DQN,42,339,30510,203380.00,0.1610,0.295991,0.0140
DQN,42,340,30600,203602.50,0.1585,0.305245,0.0153
DQN,42,341,30690,211612.50,0.1560,0.312486,0.0150
DQN,42,342,30780,210207.50,0.1536,0.312367,0.0164
DQN,42,343,30870,224190.00,0.1511,0.300353,0.0158
DQN,42,344,30960,209545.00,0.1486,0.302099,0.0145
DQN,42,345,31050,223112.50,0.1461,0.302454,0.0156
DQN,42,346,31140,201520.00,0.1437,0.313189,0.0161
DQN,42,347,31230,223555.00,0.1412,0.301238,0.0154
DQN,42,348,31320,207897.50,0.1387,0.303492,0.0175
DQN,42,349,31410,205312.50,0.1362,0.309117,0.0150
DQN,42,350,31500,217280.00,0.1338,0.286960,0.0148
DQN,42,351,31590,221142.50,0.1313,0.291362,0.0157
DQN,42,352,31680,234027.50,0.1288,0.289965,0.0169
DQN,42,353,31770,212852.50,0.1263,0.283163,0.0151
DQN,42,354,31860,222142.50,0.1239,0.286308,0.0146
DQN,42,355,31950,218550.00,0.1214,0.289791,0.0147
DQN,42,356,32040,220885.00,0.1189,0.289198,0.0161
DQN,42,357,32130,212372.50,0.1164,0.284118,0.0148
DQN,42,358,32220,218675.00,0.1139,0.286404,0.0147
DQN,42,359,32310,237442.50,0.1115,0.285988,0.0161
DQN,42,360,32400,223712.50,0.1090,0.280475,0.0155
DQN,42,361,32490,224250.00,0.1065,0.291709,0.0153
DQN,42,362,32580,209922.50,0.1040,0.308911,0.0160
DQN,42,363,32670,219987.50,0.1016,0.285345,0.0152
DQN,42,364,32760,211555.00,0.0991,0.285804,0.0155
DQN,42,365,32850,218442.50,0.0966,0.306553,0.0169
DQN,42,366,32940,204325.00,0.0941,0.279852,0.0154
DQN,42,367,33030,212042.50,0.0917,0.283915,0.0142
DQN,42,368,33120,208747.50,0.0892,0.289236,0.0138
DQN,42,369,33210,204615.00,0.0867,0.287608,0.0184
DQN,42,370,33300,210172.50,0.0842,0.269513,0.0139
DQN,42,371,33390,217822.50,0.0818,0.276711,0.0147
DQN,42,372,33480,202455.00,0.0793,0.269813,0.0151
DQN,42,373,33570,218737.50,0.0768,0.277472,0.0167
DQN,42,374,33660,217912.50,0.0743,0.281652,0.0150
DQN,42,375,33750,225687.50,0.0719,0.281979,0.0145
DQN,42,376,33840,215712.50,0.0694,0.268356,0.0163
DQN,42,377,33930,200975.00,0.0669,0.277305,0.0152
DQN,42,378,34020,205737.50,0.0645,0.285051,0.0163
DQN,42,379,34110,213292.50,0.0620,0.282341,0.0157
DQN,42,380,34200,223315.00,0.0595,0.277244,0.0154
DQN,42,381,34290,208522.50,0.0570,0.279250,0.0149
DQN,42,382,34380,220127.50,0.0546,0.268281,0.0148
DQN,42,383,34470,212257.50,0.0521,0.279054,0.0161
DQN,42,384,34560,214017.50,0.0496,0.280825,0.0145
DQN,42,385,34650,198522.50,0.0471,0.284182,0.0151
DQN,42,386,34740,218537.50,0.0447,0.290786,0.0155
DQN,42,387,34830,216910.00,0.0422,0.286331,0.0136
DQN,42,388,34920,226517.50,0.0397,0.284527,0.0135
DQN,42,389,35010,214310.00,0.0372,0.282809,0.0134
DQN,42,390,35100,197962.50,0.0348,0.277704,0.0134
DQN,42,391,35190,196707.50,0.0323,0.279713,0.0134
DQN,42,392,35280,206502.50,0.0298,0.276493,0.0134
DQN,42,393,35370,208032.50,0.0273,0.281053,0.0133
DQN,42,394,35460,202535.00,0.0249,0.284577,0.0134
DQN,42,395,35550,211250.00,0.0224,0.274052,0.0133
DQN,42,396,35640,208070.00,0.0199,0.261412,0.0134
DQN,42,397,35730,212832.50,0.0174,0.252192,0.0133
DQN,42,398,35820,214125.00,0.0150,0.257886,0.0134
DQN,42,399,35910,217555.00,0.0125,0.261088,0.0168
DQN,42,400,36000,211375.00,0.0100,0.254940,0.0138
DQN,42,401,36090,215430.00,0.0100,0.264153,0.0157
DQN,42,402,36180,210690.00,0.0100,0.272648,0.0139
DQN,42,403,36270,211140.00,0.0100,0.260310,0.0135
DQN,42,404,36360,207205.00,0.0100,0.262779,0.0135
DQN,42,405,36450,211077.50,0.0100,0.251239,0.0134
DQN,42,406,36540,205052.50,0.0100,0.258625,0.0183
DQN,42,407,36630,188585.00,0.0100,0.251138,0.0138
DQN,42,408,36720,202532.50,0.0100,0.247528,0.0135
DQN,42,409,36810,208155.00,0.0100,0.250136,0.0133
DQN,42,410,36900,198650.00,0.0100,0.252174,0.0134
DQN,42,411,36990,191137.50,0.0100,0.244667,0.0135
DQN,42,412,37080,192650.00,0.0100,0.240552,0.0134
DQN,42,413,37170,204665.00,0.0100,0.241903,0.0135
DQN,42,414,37260,204402.50,0.0100,0.235666,0.0134
DQN,42,415,37350,209127.50,0.0100,0.230897,0.0135
DQN,42,416,37440,217200.00,0.0100,0.239407,0.0135
DQN,42,417,37530,205232.50,0.0100,0.231321,0.0135
DQN,42,418,37620,216717.50,0.0100,0.226679,0.0134
DQN,42,419,37710,207427.50,0.0100,0.235679,0.0135
DQN,42,420,37800,215042.50,0.0100,0.224715,0.0134
DQN,42,421,37890,221610.00,0.0100,0.230862,0.0133
DQN,42,422,37980,207637.50,0.0100,0.228677,0.0134
DQN,42,423,38070,213265.00,0.0100,0.245294,0.0172
DQN,42,424,38160,219665.00,0.0100,0.243198,0.0138
DQN,42,425,38250,211335.00,0.0100,0.240852,0.0162
DQN,42,426,38340,211582.50,0.0100,0.244693,0.0137
DQN,42,427,38430,207485.00,0.0100,0.254264,0.0134
DQN,42,428,38520,224775.00,0.0100,0.239238,0.0134
DQN,42,429,38610,201955.00,0.0100,0.247009,0.0134
DQN,42,430,38700,227737.50,0.0100,0.240709,0.0134
DQN,42,431,38790,224120.00,0.0100,0.236188,0.0148
DQN,42,432,38880,211460.00,0.0100,0.240348,0.0168
DQN,42,433,38970,215967.50,0.0100,0.253609,0.0141
DQN,42,434,39060,200200.00,0.0100,0.243703,0.0146
DQN,42,435,39150,220275.00,0.0100,0.245134,0.0139
DQN,42,436,39240,222270.00,0.0100,0.241435,0.0139
DQN,42,437,39330,216562.50,0.0100,0.245630,0.0146
DQN,42,438,39420,209882.50,0.0100,0.237263,0.0138
DQN,42,439,39510,201112.50,0.0100,0.237729,0.0135
DQN,42,440,39600,222372.50,0.0100,0.237150,0.0136
DQN,42,441,39690,203307.50,0.0100,0.233493,0.0134
DQN,42,442,39780,217755.00,0.0100,0.234326,0.0135
DQN,42,443,39870,210030.00,0.0100,0.225785,0.0135
DQN,42,444,39960,208760.00,0.0100,0.223638,0.0149
DQN,42,445,40050,223717.50,0.0100,0.238347,0.0136
DQN,42,446,40140,218945.00,0.0100,0.233544,0.0134
DQN,42,447,40230,206350.00,0.0100,0.231849,0.0133
DQN,42,448,40320,212597.50,0.0100,0.239487,0.0134
DQN,42,449,40410,208087.50,0.0100,0.238875,0.0134
DQN,42,450,40500,218152.50,0.0100,0.239922,0.0134
DQN,42,451,40590,204320.00,0.0100,0.244830,0.0158
DQN,42,452,40680,213182.50,0.0100,0.239763,0.0144
DQN,42,453,40770,206100.00,0.0100,0.231080,0.0136
DQN,42,454,40860,224805.00,0.0100,0.229768,0.0135
DQN,42,455,40950,205920.00,0.0100,0.247415,0.0134
DQN,42,456,41040,200555.00,0.0100,0.231890,0.0164
DQN,42,457,41130,205302.50,0.0100,0.239179,0.0135
DQN,42,458,41220,219465.00,0.0100,0.228635,0.0142
DQN,42,459,41310,221840.00,0.0100,0.224728,0.0135
DQN,42,460,41400,208480.00,0.0100,0.216785,0.0135
DQN,42,461,41490,224992.50,0.0100,0.226603,0.0134
DQN,42,462,41580,201330.00,0.0100,0.217627,0.0134
DQN,42,463,41670,209757.50,0.0100,0.211604,0.0135
DQN,42,464,41760,214847.50,0.0100,0.219345,0.0134
DQN,42,465,41850,197455.00,0.0100,0.213920,0.0134
DQN,42,466,41940,204405.00,0.0100,0.218748,0.0134
DQN,42,467,42030,210872.50,0.0100,0.228053,0.0169
DQN,42,468,42120,215715.00,0.0100,0.245178,0.0167
DQN,42,469,42210,206230.00,0.0100,0.242051,0.0138
DQN,42,470,42300,206747.50,0.0100,0.242401,0.0136
DQN,42,471,42390,210947.50,0.0100,0.244367,0.0134
DQN,42,472,42480,210857.50,0.0100,0.241727,0.0135
DQN,42,473,42570,190962.50,0.0100,0.251411,0.0145
DQN,42,474,42660,210327.50,0.0100,0.248865,0.0175
DQN,42,475,42750,184807.50,0.0100,0.250503,0.0136
DQN,42,476,42840,204765.00,0.0100,0.246940,0.0136
DQN,42,477,42930,196887.50,0.0100,0.242078,0.0136
DQN,42,478,43020,192532.50,0.0100,0.229035,0.0134
DQN,42,479,43110,213122.50,0.0100,0.234993,0.0135
DQN,42,480,43200,212552.50,0.0100,0.231051,0.0154
DQN,42,481,43290,220765.00,0.0100,0.233687,0.0168
DQN,42,482,43380,214315.00,0.0100,0.226366,0.0174
DQN,42,483,43470,219202.50,0.0100,0.231223,0.0139
DQN,42,484,43560,208530.00,0.0100,0.231585,0.0135
DQN,42,485,43650,206570.00,0.0100,0.237354,0.0135
DQN,42,486,43740,219647.50,0.0100,0.240790,0.0134
DQN,42,487,43830,203030.00,0.0100,0.242079,0.0135
DQN,42,488,43920,217555.00,0.0100,0.230957,0.0134
DQN,42,489,44010,208030.00,0.0100,0.239241,0.0134
DQN,42,490,44100,198775.00,0.0100,0.234391,0.0135
DQN,42,491,44190,216872.50,0.0100,0.240259,0.0135
DQN,42,492,44280,207530.00,0.0100,0.238476,0.0134
DQN,42,493,44370,219390.00,0.0100,0.238942,0.0134
DQN,42,494,44460,207360.00,0.0100,0.232140,0.0135
DQN,42,495,44550,222402.50,0.0100,0.240188,0.0134
DQN,42,496,44640,206307.50,0.0100,0.226307,0.0156
DQN,42,497,44730,207775.00,0.0100,0.222627,0.0164
DQN,42,498,44820,203735.00,0.0100,0.230316,0.0154
DQN,42,499,44910,218225.00,0.0100,0.230155,0.0148
DQN,42,500,45000,226087.50,0.0100,0.224361,0.0164
DQN,123,1,90,157867.50,0.9975,0.000000,0.0009
DQN,123,2,180,140432.50,0.9950,0.000000,0.0007
DQN,123,3,270,79677.50,0.9926,0.000000,0.0005
DQN,123,4,360,104962.50,0.9901,0.000000,0.0004
DQN,123,5,450,68385.00,0.9876,0.000000,0.0005
DQN,123,6,540,107325.00,0.9851,3.719938,0.0066
DQN,123,7,630,87947.50,0.9827,2.453779,0.0126
DQN,123,8,720,140360.00,0.9802,1.601193,0.0126
DQN,123,9,810,116437.50,0.9777,1.524590,0.0138
DQN,123,10,900,142080.00,0.9752,1.573098,0.0128
DQN,123,11,990,175605.00,0.9728,1.502046,0.0126
DQN,123,12,1080,156532.50,0.9703,2.635678,0.0193
DQN,123,13,1170,142092.50,0.9678,1.340481,0.0179
DQN,123,14,1260,119552.50,0.9654,1.273305,0.0157
DQN,123,15,1350,10240.00,0.9629,1.212524,0.0153
DQN,123,16,1440,167777.50,0.9604,1.173243,0.0139
DQN,123,17,1530,178410.00,0.9579,1.731541,0.0132
DQN,123,18,1620,29272.50,0.9555,1.188957,0.0128
DQN,123,19,1710,122925.00,0.9530,1.041335,0.0129
DQN,123,20,1800,81185.00,0.9505,0.937149,0.0151
DQN,123,21,1890,50005.00,0.9480,0.873396,0.0137
DQN,123,22,1980,138545.00,0.9456,0.845283,0.0131
DQN,123,23,2070,128020.00,0.9431,1.507019,0.0130
DQN,123,24,2160,106590.00,0.9406,0.947067,0.0132
DQN,123,25,2250,163820.00,0.9381,0.922352,0.0130
DQN,123,26,2340,93372.50,0.9356,0.857371,0.0130
DQN,123,27,2430,83337.50,0.9332,0.843731,0.0129
DQN,123,28,2520,114465.00,0.9307,1.232244,0.0130
DQN,123,29,2610,167025.00,0.9282,1.088390,0.0188
DQN,123,30,2700,67655.00,0.9257,0.908943,0.0134
DQN,123,31,2790,123845.00,0.9233,0.854744,0.0131
DQN,123,32,2880,144527.50,0.9208,0.840947,0.0132
DQN,123,33,2970,183990.00,0.9183,0.854630,0.0129
DQN,123,34,3060,116277.50,0.9159,1.261551,0.0130
DQN,123,35,3150,178100.00,0.9134,0.966604,0.0130
DQN,123,36,3240,132927.50,0.9109,0.909419,0.0130
DQN,123,37,3330,90240.00,0.9084,0.852804,0.0130
DQN,123,38,3420,100117.50,0.9060,0.868979,0.0130
DQN,123,39,3510,95797.50,0.9035,1.036553,0.0130
DQN,123,40,3600,141012.50,0.9010,1.098935,0.0131
DQN,123,41,3690,112320.00,0.8985,0.917939,0.0156
DQN,123,42,3780,70862.50,0.8961,0.888514,0.0136
DQN,123,43,3870,105020.00,0.8936,0.852055,0.0131
DQN,123,44,3960,115705.00,0.8911,0.857717,0.0130
DQN,123,45,4050,148520.00,0.8886,1.109110,0.0130
DQN,123,46,4140,83480.00,0.8861,0.976339,0.0130
DQN,123,47,4230,122787.50,0.8837,0.944229,0.0130
DQN,123,48,4320,48100.00,0.8812,0.922085,0.0131
DQN,123,49,4410,144075.00,0.8787,0.890587,0.0129
DQN,123,50,4500,87142.50,0.8762,0.903503,0.0130
DQN,123,51,4590,114015.00,0.8738,1.107918,0.0199
DQN,123,52,4680,165592.50,0.8713,0.931755,0.0136
DQN,123,53,4770,180767.50,0.8688,0.927742,0.0130
DQN,123,54,4860,190712.50,0.8663,0.906954,0.0138
DQN,123,55,4950,88287.50,0.8639,0.861640,0.0132
DQN,123,56,5040,112035.00,0.8614,1.027993,0.0130
DQN,123,57,5130,126495.00,0.8589,0.907776,0.0130
DQN,123,58,5220,129500.00,0.8565,0.885379,0.0130
DQN,123,59,5310,152285.00,0.8540,0.857565,0.0131
DQN,123,60,5400,142150.00,0.8515,0.847539,0.0130
DQN,123,61,5490,155097.50,0.8490,0.849225,0.0130
DQN,123,62,5580,179692.50,0.8466,0.917072,0.0130
DQN,123,63,5670,120385.00,0.8441,0.818584,0.0129
DQN,123,64,5760,138557.50,0.8416,0.794191,0.0130
DQN,123,65,5850,178382.50,0.8391,0.784987,0.0130
DQN,123,66,5940,146537.50,0.8367,0.777162,0.0130
DQN,123,67,6030,155595.00,0.8342,0.807603,0.0130
DQN,123,68,6120,150895.00,0.8317,0.739975,0.0175
DQN,123,69,6210,131622.50,0.8292,0.706311,0.0210
DQN,123,70,6300,148757.50,0.8267,0.715787,0.0188
DQN,123,71,6390,166052.50,0.8243,0.733535,0.0171
DQN,123,72,6480,205090.00,0.8218,0.728825,0.0141
DQN,123,73,6570,170510.00,0.8193,0.721695,0.0168
DQN,123,74,6660,174970.00,0.8168,0.697082,0.0161
DQN,123,75,6750,170985.00,0.8144,0.710998,0.0182
DQN,123,76,6840,133435.00,0.8119,0.682435,0.0144
DQN,123,77,6930,159910.00,0.8094,0.701197,0.0178
DQN,123,78,7020,194320.00,0.8070,0.680401,0.0150
DQN,123,79,7110,157442.50,0.8045,0.678582,0.0200
DQN,123,80,7200,110545.00,0.8020,0.655499,0.0136
DQN,123,81,7290,143975.00,0.7995,0.675469,0.0170
DQN,123,82,7380,152845.00,0.7971,0.663732,0.0165
DQN,123,83,7470,198217.50,0.7946,0.674875,0.0150
DQN,123,84,7560,167452.50,0.7921,0.638358,0.0204
DQN,123,85,7650,177717.50,0.7896,0.633507,0.0187
DQN,123,86,7740,145800.00,0.7872,0.628800,0.0149
DQN,123,87,7830,133072.50,0.7847,0.642077,0.0147
DQN,123,88,7920,151590.00,0.7822,0.641606,0.0158
DQN,123,89,8010,201770.00,0.7797,0.637988,0.0155
DQN,123,90,8100,136602.50,0.7772,0.640327,0.0149
DQN,123,91,8190,128592.50,0.7748,0.645051,0.0156
DQN,123,92,8280,158295.00,0.7723,0.643321,0.0163
DQN,123,93,8370,175567.50,0.7698,0.628512,0.0150
DQN,123,94,8460,166772.50,0.7673,0.633398,0.0147
DQN,123,95,8550,171550.00,0.7649,0.642872,0.0142
DQN,123,96,8640,176290.00,0.7624,0.609944,0.0149
DQN,123,97,8730,155702.50,0.7599,0.608178,0.0157
DQN,123,98,8820,177240.00,0.7574,0.609963,0.0141
DQN,123,99,8910,100657.50,0.7550,0.612185,0.0136
DQN,123,100,9000,195425.00,0.7525,0.602697,0.0155
DQN,123,101,9090,181440.00,0.7500,0.624577,0.0195
DQN,123,102,9180,150657.50,0.7475,0.603207,0.0144
DQN,123,103,9270,182190.00,0.7451,0.599514,0.0161
DQN,123,104,9360,142757.50,0.7426,0.585199,0.0147
DQN,123,105,9450,180507.50,0.7401,0.590098,0.0151
DQN,123,106,9540,138515.00,0.7376,0.627026,0.0142
DQN,123,107,9630,171090.00,0.7352,0.583928,0.0163
DQN,123,108,9720,127730.00,0.7327,0.595719,0.0150
DQN,123,109,9810,169955.00,0.7302,0.596608,0.0147
DQN,123,110,9900,153750.00,0.7278,0.585153,0.0144
DQN,123,111,9990,158820.00,0.7253,0.573770,0.0162
DQN,123,112,10080,193187.50,0.7228,0.576151,0.0145
DQN,123,113,10170,159105.00,0.7203,0.582355,0.0143
DQN,123,114,10260,163965.00,0.7179,0.581647,0.0159
DQN,123,115,10350,194572.50,0.7154,0.572526,0.0157
DQN,123,116,10440,195870.00,0.7129,0.562392,0.0150
DQN,123,117,10530,164047.50,0.7104,0.561477,0.0162
DQN,123,118,10620,139097.50,0.7080,0.572986,0.0154
DQN,123,119,10710,188857.50,0.7055,0.581684,0.0148
DQN,123,120,10800,194795.00,0.7030,0.574402,0.0150
DQN,123,121,10890,191885.00,0.7005,0.546428,0.0161
DQN,123,122,10980,185602.50,0.6981,0.577159,0.0145
DQN,123,123,11070,132057.50,0.6956,0.567017,0.0144
DQN,123,124,11160,176200.00,0.6931,0.567269,0.0150
DQN,123,125,11250,148932.50,0.6906,0.561921,0.0133
DQN,123,126,11340,185477.50,0.6882,0.568220,0.0164
DQN,123,127,11430,151692.50,0.6857,0.551736,0.0156
DQN,123,128,11520,135817.50,0.6832,0.554623,0.0159
DQN,123,129,11610,162945.00,0.6807,0.574421,0.0155
DQN,123,130,11700,176080.00,0.6783,0.564600,0.0151
DQN,123,131,11790,162720.00,0.6758,0.573413,0.0149
DQN,123,132,11880,120210.00,0.6733,0.563174,0.0147
DQN,123,133,11970,117960.00,0.6708,0.570811,0.0163
DQN,123,134,12060,135230.00,0.6683,0.552702,0.0157
DQN,123,135,12150,175592.50,0.6659,0.555932,0.0163
DQN,123,136,12240,212432.50,0.6634,0.587068,0.0154
DQN,123,137,12330,172625.00,0.6609,0.579484,0.0149
DQN,123,138,12420,187827.50,0.6584,0.574961,0.0148
DQN,123,139,12510,178137.50,0.6560,0.569870,0.0135
DQN,123,140,12600,175672.50,0.6535,0.554283,0.0145
DQN,123,141,12690,146842.50,0.6510,0.576305,0.0155
DQN,123,142,12780,178622.50,0.6485,0.545809,0.0154
DQN,123,143,12870,160225.00,0.6461,0.553934,0.0162
DQN,123,144,12960,183045.00,0.6436,0.570387,0.0164
DQN,123,145,13050,189830.00,0.6411,0.575148,0.0153
DQN,123,146,13140,184235.00,0.6386,0.552645,0.0159
DQN,123,147,13230,184112.50,0.6362,0.565982,0.0147
DQN,123,148,13320,163847.50,0.6337,0.569558,0.0164
DQN,123,149,13410,166377.50,0.6312,0.544634,0.0147
DQN,123,150,13500,193767.50,0.6288,0.569028,0.0155
DQN,123,151,13590,186610.00,0.6263,0.563978,0.0185
DQN,123,152,13680,199532.50,0.6238,0.561942,0.0153
DQN,123,153,13770,187295.00,0.6213,0.581780,0.0148
DQN,123,154,13860,200547.50,0.6189,0.566333,0.0181
DQN,123,155,13950,185135.00,0.6164,0.546080,0.0146
DQN,123,156,14040,182280.00,0.6139,0.553639,0.0139
DQN,123,157,14130,169267.50,0.6114,0.545228,0.0150
DQN,123,158,14220,174777.50,0.6089,0.553376,0.0160
DQN,123,159,14310,161722.50,0.6065,0.558748,0.0157
DQN,123,160,14400,213582.50,0.6040,0.554894,0.0156
DQN,123,161,14490,186660.00,0.6015,0.542477,0.0146
DQN,123,162,14580,182210.00,0.5990,0.540965,0.0153
DQN,123,163,14670,165432.50,0.5966,0.530015,0.0149
DQN,123,164,14760,187017.50,0.5941,0.529789,0.0160
DQN,123,165,14850,190760.00,0.5916,0.543900,0.0153
DQN,123,166,14940,212025.00,0.5892,0.529178,0.0160
DQN,123,167,15030,195902.50,0.5867,0.517894,0.0155
DQN,123,168,15120,175142.50,0.5842,0.511866,0.0167
DQN,123,169,15210,194272.50,0.5817,0.516753,0.0148
DQN,123,170,15300,191815.00,0.5793,0.540211,0.0145
DQN,123,171,15390,167925.00,0.5768,0.513670,0.0144
DQN,123,172,15480,190712.50,0.5743,0.530003,0.0145
DQN,123,173,15570,154842.50,0.5718,0.510588,0.0143
DQN,123,174,15660,184375.00,0.5694,0.519742,0.0156
DQN,123,175,15750,181180.00,0.5669,0.532207,0.0165
DQN,123,176,15840,172405.00,0.5644,0.517342,0.0154
DQN,123,177,15930,193745.00,0.5619,0.517131,0.0144
DQN,123,178,16020,204940.00,0.5595,0.524662,0.0152
DQN,123,179,16110,197840.00,0.5570,0.520079,0.0149
DQN,123,180,16200,215767.50,0.5545,0.503554,0.0142
DQN,123,181,16290,217820.00,0.5520,0.515751,0.0139
DQN,123,182,16380,207625.00,0.5495,0.509593,0.0161
DQN,123,183,16470,168325.00,0.5471,0.513732,0.0151
DQN,123,184,16560,159942.50,0.5446,0.523026,0.0165
DQN,123,185,16650,181185.00,0.5421,0.509536,0.0152
DQN,123,186,16740,198577.50,0.5396,0.484839,0.0153
DQN,123,187,16830,212760.00,0.5372,0.500638,0.0145
DQN,123,188,16920,199975.00,0.5347,0.491511,0.0154
DQN,123,189,17010,205515.00,0.5322,0.503403,0.0156
DQN,123,190,17100,183187.50,0.5297,0.506465,0.0149
DQN,123,191,17190,201687.50,0.5273,0.498987,0.0155
DQN,123,192,17280,187582.50,0.5248,0.487620,0.0155
DQN,123,193,17370,217432.50,0.5223,0.513855,0.0176
DQN,123,194,17460,177297.50,0.5199,0.501797,0.0157
DQN,123,195,17550,161882.50,0.5174,0.512047,0.0142
DQN,123,196,17640,184190.00,0.5149,0.504436,0.0169
DQN,123,197,17730,209860.00,0.5124,0.506022,0.0154
DQN,123,198,17820,212710.00,0.5100,0.494676,0.0143
DQN,123,199,17910,193720.00,0.5075,0.502819,0.0155
DQN,123,200,18000,179122.50,0.5050,0.497036,0.0154
DQN,123,201,18090,214157.50,0.5025,0.484465,0.0168
DQN,123,202,18180,222020.00,0.5000,0.505555,0.0184
DQN,123,203,18270,207775.00,0.4976,0.477455,0.0154
DQN,123,204,18360,207045.00,0.4951,0.507985,0.0156
DQN,123,205,18450,189675.00,0.4926,0.499795,0.0148
DQN,123,206,18540,191477.50,0.4901,0.491734,0.0151
DQN,123,207,18630,212947.50,0.4877,0.493933,0.0162
DQN,123,208,18720,203562.50,0.4852,0.495601,0.0158
DQN,123,209,18810,174537.50,0.4827,0.465715,0.0152
DQN,123,210,18900,185062.50,0.4802,0.490275,0.0157
DQN,123,211,18990,208610.00,0.4778,0.487587,0.0152
DQN,123,212,19080,203752.50,0.4753,0.484344,0.0151
DQN,123,213,19170,203127.50,0.4728,0.483913,0.0149
DQN,123,214,19260,212495.00,0.4703,0.480460,0.0138
DQN,123,215,19350,210242.50,0.4679,0.469211,0.0149
DQN,123,216,19440,199177.50,0.4654,0.474946,0.0150
DQN,123,217,19530,187180.00,0.4629,0.486898,0.0165
DQN,123,218,19620,186347.50,0.4604,0.475833,0.0158
DQN,123,219,19710,205577.50,0.4580,0.492938,0.0208
DQN,123,220,19800,202900.00,0.4555,0.488111,0.0145
DQN,123,221,19890,218327.50,0.4530,0.495524,0.0156
DQN,123,222,19980,198767.50,0.4506,0.472107,0.0162
DQN,123,223,20070,206135.00,0.4481,0.473048,0.0152
DQN,123,224,20160,213465.00,0.4456,0.466226,0.0153
DQN,123,225,20250,206857.50,0.4431,0.465336,0.0145
DQN,123,226,20340,185360.00,0.4407,0.455162,0.0156
DQN,123,227,20430,190525.00,0.4382,0.442154,0.0155
DQN,123,228,20520,205460.00,0.4357,0.475691,0.0157
DQN,123,229,20610,195357.50,0.4332,0.469356,0.0154
DQN,123,230,20700,202162.50,0.4308,0.470752,0.0171
DQN,123,231,20790,188625.00,0.4283,0.473993,0.0155
DQN,123,232,20880,205300.00,0.4258,0.473614,0.0143
DQN,123,233,20970,209847.50,0.4233,0.442483,0.0147
DQN,123,234,21060,210020.00,0.4209,0.469088,0.0148
DQN,123,235,21150,211307.50,0.4184,0.457484,0.0150
DQN,123,236,21240,200717.50,0.4159,0.464101,0.0160
DQN,123,237,21330,187987.50,0.4134,0.453546,0.0148
DQN,123,238,21420,219437.50,0.4110,0.450213,0.0149
DQN,123,239,21510,214107.50,0.4085,0.462193,0.0163
DQN,123,240,21600,198377.50,0.4060,0.464575,0.0148
DQN,123,241,21690,180582.50,0.4035,0.464896,0.0152
DQN,123,242,21780,221992.50,0.4011,0.453507,0.0164
DQN,123,243,21870,190177.50,0.3986,0.435843,0.0157
DQN,123,244,21960,213712.50,0.3961,0.431004,0.0162
DQN,123,245,22050,179302.50,0.3936,0.452883,0.0149
DQN,123,246,22140,204415.00,0.3911,0.437290,0.0157
DQN,123,247,22230,212725.00,0.3887,0.422399,0.0155
DQN,123,248,22320,194502.50,0.3862,0.431269,0.0164
DQN,123,249,22410,200772.50,0.3837,0.443197,0.0141
DQN,123,250,22500,203585.00,0.3812,0.442381,0.0153
DQN,123,251,22590,186425.00,0.3788,0.444471,0.0161
DQN,123,252,22680,190615.00,0.3763,0.414700,0.0166
DQN,123,253,22770,214057.50,0.3738,0.433766,0.0154
DQN,123,254,22860,211682.50,0.3713,0.430835,0.0160
DQN,123,255,22950,218457.50,0.3689,0.403211,0.0159
DQN,123,256,23040,173670.00,0.3664,0.425837,0.0149
DQN,123,257,23130,194125.00,0.3639,0.427891,0.0167
DQN,123,258,23220,203555.00,0.3614,0.427646,0.0147
DQN,123,259,23310,207970.00,0.3590,0.433635,0.0161
DQN,123,260,23400,215280.00,0.3565,0.416606,0.0150
DQN,123,261,23490,199382.50,0.3540,0.419124,0.0163
DQN,123,262,23580,206420.00,0.3516,0.412830,0.0158
DQN,123,263,23670,222322.50,0.3491,0.412721,0.0153
DQN,123,264,23760,199587.50,0.3466,0.404309,0.0157
DQN,123,265,23850,214987.50,0.3441,0.408149,0.0148
DQN,123,266,23940,201357.50,0.3417,0.417610,0.0137
DQN,123,267,24030,212265.00,0.3392,0.417918,0.0155
DQN,123,268,24120,204997.50,0.3367,0.415224,0.0160
DQN,123,269,24210,204115.00,0.3342,0.408243,0.0171
DQN,123,270,24300,202060.00,0.3317,0.398764,0.0152
DQN,123,271,24390,181217.50,0.3293,0.393534,0.0155
DQN,123,272,24480,191852.50,0.3268,0.412346,0.0147
DQN,123,273,24570,212412.50,0.3243,0.393262,0.0154
DQN,123,274,24660,210725.00,0.3218,0.390906,0.0166
DQN,123,275,24750,196090.00,0.3194,0.371797,0.0167
DQN,123,276,24840,209855.00,0.3169,0.378998,0.0147
DQN,123,277,24930,184932.50,0.3144,0.374822,0.0150
DQN,123,278,25020,198850.00,0.3120,0.385586,0.0147
DQN,123,279,25110,213917.50,0.3095,0.388780,0.0155
DQN,123,280,25200,210415.00,0.3070,0.376169,0.0139
DQN,123,281,25290,202200.00,0.3045,0.381522,0.0147
DQN,123,282,25380,197472.50,0.3021,0.390487,0.0179
DQN,123,283,25470,204577.50,0.2996,0.368848,0.0151
DQN,123,284,25560,211880.00,0.2971,0.375384,0.0158
DQN,123,285,25650,199417.50,0.2946,0.359831,0.0153
DQN,123,286,25740,196537.50,0.2922,0.360349,0.0147
DQN,123,287,25830,199365.00,0.2897,0.377861,0.0148
DQN,123,288,25920,194702.50,0.2872,0.370123,0.0154
DQN,123,289,26010,188610.00,0.2847,0.355014,0.0159
DQN,123,290,26100,206065.00,0.2823,0.362895,0.0149
DQN,123,291,26190,215702.50,0.2798,0.360155,0.0160
DQN,123,292,26280,215510.00,0.2773,0.345190,0.0170
DQN,123,293,26370,183187.50,0.2748,0.365151,0.0151
DQN,123,294,26460,201987.50,0.2723,0.359799,0.0152
DQN,123,295,26550,207015.00,0.2699,0.384868,0.0154
DQN,123,296,26640,210147.50,0.2674,0.371083,0.0139
DQN,123,297,26730,189240.00,0.2649,0.363783,0.0147
DQN,123,298,26820,194145.00,0.2624,0.360126,0.0147
DQN,123,299,26910,182480.00,0.2600,0.359440,0.0149
DQN,123,300,27000,186195.00,0.2575,0.376332,0.0163
DQN,123,301,27090,214630.00,0.2550,0.348172,0.0175
DQN,123,302,27180,219982.50,0.2526,0.342498,0.0158
DQN,123,303,27270,213040.00,0.2501,0.357954,0.0157
DQN,123,304,27360,200267.50,0.2476,0.340396,0.0163
DQN,123,305,27450,202055.00,0.2451,0.333003,0.0162
DQN,123,306,27540,195777.50,0.2427,0.347364,0.0155
DQN,123,307,27630,223615.00,0.2402,0.352402,0.0148
DQN,123,308,27720,202797.50,0.2377,0.344635,0.0157
DQN,123,309,27810,205202.50,0.2352,0.344056,0.0149
DQN,123,310,27900,211440.00,0.2328,0.339575,0.0153
DQN,123,311,27990,214810.00,0.2303,0.343430,0.0162
DQN,123,312,28080,191935.00,0.2278,0.330548,0.0137
DQN,123,313,28170,219762.50,0.2253,0.345558,0.0148
DQN,123,314,28260,206140.00,0.2228,0.326229,0.0150
DQN,123,315,28350,207430.00,0.2204,0.326528,0.0172
DQN,123,316,28440,202560.00,0.2179,0.315260,0.0159
DQN,123,317,28530,215210.00,0.2154,0.333928,0.0148
DQN,123,318,28620,203732.50,0.2129,0.333382,0.0149
DQN,123,319,28710,217492.50,0.2105,0.336900,0.0151
DQN,123,320,28800,208842.50,0.2080,0.337193,0.0164
DQN,123,321,28890,200755.00,0.2055,0.331658,0.0163
DQN,123,322,28980,228932.50,0.2030,0.319936,0.0149
DQN,123,323,29070,197185.00,0.2006,0.322316,0.0142
DQN,123,324,29160,215335.00,0.1981,0.312021,0.0167
DQN,123,325,29250,214847.50,0.1956,0.314081,0.0152
DQN,123,326,29340,226817.50,0.1932,0.305645,0.0145
DQN,123,327,29430,212665.00,0.1907,0.293409,0.0143
DQN,123,328,29520,204182.50,0.1882,0.296198,0.0159
DQN,123,329,29610,218155.00,0.1857,0.323741,0.0159
DQN,123,330,29700,208437.50,0.1833,0.312330,0.0153
DQN,123,331,29790,209765.00,0.1808,0.297106,0.0146
DQN,123,332,29880,213232.50,0.1783,0.301766,0.0171
DQN,123,333,29970,213555.00,0.1758,0.306843,0.0158
DQN,123,334,30060,220532.50,0.1734,0.298641,0.0151
DQN,123,335,30150,222235.00,0.1709,0.305116,0.0150
DQN,123,336,30240,219270.00,0.1684,0.304972,0.0153
DQN,123,337,30330,220050.00,0.1659,0.297663,0.0158
DQN,123,338,30420,213175.00,0.1634,0.298308,0.0149
DQN,123,339,30510,214417.50,0.1610,0.291179,0.0153
DQN,123,340,30600,221642.50,0.1585,0.282895,0.0151
DQN,123,341,30690,216555.00,0.1560,0.281906,0.0142
DQN,123,342,30780,225370.00,0.1536,0.293926,0.0152
DQN,123,343,30870,211405.00,0.1511,0.284242,0.0177
DQN,123,344,30960,210830.00,0.1486,0.299108,0.0149
DQN,123,345,31050,214885.00,0.1461,0.291833,0.0172
DQN,123,346,31140,215902.50,0.1437,0.286317,0.0155
DQN,123,347,31230,224682.50,0.1412,0.290816,0.0164
DQN,123,348,31320,203762.50,0.1387,0.279975,0.0159
DQN,123,349,31410,207912.50,0.1362,0.283495,0.0169
DQN,123,350,31500,206015.00,0.1338,0.282138,0.0147
DQN,123,351,31590,221797.50,0.1313,0.277246,0.0151
DQN,123,352,31680,213450.00,0.1288,0.275979,0.0181
DQN,123,353,31770,210857.50,0.1263,0.289306,0.0161
DQN,123,354,31860,209830.00,0.1239,0.269014,0.0152
DQN,123,355,31950,220077.50,0.1214,0.272035,0.0155
DQN,123,356,32040,204912.50,0.1189,0.274790,0.0152
DQN,123,357,32130,220372.50,0.1164,0.280137,0.0152
DQN,123,358,32220,209140.00,0.1139,0.271837,0.0164
DQN,123,359,32310,217807.50,0.1115,0.263426,0.0147
DQN,123,360,32400,208300.00,0.1090,0.281654,0.0168
DQN,123,361,32490,216967.50,0.1065,0.267702,0.0150
DQN,123,362,32580,222662.50,0.1040,0.266681,0.0154
DQN,123,363,32670,212677.50,0.1016,0.279198,0.0157
DQN,123,364,32760,209987.50,0.0991,0.281172,0.0142
DQN,123,365,32850,212367.50,0.0966,0.277087,0.0151
DQN,123,366,32940,209510.00,0.0941,0.263267,0.0149
DQN,123,367,33030,214720.00,0.0917,0.264254,0.0166
DQN,123,368,33120,204717.50,0.0892,0.270650,0.0188
DQN,123,369,33210,207280.00,0.0867,0.276659,0.0150
DQN,123,370,33300,215052.50,0.0842,0.267185,0.0184
DQN,123,371,33390,214355.00,0.0818,0.262623,0.0155
DQN,123,372,33480,223017.50,0.0793,0.255660,0.0154
DQN,123,373,33570,219120.00,0.0768,0.262968,0.0162
DQN,123,374,33660,216252.50,0.0743,0.264334,0.0155
DQN,123,375,33750,202457.50,0.0719,0.265692,0.0150
DQN,123,376,33840,208635.00,0.0694,0.253791,0.0158
DQN,123,377,33930,210745.00,0.0669,0.266080,0.0151
DQN,123,378,34020,213367.50,0.0645,0.269150,0.0150
DQN,123,379,34110,211682.50,0.0620,0.271692,0.0155
DQN,123,380,34200,200530.00,0.0595,0.261139,0.0152
DQN,123,381,34290,217815.00,0.0570,0.268520,0.0174
DQN,123,382,34380,220195.00,0.0546,0.254557,0.0168
DQN,123,383,34470,202025.00,0.0521,0.262564,0.0149
DQN,123,384,34560,206940.00,0.0496,0.273739,0.0159
DQN,123,385,34650,204040.00,0.0471,0.260673,0.0259
DQN,123,386,34740,197852.50,0.0447,0.249308,0.0232
DQN,123,387,34830,209800.00,0.0422,0.245483,0.0221
DQN,123,388,34920,196847.50,0.0397,0.257783,0.0155
DQN,123,389,35010,200777.50,0.0372,0.251974,0.0146
DQN,123,390,35100,204830.00,0.0348,0.240980,0.0149
DQN,123,391,35190,223180.00,0.0323,0.238505,0.0173
DQN,123,392,35280,212865.00,0.0298,0.247603,0.0148
DQN,123,393,35370,214442.50,0.0273,0.232442,0.0147
DQN,123,394,35460,208827.50,0.0249,0.243427,0.0158
DQN,123,395,35550,210012.50,0.0224,0.259878,0.0151
DQN,123,396,35640,213587.50,0.0199,0.265467,0.0155
DQN,123,397,35730,213820.00,0.0174,0.257941,0.0161
DQN,123,398,35820,202640.00,0.0150,0.259515,0.0163
DQN,123,399,35910,190917.50,0.0125,0.257050,0.0164
DQN,123,400,36000,194920.00,0.0100,0.258369,0.0182
DQN,123,401,36090,220580.00,0.0100,0.257099,0.0169
DQN,123,402,36180,214305.00,0.0100,0.249793,0.0159
DQN,123,403,36270,220097.50,0.0100,0.236537,0.0157
DQN,123,404,36360,216555.00,0.0100,0.240306,0.0154
DQN,123,405,36450,221797.50,0.0100,0.241763,0.0150
DQN,123,406,36540,205357.50,0.0100,0.248502,0.0156
DQN,123,407,36630,213887.50,0.0100,0.246629,0.0151
DQN,123,408,36720,199455.00,0.0100,0.252029,0.0150
DQN,123,409,36810,207007.50,0.0100,0.249075,0.0160
DQN,123,410,36900,205355.00,0.0100,0.254998,0.0166
DQN,123,411,36990,197927.50,0.0100,0.247098,0.0154
DQN,123,412,37080,222355.00,0.0100,0.255544,0.0149
DQN,123,413,37170,230475.00,0.0100,0.241889,0.0148
DQN,123,414,37260,222790.00,0.0100,0.244030,0.0143
DQN,123,415,37350,210097.50,0.0100,0.233664,0.0160
DQN,123,416,37440,214292.50,0.0100,0.238811,0.0159
DQN,123,417,37530,216710.00,0.0100,0.240865,0.0149
DQN,123,418,37620,213370.00,0.0100,0.243100,0.0160
DQN,123,419,37710,201715.00,0.0100,0.246754,0.0148
DQN,123,420,37800,207407.50,0.0100,0.240414,0.0166
DQN,123,421,37890,218492.50,0.0100,0.233018,0.0153
DQN,123,422,37980,205137.50,0.0100,0.244111,0.0152
DQN,123,423,38070,205655.00,0.0100,0.230593,0.0154
DQN,123,424,38160,211737.50,0.0100,0.240335,0.0148
DQN,123,425,38250,219312.50,0.0100,0.232431,0.0165
DQN,123,426,38340,215122.50,0.0100,0.232402,0.0150
DQN,123,427,38430,206907.50,0.0100,0.229761,0.0159
DQN,123,428,38520,210437.50,0.0100,0.228591,0.0148
DQN,123,429,38610,199997.50,0.0100,0.243220,0.0144
DQN,123,430,38700,204337.50,0.0100,0.232549,0.0161
DQN,123,431,38790,201472.50,0.0100,0.238925,0.0153
DQN,123,432,38880,198052.50,0.0100,0.240717,0.0152
DQN,123,433,38970,213592.50,0.0100,0.227694,0.0160
DQN,123,434,39060,216825.00,0.0100,0.233757,0.0152
DQN,123,435,39150,208140.00,0.0100,0.225565,0.0155
DQN,123,436,39240,224290.00,0.0100,0.236498,0.0170
DQN,123,437,39330,209122.50,0.0100,0.214458,0.0154
DQN,123,438,39420,219075.00,0.0100,0.222352,0.0157
DQN,123,439,39510,216977.50,0.0100,0.232593,0.0157
DQN,123,440,39600,217932.50,0.0100,0.223879,0.0149
DQN,123,441,39690,214515.00,0.0100,0.222120,0.0155
DQN,123,442,39780,204197.50,0.0100,0.217664,0.0149
DQN,123,443,39870,224840.00,0.0100,0.216140,0.0153
DQN,123,444,39960,213705.00,0.0100,0.218425,0.0139
DQN,123,445,40050,201802.50,0.0100,0.222158,0.0155
DQN,123,446,40140,214405.00,0.0100,0.220367,0.0154
DQN,123,447,40230,197565.00,0.0100,0.223888,0.0158
DQN,123,448,40320,223997.50,0.0100,0.216959,0.0166
DQN,123,449,40410,209790.00,0.0100,0.219319,0.0156
DQN,123,450,40500,209450.00,0.0100,0.232917,0.0158
DQN,123,451,40590,212467.50,0.0100,0.228497,0.0151
DQN,123,452,40680,208745.00,0.0100,0.232780,0.0190
DQN,123,453,40770,221240.00,0.0100,0.231700,0.0167
DQN,123,454,40860,212295.00,0.0100,0.224441,0.0156
DQN,123,455,40950,224275.00,0.0100,0.223537,0.0153
DQN,123,456,41040,215470.00,0.0100,0.216591,0.0155
DQN,123,457,41130,205707.50,0.0100,0.212325,0.0169
DQN,123,458,41220,209795.00,0.0100,0.208977,0.0156
DQN,123,459,41310,210357.50,0.0100,0.214642,0.0150
DQN,123,460,41400,211815.00,0.0100,0.208562,0.0147
DQN,123,461,41490,202370.00,0.0100,0.211904,0.0149
DQN,123,462,41580,213810.00,0.0100,0.211377,0.0147
DQN,123,463,41670,208220.00,0.0100,0.217297,0.0159
DQN,123,464,41760,220992.50,0.0100,0.213172,0.0164
DQN,123,465,41850,217930.00,0.0100,0.214585,0.0143
DQN,123,466,41940,214270.00,0.0100,0.213048,0.0150
DQN,123,467,42030,233632.50,0.0100,0.216726,0.0166
DQN,123,468,42120,216400.00,0.0100,0.215353,0.0141
DQN,123,469,42210,201412.50,0.0100,0.211459,0.0136
DQN,123,470,42300,219295.00,0.0100,0.218406,0.0136
DQN,123,471,42390,201862.50,0.0100,0.218182,0.0135
DQN,123,472,42480,212767.50,0.0100,0.215560,0.0135
DQN,123,473,42570,207867.50,0.0100,0.205229,0.0135
DQN,123,474,42660,203130.00,0.0100,0.206390,0.0135
DQN,123,475,42750,210027.50,0.0100,0.211177,0.0139
DQN,123,476,42840,216937.50,0.0100,0.217521,0.0204
DQN,123,477,42930,210822.50,0.0100,0.210957,0.0163
DQN,123,478,43020,211200.00,0.0100,0.205379,0.0163
DQN,123,479,43110,207162.50,0.0100,0.224635,0.0186
DQN,123,480,43200,203432.50,0.0100,0.213293,0.0154
DQN,123,481,43290,214035.00,0.0100,0.217442,0.0157
DQN,123,482,43380,217155.00,0.0100,0.216811,0.0203
DQN,123,483,43470,240145.00,0.0100,0.209513,0.0174
DQN,123,484,43560,202505.00,0.0100,0.223472,0.0186
DQN,123,485,43650,206637.50,0.0100,0.218777,0.0157
DQN,123,486,43740,182817.50,0.0100,0.216936,0.0175
DQN,123,487,43830,190022.50,0.0100,0.220967,0.0161
DQN,123,488,43920,200245.00,0.0100,0.222924,0.0158
DQN,123,489,44010,201595.00,0.0100,0.213789,0.0159
DQN,123,490,44100,173820.00,0.0100,0.210286,0.0149
DQN,123,491,44190,176595.00,0.0100,0.204127,0.0160
DQN,123,492,44280,198747.50,0.0100,0.213955,0.0173
DQN,123,493,44370,187955.00,0.0100,0.212200,0.0166
DQN,123,494,44460,194022.50,0.0100,0.210852,0.0155
DQN,123,495,44550,190997.50,0.0100,0.219550,0.0158
DQN,123,496,44640,203985.00,0.0100,0.206412,0.0143
DQN,123,497,44730,216182.50,0.0100,0.210786,0.0158
DQN,123,498,44820,210407.50,0.0100,0.204608,0.0156
DQN,123,499,44910,213900.00,0.0100,0.203021,0.0153
DQN,123,500,45000,220042.50,0.0100,0.210973,0.0152
DQN,456,1,90,89662.50,0.9975,0.000000,0.0004
DQN,456,2,180,122947.50,0.9950,0.000000,0.0004
DQN,456,3,270,94107.50,0.9926,0.000000,0.0004
DQN,456,4,360,77165.00,0.9901,0.000000,0.0004
DQN,456,5,450,94587.50,0.9876,0.000000,0.0004
DQN,456,6,540,113202.50,0.9851,3.898246,0.0074
DQN,456,7,630,64830.00,0.9827,2.397000,0.0178
DQN,456,8,720,84792.50,0.9802,1.444423,0.0139
DQN,456,9,810,82287.50,0.9777,1.500771,0.0135
DQN,456,10,900,80965.00,0.9752,1.415498,0.0139
DQN,456,11,990,82132.50,0.9728,1.413807,0.0142
DQN,456,12,1080,67290.00,0.9703,2.577765,0.0145
DQN,456,13,1170,2455.00,0.9678,1.347001,0.0142
DQN,456,14,1260,122687.50,0.9654,1.276446,0.0149
DQN,456,15,1350,170940.00,0.9629,1.301714,0.0147
DQN,456,16,1440,133210.00,0.9604,1.220578,0.0140
DQN,456,17,1530,80567.50,0.9579,1.789425,0.0175
DQN,456,18,1620,79142.50,0.9555,1.244461,0.0141
DQN,456,19,1710,103470.00,0.9530,1.141409,0.0133
DQN,456,20,1800,116842.50,0.9505,1.079850,0.0141
DQN,456,21,1890,181630.00,0.9480,1.014254,0.0135
DQN,456,22,1980,103247.50,0.9456,0.997457,0.0148
DQN,456,23,2070,97475.00,0.9431,1.641346,0.0138
DQN,456,24,2160,76000.00,0.9406,1.051831,0.0136
DQN,456,25,2250,111605.00,0.9381,0.954410,0.0137
DQN,456,26,2340,139515.00,0.9356,0.869128,0.0168
DQN,456,27,2430,79605.00,0.9332,0.841059,0.0152
DQN,456,28,2520,139592.50,0.9307,1.180362,0.0138
DQN,456,29,2610,96045.00,0.9282,1.138737,0.0152
DQN,456,30,2700,123187.50,0.9257,0.969229,0.0142
DQN,456,31,2790,149835.00,0.9233,0.894363,0.0160
DQN,456,32,2880,155215.00,0.9208,0.878215,0.0140
DQN,456,33,2970,143270.00,0.9183,0.843731,0.0150
DQN,456,34,3060,164852.50,0.9159,1.358107,0.0137
DQN,456,35,3150,76530.00,0.9134,1.029925,0.0131
DQN,456,36,3240,139117.50,0.9109,0.940031,0.0156
DQN,456,37,3330,121927.50,0.9084,0.919783,0.0155
DQN,456,38,3420,109085.00,0.9060,0.879777,0.0146
DQN,456,39,3510,108522.50,0.9035,1.090829,0.0153
DQN,456,40,3600,133127.50,0.9010,1.173127,0.0145
DQN,456,41,3690,170940.00,0.8985,0.963955,0.0146
DQN,456,42,3780,117632.50,0.8961,0.921003,0.0163
DQN,456,43,3870,134667.50,0.8936,0.926407,0.0143
DQN,456,44,3960,81637.50,0.8911,0.897220,0.0157
DQN,456,45,4050,113462.50,0.8886,1.268764,0.0132
DQN,456,46,4140,132392.50,0.8861,1.047053,0.0156
DQN,456,47,4230,156000.00,0.8837,0.989261,0.0161
DQN,456,48,4320,47570.00,0.8812,0.959472,0.0143
DQN,456,49,4410,152477.50,0.8787,0.934521,0.0152
DQN,456,50,4500,112190.00,0.8762,0.941587,0.0144
DQN,456,51,4590,99232.50,0.8738,1.225255,0.0153
DQN,456,52,4680,120027.50,0.8713,1.014072,0.0149
DQN,456,53,4770,123075.00,0.8688,0.968884,0.0144
DQN,456,54,4860,130600.00,0.8663,0.925304,0.0149
DQN,456,55,4950,105080.00,0.8639,0.939810,0.0141
DQN,456,56,5040,119022.50,0.8614,1.194633,0.0145
DQN,456,57,5130,174330.00,0.8589,0.968298,0.0141
DQN,456,58,5220,163302.50,0.8565,0.928384,0.0146
DQN,456,59,5310,214185.00,0.8540,0.892583,0.0157
DQN,456,60,5400,166695.00,0.8515,0.911951,0.0146
DQN,456,61,5490,181697.50,0.8490,0.889453,0.0159
DQN,456,62,5580,180255.00,0.8466,0.966988,0.0144
DQN,456,63,5670,171715.00,0.8441,0.862415,0.0165
DQN,456,64,5760,145160.00,0.8416,0.808427,0.0149
DQN,456,65,5850,119192.50,0.8391,0.834295,0.0149
DQN,456,66,5940,139050.00,0.8367,0.847732,0.0143
DQN,456,67,6030,166055.00,0.8342,0.863888,0.0146
DQN,456,68,6120,187177.50,0.8317,0.796869,0.0145
DQN,456,69,6210,122150.00,0.8292,0.745082,0.0146
DQN,456,70,6300,185335.00,0.8267,0.737174,0.0150
DQN,456,71,6390,144147.50,0.8243,0.724919,0.0154
DQN,456,72,6480,179462.50,0.8218,0.756082,0.0152
DQN,456,73,6570,157885.00,0.8193,0.722353,0.0140
DQN,456,74,6660,70252.50,0.8168,0.732151,0.0133
DQN,456,75,6750,88117.50,0.8144,0.698818,0.0140
DQN,456,76,6840,169527.50,0.8119,0.707179,0.0143
DQN,456,77,6930,132407.50,0.8094,0.696963,0.0144
DQN,456,78,7020,177885.00,0.8070,0.714115,0.0151
DQN,456,79,7110,159780.00,0.8045,0.684304,0.0156
DQN,456,80,7200,152342.50,0.8020,0.687629,0.0138
DQN,456,81,7290,179450.00,0.7995,0.687118,0.0141
DQN,456,82,7380,170385.00,0.7971,0.687241,0.0147
DQN,456,83,7470,121867.50,0.7946,0.678152,0.0142
DQN,456,84,7560,112335.00,0.7921,0.667003,0.0144
DQN,456,85,7650,48832.50,0.7896,0.665271,0.0153
DQN,456,86,7740,184687.50,0.7872,0.665602,0.0147
DQN,456,87,7830,127975.00,0.7847,0.683077,0.0139
DQN,456,88,7920,144850.00,0.7822,0.666616,0.0148
DQN,456,89,8010,161592.50,0.7797,0.667162,0.0149
DQN,456,90,8100,129712.50,0.7772,0.674596,0.0134
DQN,456,91,8190,192327.50,0.7748,0.666513,0.0140
DQN,456,92,8280,189140.00,0.7723,0.689751,0.0166
DQN,456,93,8370,130660.00,0.7698,0.670527,0.0152
DQN,456,94,8460,165122.50,0.7673,0.666248,0.0158
DQN,456,95,8550,192962.50,0.7649,0.640973,0.0150
DQN,456,96,8640,108482.50,0.7624,0.628639,0.0155
DQN,456,97,8730,162097.50,0.7599,0.665088,0.0142
DQN,456,98,8820,127617.50,0.7574,0.662079,0.0157
DQN,456,99,8910,168335.00,0.7550,0.646641,0.0148
DQN,456,100,9000,168745.00,0.7525,0.639902,0.0141
DQN,456,101,9090,157955.00,0.7500,0.653571,0.0141
DQN,456,102,9180,165572.50,0.7475,0.639706,0.0165
DQN,456,103,9270,149190.00,0.7451,0.641017,0.0160
DQN,456,104,9360,181537.50,0.7426,0.644112,0.0151
DQN,456,105,9450,119065.00,0.7401,0.655580,0.0152
DQN,456,106,9540,170720.00,0.7376,0.608076,0.0147
DQN,456,107,9630,183122.50,0.7352,0.629803,0.0144
DQN,456,108,9720,200255.00,0.7327,0.610133,0.0143
DQN,456,109,9810,160295.00,0.7302,0.622374,0.0145
DQN,456,110,9900,175872.50,0.7278,0.623019,0.0223
DQN,456,111,9990,165655.00,0.7253,0.617523,0.0155
DQN,456,112,10080,174035.00,0.7228,0.616476,0.0185
DQN,456,113,10170,215832.50,0.7203,0.634545,0.0164
DQN,456,114,10260,164355.00,0.7179,0.608666,0.0146
DQN,456,115,10350,161172.50,0.7154,0.628007,0.0141
DQN,456,116,10440,140185.00,0.7129,0.633199,0.0137
DQN,456,117,10530,182030.00,0.7104,0.622557,0.0140
DQN,456,118,10620,184347.50,0.7080,0.627219,0.0136
DQN,456,119,10710,161775.00,0.7055,0.621916,0.0160
DQN,456,120,10800,175437.50,0.7030,0.620049,0.0147
DQN,456,121,10890,215220.00,0.7005,0.622796,0.0167
DQN,456,122,10980,191132.50,0.6981,0.623715,0.0152
DQN,456,123,11070,179097.50,0.6956,0.634159,0.0150
DQN,456,124,11160,157702.50,0.6931,0.636052,0.0148
DQN,456,125,11250,180962.50,0.6906,0.634780,0.0144
DQN,456,126,11340,185732.50,0.6882,0.631185,0.0165
DQN,456,127,11430,164152.50,0.6857,0.622397,0.0145
DQN,456,128,11520,183020.00,0.6832,0.621856,0.0141
DQN,456,129,11610,173872.50,0.6807,0.606613,0.0142
DQN,456,130,11700,150982.50,0.6783,0.607941,0.0197
DQN,456,131,11790,157332.50,0.6758,0.606019,0.0136
DQN,456,132,11880,150157.50,0.6733,0.586597,0.0166
DQN,456,133,11970,153287.50,0.6708,0.605981,0.0160
DQN,456,134,12060,185695.00,0.6683,0.607403,0.0144
DQN,456,135,12150,169850.00,0.6659,0.602916,0.0153
DQN,456,136,12240,194445.00,0.6634,0.587142,0.0145
DQN,456,137,12330,172437.50,0.6609,0.597883,0.0156
DQN,456,138,12420,174932.50,0.6584,0.565963,0.0146
DQN,456,139,12510,189207.50,0.6560,0.593630,0.0139
DQN,456,140,12600,144677.50,0.6535,0.595698,0.0150
DQN,456,141,12690,183715.00,0.6510,0.593433,0.0138
DQN,456,142,12780,184510.00,0.6485,0.591044,0.0154
DQN,456,143,12870,175440.00,0.6461,0.602780,0.0164
DQN,456,144,12960,153200.00,0.6436,0.598210,0.0149
DQN,456,145,13050,166157.50,0.6411,0.578267,0.0151
DQN,456,146,13140,162517.50,0.6386,0.599212,0.0150
DQN,456,147,13230,191257.50,0.6362,0.587849,0.0174
DQN,456,148,13320,183300.00,0.6337,0.590147,0.0146
DQN,456,149,13410,173787.50,0.6312,0.570902,0.0168
DQN,456,150,13500,185195.00,0.6288,0.581649,0.0154
DQN,456,151,13590,166260.00,0.6263,0.573314,0.0152
DQN,456,152,13680,183167.50,0.6238,0.596510,0.0166
DQN,456,153,13770,146767.50,0.6213,0.567930,0.0153
DQN,456,154,13860,136200.00,0.6189,0.542407,0.0161
DQN,456,155,13950,187577.50,0.6164,0.572125,0.0144
DQN,456,156,14040,165992.50,0.6139,0.544525,0.0144
DQN,456,157,14130,185272.50,0.6114,0.570854,0.0135
DQN,456,158,14220,190725.00,0.6089,0.581032,0.0150
DQN,456,159,14310,203542.50,0.6065,0.561850,0.0175
DQN,456,160,14400,183822.50,0.6040,0.580506,0.0156
DQN,456,161,14490,182095.00,0.6015,0.575912,0.0160
DQN,456,162,14580,187775.00,0.5990,0.569470,0.0155
DQN,456,163,14670,161035.00,0.5966,0.557107,0.0149
DQN,456,164,14760,162465.00,0.5941,0.564807,0.0160
DQN,456,165,14850,142322.50,0.5916,0.572462,0.0150
DQN,456,166,14940,200880.00,0.5892,0.573243,0.0144
DQN,456,167,15030,193395.00,0.5867,0.582290,0.0176
DQN,456,168,15120,188100.00,0.5842,0.548869,0.0164
DQN,456,169,15210,214085.00,0.5817,0.578255,0.0161
DQN,456,170,15300,210300.00,0.5793,0.570933,0.0145
DQN,456,171,15390,201375.00,0.5768,0.555917,0.0153
DQN,456,172,15480,184272.50,0.5743,0.557156,0.0139
DQN,456,173,15570,144330.00,0.5718,0.584802,0.0142
DQN,456,174,15660,145680.00,0.5694,0.573096,0.0147
DQN,456,175,15750,198885.00,0.5669,0.558155,0.0147
DQN,456,176,15840,198035.00,0.5644,0.565266,0.0152
DQN,456,177,15930,161492.50,0.5619,0.563377,0.0159
DQN,456,178,16020,188917.50,0.5595,0.564685,0.0182
DQN,456,179,16110,193472.50,0.5570,0.554067,0.0161
DQN,456,180,16200,198497.50,0.5545,0.557094,0.0143
DQN,456,181,16290,200365.00,0.5520,0.565927,0.0144
DQN,456,182,16380,219870.00,0.5495,0.531534,0.0142
DQN,456,183,16470,229487.50,0.5471,0.551575,0.0164
DQN,456,184,16560,178107.50,0.5446,0.558023,0.0141
DQN,456,185,16650,202047.50,0.5421,0.562585,0.0144
DQN,456,186,16740,191262.50,0.5396,0.538411,0.0166
DQN,456,187,16830,201140.00,0.5372,0.535167,0.0156
DQN,456,188,16920,204420.00,0.5347,0.542386,0.0150
DQN,456,189,17010,172645.00,0.5322,0.538478,0.0145
DQN,456,190,17100,179910.00,0.5297,0.534091,0.0155
DQN,456,191,17190,179505.00,0.5273,0.532235,0.0153
DQN,456,192,17280,215472.50,0.5248,0.529613,0.0146
DQN,456,193,17370,165592.50,0.5223,0.525324,0.0161
DQN,456,194,17460,192485.00,0.5199,0.532758,0.0148
DQN,456,195,17550,179272.50,0.5174,0.513052,0.0144
DQN,456,196,17640,186570.00,0.5149,0.505434,0.0134
DQN,456,197,17730,166017.50,0.5124,0.530575,0.0154
DQN,456,198,17820,179522.50,0.5100,0.522656,0.0155
DQN,456,199,17910,207715.00,0.5075,0.522664,0.0148
DQN,456,200,18000,188215.00,0.5050,0.514448,0.0144
DQN,456,201,18090,166617.50,0.5025,0.529264,0.0152
DQN,456,202,18180,197342.50,0.5000,0.526890,0.0180
DQN,456,203,18270,208632.50,0.4976,0.505089,0.0152
DQN,456,204,18360,187112.50,0.4951,0.527331,0.0151
DQN,456,205,18450,203135.00,0.4926,0.534448,0.0154
DQN,456,206,18540,188842.50,0.4901,0.534887,0.0161
DQN,456,207,18630,190185.00,0.4877,0.532876,0.0148
DQN,456,208,18720,209662.50,0.4852,0.528246,0.0142
DQN,456,209,18810,189912.50,0.4827,0.515161,0.0136
DQN,456,210,18900,178045.00,0.4802,0.528826,0.0164
DQN,456,211,18990,211162.50,0.4778,0.520444,0.0149
DQN,456,212,19080,187975.00,0.4753,0.532858,0.0152
DQN,456,213,19170,211590.00,0.4728,0.502934,0.0147
DQN,456,214,19260,187075.00,0.4703,0.507436,0.0151
DQN,456,215,19350,188097.50,0.4679,0.518666,0.0160
DQN,456,216,19440,194315.00,0.4654,0.499380,0.0150
DQN,456,217,19530,188812.50,0.4629,0.515716,0.0155
DQN,456,218,19620,205877.50,0.4604,0.508105,0.0152
DQN,456,219,19710,213640.00,0.4580,0.513772,0.0165
DQN,456,220,19800,205587.50,0.4555,0.505389,0.0149
DQN,456,221,19890,212890.00,0.4530,0.502877,0.0137
DQN,456,222,19980,162435.00,0.4506,0.515522,0.0156
DQN,456,223,20070,218205.00,0.4481,0.493585,0.0144
DQN,456,224,20160,180865.00,0.4456,0.496777,0.0164
DQN,456,225,20250,194152.50,0.4431,0.486407,0.0148
DQN,456,226,20340,199525.00,0.4407,0.482190,0.0157
DQN,456,227,20430,208717.50,0.4382,0.489690,0.0147
DQN,456,228,20520,199420.00,0.4357,0.508771,0.0150
DQN,456,229,20610,194175.00,0.4332,0.489652,0.0154
DQN,456,230,20700,196702.50,0.4308,0.487681,0.0168
DQN,456,231,20790,225657.50,0.4283,0.497559,0.0147
DQN,456,232,20880,194340.00,0.4258,0.494624,0.0147
DQN,456,233,20970,204177.50,0.4233,0.479147,0.0159
DQN,456,234,21060,185390.00,0.4209,0.490391,0.0136
DQN,456,235,21150,183240.00,0.4184,0.477879,0.0145
DQN,456,236,21240,215815.00,0.4159,0.471495,0.0148
DQN,456,237,21330,202622.50,0.4134,0.474603,0.0152
DQN,456,238,21420,213015.00,0.4110,0.489992,0.0205
DQN,456,239,21510,181822.50,0.4085,0.455766,0.0170
DQN,456,240,21600,216665.00,0.4060,0.465886,0.0161
DQN,456,241,21690,190972.50,0.4035,0.448230,0.0157
DQN,456,242,21780,206860.00,0.4011,0.442466,0.0151
DQN,456,243,21870,189327.50,0.3986,0.449638,0.0155
DQN,456,244,21960,182225.00,0.3961,0.446999,0.0193
DQN,456,245,22050,185807.50,0.3936,0.447893,0.0313
DQN,456,246,22140,210062.50,0.3911,0.467794,0.0252
DQN,456,247,22230,218582.50,0.3887,0.451908,0.0155
DQN,456,248,22320,198145.00,0.3862,0.431949,0.0141
DQN,456,249,22410,202090.00,0.3837,0.452778,0.0140
DQN,456,250,22500,195442.50,0.3812,0.450106,0.0151
DQN,456,251,22590,196402.50,0.3788,0.483725,0.0157
DQN,456,252,22680,191802.50,0.3763,0.457001,0.0159
DQN,456,253,22770,216010.00,0.3738,0.450262,0.0147
DQN,456,254,22860,213557.50,0.3713,0.443952,0.0146
DQN,456,255,22950,188760.00,0.3689,0.449735,0.0160
DQN,456,256,23040,185725.00,0.3664,0.470057,0.0156
DQN,456,257,23130,205565.00,0.3639,0.455685,0.0145
DQN,456,258,23220,205700.00,0.3614,0.455350,0.0149
DQN,456,259,23310,199205.00,0.3590,0.470689,0.0164
DQN,456,260,23400,191255.00,0.3565,0.460302,0.0156
DQN,456,261,23490,195122.50,0.3540,0.438139,0.0151
DQN,456,262,23580,223905.00,0.3516,0.458241,0.0135
DQN,456,263,23670,194577.50,0.3491,0.450038,0.0146
DQN,456,264,23760,191457.50,0.3466,0.423772,0.0155
DQN,456,265,23850,197500.00,0.3441,0.429799,0.0159
DQN,456,266,23940,207842.50,0.3417,0.432439,0.0147
DQN,456,267,24030,216822.50,0.3392,0.443424,0.0165
DQN,456,268,24120,196250.00,0.3367,0.442632,0.0149
DQN,456,269,24210,202202.50,0.3342,0.432165,0.0149
DQN,456,270,24300,201257.50,0.3317,0.414510,0.0153
DQN,456,271,24390,220097.50,0.3293,0.422125,0.0155
DQN,456,272,24480,212720.00,0.3268,0.424182,0.0159
DQN,456,273,24570,213497.50,0.3243,0.411565,0.0154
DQN,456,274,24660,219482.50,0.3218,0.430964,0.0135
DQN,456,275,24750,220177.50,0.3194,0.430730,0.0162
DQN,456,276,24840,202397.50,0.3169,0.418384,0.0148
DQN,456,277,24930,202902.50,0.3144,0.429219,0.0150
DQN,456,278,25020,214017.50,0.3120,0.422126,0.0163
DQN,456,279,25110,212447.50,0.3095,0.456862,0.0164
DQN,456,280,25200,203415.00,0.3070,0.447965,0.0151
DQN,456,281,25290,187735.00,0.3045,0.423184,0.0150
DQN,456,282,25380,204067.50,0.3021,0.421841,0.0152
DQN,456,283,25470,216757.50,0.2996,0.422619,0.0150
DQN,456,284,25560,199857.50,0.2971,0.418759,0.0151
DQN,456,285,25650,218497.50,0.2946,0.405788,0.0155
DQN,456,286,25740,202472.50,0.2922,0.415054,0.0147
DQN,456,287,25830,223880.00,0.2897,0.419983,0.0141
DQN,456,288,25920,201580.00,0.2872,0.415800,0.0151
DQN,456,289,26010,215635.00,0.2847,0.399382,0.0151
DQN,456,290,26100,192292.50,0.2823,0.405975,0.0164
DQN,456,291,26190,199090.00,0.2798,0.408816,0.0148
DQN,456,292,26280,208070.00,0.2773,0.415542,0.0154
DQN,456,293,26370,223187.50,0.2748,0.404123,0.0147
DQN,456,294,26460,196972.50,0.2723,0.395691,0.0153
DQN,456,295,26550,202432.50,0.2699,0.399931,0.0144
DQN,456,296,26640,218285.00,0.2674,0.404834,0.0154
DQN,456,297,26730,206527.50,0.2649,0.392302,0.0158
DQN,456,298,26820,193917.50,0.2624,0.390791,0.0138
DQN,456,299,26910,217022.50,0.2600,0.400037,0.0154
DQN,456,300,27000,214572.50,0.2575,0.384944,0.0151
DQN,456,301,27090,213100.00,0.2550,0.393622,0.0151
DQN,456,302,27180,216010.00,0.2526,0.388078,0.0155
DQN,456,303,27270,205045.00,0.2501,0.375671,0.0157
DQN,456,304,27360,197997.50,0.2476,0.376745,0.0163
DQN,456,305,27450,184450.00,0.2451,0.389868,0.0159
DQN,456,306,27540,206720.00,0.2427,0.387664,0.0162
DQN,456,307,27630,200837.50,0.2402,0.367040,0.0160
DQN,456,308,27720,234017.50,0.2377,0.369025,0.0167
DQN,456,309,27810,205397.50,0.2352,0.374352,0.0152
DQN,456,310,27900,209905.00,0.2328,0.359201,0.0158
DQN,456,311,27990,231150.00,0.2303,0.360680,0.0167
DQN,456,312,28080,209037.50,0.2278,0.368109,0.0152
DQN,456,313,28170,209140.00,0.2253,0.359421,0.0154
DQN,456,314,28260,205752.50,0.2228,0.380131,0.0153
DQN,456,315,28350,224777.50,0.2204,0.372547,0.0150
DQN,456,316,28440,208730.00,0.2179,0.352727,0.0146
DQN,456,317,28530,210815.00,0.2154,0.357987,0.0144
DQN,456,318,28620,210085.00,0.2129,0.361090,0.0153
DQN,456,319,28710,201642.50,0.2105,0.358690,0.0151
DQN,456,320,28800,201462.50,0.2080,0.358613,0.0148
DQN,456,321,28890,216970.00,0.2055,0.355805,0.0153
DQN,456,322,28980,210930.00,0.2030,0.351817,0.0152
DQN,456,323,29070,202775.00,0.2006,0.354924,0.0158
DQN,456,324,29160,210092.50,0.1981,0.341778,0.0147
DQN,456,325,29250,216450.00,0.1956,0.352310,0.0159
DQN,456,326,29340,204965.00,0.1932,0.342422,0.0163
DQN,456,327,29430,201070.00,0.1907,0.329755,0.0150
DQN,456,328,29520,216072.50,0.1882,0.335759,0.0144
DQN,456,329,29610,216057.50,0.1857,0.354182,0.0139
DQN,456,330,29700,203480.00,0.1833,0.353693,0.0156
DQN,456,331,29790,213335.00,0.1808,0.344390,0.0162
DQN,456,332,29880,222067.50,0.1783,0.353558,0.0156
DQN,456,333,29970,197570.00,0.1758,0.336763,0.0153
DQN,456,334,30060,193290.00,0.1734,0.336342,0.0151
DQN,456,335,30150,208145.00,0.1709,0.339377,0.0148
DQN,456,336,30240,200380.00,0.1684,0.333958,0.0160
DQN,456,337,30330,215092.50,0.1659,0.329808,0.0153
DQN,456,338,30420,217050.00,0.1634,0.328007,0.0154
DQN,456,339,30510,209655.00,0.1610,0.319468,0.0150
DQN,456,340,30600,222802.50,0.1585,0.308524,0.0142
DQN,456,341,30690,220885.00,0.1560,0.302875,0.0159
DQN,456,342,30780,204690.00,0.1536,0.327974,0.0144
DQN,456,343,30870,223990.00,0.1511,0.309400,0.0153
DQN,456,344,30960,213797.50,0.1486,0.315301,0.0146
DQN,456,345,31050,201035.00,0.1461,0.314172,0.0154
DQN,456,346,31140,211280.00,0.1437,0.315410,0.0164
DQN,456,347,31230,216380.00,0.1412,0.341855,0.0156
DQN,456,348,31320,203825.00,0.1387,0.323376,0.0152
DQN,456,349,31410,227067.50,0.1362,0.322733,0.0157
DQN,456,350,31500,216277.50,0.1338,0.321390,0.0156
DQN,456,351,31590,215687.50,0.1313,0.304369,0.0158
DQN,456,352,31680,222110.00,0.1288,0.322571,0.0170
DQN,456,353,31770,213555.00,0.1263,0.321310,0.0147
DQN,456,354,31860,212420.00,0.1239,0.331655,0.0153
DQN,456,355,31950,213892.50,0.1214,0.317796,0.0146
DQN,456,356,32040,211130.00,0.1189,0.317182,0.0141
DQN,456,357,32130,203325.00,0.1164,0.315124,0.0167
DQN,456,358,32220,197287.50,0.1139,0.303198,0.0149
DQN,456,359,32310,204080.00,0.1115,0.306663,0.0159
DQN,456,360,32400,207440.00,0.1090,0.311286,0.0151
DQN,456,361,32490,200427.50,0.1065,0.303717,0.0156
DQN,456,362,32580,182865.00,0.1040,0.312949,0.0149
DQN,456,363,32670,215952.50,0.1016,0.312601,0.0163
DQN,456,364,32760,189222.50,0.0991,0.293498,0.0169
DQN,456,365,32850,205837.50,0.0966,0.298996,0.0149
DQN,456,366,32940,217912.50,0.0941,0.283945,0.0154
DQN,456,367,33030,209867.50,0.0917,0.296270,0.0146
DQN,456,368,33120,214367.50,0.0892,0.286592,0.0158
DQN,456,369,33210,205200.00,0.0867,0.284449,0.0157
DQN,456,370,33300,214055.00,0.0842,0.279249,0.0161
DQN,456,371,33390,223067.50,0.0818,0.283876,0.0167
DQN,456,372,33480,233635.00,0.0793,0.281203,0.0161
DQN,456,373,33570,214557.50,0.0768,0.310100,0.0177
DQN,456,374,33660,212567.50,0.0743,0.297691,0.0193
DQN,456,375,33750,215755.00,0.0719,0.299515,0.0146
DQN,456,376,33840,205192.50,0.0694,0.286101,0.0136
DQN,456,377,33930,216525.00,0.0669,0.311534,0.0135
DQN,456,378,34020,212907.50,0.0645,0.296861,0.0134
DQN,456,379,34110,213222.50,0.0620,0.291020,0.0134
DQN,456,380,34200,215387.50,0.0595,0.292770,0.0135
DQN,456,381,34290,208792.50,0.0570,0.279935,0.0135
DQN,456,382,34380,202020.00,0.0546,0.297915,0.0133
DQN,456,383,34470,195260.00,0.0521,0.297443,0.0134
DQN,456,384,34560,210660.00,0.0496,0.300903,0.0160
DQN,456,385,34650,200167.50,0.0471,0.299140,0.0144
DQN,456,386,34740,197502.50,0.0447,0.291357,0.0136
DQN,456,387,34830,208052.50,0.0422,0.289497,0.0134
DQN,456,388,34920,202522.50,0.0397,0.287594,0.0134
DQN,456,389,35010,196240.00,0.0372,0.290892,0.0134
DQN,456,390,35100,198352.50,0.0348,0.272319,0.0135
DQN,456,391,35190,203915.00,0.0323,0.287643,0.0134
DQN,456,392,35280,214302.50,0.0298,0.267755,0.0134
DQN,456,393,35370,217125.00,0.0273,0.257187,0.0135
DQN,456,394,35460,209495.00,0.0249,0.273388,0.0135
DQN,456,395,35550,212942.50,0.0224,0.274810,0.0135
DQN,456,396,35640,207332.50,0.0199,0.263654,0.0135
DQN,456,397,35730,205177.50,0.0174,0.272470,0.0168
DQN,456,398,35820,207167.50,0.0150,0.282857,0.0138
DQN,456,399,35910,205272.50,0.0125,0.262755,0.0135
DQN,456,400,36000,208682.50,0.0100,0.270769,0.0134
DQN,456,401,36090,204207.50,0.0100,0.260812,0.0146
DQN,456,402,36180,214810.00,0.0100,0.254190,0.0191
DQN,456,403,36270,201997.50,0.0100,0.244621,0.0136
DQN,456,404,36360,210250.00,0.0100,0.262661,0.0135
DQN,456,405,36450,203312.50,0.0100,0.264283,0.0136
DQN,456,406,36540,215292.50,0.0100,0.260475,0.0134
DQN,456,407,36630,217172.50,0.0100,0.268053,0.0134
DQN,456,408,36720,216760.00,0.0100,0.275510,0.0134
DQN,456,409,36810,207330.00,0.0100,0.258749,0.0135
DQN,456,410,36900,206557.50,0.0100,0.253292,0.0149
DQN,456,411,36990,209430.00,0.0100,0.254885,0.0140
DQN,456,412,37080,201070.00,0.0100,0.257993,0.0135
DQN,456,413,37170,213725.00,0.0100,0.258043,0.0134
DQN,456,414,37260,206710.00,0.0100,0.263486,0.0134
DQN,456,415,37350,215290.00,0.0100,0.261802,0.0136
DQN,456,416,37440,213312.50,0.0100,0.256848,0.0134
DQN,456,417,37530,199825.00,0.0100,0.248168,0.0134
DQN,456,418,37620,214625.00,0.0100,0.255288,0.0135
DQN,456,419,37710,208037.50,0.0100,0.245524,0.0134
DQN,456,420,37800,211527.50,0.0100,0.250119,0.0135
DQN,456,421,37890,211917.50,0.0100,0.253186,0.0134
DQN,456,422,37980,210985.00,0.0100,0.243659,0.0135
DQN,456,423,38070,210385.00,0.0100,0.236662,0.0134
DQN,456,424,38160,221105.00,0.0100,0.232909,0.0133
DQN,456,425,38250,214567.50,0.0100,0.230061,0.0133
DQN,456,426,38340,205287.50,0.0100,0.230503,0.0152
DQN,456,427,38430,205427.50,0.0100,0.229513,0.0139
DQN,456,428,38520,211920.00,0.0100,0.252287,0.0146
DQN,456,429,38610,216752.50,0.0100,0.235792,0.0225
DQN,456,430,38700,220565.00,0.0100,0.233385,0.0157
DQN,456,431,38790,212385.00,0.0100,0.238374,0.0154
DQN,456,432,38880,192885.00,0.0100,0.230626,0.0167
DQN,456,433,38970,212182.50,0.0100,0.225332,0.0211
DQN,456,434,39060,189165.00,0.0100,0.258122,0.0155
DQN,456,435,39150,190492.50,0.0100,0.237009,0.0150
DQN,456,436,39240,185640.00,0.0100,0.232857,0.0148
DQN,456,437,39330,203757.50,0.0100,0.230043,0.0146
DQN,456,438,39420,196262.50,0.0100,0.231947,0.0157
DQN,456,439,39510,185045.00,0.0100,0.243841,0.0162
DQN,456,440,39600,198277.50,0.0100,0.222803,0.0146
DQN,456,441,39690,206530.00,0.0100,0.227037,0.0156
DQN,456,442,39780,205750.00,0.0100,0.232779,0.0167
DQN,456,443,39870,201812.50,0.0100,0.223891,0.0151
DQN,456,444,39960,201887.50,0.0100,0.213597,0.0147
DQN,456,445,40050,218305.00,0.0100,0.225240,0.0181
DQN,456,446,40140,211757.50,0.0100,0.216231,0.0168
DQN,456,447,40230,213627.50,0.0100,0.223333,0.0148
DQN,456,448,40320,214940.00,0.0100,0.215039,0.0183
DQN,456,449,40410,209180.00,0.0100,0.216847,0.0149
DQN,456,450,40500,224475.00,0.0100,0.222387,0.0151
DQN,456,451,40590,210802.50,0.0100,0.206751,0.0163
DQN,456,452,40680,212487.50,0.0100,0.210586,0.0150
DQN,456,453,40770,200500.00,0.0100,0.210815,0.0150
DQN,456,454,40860,198960.00,0.0100,0.210349,0.0167
DQN,456,455,40950,211815.00,0.0100,0.216592,0.0153
DQN,456,456,41040,203487.50,0.0100,0.219894,0.0150
DQN,456,457,41130,206580.00,0.0100,0.209199,0.0150
DQN,456,458,41220,209657.50,0.0100,0.200364,0.0139
DQN,456,459,41310,214512.50,0.0100,0.208824,0.0146
DQN,456,460,41400,222820.00,0.0100,0.211448,0.0159
DQN,456,461,41490,221530.00,0.0100,0.208590,0.0154
DQN,456,462,41580,197307.50,0.0100,0.238531,0.0149
DQN,456,463,41670,201555.00,0.0100,0.230697,0.0147
DQN,456,464,41760,199545.00,0.0100,0.225763,0.0150
DQN,456,465,41850,201880.00,0.0100,0.222921,0.0157
DQN,456,466,41940,200375.00,0.0100,0.222115,0.0171
DQN,456,467,42030,199050.00,0.0100,0.219434,0.0150
DQN,456,468,42120,209172.50,0.0100,0.212960,0.0152
DQN,456,469,42210,216645.00,0.0100,0.202825,0.0154
DQN,456,470,42300,207457.50,0.0100,0.203969,0.0156
DQN,456,471,42390,210022.50,0.0100,0.203862,0.0141
DQN,456,472,42480,211045.00,0.0100,0.204124,0.0153
DQN,456,473,42570,226622.50,0.0100,0.212447,0.0153
DQN,456,474,42660,220357.50,0.0100,0.214337,0.0149
DQN,456,475,42750,209745.00,0.0100,0.208986,0.0150
DQN,456,476,42840,222882.50,0.0100,0.208701,0.0148
DQN,456,477,42930,207002.50,0.0100,0.203869,0.0158
DQN,456,478,43020,221947.50,0.0100,0.207746,0.0152
DQN,456,479,43110,212762.50,0.0100,0.220857,0.0180
DQN,456,480,43200,210500.00,0.0100,0.204059,0.0150
DQN,456,481,43290,199012.50,0.0100,0.204844,0.0159
DQN,456,482,43380,200477.50,0.0100,0.202030,0.0167
DQN,456,483,43470,212717.50,0.0100,0.206459,0.0144
DQN,456,484,43560,207745.00,0.0100,0.199028,0.0164
DQN,456,485,43650,213905.00,0.0100,0.198920,0.0148
DQN,456,486,43740,217620.00,0.0100,0.200292,0.0142
DQN,456,487,43830,210802.50,0.0100,0.207844,0.0151
DQN,456,488,43920,205420.00,0.0100,0.218424,0.0145
DQN,456,489,44010,220560.00,0.0100,0.193822,0.0162
DQN,456,490,44100,212297.50,0.0100,0.201905,0.0147
DQN,456,491,44190,209027.50,0.0100,0.201252,0.0149
DQN,456,492,44280,209327.50,0.0100,0.203551,0.0154
DQN,456,493,44370,206965.00,0.0100,0.207222,0.0144
DQN,456,494,44460,215800.00,0.0100,0.198858,0.0164
DQN,456,495,44550,203505.00,0.0100,0.212087,0.0146
DQN,456,496,44640,213720.00,0.0100,0.195493,0.0157
DQN,456,497,44730,200570.00,0.0100,0.199384,0.0157
DQN,456,498,44820,210655.00,0.0100,0.194632,0.0168
DQN,456,499,44910,220710.00,0.0100,0.198441,0.0137
DQN,456,500,45000,204337.50,0.0100,0.209804,0.0149
DQN,789,1,90,27702.50,0.9975,0.000000,0.0006
DQN,789,2,180,103140.00,0.9950,0.000000,0.0008
DQN,789,3,270,101200.00,0.9926,0.000000,0.0004
DQN,789,4,360,115910.00,0.9901,0.000000,0.0004
DQN,789,5,450,97260.00,0.9876,0.000000,0.0004
DQN,789,6,540,175450.00,0.9851,3.951345,0.0063
DQN,789,7,630,101787.50,0.9827,2.713527,0.0172
DQN,789,8,720,58630.00,0.9802,1.551109,0.0138
DQN,789,9,810,157660.00,0.9777,1.545335,0.0156
DQN,789,10,900,126032.50,0.9752,1.525380,0.0139
DQN,789,11,990,94175.00,0.9728,1.457089,0.0130
DQN,789,12,1080,112617.50,0.9703,2.793041,0.0145
DQN,789,13,1170,154470.00,0.9678,1.242346,0.0156
DQN,789,14,1260,71277.50,0.9654,1.182642,0.0134
DQN,789,15,1350,91902.50,0.9629,1.073109,0.0156
DQN,789,16,1440,156392.50,0.9604,1.038459,0.0140
DQN,789,17,1530,111575.00,0.9579,1.658502,0.0143
DQN,789,18,1620,144777.50,0.9555,1.040191,0.0150
DQN,789,19,1710,146400.00,0.9530,0.894382,0.0133
DQN,789,20,1800,104737.50,0.9505,0.844450,0.0147
DQN,789,21,1890,178060.00,0.9480,0.814471,0.0140
DQN,789,22,1980,97262.50,0.9456,0.815138,0.0147
DQN,789,23,2070,105897.50,0.9431,1.393316,0.0143
DQN,789,24,2160,131270.00,0.9406,0.875876,0.0156
DQN,789,25,2250,44072.50,0.9381,0.827556,0.0151
DQN,789,26,2340,68432.50,0.9356,0.814813,0.0146
DQN,789,27,2430,67655.00,0.9332,0.771553,0.0146
DQN,789,28,2520,17722.50,0.9307,1.165466,0.0136
DQN,789,29,2610,135882.50,0.9282,0.980411,0.0170
DQN,789,30,2700,133947.50,0.9257,0.842874,0.0149
DQN,789,31,2790,155877.50,0.9233,0.821364,0.0162
DQN,789,32,2880,78755.00,0.9208,0.771143,0.0164
DQN,789,33,2970,92610.00,0.9183,0.815587,0.0154
DQN,789,34,3060,84812.50,0.9159,1.281594,0.0146
DQN,789,35,3150,148340.00,0.9134,0.883984,0.0148
DQN,789,36,3240,159592.50,0.9109,0.861943,0.0144
DQN,789,37,3330,74805.00,0.9084,0.829474,0.0175
DQN,789,38,3420,107090.00,0.9060,0.815513,0.0150
DQN,789,39,3510,95355.00,0.9035,1.024659,0.0149
DQN,789,40,3600,70320.00,0.9010,1.086453,0.0154
DQN,789,41,3690,143795.00,0.8985,0.885465,0.0138
DQN,789,42,3780,119995.00,0.8961,0.842225,0.0145
DQN,789,43,3870,83402.50,0.8936,0.875623,0.0166
DQN,789,44,3960,101777.50,0.8911,0.837477,0.0149
DQN,789,45,4050,192087.50,0.8886,1.198237,0.0158
DQN,789,46,4140,126727.50,0.8861,0.945989,0.0144
DQN,789,47,4230,160105.00,0.8837,0.899213,0.0156
DQN,789,48,4320,131817.50,0.8812,0.882648,0.0150
DQN,789,49,4410,121825.00,0.8787,0.880050,0.0163
DQN,789,50,4500,134300.00,0.8762,0.908300,0.0150
DQN,789,51,4590,182052.50,0.8738,1.154343,0.0162
DQN,789,52,4680,154487.50,0.8713,0.944318,0.0154
DQN,789,53,4770,78457.50,0.8688,0.942903,0.0140
DQN,789,54,4860,131610.00,0.8663,0.927835,0.0135
DQN,789,55,4950,115390.00,0.8639,0.904261,0.0151
DQN,789,56,5040,97017.50,0.8614,1.089308,0.0158
DQN,789,57,5130,149982.50,0.8589,0.976894,0.0145
DQN,789,58,5220,169262.50,0.8565,0.966191,0.0155
DQN,789,59,5310,176840.00,0.8540,0.950852,0.0153
DQN,789,60,5400,146680.00,0.8515,0.926874,0.0171
DQN,789,61,5490,150117.50,0.8490,0.941310,0.0162
DQN,789,62,5580,107342.50,0.8466,1.051942,0.0161
DQN,789,63,5670,143440.00,0.8441,0.946273,0.0148
DQN,789,64,5760,156352.50,0.8416,0.919766,0.0192
DQN,789,65,5850,159482.50,0.8391,0.925321,0.0179
DQN,789,66,5940,159987.50,0.8367,0.867828,0.0155
DQN,789,67,6030,155420.00,0.8342,0.936797,0.0143
DQN,789,68,6120,184995.00,0.8317,0.867753,0.0175
DQN,789,69,6210,171470.00,0.8292,0.802711,0.0145
DQN,789,70,6300,163062.50,0.8267,0.800424,0.0155
DQN,789,71,6390,131325.00,0.8243,0.807866,0.0147
DQN,789,72,6480,121245.00,0.8218,0.785716,0.0151
DQN,789,73,6570,157865.00,0.8193,0.791802,0.0134
DQN,789,74,6660,67165.00,0.8168,0.721695,0.0147
DQN,789,75,6750,92952.50,0.8144,0.703673,0.0153
DQN,789,76,6840,161102.50,0.8119,0.697971,0.0155
DQN,789,77,6930,157110.00,0.8094,0.707014,0.0156
DQN,789,78,7020,147530.00,0.8070,0.714379,0.0170
DQN,789,79,7110,176985.00,0.8045,0.686883,0.0148
DQN,789,80,7200,159697.50,0.8020,0.685087,0.0141
DQN,789,81,7290,185767.50,0.7995,0.682852,0.0169
DQN,789,82,7380,179242.50,0.7971,0.675596,0.0187
DQN,789,83,7470,131412.50,0.7946,0.655240,0.0157
DQN,789,84,7560,162337.50,0.7921,0.686463,0.0141
DQN,789,85,7650,159250.00,0.7896,0.656256,0.0146
DQN,789,86,7740,161815.00,0.7872,0.645403,0.0148
DQN,789,87,7830,164440.00,0.7847,0.652248,0.0175
DQN,789,88,7920,161217.50,0.7822,0.658099,0.0176
DQN,789,89,8010,180535.00,0.7797,0.665892,0.0157
DQN,789,90,8100,150102.50,0.7772,0.663452,0.0151
DQN,789,91,8190,74800.00,0.7748,0.637011,0.0140
DQN,789,92,8280,128857.50,0.7723,0.621095,0.0182
DQN,789,93,8370,199837.50,0.7698,0.638522,0.0141
DQN,789,94,8460,150212.50,0.7673,0.643881,0.0152
DQN,789,95,8550,182282.50,0.7649,0.614149,0.0159
DQN,789,96,8640,158085.00,0.7624,0.633079,0.0151
DQN,789,97,8730,199692.50,0.7599,0.632449,0.0150
DQN,789,98,8820,122637.50,0.7574,0.619483,0.0145
DQN,789,99,8910,202842.50,0.7550,0.615893,0.0144
DQN,789,100,9000,143862.50,0.7525,0.637471,0.0158
DQN,789,101,9090,178380.00,0.7500,0.650225,0.0151
DQN,789,102,9180,139272.50,0.7475,0.601889,0.0174
DQN,789,103,9270,197597.50,0.7451,0.617191,0.0168
DQN,789,104,9360,120020.00,0.7426,0.629269,0.0150
DQN,789,105,9450,162630.00,0.7401,0.632084,0.0139
DQN,789,106,9540,171077.50,0.7376,0.607825,0.0137
DQN,789,107,9630,133255.00,0.7352,0.612655,0.0145
DQN,789,108,9720,154847.50,0.7327,0.618607,0.0162
DQN,789,109,9810,198977.50,0.7302,0.603714,0.0169
DQN,789,110,9900,157937.50,0.7278,0.604861,0.0355
DQN,789,111,9990,177940.00,0.7253,0.608968,0.0285
DQN,789,112,10080,166585.00,0.7228,0.629628,0.0145
DQN,789,113,10170,194330.00,0.7203,0.609826,0.0135
DQN,789,114,10260,181597.50,0.7179,0.618998,0.0151
DQN,789,115,10350,185842.50,0.7154,0.591730,0.0151
DQN,789,116,10440,160872.50,0.7129,0.607246,0.0148
DQN,789,117,10530,209340.00,0.7104,0.610024,0.0143
DQN,789,118,10620,178275.00,0.7080,0.617253,0.0162
DQN,789,119,10710,185205.00,0.7055,0.577396,0.0147
DQN,789,120,10800,160462.50,0.7030,0.578563,0.0143
DQN,789,121,10890,172417.50,0.7005,0.596958,0.0160
DQN,789,122,10980,192960.00,0.6981,0.589162,0.0149
DQN,789,123,11070,191880.00,0.6956,0.612568,0.0151
DQN,789,124,11160,177515.00,0.6931,0.586293,0.0162
DQN,789,125,11250,188977.50,0.6906,0.595120,0.0145
DQN,789,126,11340,150722.50,0.6882,0.577476,0.0147
DQN,789,127,11430,160675.00,0.6857,0.593205,0.0155
DQN,789,128,11520,193830.00,0.6832,0.591230,0.0140
DQN,789,129,11610,177077.50,0.6807,0.566631,0.0144
DQN,789,130,11700,197657.50,0.6783,0.569999,0.0144
DQN,789,131,11790,170207.50,0.6758,0.560013,0.0151
DQN,789,132,11880,218957.50,0.6733,0.586787,0.0161
DQN,789,133,11970,153845.00,0.6708,0.573614,0.0163
DQN,789,134,12060,196355.00,0.6683,0.561790,0.0179
DQN,789,135,12150,191687.50,0.6659,0.576696,0.0151
DQN,789,136,12240,185650.00,0.6634,0.564073,0.0147
DQN,789,137,12330,204415.00,0.6609,0.587575,0.0153
DQN,789,138,12420,192820.00,0.6584,0.587077,0.0156
DQN,789,139,12510,184002.50,0.6560,0.568807,0.0162
DQN,789,140,12600,202430.00,0.6535,0.562882,0.0152
DQN,789,141,12690,185415.00,0.6510,0.569153,0.0167
DQN,789,142,12780,193382.50,0.6485,0.544254,0.0153
DQN,789,143,12870,167940.00,0.6461,0.564425,0.0143
DQN,789,144,12960,168082.50,0.6436,0.555282,0.0144
DQN,789,145,13050,194860.00,0.6411,0.561095,0.0148
DQN,789,146,13140,184570.00,0.6386,0.564377,0.0148
DQN,789,147,13230,193872.50,0.6362,0.560689,0.0162
DQN,789,148,13320,200490.00,0.6337,0.570138,0.0157
DQN,789,149,13410,179747.50,0.6312,0.555312,0.0145
DQN,789,150,13500,201877.50,0.6288,0.558619,0.0161
DQN,789,151,13590,187820.00,0.6263,0.562581,0.0157
DQN,789,152,13680,160265.00,0.6238,0.568610,0.0194
DQN,789,153,13770,195457.50,0.6213,0.559481,0.0158
DQN,789,154,13860,191020.00,0.6189,0.576989,0.0146
DQN,789,155,13950,185905.00,0.6164,0.561833,0.0159
DQN,789,156,14040,158390.00,0.6139,0.546190,0.0145
DQN,789,157,14130,205765.00,0.6114,0.550653,0.0163
DQN,789,158,14220,167710.00,0.6089,0.562386,0.0159
DQN,789,159,14310,192000.00,0.6065,0.558205,0.0145
DQN,789,160,14400,207067.50,0.6040,0.567661,0.0135
DQN,789,161,14490,202930.00,0.6015,0.541928,0.0165
DQN,789,162,14580,158172.50,0.5990,0.534783,0.0160
DQN,789,163,14670,186935.00,0.5966,0.551183,0.0153
DQN,789,164,14760,191807.50,0.5941,0.533083,0.0148
DQN,789,165,14850,179992.50,0.5916,0.527940,0.0150
DQN,789,166,14940,188830.00,0.5892,0.527831,0.0155
DQN,789,167,15030,189512.50,0.5867,0.543464,0.0152
DQN,789,168,15120,208302.50,0.5842,0.530917,0.0152
DQN,789,169,15210,203907.50,0.5817,0.543118,0.0160
DQN,789,170,15300,189667.50,0.5793,0.559922,0.0145
DQN,789,171,15390,180092.50,0.5768,0.543787,0.0149
DQN,789,172,15480,180062.50,0.5743,0.533065,0.0162
DQN,789,173,15570,197212.50,0.5718,0.532240,0.0161
DQN,789,174,15660,198695.00,0.5694,0.541481,0.0145
DQN,789,175,15750,185860.00,0.5669,0.526489,0.0142
DQN,789,176,15840,196075.00,0.5644,0.518462,0.0150
DQN,789,177,15930,205517.50,0.5619,0.525929,0.0149
DQN,789,178,16020,182067.50,0.5595,0.518932,0.0154
DQN,789,179,16110,195832.50,0.5570,0.515836,0.0164
DQN,789,180,16200,208990.00,0.5545,0.489226,0.0158
DQN,789,181,16290,185667.50,0.5520,0.510469,0.0166
DQN,789,182,16380,208545.00,0.5495,0.495424,0.0168
DQN,789,183,16470,202135.00,0.5471,0.502887,0.0149
DQN,789,184,16560,219970.00,0.5446,0.514195,0.0150
DQN,789,185,16650,201327.50,0.5421,0.511129,0.0170
DQN,789,186,16740,196097.50,0.5396,0.493207,0.0152
DQN,789,187,16830,210877.50,0.5372,0.516187,0.0166
DQN,789,188,16920,222080.00,0.5347,0.510223,0.0153
DQN,789,189,17010,191032.50,0.5322,0.484318,0.0148
DQN,789,190,17100,204325.00,0.5297,0.496827,0.0151
DQN,789,191,17190,186630.00,0.5273,0.477751,0.0148
DQN,789,192,17280,210392.50,0.5248,0.511598,0.0154
DQN,789,193,17370,169065.00,0.5223,0.509095,0.0147
DQN,789,194,17460,188165.00,0.5199,0.509254,0.0146
DQN,789,195,17550,169977.50,0.5174,0.509167,0.0159
DQN,789,196,17640,201180.00,0.5149,0.491726,0.0150
DQN,789,197,17730,165672.50,0.5124,0.519147,0.0239
DQN,789,198,17820,207837.50,0.5100,0.499918,0.0151
DQN,789,199,17910,208597.50,0.5075,0.503277,0.0156
DQN,789,200,18000,176192.50,0.5050,0.507426,0.0162
DQN,789,201,18090,187697.50,0.5025,0.515472,0.0152
DQN,789,202,18180,202787.50,0.5000,0.477140,0.0180
DQN,789,203,18270,200217.50,0.4976,0.477475,0.0149
DQN,789,204,18360,206097.50,0.4951,0.481393,0.0149
DQN,789,205,18450,213512.50,0.4926,0.498010,0.0154
DQN,789,206,18540,197017.50,0.4901,0.481003,0.0165
DQN,789,207,18630,228757.50,0.4877,0.482998,0.0149
DQN,789,208,18720,210005.00,0.4852,0.478272,0.0165
DQN,789,209,18810,206277.50,0.4827,0.480618,0.0163
DQN,789,210,18900,215462.50,0.4802,0.468718,0.0157
DQN,789,211,18990,180475.00,0.4778,0.482052,0.0147
DQN,789,212,19080,192185.00,0.4753,0.490087,0.0157
DQN,789,213,19170,224627.50,0.4728,0.481202,0.0157
DQN,789,214,19260,201047.50,0.4703,0.479440,0.0155
DQN,789,215,19350,204785.00,0.4679,0.484078,0.0146
DQN,789,216,19440,193345.00,0.4654,0.485594,0.0151
DQN,789,217,19530,201532.50,0.4629,0.483776,0.0156
DQN,789,218,19620,176480.00,0.4604,0.457992,0.0164
DQN,789,219,19710,208387.50,0.4580,0.460493,0.0149
DQN,789,220,19800,198735.00,0.4555,0.483860,0.0149
DQN,789,221,19890,185770.00,0.4530,0.468673,0.0149
DQN,789,222,19980,210835.00,0.4506,0.469424,0.0155
DQN,789,223,20070,199122.50,0.4481,0.477704,0.0155
DQN,789,224,20160,197535.00,0.4456,0.479472,0.0150
DQN,789,225,20250,186255.00,0.4431,0.470327,0.0152
DQN,789,226,20340,174182.50,0.4407,0.478138,0.0157
DQN,789,227,20430,189320.00,0.4382,0.461360,0.0155
DQN,789,228,20520,198532.50,0.4357,0.478125,0.0164
DQN,789,229,20610,210155.00,0.4332,0.459101,0.0158
DQN,789,230,20700,212510.00,0.4308,0.446103,0.0139
DQN,789,231,20790,186045.00,0.4283,0.437880,0.0143
DQN,789,232,20880,199115.00,0.4258,0.439551,0.0150
DQN,789,233,20970,205010.00,0.4233,0.440478,0.0153
DQN,789,234,21060,200680.00,0.4209,0.446672,0.0165
DQN,789,235,21150,195345.00,0.4184,0.451621,0.0163
DQN,789,236,21240,205765.00,0.4159,0.431650,0.0167
DQN,789,237,21330,208107.50,0.4134,0.448277,0.0152
DQN,789,238,21420,196747.50,0.4110,0.425995,0.0152
DQN,789,239,21510,190995.00,0.4085,0.431755,0.0150
DQN,789,240,21600,205442.50,0.4060,0.431066,0.0152
DQN,789,241,21690,211310.00,0.4035,0.413416,0.0155
DQN,789,242,21780,200495.00,0.4011,0.431212,0.0150
DQN,789,243,21870,218132.50,0.3986,0.412947,0.0137
DQN,789,244,21960,209702.50,0.3961,0.433275,0.0158
DQN,789,245,22050,192655.00,0.3936,0.432773,0.0152
DQN,789,246,22140,214362.50,0.3911,0.427553,0.0159
DQN,789,247,22230,203267.50,0.3887,0.429526,0.0155
DQN,789,248,22320,199320.00,0.3862,0.441433,0.0149
DQN,789,249,22410,195167.50,0.3837,0.424723,0.0144
DQN,789,250,22500,193100.00,0.3812,0.422528,0.0155
DQN,789,251,22590,194542.50,0.3788,0.407654,0.0153
DQN,789,252,22680,205677.50,0.3763,0.410036,0.0170
DQN,789,253,22770,211885.00,0.3738,0.408824,0.0158
DQN,789,254,22860,226605.00,0.3713,0.403037,0.0166
DQN,789,255,22950,218837.50,0.3689,0.395912,0.0153
DQN,789,256,23040,226005.00,0.3664,0.419785,0.0160
DQN,789,257,23130,198390.00,0.3639,0.419449,0.0168
DQN,789,258,23220,180220.00,0.3614,0.413112,0.0158
DQN,789,259,23310,207962.50,0.3590,0.420134,0.0159
DQN,789,260,23400,194055.00,0.3565,0.412724,0.0149
DQN,789,261,23490,201185.00,0.3540,0.422551,0.0136
DQN,789,262,23580,208265.00,0.3516,0.395286,0.0172
DQN,789,263,23670,211730.00,0.3491,0.384637,0.0143
DQN,789,264,23760,220715.00,0.3466,0.391868,0.0167
DQN,789,265,23850,206960.00,0.3441,0.377494,0.0154
DQN,789,266,23940,219480.00,0.3417,0.368776,0.0151
DQN,789,267,24030,215852.50,0.3392,0.358175,0.0150
DQN,789,268,24120,217365.00,0.3367,0.376999,0.0156
DQN,789,269,24210,211750.00,0.3342,0.376254,0.0147
DQN,789,270,24300,218885.00,0.3317,0.378746,0.0175
DQN,789,271,24390,183870.00,0.3293,0.372336,0.0151
DQN,789,272,24480,201625.00,0.3268,0.362070,0.0143
DQN,789,273,24570,218645.00,0.3243,0.365006,0.0158
DQN,789,274,24660,197087.50,0.3218,0.362617,0.0176
DQN,789,275,24750,217227.50,0.3194,0.370655,0.0164
DQN,789,276,24840,204522.50,0.3169,0.371497,0.0153
DQN,789,277,24930,198337.50,0.3144,0.366723,0.0148
DQN,789,278,25020,213882.50,0.3120,0.364727,0.0156
DQN,789,279,25110,216862.50,0.3095,0.369040,0.0139
DQN,789,280,25200,200805.00,0.3070,0.365318,0.0152
DQN,789,281,25290,219610.00,0.3045,0.380086,0.0170
DQN,789,282,25380,196232.50,0.3021,0.373687,0.0158
DQN,789,283,25470,210912.50,0.2996,0.359915,0.0153
DQN,789,284,25560,205340.00,0.2971,0.370982,0.0169
DQN,789,285,25650,192475.00,0.2946,0.371540,0.0149
DQN,789,286,25740,207762.50,0.2922,0.367106,0.0149
DQN,789,287,25830,214217.50,0.2897,0.355256,0.0173
DQN,789,288,25920,213190.00,0.2872,0.370366,0.0148
DQN,789,289,26010,204192.50,0.2847,0.362946,0.0155
DQN,789,290,26100,211750.00,0.2823,0.339251,0.0149
DQN,789,291,26190,211870.00,0.2798,0.338311,0.0152
DQN,789,292,26280,196595.00,0.2773,0.344832,0.0182
DQN,789,293,26370,207700.00,0.2748,0.349034,0.0160
DQN,789,294,26460,215030.00,0.2723,0.336924,0.0150
DQN,789,295,26550,220092.50,0.2699,0.332816,0.0148
DQN,789,296,26640,200527.50,0.2674,0.343582,0.0162
DQN,789,297,26730,215940.00,0.2649,0.338883,0.0175
DQN,789,298,26820,196820.00,0.2624,0.324436,0.0167
DQN,789,299,26910,217402.50,0.2600,0.330519,0.0148
DQN,789,300,27000,186515.00,0.2575,0.342153,0.0139
DQN,789,301,27090,214570.00,0.2550,0.356710,0.0155
DQN,789,302,27180,200252.50,0.2526,0.344450,0.0178
DQN,789,303,27270,224322.50,0.2501,0.340640,0.0153
DQN,789,304,27360,198947.50,0.2476,0.356959,0.0155
DQN,789,305,27450,220232.50,0.2451,0.339387,0.0147
DQN,789,306,27540,213955.00,0.2427,0.357663,0.0157
DQN,789,307,27630,207460.00,0.2402,0.329529,0.0151
DQN,789,308,27720,213025.00,0.2377,0.327518,0.0153
DQN,789,309,27810,218372.50,0.2352,0.321477,0.0149
DQN,789,310,27900,214810.00,0.2328,0.318213,0.0156
DQN,789,311,27990,209050.00,0.2303,0.328163,0.0148
DQN,789,312,28080,209820.00,0.2278,0.326335,0.0154
DQN,789,313,28170,204932.50,0.2253,0.312138,0.0149
DQN,789,314,28260,219787.50,0.2228,0.320727,0.0142
DQN,789,315,28350,229072.50,0.2204,0.320843,0.0157
DQN,789,316,28440,207907.50,0.2179,0.329452,0.0150
DQN,789,317,28530,209230.00,0.2154,0.314463,0.0165
DQN,789,318,28620,210790.00,0.2129,0.316916,0.0178
DQN,789,319,28710,217255.00,0.2105,0.324152,0.0157
DQN,789,320,28800,217302.50,0.2080,0.311002,0.0140
DQN,789,321,28890,220842.50,0.2055,0.313404,0.0136
DQN,789,322,28980,204147.50,0.2030,0.319706,0.0136
DQN,789,323,29070,211712.50,0.2006,0.325096,0.0136
DQN,789,324,29160,197415.00,0.1981,0.318222,0.0137
DQN,789,325,29250,209397.50,0.1956,0.325162,0.0147
DQN,789,326,29340,204035.00,0.1932,0.321281,0.0168
DQN,789,327,29430,187510.00,0.1907,0.309553,0.0140
DQN,789,328,29520,195955.00,0.1882,0.333595,0.0137
DQN,789,329,29610,217812.50,0.1857,0.316289,0.0160
DQN,789,330,29700,202477.50,0.1833,0.318739,0.0145
DQN,789,331,29790,210532.50,0.1808,0.305596,0.0181
DQN,789,332,29880,197987.50,0.1783,0.313575,0.0136
DQN,789,333,29970,209307.50,0.1758,0.308019,0.0141
DQN,789,334,30060,199460.00,0.1734,0.310947,0.0137
DQN,789,335,30150,199897.50,0.1709,0.311350,0.0141
DQN,789,336,30240,202630.00,0.1684,0.294144,0.0156
DQN,789,337,30330,194900.00,0.1659,0.293421,0.0140
DQN,789,338,30420,190847.50,0.1634,0.297820,0.0136
DQN,789,339,30510,201705.00,0.1610,0.289522,0.0135
DQN,789,340,30600,208440.00,0.1585,0.293164,0.0136
DQN,789,341,30690,210230.00,0.1560,0.292016,0.0135
DQN,789,342,30780,217962.50,0.1536,0.286057,0.0136
DQN,789,343,30870,227497.50,0.1511,0.289561,0.0153
DQN,789,344,30960,206697.50,0.1486,0.285338,0.0160
DQN,789,345,31050,214047.50,0.1461,0.269294,0.0147
DQN,789,346,31140,214680.00,0.1437,0.273487,0.0140
DQN,789,347,31230,205145.00,0.1412,0.274287,0.0136
DQN,789,348,31320,205362.50,0.1387,0.275762,0.0136
DQN,789,349,31410,211785.00,0.1362,0.271374,0.0136
DQN,789,350,31500,217182.50,0.1338,0.271495,0.0137
DQN,789,351,31590,204770.00,0.1313,0.288509,0.0159
DQN,789,352,31680,213597.50,0.1288,0.295054,0.0138
DQN,789,353,31770,205870.00,0.1263,0.276671,0.0139
DQN,789,354,31860,217037.50,0.1239,0.276955,0.0138
DQN,789,355,31950,205945.00,0.1214,0.278949,0.0138
DQN,789,356,32040,213987.50,0.1189,0.273510,0.0138
DQN,789,357,32130,208732.50,0.1164,0.267614,0.0138
DQN,789,358,32220,205392.50,0.1139,0.275659,0.0139
DQN,789,359,32310,212770.00,0.1115,0.263241,0.0138
DQN,789,360,32400,222552.50,0.1090,0.256809,0.0139
DQN,789,361,32490,214507.50,0.1065,0.257466,0.0139
DQN,789,362,32580,215775.00,0.1040,0.272629,0.0140
DQN,789,363,32670,219692.50,0.1016,0.267849,0.0139
DQN,789,364,32760,229842.50,0.0991,0.270477,0.0139
DQN,789,365,32850,229907.50,0.0966,0.255463,0.0138
DQN,789,366,32940,208650.00,0.0941,0.263620,0.0139
DQN,789,367,33030,215527.50,0.0917,0.268698,0.0140
DQN,789,368,33120,213365.00,0.0892,0.277555,0.0139
DQN,789,369,33210,197262.50,0.0867,0.273244,0.0139
DQN,789,370,33300,202265.00,0.0842,0.272543,0.0139
DQN,789,371,33390,196340.00,0.0818,0.266670,0.0139
DQN,789,372,33480,192107.50,0.0793,0.264484,0.0140
DQN,789,373,33570,219122.50,0.0768,0.270346,0.0139
DQN,789,374,33660,211167.50,0.0743,0.253153,0.0140
DQN,789,375,33750,224077.50,0.0719,0.248468,0.0139
DQN,789,376,33840,207070.00,0.0694,0.258569,0.0139
DQN,789,377,33930,204205.00,0.0669,0.257271,0.0140
DQN,789,378,34020,209832.50,0.0645,0.250540,0.0139
DQN,789,379,34110,218282.50,0.0620,0.264748,0.0139
DQN,789,380,34200,197875.00,0.0595,0.261876,0.0140
DQN,789,381,34290,210912.50,0.0570,0.266020,0.0201
DQN,789,382,34380,214142.50,0.0546,0.272042,0.0181
DQN,789,383,34470,215900.00,0.0521,0.269187,0.0138
DQN,789,384,34560,203305.00,0.0496,0.273976,0.0136
DQN,789,385,34650,215742.50,0.0471,0.276068,0.0136
DQN,789,386,34740,215877.50,0.0447,0.275727,0.0136
DQN,789,387,34830,219367.50,0.0422,0.263555,0.0135
DQN,789,388,34920,207962.50,0.0397,0.267098,0.0136
DQN,789,389,35010,209950.00,0.0372,0.260932,0.0135
DQN,789,390,35100,210325.00,0.0348,0.257748,0.0137
DQN,789,391,35190,212367.50,0.0323,0.254814,0.0136
DQN,789,392,35280,210567.50,0.0298,0.255061,0.0136
DQN,789,393,35370,226845.00,0.0273,0.248750,0.0135
DQN,789,394,35460,207297.50,0.0249,0.251085,0.0135
DQN,789,395,35550,215922.50,0.0224,0.249510,0.0135
DQN,789,396,35640,210505.00,0.0199,0.243454,0.0136
DQN,789,397,35730,212335.00,0.0174,0.252743,0.0136
DQN,789,398,35820,217027.50,0.0150,0.244524,0.0136
DQN,789,399,35910,212547.50,0.0125,0.239240,0.0136
DQN,789,400,36000,220412.50,0.0100,0.242059,0.0136
DQN,789,401,36090,223102.50,0.0100,0.240446,0.0155
DQN,789,402,36180,212925.00,0.0100,0.252371,0.0139
DQN,789,403,36270,230712.50,0.0100,0.233600,0.0137
DQN,789,404,36360,221827.50,0.0100,0.239569,0.0143
DQN,789,405,36450,212185.00,0.0100,0.239831,0.0178
DQN,789,406,36540,213687.50,0.0100,0.232301,0.0150
DQN,789,407,36630,218752.50,0.0100,0.233112,0.0163
DQN,789,408,36720,216805.00,0.0100,0.241604,0.0144
DQN,789,409,36810,220260.00,0.0100,0.238719,0.0136
DQN,789,410,36900,231627.50,0.0100,0.224297,0.0136
DQN,789,411,36990,225107.50,0.0100,0.239620,0.0137
DQN,789,412,37080,219582.50,0.0100,0.223958,0.0136
DQN,789,413,37170,228055.00,0.0100,0.228626,0.0136
DQN,789,414,37260,215280.00,0.0100,0.229124,0.0135
DQN,789,415,37350,201025.00,0.0100,0.230064,0.0135
DQN,789,416,37440,216597.50,0.0100,0.223391,0.0136
DQN,789,417,37530,218917.50,0.0100,0.236354,0.0136
DQN,789,418,37620,204010.00,0.0100,0.228959,0.0161
DQN,789,419,37710,214110.00,0.0100,0.230324,0.0140
DQN,789,420,37800,224282.50,0.0100,0.226072,0.0136
DQN,789,421,37890,204547.50,0.0100,0.236931,0.0158
DQN,789,422,37980,213875.00,0.0100,0.233039,0.0141
DQN,789,423,38070,215967.50,0.0100,0.225724,0.0136
DQN,789,424,38160,208007.50,0.0100,0.218861,0.0136
DQN,789,425,38250,224297.50,0.0100,0.220988,0.0135
DQN,789,426,38340,210680.00,0.0100,0.228637,0.0191
DQN,789,427,38430,207507.50,0.0100,0.221068,0.0139
DQN,789,428,38520,209160.00,0.0100,0.233428,0.0137
DQN,789,429,38610,210480.00,0.0100,0.244420,0.0135
DQN,789,430,38700,209800.00,0.0100,0.237718,0.0135
DQN,789,431,38790,203290.00,0.0100,0.225726,0.0135
DQN,789,432,38880,210785.00,0.0100,0.231624,0.0136
DQN,789,433,38970,190925.00,0.0100,0.234861,0.0135
DQN,789,434,39060,200627.50,0.0100,0.221791,0.0135
DQN,789,435,39150,222282.50,0.0100,0.203682,0.0136
DQN,789,436,39240,216975.00,0.0100,0.207993,0.0135
DQN,789,437,39330,213465.00,0.0100,0.211555,0.0136
DQN,789,438,39420,200677.50,0.0100,0.208208,0.0136
DQN,789,439,39510,212687.50,0.0100,0.208900,0.0136
DQN,789,440,39600,214377.50,0.0100,0.228965,0.0136
DQN,789,441,39690,210330.00,0.0100,0.220074,0.0135
DQN,789,442,39780,215047.50,0.0100,0.220560,0.0136
DQN,789,443,39870,221247.50,0.0100,0.226543,0.0168
DQN,789,444,39960,210222.50,0.0100,0.220906,0.0141
DQN,789,445,40050,214937.50,0.0100,0.233426,0.0171
DQN,789,446,40140,217312.50,0.0100,0.228239,0.0139
DQN,789,447,40230,203297.50,0.0100,0.227490,0.0136
DQN,789,448,40320,207615.00,0.0100,0.229342,0.0136
DQN,789,449,40410,205475.00,0.0100,0.230747,0.0135
DQN,789,450,40500,216355.00,0.0100,0.233411,0.0137
DQN,789,451,40590,215807.50,0.0100,0.232524,0.0172
DQN,789,452,40680,201257.50,0.0100,0.223870,0.0140
DQN,789,453,40770,209562.50,0.0100,0.228063,0.0137
DQN,789,454,40860,218255.00,0.0100,0.231161,0.0136
DQN,789,455,40950,211820.00,0.0100,0.229976,0.0135
DQN,789,456,41040,216260.00,0.0100,0.221880,0.0137
DQN,789,457,41130,215680.00,0.0100,0.220564,0.0135
DQN,789,458,41220,214657.50,0.0100,0.220462,0.0137
DQN,789,459,41310,210372.50,0.0100,0.215557,0.0136
DQN,789,460,41400,203660.00,0.0100,0.222775,0.0136
DQN,789,461,41490,219285.00,0.0100,0.217431,0.0135
DQN,789,462,41580,228290.00,0.0100,0.220487,0.0136
DQN,789,463,41670,216510.00,0.0100,0.214332,0.0136
DQN,789,464,41760,228205.00,0.0100,0.220261,0.0136
DQN,789,465,41850,219252.50,0.0100,0.220344,0.0136
DQN,789,466,41940,212787.50,0.0100,0.209628,0.0136
DQN,789,467,42030,229422.50,0.0100,0.217975,0.0136
DQN,789,468,42120,206742.50,0.0100,0.220675,0.0136
DQN,789,469,42210,216762.50,0.0100,0.220462,0.0163
DQN,789,470,42300,212715.00,0.0100,0.219675,0.0142
DQN,789,471,42390,214347.50,0.0100,0.221357,0.0138
DQN,789,472,42480,207005.00,0.0100,0.220379,0.0135
DQN,789,473,42570,200430.00,0.0100,0.228863,0.0156
DQN,789,474,42660,216360.00,0.0100,0.221824,0.0138
DQN,789,475,42750,215542.50,0.0100,0.225874,0.0141
DQN,789,476,42840,222555.00,0.0100,0.225445,0.0142
DQN,789,477,42930,212077.50,0.0100,0.226476,0.0158
DQN,789,478,43020,214262.50,0.0100,0.218144,0.0165
DQN,789,479,43110,210730.00,0.0100,0.211705,0.0159
DQN,789,480,43200,213427.50,0.0100,0.207342,0.0161
DQN,789,481,43290,224655.00,0.0100,0.206705,0.0138
DQN,789,482,43380,217987.50,0.0100,0.210643,0.0169
DQN,789,483,43470,224997.50,0.0100,0.205416,0.0139
DQN,789,484,43560,221987.50,0.0100,0.233282,0.0181
DQN,789,485,43650,215640.00,0.0100,0.230752,0.0140
DQN,789,486,43740,214817.50,0.0100,0.227271,0.0137
DQN,789,487,43830,214127.50,0.0100,0.238918,0.0136
DQN,789,488,43920,206865.00,0.0100,0.225708,0.0135
DQN,789,489,44010,211095.00,0.0100,0.227856,0.0136
DQN,789,490,44100,214472.50,0.0100,0.207489,0.0135
DQN,789,491,44190,198930.00,0.0100,0.210222,0.0135
DQN,789,492,44280,206097.50,0.0100,0.202794,0.0161
DQN,789,493,44370,214095.00,0.0100,0.196996,0.0138
DQN,789,494,44460,218402.50,0.0100,0.204724,0.0136
DQN,789,495,44550,212577.50,0.0100,0.194540,0.0298
DQN,789,496,44640,207962.50,0.0100,0.201673,0.0164
DQN,789,497,44730,223230.00,0.0100,0.194344,0.0139
DQN,789,498,44820,214002.50,0.0100,0.193517,0.0138
DQN,789,499,44910,210945.00,0.0100,0.182070,0.0135
DQN,789,500,45000,207265.00,0.0100,0.186283,0.0136
DQN,1024,1,90,135192.50,0.9975,0.000000,0.0004
DQN,1024,2,180,119660.00,0.9950,0.000000,0.0004
DQN,1024,3,270,59127.50,0.9926,0.000000,0.0004
DQN,1024,4,360,115535.00,0.9901,0.000000,0.0004
DQN,1024,5,450,96465.00,0.9876,0.000000,0.0004
DQN,1024,6,540,111452.50,0.9851,3.950017,0.0063
DQN,1024,7,630,166632.50,0.9827,2.578721,0.0130
DQN,1024,8,720,99142.50,0.9802,1.537221,0.0125
DQN,1024,9,810,118210.00,0.9777,1.454727,0.0126
DQN,1024,10,900,89915.00,0.9752,1.347465,0.0125
DQN,1024,11,990,109945.00,0.9728,1.319615,0.0126
DQN,1024,12,1080,100210.00,0.9703,2.579372,0.0125
DQN,1024,13,1170,71487.50,0.9678,1.132583,0.0126
DQN,1024,14,1260,144902.50,0.9654,1.050542,0.0126
DQN,1024,15,1350,83805.00,0.9629,0.960889,0.0127
DQN,1024,16,1440,40210.00,0.9604,0.907803,0.0127
DQN,1024,17,1530,126625.00,0.9579,1.616228,0.0132
DQN,1024,18,1620,95010.00,0.9555,0.973709,0.0128
DQN,1024,19,1710,84452.50,0.9530,0.844241,0.0144
DQN,1024,20,1800,92657.50,0.9505,0.828590,0.0132
DQN,1024,21,1890,128690.00,0.9480,0.775347,0.0129
DQN,1024,22,1980,-40352.50,0.9456,0.791050,0.0154
DQN,1024,23,2070,133390.00,0.9431,1.478466,0.0131
DQN,1024,24,2160,196992.50,0.9406,0.891526,0.0128
DQN,1024,25,2250,168575.00,0.9381,0.849709,0.0129
DQN,1024,26,2340,143615.00,0.9356,0.822057,0.0128
DQN,1024,27,2430,139387.50,0.9332,0.808038,0.0128
DQN,1024,28,2520,152360.00,0.9307,1.237155,0.0166
DQN,1024,29,2610,113185.00,0.9282,1.020436,0.0133
DQN,1024,30,2700,131152.50,0.9257,0.875471,0.0129
DQN,1024,31,2790,106777.50,0.9233,0.815630,0.0138
DQN,1024,32,2880,40822.50,0.9208,0.818534,0.0130
DQN,1024,33,2970,163667.50,0.9183,0.803823,0.0129
DQN,1024,34,3060,110300.00,0.9159,1.284342,0.0128
DQN,1024,35,3150,147057.50,0.9134,0.918762,0.0129
DQN,1024,36,3240,107497.50,0.9109,0.858230,0.0129
DQN,1024,37,3330,98522.50,0.9084,0.863911,0.0129
DQN,1024,38,3420,169345.00,0.9060,0.830108,0.0192
DQN,1024,39,3510,30585.00,0.9035,1.093833,0.0133
DQN,1024,40,3600,117050.00,0.9010,1.033843,0.0130
DQN,1024,41,3690,84322.50,0.8985,0.914478,0.0129
DQN,1024,42,3780,135835.00,0.8961,0.862381,0.0129
DQN,1024,43,3870,76292.50,0.8936,0.852400,0.0129
DQN,1024,44,3960,117420.00,0.8911,0.842939,0.0128
DQN,1024,45,4050,174685.00,0.8886,1.107893,0.0141
DQN,1024,46,4140,98450.00,0.8861,0.914069,0.0131
DQN,1024,47,4230,133825.00,0.8837,0.879250,0.0131
DQN,1024,48,4320,127227.50,0.8812,0.869986,0.0129
DQN,1024,49,4410,168047.50,0.8787,0.856640,0.0130
DQN,1024,50,4500,120952.50,0.8762,0.905660,0.0129
DQN,1024,51,4590,137607.50,0.8738,1.064132,0.0150
DQN,1024,52,4680,107820.00,0.8713,0.902843,0.0153
DQN,1024,53,4770,122962.50,0.8688,0.880777,0.0130
DQN,1024,54,4860,157342.50,0.8663,0.850955,0.0131
DQN,1024,55,4950,155652.50,0.8639,0.871861,0.0129
DQN,1024,56,5040,136000.00,0.8614,1.021219,0.0161
DQN,1024,57,5130,161822.50,0.8589,0.907350,0.0140
DQN,1024,58,5220,176155.00,0.8565,0.852064,0.0131
DQN,1024,59,5310,137375.00,0.8540,0.831101,0.0129
DQN,1024,60,5400,136770.00,0.8515,0.794312,0.0129
DQN,1024,61,5490,213507.50,0.8490,0.796165,0.0129
DQN,1024,62,5580,108935.00,0.8466,0.907163,0.0130
DQN,1024,63,5670,133572.50,0.8441,0.776086,0.0129
DQN,1024,64,5760,27470.00,0.8416,0.742220,0.0129
DQN,1024,65,5850,163557.50,0.8391,0.753338,0.0130
DQN,1024,66,5940,190477.50,0.8367,0.728993,0.0178
DQN,1024,67,6030,148470.00,0.8342,0.769263,0.0130
DQN,1024,68,6120,141440.00,0.8317,0.714461,0.0129
DQN,1024,69,6210,179887.50,0.8292,0.687242,0.0130
DQN,1024,70,6300,172150.00,0.8267,0.689076,0.0131
DQN,1024,71,6390,130380.00,0.8243,0.692204,0.0145
DQN,1024,72,6480,112327.50,0.8218,0.689205,0.0133
DQN,1024,73,6570,105565.00,0.8193,0.719686,0.0153
DQN,1024,74,6660,157582.50,0.8168,0.662625,0.0133
DQN,1024,75,6750,166155.00,0.8144,0.672495,0.0134
DQN,1024,76,6840,165492.50,0.8119,0.647607,0.0137
DQN,1024,77,6930,87285.00,0.8094,0.659944,0.0133
DQN,1024,78,7020,100672.50,0.8070,0.698945,0.0131
DQN,1024,79,7110,150375.00,0.8045,0.645255,0.0129
DQN,1024,80,7200,120787.50,0.8020,0.680021,0.0130
DQN,1024,81,7290,133810.00,0.7995,0.647657,0.0154
DQN,1024,82,7380,174025.00,0.7971,0.647862,0.0133
DQN,1024,83,7470,188595.00,0.7946,0.662068,0.0130
DQN,1024,84,7560,144402.50,0.7921,0.661270,0.0130
DQN,1024,85,7650,175532.50,0.7896,0.658064,0.0130
DQN,1024,86,7740,161375.00,0.7872,0.647279,0.0130
DQN,1024,87,7830,162502.50,0.7847,0.642559,0.0129
DQN,1024,88,7920,124340.00,0.7822,0.639015,0.0152
DQN,1024,89,8010,167865.00,0.7797,0.644334,0.0131
DQN,1024,90,8100,186445.00,0.7772,0.632115,0.0130
DQN,1024,91,8190,162465.00,0.7748,0.631824,0.0130
DQN,1024,92,8280,163322.50,0.7723,0.634224,0.0130
DQN,1024,93,8370,145820.00,0.7698,0.629037,0.0130
DQN,1024,94,8460,175282.50,0.7673,0.621000,0.0130
DQN,1024,95,8550,149825.00,0.7649,0.628574,0.0129
DQN,1024,96,8640,174520.00,0.7624,0.608505,0.0130
DQN,1024,97,8730,144150.00,0.7599,0.594661,0.0168
DQN,1024,98,8820,153287.50,0.7574,0.608000,0.0136
DQN,1024,99,8910,141307.50,0.7550,0.601156,0.0130
DQN,1024,100,9000,121062.50,0.7525,0.624256,0.0131
DQN,1024,101,9090,210692.50,0.7500,0.601703,0.0135
DQN,1024,102,9180,151420.00,0.7475,0.606298,0.0131
DQN,1024,103,9270,162397.50,0.7451,0.626315,0.0129
DQN,1024,104,9360,132192.50,0.7426,0.600690,0.0131
DQN,1024,105,9450,178232.50,0.7401,0.609862,0.0131
DQN,1024,106,9540,183725.00,0.7376,0.600066,0.0131
DQN,1024,107,9630,158565.00,0.7352,0.593679,0.0131
DQN,1024,108,9720,152310.00,0.7327,0.606910,0.0129
DQN,1024,109,9810,166590.00,0.7302,0.583917,0.0131
DQN,1024,110,9900,101455.00,0.7278,0.585715,0.0130
DQN,1024,111,9990,209285.00,0.7253,0.595680,0.0159
DQN,1024,112,10080,185565.00,0.7228,0.592223,0.0136
DQN,1024,113,10170,140895.00,0.7203,0.593768,0.0132
DQN,1024,114,10260,184767.50,0.7179,0.580078,0.0187
DQN,1024,115,10350,115662.50,0.7154,0.579041,0.0132
DQN,1024,116,10440,176337.50,0.7129,0.588688,0.0133
DQN,1024,117,10530,124220.00,0.7104,0.582236,0.0144
DQN,1024,118,10620,133520.00,0.7080,0.602650,0.0138
DQN,1024,119,10710,189255.00,0.7055,0.603476,0.0132
DQN,1024,120,10800,178665.00,0.7030,0.585931,0.0137
DQN,1024,121,10890,205885.00,0.7005,0.585811,0.0133
DQN,1024,122,10980,159560.00,0.6981,0.602992,0.0131
DQN,1024,123,11070,184915.00,0.6956,0.599024,0.0130
DQN,1024,124,11160,178272.50,0.6931,0.601278,0.0156
DQN,1024,125,11250,214777.50,0.6906,0.576741,0.0136
DQN,1024,126,11340,155610.00,0.6882,0.593619,0.0162
DQN,1024,127,11430,125867.50,0.6857,0.585866,0.0151
DQN,1024,128,11520,196332.50,0.6832,0.601720,0.0136
DQN,1024,129,11610,190140.00,0.6807,0.572730,0.0148
DQN,1024,130,11700,176440.00,0.6783,0.586665,0.0153
DQN,1024,131,11790,174315.00,0.6758,0.601437,0.0137
DQN,1024,132,11880,199760.00,0.6733,0.577722,0.0149
DQN,1024,133,11970,198405.00,0.6708,0.562502,0.0135
DQN,1024,134,12060,199137.50,0.6683,0.578431,0.0132
DQN,1024,135,12150,132540.00,0.6659,0.564995,0.0131
DQN,1024,136,12240,178212.50,0.6634,0.573911,0.0130
DQN,1024,137,12330,151677.50,0.6609,0.572856,0.0131
DQN,1024,138,12420,200800.00,0.6584,0.560517,0.0131
DQN,1024,139,12510,213155.00,0.6560,0.571323,0.0132
DQN,1024,140,12600,156885.00,0.6535,0.566492,0.0133
DQN,1024,141,12690,156470.00,0.6510,0.550888,0.0132
DQN,1024,142,12780,185387.50,0.6485,0.577465,0.0131
DQN,1024,143,12870,178940.00,0.6461,0.588933,0.0143
DQN,1024,144,12960,200490.00,0.6436,0.549328,0.0137
DQN,1024,145,13050,189670.00,0.6411,0.561186,0.0132
DQN,1024,146,13140,194122.50,0.6386,0.575908,0.0131
DQN,1024,147,13230,156282.50,0.6362,0.553240,0.0131
DQN,1024,148,13320,179752.50,0.6337,0.565009,0.0131
DQN,1024,149,13410,187435.00,0.6312,0.566624,0.0131
DQN,1024,150,13500,175595.00,0.6288,0.548869,0.0132
DQN,1024,151,13590,194267.50,0.6263,0.559864,0.0151
DQN,1024,152,13680,176217.50,0.6238,0.536410,0.0151
DQN,1024,153,13770,115182.50,0.6213,0.560648,0.0139
DQN,1024,154,13860,163052.50,0.6189,0.552409,0.0134
DQN,1024,155,13950,201585.00,0.6164,0.555171,0.0134
DQN,1024,156,14040,207130.00,0.6139,0.550986,0.0131
DQN,1024,157,14130,224057.50,0.6114,0.547575,0.0132
DQN,1024,158,14220,176590.00,0.6089,0.546497,0.0131
DQN,1024,159,14310,213967.50,0.6065,0.544198,0.0133
DQN,1024,160,14400,159210.00,0.6040,0.533650,0.0132
DQN,1024,161,14490,180350.00,0.6015,0.534050,0.0133
DQN,1024,162,14580,188560.00,0.5990,0.568391,0.0134
DQN,1024,163,14670,194732.50,0.5966,0.545081,0.0134
DQN,1024,164,14760,214665.00,0.5941,0.540872,0.0134
DQN,1024,165,14850,162200.00,0.5916,0.541222,0.0135
DQN,1024,166,14940,200575.00,0.5892,0.544046,0.0134
DQN,1024,167,15030,208750.00,0.5867,0.546466,0.0135
DQN,1024,168,15120,227180.00,0.5842,0.537103,0.0135
DQN,1024,169,15210,217670.00,0.5817,0.553504,0.0135
DQN,1024,170,15300,205380.00,0.5793,0.536980,0.0134
DQN,1024,171,15390,197167.50,0.5768,0.547253,0.0136
DQN,1024,172,15480,193205.00,0.5743,0.542769,0.0136
DQN,1024,173,15570,191087.50,0.5718,0.529541,0.0191
DQN,1024,174,15660,193880.00,0.5694,0.521921,0.0136
DQN,1024,175,15750,196012.50,0.5669,0.547524,0.0133
DQN,1024,176,15840,187400.00,0.5644,0.524482,0.0133
DQN,1024,177,15930,222030.00,0.5619,0.519885,0.0133
DQN,1024,178,16020,165770.00,0.5595,0.529983,0.0131
DQN,1024,179,16110,187392.50,0.5570,0.519392,0.0131
DQN,1024,180,16200,184597.50,0.5545,0.524659,0.0153
DQN,1024,181,16290,175582.50,0.5520,0.512257,0.0133
DQN,1024,182,16380,195620.00,0.5495,0.521683,0.0133
DQN,1024,183,16470,169495.00,0.5471,0.516155,0.0132
DQN,1024,184,16560,195387.50,0.5446,0.524273,0.0132
DQN,1024,185,16650,213570.00,0.5421,0.513368,0.0132
DQN,1024,186,16740,218375.00,0.5396,0.505007,0.0137
DQN,1024,187,16830,178652.50,0.5372,0.534384,0.0133
DQN,1024,188,16920,200912.50,0.5347,0.511980,0.0132
DQN,1024,189,17010,174917.50,0.5322,0.523132,0.0134
DQN,1024,190,17100,215400.00,0.5297,0.517115,0.0174
DQN,1024,191,17190,203460.00,0.5273,0.504423,0.0136
DQN,1024,192,17280,219272.50,0.5248,0.512189,0.0132
DQN,1024,193,17370,199790.00,0.5223,0.501093,0.0133
DQN,1024,194,17460,197335.00,0.5199,0.502873,0.0131
DQN,1024,195,17550,204270.00,0.5174,0.509027,0.0131
DQN,1024,196,17640,187837.50,0.5149,0.535396,0.0132
DQN,1024,197,17730,186047.50,0.5124,0.511975,0.0132
DQN,1024,198,17820,194917.50,0.5100,0.512255,0.0132
DQN,1024,199,17910,190557.50,0.5075,0.498762,0.0132
DQN,1024,200,18000,193905.00,0.5050,0.511480,0.0144
DQN,1024,201,18090,196777.50,0.5025,0.519425,0.0151
DQN,1024,202,18180,192395.00,0.5000,0.496029,0.0175
DQN,1024,203,18270,190130.00,0.4976,0.501262,0.0136
DQN,1024,204,18360,172527.50,0.4951,0.492210,0.0134
DQN,1024,205,18450,215757.50,0.4926,0.480904,0.0173
DQN,1024,206,18540,183765.00,0.4901,0.489268,0.0139
DQN,1024,207,18630,207752.50,0.4877,0.487424,0.0133
DQN,1024,208,18720,186385.00,0.4852,0.494906,0.0133
DQN,1024,209,18810,187820.00,0.4827,0.471638,0.0132
DQN,1024,210,18900,213522.50,0.4802,0.468790,0.0158
DQN,1024,211,18990,184272.50,0.4778,0.481469,0.0133
DQN,1024,212,19080,206677.50,0.4753,0.481479,0.0132
DQN,1024,213,19170,208115.00,0.4728,0.468451,0.0133
DQN,1024,214,19260,193197.50,0.4703,0.476451,0.0132
DQN,1024,215,19350,195550.00,0.4679,0.462996,0.0134
DQN,1024,216,19440,212825.00,0.4654,0.483278,0.0134
DQN,1024,217,19530,203665.00,0.4629,0.490154,0.0135
DQN,1024,218,19620,195245.00,0.4604,0.464252,0.0135
DQN,1024,219,19710,207162.50,0.4580,0.478790,0.0136
DQN,1024,220,19800,201887.50,0.4555,0.462233,0.0135
DQN,1024,221,19890,191595.00,0.4530,0.471902,0.0135
DQN,1024,222,19980,203957.50,0.4506,0.459173,0.0136
DQN,1024,223,20070,201400.00,0.4481,0.466777,0.0174
DQN,1024,224,20160,196875.00,0.4456,0.455340,0.0137
DQN,1024,225,20250,193110.00,0.4431,0.462596,0.0134
DQN,1024,226,20340,216540.00,0.4407,0.468442,0.0133
DQN,1024,227,20430,202797.50,0.4382,0.450583,0.0133
DQN,1024,228,20520,207665.00,0.4357,0.455052,0.0156
DQN,1024,229,20610,213667.50,0.4332,0.474931,0.0148
DQN,1024,230,20700,193185.00,0.4308,0.467826,0.0161
DQN,1024,231,20790,197292.50,0.4283,0.461784,0.0139
DQN,1024,232,20880,205972.50,0.4258,0.450922,0.0149
DQN,1024,233,20970,200070.00,0.4233,0.464339,0.0138
DQN,1024,234,21060,212665.00,0.4209,0.469430,0.0135
DQN,1024,235,21150,209792.50,0.4184,0.458783,0.0134
DQN,1024,236,21240,185865.00,0.4159,0.455532,0.0188
DQN,1024,237,21330,215520.00,0.4134,0.462492,0.0139
DQN,1024,238,21420,211760.00,0.4110,0.444029,0.0135
DQN,1024,239,21510,186040.00,0.4085,0.442844,0.0133
DQN,1024,240,21600,218007.50,0.4060,0.451135,0.0133
DQN,1024,241,21690,193452.50,0.4035,0.446389,0.0132
DQN,1024,242,21780,209415.00,0.4011,0.422750,0.0132
DQN,1024,243,21870,208932.50,0.3986,0.446228,0.0133
DQN,1024,244,21960,218422.50,0.3961,0.431532,0.0132
DQN,1024,245,22050,198005.00,0.3936,0.453523,0.0133
DQN,1024,246,22140,225635.00,0.3911,0.425352,0.0133
DQN,1024,247,22230,203655.00,0.3887,0.437737,0.0135
DQN,1024,248,22320,183405.00,0.3862,0.445953,0.0133
DQN,1024,249,22410,184837.50,0.3837,0.448875,0.0132
DQN,1024,250,22500,218380.00,0.3812,0.439888,0.0134
DQN,1024,251,22590,217927.50,0.3788,0.443814,0.0240
DQN,1024,252,22680,212100.00,0.3763,0.440540,0.0140
DQN,1024,253,22770,204887.50,0.3738,0.450546,0.0134
DQN,1024,254,22860,206950.00,0.3713,0.445178,0.0132
DQN,1024,255,22950,207960.00,0.3689,0.442859,0.0134
DQN,1024,256,23040,204022.50,0.3664,0.425000,0.0133
DQN,1024,257,23130,210820.00,0.3639,0.435359,0.0135
DQN,1024,258,23220,210570.00,0.3614,0.436244,0.0136
DQN,1024,259,23310,210270.00,0.3590,0.437252,0.0136
DQN,1024,260,23400,217712.50,0.3565,0.415933,0.0136
DQN,1024,261,23490,187512.50,0.3540,0.409713,0.0136
DQN,1024,262,23580,198262.50,0.3516,0.433231,0.0137
DQN,1024,263,23670,191577.50,0.3491,0.424433,0.0136
DQN,1024,264,23760,224700.00,0.3466,0.409392,0.0136
DQN,1024,265,23850,198457.50,0.3441,0.410544,0.0136
DQN,1024,266,23940,214360.00,0.3417,0.418946,0.0161
DQN,1024,267,24030,212907.50,0.3392,0.414651,0.0141
DQN,1024,268,24120,205782.50,0.3367,0.420706,0.0175
DQN,1024,269,24210,206297.50,0.3342,0.411549,0.0139
DQN,1024,270,24300,210797.50,0.3317,0.399982,0.0139
DQN,1024,271,24390,223397.50,0.3293,0.405581,0.0134
DQN,1024,272,24480,195285.00,0.3268,0.415593,0.0135
DQN,1024,273,24570,208227.50,0.3243,0.404175,0.0133
DQN,1024,274,24660,215947.50,0.3218,0.396391,0.0137
DQN,1024,275,24750,230092.50,0.3194,0.392546,0.0173
DQN,1024,276,24840,208972.50,0.3169,0.399829,0.0138
DQN,1024,277,24930,199010.00,0.3144,0.392374,0.0133
DQN,1024,278,25020,206805.00,0.3120,0.407524,0.0133
DQN,1024,279,25110,198345.00,0.3095,0.410783,0.0134
DQN,1024,280,25200,209850.00,0.3070,0.376298,0.0134
DQN,1024,281,25290,204492.50,0.3045,0.395055,0.0135
DQN,1024,282,25380,204650.00,0.3021,0.395041,0.0135
DQN,1024,283,25470,209595.00,0.2996,0.391034,0.0137
DQN,1024,284,25560,205817.50,0.2971,0.395313,0.0136
DQN,1024,285,25650,195140.00,0.2946,0.388030,0.0136
DQN,1024,286,25740,220292.50,0.2922,0.386266,0.0137
DQN,1024,287,25830,218280.00,0.2897,0.378583,0.0217
DQN,1024,288,25920,214505.00,0.2872,0.374900,0.0168
DQN,1024,289,26010,227447.50,0.2847,0.397269,0.0141
DQN,1024,290,26100,187252.50,0.2823,0.400038,0.0136
DQN,1024,291,26190,191147.50,0.2798,0.392351,0.0134
DQN,1024,292,26280,191787.50,0.2773,0.390243,0.0133
DQN,1024,293,26370,187637.50,0.2748,0.391355,0.0134
DQN,1024,294,26460,184420.00,0.2723,0.382802,0.0164
DQN,1024,295,26550,195797.50,0.2699,0.400829,0.0138
DQN,1024,296,26640,202360.00,0.2674,0.380558,0.0135
DQN,1024,297,26730,216425.00,0.2649,0.354160,0.0165
DQN,1024,298,26820,223587.50,0.2624,0.371989,0.0134
DQN,1024,299,26910,212285.00,0.2600,0.355575,0.0135
DQN,1024,300,27000,205380.00,0.2575,0.365166,0.0134
DQN,1024,301,27090,207660.00,0.2550,0.360387,0.0169
DQN,1024,302,27180,210122.50,0.2526,0.367965,0.0137
DQN,1024,303,27270,218480.00,0.2501,0.370242,0.0135
DQN,1024,304,27360,200992.50,0.2476,0.357178,0.0134
DQN,1024,305,27450,204345.00,0.2451,0.369620,0.0134
DQN,1024,306,27540,205642.50,0.2427,0.370023,0.0134
DQN,1024,307,27630,203867.50,0.2402,0.351430,0.0134
DQN,1024,308,27720,212307.50,0.2377,0.350164,0.0134
DQN,1024,309,27810,218450.00,0.2352,0.359257,0.0135
DQN,1024,310,27900,214220.00,0.2328,0.344169,0.0133
DQN,1024,311,27990,203247.50,0.2303,0.348535,0.0142
DQN,1024,312,28080,193307.50,0.2278,0.349610,0.0138
DQN,1024,313,28170,205997.50,0.2253,0.356138,0.0135
DQN,1024,314,28260,209675.00,0.2228,0.353950,0.0135
DQN,1024,315,28350,201247.50,0.2204,0.355484,0.0134
DQN,1024,316,28440,205340.00,0.2179,0.333025,0.0168
DQN,1024,317,28530,199935.00,0.2154,0.332666,0.0138
DQN,1024,318,28620,216475.00,0.2129,0.321910,0.0135
DQN,1024,319,28710,203342.50,0.2105,0.334350,0.0134
DQN,1024,320,28800,209225.00,0.2080,0.317958,0.0135
DQN,1024,321,28890,214045.00,0.2055,0.337865,0.0134
DQN,1024,322,28980,219215.00,0.2030,0.338988,0.0134
DQN,1024,323,29070,211787.50,0.2006,0.327045,0.0134
DQN,1024,324,29160,199357.50,0.1981,0.329027,0.0134
DQN,1024,325,29250,215355.00,0.1956,0.320090,0.0134
DQN,1024,326,29340,220322.50,0.1932,0.322187,0.0133
DQN,1024,327,29430,203585.00,0.1907,0.312671,0.0135
DQN,1024,328,29520,207475.00,0.1882,0.324091,0.0134
DQN,1024,329,29610,223715.00,0.1857,0.314436,0.0136
DQN,1024,330,29700,205492.50,0.1833,0.319693,0.0134
DQN,1024,331,29790,213915.00,0.1808,0.310491,0.0134
DQN,1024,332,29880,234930.00,0.1783,0.309476,0.0135
DQN,1024,333,29970,213312.50,0.1758,0.299806,0.0134
DQN,1024,334,30060,213000.00,0.1734,0.307639,0.0167
DQN,1024,335,30150,206177.50,0.1709,0.299478,0.0139
DQN,1024,336,30240,216315.00,0.1684,0.294624,0.0168
DQN,1024,337,30330,215150.00,0.1659,0.303492,0.0140
DQN,1024,338,30420,217685.00,0.1634,0.293053,0.0136
DQN,1024,339,30510,204010.00,0.1610,0.303136,0.0134
DQN,1024,340,30600,190732.50,0.1585,0.310472,0.0134
DQN,1024,341,30690,198310.00,0.1560,0.315427,0.0174
DQN,1024,342,30780,215760.00,0.1536,0.312342,0.0170
DQN,1024,343,30870,210417.50,0.1511,0.311715,0.0141
DQN,1024,344,30960,211667.50,0.1486,0.305659,0.0135
DQN,1024,345,31050,217307.50,0.1461,0.311075,0.0134
DQN,1024,346,31140,219782.50,0.1437,0.286153,0.0135
DQN,1024,347,31230,211460.00,0.1412,0.295856,0.0201
DQN,1024,348,31320,207567.50,0.1387,0.302398,0.0154
DQN,1024,349,31410,211730.00,0.1362,0.300724,0.0169
DQN,1024,350,31500,209412.50,0.1338,0.287926,0.0162
DQN,1024,351,31590,216675.00,0.1313,0.296615,0.0172
DQN,1024,352,31680,215657.50,0.1288,0.291309,0.0201
DQN,1024,353,31770,210370.00,0.1263,0.291067,0.0161
DQN,1024,354,31860,218535.00,0.1239,0.280107,0.0165
DQN,1024,355,31950,228650.00,0.1214,0.274249,0.0181
DQN,1024,356,32040,212140.00,0.1189,0.301514,0.0174
DQN,1024,357,32130,210117.50,0.1164,0.280013,0.0148
DQN,1024,358,32220,214967.50,0.1139,0.283329,0.0136
DQN,1024,359,32310,214637.50,0.1115,0.288252,0.0135
DQN,1024,360,32400,208477.50,0.1090,0.281043,0.0134
DQN,1024,361,32490,211982.50,0.1065,0.277736,0.0154
DQN,1024,362,32580,215665.00,0.1040,0.282137,0.0139
DQN,1024,363,32670,214030.00,0.1016,0.280825,0.0136
DQN,1024,364,32760,218072.50,0.0991,0.282969,0.0134
DQN,1024,365,32850,221855.00,0.0966,0.264655,0.0135
DQN,1024,366,32940,223675.00,0.0941,0.290419,0.0134
DQN,1024,367,33030,214997.50,0.0917,0.273736,0.0136
DQN,1024,368,33120,204290.00,0.0892,0.285005,0.0135
DQN,1024,369,33210,199347.50,0.0867,0.296843,0.0136
DQN,1024,370,33300,206702.50,0.0842,0.285688,0.0136
DQN,1024,371,33390,217005.00,0.0818,0.281727,0.0137
DQN,1024,372,33480,197462.50,0.0793,0.286827,0.0137
DQN,1024,373,33570,219177.50,0.0768,0.292974,0.0137
DQN,1024,374,33660,208867.50,0.0743,0.276711,0.0137
DQN,1024,375,33750,211932.50,0.0719,0.268102,0.0137
DQN,1024,376,33840,204527.50,0.0694,0.271352,0.0156
DQN,1024,377,33930,211955.00,0.0669,0.296028,0.0137
DQN,1024,378,34020,210305.00,0.0645,0.269591,0.0135
DQN,1024,379,34110,201110.00,0.0620,0.277785,0.0135
DQN,1024,380,34200,212325.00,0.0595,0.274004,0.0136
DQN,1024,381,34290,210305.00,0.0570,0.268369,0.0135
DQN,1024,382,34380,209195.00,0.0546,0.271852,0.0135
DQN,1024,383,34470,208277.50,0.0521,0.274552,0.0134
DQN,1024,384,34560,202007.50,0.0496,0.274859,0.0135
DQN,1024,385,34650,217207.50,0.0471,0.263112,0.0135
DQN,1024,386,34740,209505.00,0.0447,0.263377,0.0189
DQN,1024,387,34830,231525.00,0.0422,0.258987,0.0144
DQN,1024,388,34920,218300.00,0.0397,0.256281,0.0158
DQN,1024,389,35010,215977.50,0.0372,0.267058,0.0140
DQN,1024,390,35100,209622.50,0.0348,0.253268,0.0171
DQN,1024,391,35190,207077.50,0.0323,0.265393,0.0139
DQN,1024,392,35280,213555.00,0.0298,0.260932,0.0137
DQN,1024,393,35370,206657.50,0.0273,0.257324,0.0134
DQN,1024,394,35460,207487.50,0.0249,0.255699,0.0135
DQN,1024,395,35550,208070.00,0.0224,0.253602,0.0136
DQN,1024,396,35640,216035.00,0.0199,0.268273,0.0136
DQN,1024,397,35730,219007.50,0.0174,0.252638,0.0134
DQN,1024,398,35820,206542.50,0.0150,0.255409,0.0135
DQN,1024,399,35910,216292.50,0.0125,0.250346,0.0135
DQN,1024,400,36000,207502.50,0.0100,0.259427,0.0135
DQN,1024,401,36090,205495.00,0.0100,0.248052,0.0173
DQN,1024,402,36180,219867.50,0.0100,0.246078,0.0248
DQN,1024,403,36270,215365.00,0.0100,0.238133,0.0242
DQN,1024,404,36360,220662.50,0.0100,0.234551,0.0252
DQN,1024,405,36450,219710.00,0.0100,0.247226,0.0151
DQN,1024,406,36540,208602.50,0.0100,0.237796,0.0137
DQN,1024,407,36630,213152.50,0.0100,0.228351,0.0136
DQN,1024,408,36720,229952.50,0.0100,0.250374,0.0157
DQN,1024,409,36810,220130.00,0.0100,0.239694,0.0159
DQN,1024,410,36900,223115.00,0.0100,0.230281,0.0142
DQN,1024,411,36990,218300.00,0.0100,0.246021,0.0154
DQN,1024,412,37080,213492.50,0.0100,0.244871,0.0136
DQN,1024,413,37170,210495.00,0.0100,0.244855,0.0171
DQN,1024,414,37260,218287.50,0.0100,0.245234,0.0142
DQN,1024,415,37350,201827.50,0.0100,0.258227,0.0136
DQN,1024,416,37440,208475.00,0.0100,0.253678,0.0134
DQN,1024,417,37530,207417.50,0.0100,0.235292,0.0135
DQN,1024,418,37620,215880.00,0.0100,0.239420,0.0136
DQN,1024,419,37710,214452.50,0.0100,0.227440,0.0136
DQN,1024,420,37800,210355.00,0.0100,0.222116,0.0137
DQN,1024,421,37890,219717.50,0.0100,0.229524,0.0136
DQN,1024,422,37980,206215.00,0.0100,0.221454,0.0137
DQN,1024,423,38070,208727.50,0.0100,0.232108,0.0137
DQN,1024,424,38160,217575.00,0.0100,0.219251,0.0137
DQN,1024,425,38250,212277.50,0.0100,0.224518,0.0138
DQN,1024,426,38340,214262.50,0.0100,0.222754,0.0138
DQN,1024,427,38430,218980.00,0.0100,0.219931,0.0137
DQN,1024,428,38520,210340.00,0.0100,0.226355,0.0138
DQN,1024,429,38610,195265.00,0.0100,0.237765,0.0138
DQN,1024,430,38700,205407.50,0.0100,0.232246,0.0137
DQN,1024,431,38790,195390.00,0.0100,0.228351,0.0163
DQN,1024,432,38880,200387.50,0.0100,0.223183,0.0138
DQN,1024,433,38970,199807.50,0.0100,0.227908,0.0135
DQN,1024,434,39060,196915.00,0.0100,0.224649,0.0134
DQN,1024,435,39150,203600.00,0.0100,0.224640,0.0134
DQN,1024,436,39240,220232.50,0.0100,0.215161,0.0155
DQN,1024,437,39330,208560.00,0.0100,0.220704,0.0139
DQN,1024,438,39420,212970.00,0.0100,0.225898,0.0134
DQN,1024,439,39510,222667.50,0.0100,0.229443,0.0134
DQN,1024,440,39600,206760.00,0.0100,0.237782,0.0134
DQN,1024,441,39690,193297.50,0.0100,0.239195,0.0135
DQN,1024,442,39780,212787.50,0.0100,0.244422,0.0134
DQN,1024,443,39870,190745.00,0.0100,0.229519,0.0134
DQN,1024,444,39960,196287.50,0.0100,0.227044,0.0135
DQN,1024,445,40050,204077.50,0.0100,0.224217,0.0134
DQN,1024,446,40140,207700.00,0.0100,0.205536,0.0135
DQN,1024,447,40230,215762.50,0.0100,0.218706,0.0135
DQN,1024,448,40320,214632.50,0.0100,0.210113,0.0134
DQN,1024,449,40410,199170.00,0.0100,0.208444,0.0174
DQN,1024,450,40500,209800.00,0.0100,0.208721,0.0138
DQN,1024,451,40590,225762.50,0.0100,0.201860,0.0182
DQN,1024,452,40680,221970.00,0.0100,0.195805,0.0158
DQN,1024,453,40770,220392.50,0.0100,0.197343,0.0137
DQN,1024,454,40860,214692.50,0.0100,0.202821,0.0134
DQN,1024,455,40950,215987.50,0.0100,0.202660,0.0160
DQN,1024,456,41040,215977.50,0.0100,0.212775,0.0141
DQN,1024,457,41130,204920.00,0.0100,0.223169,0.0135
DQN,1024,458,41220,223927.50,0.0100,0.232650,0.0135
DQN,1024,459,41310,212710.00,0.0100,0.225527,0.0134
DQN,1024,460,41400,214100.00,0.0100,0.223119,0.0135
DQN,1024,461,41490,204110.00,0.0100,0.217400,0.0134
DQN,1024,462,41580,180092.50,0.0100,0.232185,0.0135
DQN,1024,463,41670,185777.50,0.0100,0.249672,0.0134
DQN,1024,464,41760,191005.00,0.0100,0.228452,0.0134
DQN,1024,465,41850,187582.50,0.0100,0.223051,0.0134
DQN,1024,466,41940,176340.00,0.0100,0.231581,0.0134
DQN,1024,467,42030,172700.00,0.0100,0.228747,0.0135
DQN,1024,468,42120,214802.50,0.0100,0.211503,0.0134
DQN,1024,469,42210,203782.50,0.0100,0.211990,0.0135
DQN,1024,470,42300,197300.00,0.0100,0.206843,0.0156
DQN,1024,471,42390,210687.50,0.0100,0.204731,0.0138
DQN,1024,472,42480,204945.00,0.0100,0.207482,0.0135
DQN,1024,473,42570,226797.50,0.0100,0.195686,0.0135
DQN,1024,474,42660,210185.00,0.0100,0.179887,0.0135
DQN,1024,475,42750,214492.50,0.0100,0.188600,0.0135
DQN,1024,476,42840,212375.00,0.0100,0.186469,0.0134
DQN,1024,477,42930,207845.00,0.0100,0.185558,0.0135
DQN,1024,478,43020,217230.00,0.0100,0.195372,0.0135
DQN,1024,479,43110,224142.50,0.0100,0.199816,0.0147
DQN,1024,480,43200,194762.50,0.0100,0.203130,0.0138
DQN,1024,481,43290,200977.50,0.0100,0.203127,0.0134
DQN,1024,482,43380,203855.00,0.0100,0.197885,0.0134
DQN,1024,483,43470,195335.00,0.0100,0.203821,0.0134
DQN,1024,484,43560,203195.00,0.0100,0.195122,0.0134
DQN,1024,485,43650,209440.00,0.0100,0.177771,0.0134
DQN,1024,486,43740,213350.00,0.0100,0.184773,0.0172
DQN,1024,487,43830,224930.00,0.0100,0.193292,0.0190
DQN,1024,488,43920,217357.50,0.0100,0.192381,0.0140
DQN,1024,489,44010,222495.00,0.0100,0.185043,0.0138
DQN,1024,490,44100,181212.50,0.0100,0.205629,0.0167
DQN,1024,491,44190,179130.00,0.0100,0.204697,0.0140
DQN,1024,492,44280,180612.50,0.0100,0.202084,0.0136
DQN,1024,493,44370,167542.50,0.0100,0.206111,0.0186
DQN,1024,494,44460,164445.00,0.0100,0.195516,0.0159
DQN,1024,495,44550,163052.50,0.0100,0.197531,0.0139
DQN,1024,496,44640,206820.00,0.0100,0.185553,0.0163
DQN,1024,497,44730,218425.00,0.0100,0.190553,0.0155
DQN,1024,498,44820,211927.50,0.0100,0.190070,0.0137
DQN,1024,499,44910,214667.50,0.0100,0.181846,0.0137
DQN,1024,500,45000,221692.50,0.0100,0.175165,0.0136
