policy,seed,episode,total_steps,reward,epsilon,loss,duration_sec
DQN,42,1,90,9302.00,0.9975,0.000000,0.0004
DQN,42,2,180,69539.00,0.9950,0.000000,0.0004
DQN,42,3,270,-28290.00,0.9926,0.000000,0.0004
DQN,42,4,360,18678.00,0.9901,0.000000,0.0004
DQN,42,5,450,-61470.00,0.9876,0.000000,0.0005
DQN,42,6,540,49847.00,0.9851,4.272378,0.0079
DQN,42,7,630,55008.00,0.9827,2.800761,0.0142
DQN,42,8,720,-7169.00,0.9802,1.467552,0.0133
DQN,42,9,810,-99129.00,0.9777,1.367824,0.0120
DQN,42,10,900,-54718.00,0.9752,1.295645,0.0177
DQN,42,11,990,28849.00,0.9728,1.212230,0.0142
DQN,42,12,1080,-10242.00,0.9703,2.889336,0.0128
DQN,42,13,1170,19670.00,0.9678,1.172468,0.0127
DQN,42,14,1260,50795.00,0.9654,1.133049,0.0130
DQN,42,15,1350,23299.00,0.9629,1.047326,0.0132
DQN,42,16,1440,44905.00,0.9604,1.040316,0.0121
DQN,42,17,1530,15059.00,0.9579,1.744306,0.0140
DQN,42,18,1620,39938.00,0.9555,1.112563,0.0117
DQN,42,19,1710,61520.00,0.9530,1.002745,0.0132
DQN,42,20,1800,-692.00,0.9505,0.950305,0.0123
DQN,42,21,1890,2578.00,0.9480,0.902862,0.0154
DQN,42,22,1980,1424.00,0.9456,0.871797,0.0127
DQN,42,23,2070,32163.00,0.9431,1.605053,0.0130
DQN,42,24,2160,90381.00,0.9406,0.984726,0.0145
DQN,42,25,2250,90262.00,0.9381,0.941410,0.0118
DQN,42,26,2340,5298.00,0.9356,0.907628,0.0128
DQN,42,27,2430,44859.00,0.9332,0.873041,0.0134
DQN,42,28,2520,81972.00,0.9307,1.390280,0.0183
DQN,42,29,2610,-2582.00,0.9282,1.129112,0.0144
DQN,42,30,2700,-5331.00,0.9257,1.008604,0.0122
DQN,42,31,2790,-25963.00,0.9233,0.971421,0.0149
DQN,42,32,2880,69390.00,0.9208,0.940793,0.0120
DQN,42,33,2970,54538.00,0.9183,0.923184,0.0128
DQN,42,34,3060,17667.00,0.9159,1.431740,0.0134
DQN,42,35,3150,29696.00,0.9134,1.055112,0.0133
DQN,42,36,3240,-2804.00,0.9109,0.985918,0.0132
DQN,42,37,3330,50644.00,0.9084,0.950915,0.0218
DQN,42,38,3420,10198.00,0.9060,0.946904,0.0119
DQN,42,39,3510,13111.00,0.9035,1.195615,0.0128
DQN,42,40,3600,27118.00,0.9010,1.079299,0.0122
DQN,42,41,3690,55776.00,0.8985,0.939297,0.0147
DQN,42,42,3780,40103.00,0.8961,0.923094,0.0123
DQN,42,43,3870,23429.00,0.8936,0.924846,0.0124
DQN,42,44,3960,48094.00,0.8911,0.902935,0.0138
DQN,42,45,4050,10664.00,0.8886,1.157043,0.0130
DQN,42,46,4140,41444.00,0.8861,0.818283,0.0136
DQN,42,47,4230,29810.00,0.8837,0.819367,0.0126
DQN,42,48,4320,76405.00,0.8812,0.806504,0.0128
DQN,42,49,4410,-78529.00,0.8787,0.769772,0.0128
DQN,42,50,4500,68326.00,0.8762,0.781880,0.0143
DQN,42,51,4590,42266.00,0.8738,0.830609,0.0165
DQN,42,52,4680,83776.00,0.8713,0.683190,0.0147
DQN,42,53,4770,48323.00,0.8688,0.657746,0.0152
DQN,42,54,4860,9829.00,0.8663,0.637673,0.0166
DQN,42,55,4950,89602.00,0.8639,0.635359,0.0124
DQN,42,56,5040,39697.00,0.8614,0.676964,0.0121
DQN,42,57,5130,49090.00,0.8589,0.583826,0.0143
DQN,42,58,5220,17351.00,0.8565,0.579198,0.0123
DQN,42,59,5310,12073.00,0.8540,0.562789,0.0146
DQN,42,60,5400,81213.00,0.8515,0.559580,0.0133
DQN,42,61,5490,50911.00,0.8490,0.546867,0.0134
DQN,42,62,5580,62619.00,0.8466,0.585954,0.0168
DQN,42,63,5670,66479.00,0.8441,0.548947,0.0131
DQN,42,64,5760,65524.00,0.8416,0.529826,0.0161
DQN,42,65,5850,68165.00,0.8391,0.546739,0.0123
DQN,42,66,5940,67415.00,0.8367,0.544223,0.0128
DQN,42,67,6030,17212.00,0.8342,0.534880,0.0147
DQN,42,68,6120,35.00,0.8317,0.529057,0.0135
DQN,42,69,6210,26821.00,0.8292,0.540926,0.0131
DQN,42,70,6300,49518.00,0.8267,0.526903,0.0127
DQN,42,71,6390,-44035.00,0.8243,0.523325,0.0148
DQN,42,72,6480,94947.00,0.8218,0.527665,0.0125
DQN,42,73,6570,78325.00,0.8193,0.534220,0.0132
DQN,42,74,6660,19309.00,0.8168,0.526945,0.0133
DQN,42,75,6750,-8997.00,0.8144,0.532947,0.0143
DQN,42,76,6840,44414.00,0.8119,0.542543,0.0140
DQN,42,77,6930,81280.00,0.8094,0.525441,0.0128
DQN,42,78,7020,62833.00,0.8070,0.497766,0.0133
DQN,42,79,7110,49922.00,0.8045,0.529642,0.0161
DQN,42,80,7200,100228.00,0.8020,0.534914,0.0192
DQN,42,81,7290,77562.00,0.7995,0.507046,0.0182
DQN,42,82,7380,41136.00,0.7971,0.511369,0.0163
DQN,42,83,7470,79864.00,0.7946,0.505637,0.0158
DQN,42,84,7560,92121.00,0.7921,0.522060,0.0133
DQN,42,85,7650,103978.00,0.7896,0.514905,0.0135
DQN,42,86,7740,73029.00,0.7872,0.543059,0.0143
DQN,42,87,7830,67405.00,0.7847,0.521037,0.0194
DQN,42,88,7920,13575.00,0.7822,0.519820,0.0134
DQN,42,89,8010,76952.00,0.7797,0.510983,0.0129
DQN,42,90,8100,115784.00,0.7772,0.526923,0.0125
DQN,42,91,8190,87785.00,0.7748,0.518406,0.0139
DQN,42,92,8280,104580.00,0.7723,0.516016,0.0161
DQN,42,93,8370,94594.00,0.7698,0.516135,0.0169
DQN,42,94,8460,100253.00,0.7673,0.496126,0.0132
DQN,42,95,8550,109373.00,0.7649,0.517551,0.0119
DQN,42,96,8640,116123.00,0.7624,0.512384,0.0122
DQN,42,97,8730,25745.00,0.7599,0.494111,0.0125
DQN,42,98,8820,133618.00,0.7574,0.515606,0.0133
DQN,42,99,8910,85371.00,0.7550,0.507083,0.0135
DQN,42,100,9000,54736.00,0.7525,0.521026,0.0137
DQN,42,101,9090,61397.00,0.7500,0.488734,0.0142
DQN,42,102,9180,114175.00,0.7475,0.490569,0.0152
DQN,42,103,9270,124581.00,0.7451,0.492271,0.0123
DQN,42,104,9360,144176.00,0.7426,0.486737,0.0133
DQN,42,105,9450,66423.00,0.7401,0.481009,0.0125
DQN,42,106,9540,95962.00,0.7376,0.496321,0.0136
DQN,42,107,9630,112331.00,0.7352,0.481432,0.0126
DQN,42,108,9720,116691.00,0.7327,0.479270,0.0171
DQN,42,109,9810,51332.00,0.7302,0.491416,0.0168
DQN,42,110,9900,81927.00,0.7278,0.471978,0.0121
DQN,42,111,9990,109519.00,0.7253,0.478939,0.0137
DQN,42,112,10080,56495.00,0.7228,0.487037,0.0123
DQN,42,113,10170,129478.00,0.7203,0.485396,0.0152
DQN,42,114,10260,107049.00,0.7179,0.478528,0.0125
DQN,42,115,10350,87780.00,0.7154,0.473503,0.0127
DQN,42,116,10440,108367.00,0.7129,0.474237,0.0130
DQN,42,117,10530,125630.00,0.7104,0.492950,0.0129
DQN,42,118,10620,78944.00,0.7080,0.473699,0.0130
DQN,42,119,10710,110256.00,0.7055,0.478511,0.0242
DQN,42,120,10800,90225.00,0.7030,0.473037,0.0132
DQN,42,121,10890,91492.00,0.7005,0.479545,0.0128
DQN,42,122,10980,101815.00,0.6981,0.455698,0.0142
DQN,42,123,11070,35782.00,0.6956,0.472142,0.0130
DQN,42,124,11160,105586.00,0.6931,0.466513,0.0130
DQN,42,125,11250,56564.00,0.6906,0.456706,0.0184
DQN,42,126,11340,79841.00,0.6882,0.472436,0.0162
DQN,42,127,11430,108196.00,0.6857,0.476632,0.0127
DQN,42,128,11520,65401.00,0.6832,0.472836,0.0129
DQN,42,129,11610,100329.00,0.6807,0.462575,0.0139
DQN,42,130,11700,120196.00,0.6783,0.459614,0.0131
DQN,42,131,11790,109034.00,0.6758,0.444775,0.0130
DQN,42,132,11880,82352.00,0.6733,0.454909,0.0132
DQN,42,133,11970,137848.00,0.6708,0.443877,0.0131
DQN,42,134,12060,101516.00,0.6683,0.465246,0.0131
DQN,42,135,12150,128704.00,0.6659,0.451257,0.0132
DQN,42,136,12240,135593.00,0.6634,0.439042,0.0131
DQN,42,137,12330,79322.00,0.6609,0.461037,0.0157
DQN,42,138,12420,64866.00,0.6584,0.466711,0.0120
DQN,42,139,12510,104525.00,0.6560,0.452477,0.0129
DQN,42,140,12600,69142.00,0.6535,0.457211,0.0133
DQN,42,141,12690,121455.00,0.6510,0.445463,0.0157
DQN,42,142,12780,109282.00,0.6485,0.446438,0.0127
DQN,42,143,12870,130866.00,0.6461,0.469549,0.0130
DQN,42,144,12960,97540.00,0.6436,0.448004,0.0131
DQN,42,145,13050,125901.00,0.6411,0.446155,0.0139
DQN,42,146,13140,72701.00,0.6386,0.440802,0.0155
DQN,42,147,13230,97430.00,0.6362,0.429769,0.0121
DQN,42,148,13320,74451.00,0.6337,0.428737,0.0152
DQN,42,149,13410,102361.00,0.6312,0.438255,0.0131
DQN,42,150,13500,108926.00,0.6288,0.425623,0.0129
DQN,42,151,13590,82075.00,0.6263,0.436684,0.0186
DQN,42,152,13680,112426.00,0.6238,0.416005,0.0155
DQN,42,153,13770,125534.00,0.6213,0.430433,0.0130
DQN,42,154,13860,141438.00,0.6189,0.430126,0.0140
DQN,42,155,13950,81924.00,0.6164,0.426227,0.0166
DQN,42,156,14040,125426.00,0.6139,0.430654,0.0124
DQN,42,157,14130,96853.00,0.6114,0.421493,0.0133
DQN,42,158,14220,136172.00,0.6089,0.426544,0.0158
DQN,42,159,14310,119003.00,0.6065,0.417638,0.0141
DQN,42,160,14400,123053.00,0.6040,0.417085,0.0130
DQN,42,161,14490,110724.00,0.6015,0.406696,0.0132
DQN,42,162,14580,122148.00,0.5990,0.412913,0.0156
DQN,42,163,14670,137582.00,0.5966,0.413534,0.0215
DQN,42,164,14760,125608.00,0.5941,0.429526,0.0129
DQN,42,165,14850,130480.00,0.5916,0.428888,0.0129
DQN,42,166,14940,128808.00,0.5892,0.406634,0.0131
DQN,42,167,15030,123892.00,0.5867,0.408459,0.0131
DQN,42,168,15120,118756.00,0.5842,0.414677,0.0147
DQN,42,169,15210,120940.00,0.5817,0.403506,0.0132
DQN,42,170,15300,105636.00,0.5793,0.383505,0.0130
DQN,42,171,15390,108812.00,0.5768,0.392334,0.0124
DQN,42,172,15480,97264.00,0.5743,0.409362,0.0129
DQN,42,173,15570,120950.00,0.5718,0.400862,0.0130
DQN,42,174,15660,77915.00,0.5694,0.394285,0.0144
DQN,42,175,15750,108218.00,0.5669,0.399380,0.0125
DQN,42,176,15840,131280.00,0.5644,0.392843,0.0133
DQN,42,177,15930,94197.00,0.5619,0.395550,0.0125
DQN,42,178,16020,121539.00,0.5595,0.378643,0.0139
DQN,42,179,16110,96756.00,0.5570,0.388574,0.0124
DQN,42,180,16200,119678.00,0.5545,0.397182,0.0132
DQN,42,181,16290,124318.00,0.5520,0.387164,0.0134
DQN,42,182,16380,98975.00,0.5495,0.377545,0.0134
DQN,42,183,16470,118421.00,0.5471,0.374953,0.0135
DQN,42,184,16560,131881.00,0.5446,0.362240,0.0136
DQN,42,185,16650,101565.00,0.5421,0.376283,0.0136
DQN,42,186,16740,88110.00,0.5396,0.381012,0.0162
DQN,42,187,16830,94532.00,0.5372,0.383748,0.0146
DQN,42,188,16920,124183.00,0.5347,0.378617,0.0142
DQN,42,189,17010,140942.00,0.5322,0.381059,0.0129
DQN,42,190,17100,107067.00,0.5297,0.366232,0.0130
DQN,42,191,17190,114955.00,0.5273,0.377830,0.0136
DQN,42,192,17280,110294.00,0.5248,0.395241,0.0130
DQN,42,193,17370,135301.00,0.5223,0.388442,0.0173
DQN,42,194,17460,101931.00,0.5199,0.387167,0.0125
DQN,42,195,17550,128681.00,0.5174,0.375276,0.0147
DQN,42,196,17640,133636.00,0.5149,0.382926,0.0125
DQN,42,197,17730,123883.00,0.5124,0.391981,0.0144
DQN,42,198,17820,122544.00,0.5100,0.369585,0.0129
DQN,42,199,17910,128887.00,0.5075,0.383646,0.0130
DQN,42,200,18000,123747.00,0.5050,0.369674,0.0132
DQN,42,201,18090,129544.00,0.5025,0.379960,0.0132
DQN,42,202,18180,129536.00,0.5000,0.380366,0.0174
DQN,42,203,18270,105758.00,0.4976,0.381177,0.0142
DQN,42,204,18360,120834.00,0.4951,0.380455,0.0131
DQN,42,205,18450,124323.00,0.4926,0.374994,0.0142
DQN,42,206,18540,114036.00,0.4901,0.367192,0.0130
DQN,42,207,18630,120606.00,0.4877,0.373719,0.0128
DQN,42,208,18720,122649.00,0.4852,0.362774,0.0138
DQN,42,209,18810,136545.00,0.4827,0.361502,0.0151
DQN,42,210,18900,129220.00,0.4802,0.352912,0.0195
DQN,42,211,18990,101199.00,0.4778,0.356385,0.0133
DQN,42,212,19080,124605.00,0.4753,0.359807,0.0140
DQN,42,213,19170,123047.00,0.4728,0.374849,0.0126
DQN,42,214,19260,118120.00,0.4703,0.360625,0.0133
DQN,42,215,19350,126247.00,0.4679,0.370291,0.0135
DQN,42,216,19440,128221.00,0.4654,0.379437,0.0142
DQN,42,217,19530,134242.00,0.4629,0.357981,0.0136
DQN,42,218,19620,132267.00,0.4604,0.356947,0.0187
DQN,42,219,19710,127343.00,0.4580,0.363906,0.0123
DQN,42,220,19800,101600.00,0.4555,0.371448,0.0128
DQN,42,221,19890,124417.00,0.4530,0.366093,0.0129
DQN,42,222,19980,121169.00,0.4506,0.354101,0.0130
DQN,42,223,20070,119912.00,0.4481,0.377827,0.0131
DQN,42,224,20160,135997.00,0.4456,0.355377,0.0151
DQN,42,225,20250,128111.00,0.4431,0.341288,0.0129
DQN,42,226,20340,107258.00,0.4407,0.356880,0.0128
DQN,42,227,20430,111828.00,0.4382,0.346592,0.0156
DQN,42,228,20520,134975.00,0.4357,0.342944,0.0128
DQN,42,229,20610,117252.00,0.4332,0.357850,0.0131
DQN,42,230,20700,130728.00,0.4308,0.347566,0.0156
DQN,42,231,20790,130130.00,0.4283,0.350026,0.0131
DQN,42,232,20880,93907.00,0.4258,0.333083,0.0133
DQN,42,233,20970,128407.00,0.4233,0.332661,0.0133
DQN,42,234,21060,132579.00,0.4209,0.337363,0.0159
DQN,42,235,21150,117974.00,0.4184,0.342682,0.0122
DQN,42,236,21240,134503.00,0.4159,0.330493,0.0127
DQN,42,237,21330,135186.00,0.4134,0.327284,0.0159
DQN,42,238,21420,112191.00,0.4110,0.318056,0.0129
DQN,42,239,21510,141815.00,0.4085,0.328836,0.0132
DQN,42,240,21600,137659.00,0.4060,0.317938,0.0178
DQN,42,241,21690,125953.00,0.4035,0.340429,0.0146
DQN,42,242,21780,125933.00,0.4011,0.317650,0.0124
DQN,42,243,21870,119468.00,0.3986,0.314508,0.0129
DQN,42,244,21960,119970.00,0.3961,0.309524,0.0148
DQN,42,245,22050,110273.00,0.3936,0.318332,0.0128
DQN,42,246,22140,117450.00,0.3911,0.306624,0.0128
DQN,42,247,22230,124170.00,0.3887,0.311519,0.0138
DQN,42,248,22320,109380.00,0.3862,0.310576,0.0138
DQN,42,249,22410,146829.00,0.3837,0.315764,0.0149
DQN,42,250,22500,113811.00,0.3812,0.305247,0.0131
DQN,42,251,22590,144668.00,0.3788,0.296574,0.0156
DQN,42,252,22680,130161.00,0.3763,0.285470,0.0210
DQN,42,253,22770,129890.00,0.3738,0.286558,0.0132
DQN,42,254,22860,111843.00,0.3713,0.281198,0.0149
DQN,42,255,22950,143125.00,0.3689,0.289083,0.0161
DQN,42,256,23040,135495.00,0.3664,0.273761,0.0177
DQN,42,257,23130,123837.00,0.3639,0.283306,0.0148
DQN,42,258,23220,136706.00,0.3614,0.275246,0.0135
DQN,42,259,23310,115071.00,0.3590,0.270141,0.0125
DQN,42,260,23400,139791.00,0.3565,0.275134,0.0130
DQN,42,261,23490,141026.00,0.3540,0.269073,0.0138
DQN,42,262,23580,121995.00,0.3516,0.279623,0.0143
DQN,42,263,23670,142036.00,0.3491,0.267422,0.0196
DQN,42,264,23760,150405.00,0.3466,0.275927,0.0152
DQN,42,265,23850,142554.00,0.3441,0.267214,0.0157
DQN,42,266,23940,137026.00,0.3417,0.271206,0.0125
DQN,42,267,24030,137348.00,0.3392,0.260584,0.0128
DQN,42,268,24120,133827.00,0.3367,0.265998,0.0154
DQN,42,269,24210,145467.00,0.3342,0.267161,0.0125
DQN,42,270,24300,121601.00,0.3317,0.269747,0.0128
DQN,42,271,24390,121445.00,0.3293,0.254398,0.0130
DQN,42,272,24480,148245.00,0.3268,0.269652,0.0132
DQN,42,273,24570,139470.00,0.3243,0.264989,0.0147
DQN,42,274,24660,133070.00,0.3218,0.267066,0.0127
DQN,42,275,24750,143332.00,0.3194,0.255287,0.0132
DQN,42,276,24840,141273.00,0.3169,0.265388,0.0142
DQN,42,277,24930,140670.00,0.3144,0.260270,0.0125
DQN,42,278,25020,134078.00,0.3120,0.244225,0.0130
DQN,42,279,25110,132456.00,0.3095,0.252552,0.0149
DQN,42,280,25200,119893.00,0.3070,0.254562,0.0130
DQN,42,281,25290,144572.00,0.3045,0.245318,0.0148
DQN,42,282,25380,129847.00,0.3021,0.252176,0.0126
DQN,42,283,25470,143300.00,0.2996,0.250098,0.0133
DQN,42,284,25560,128362.00,0.2971,0.244449,0.0127
DQN,42,285,25650,128564.00,0.2946,0.234658,0.0132
DQN,42,286,25740,144129.00,0.2922,0.239007,0.0132
DQN,42,287,25830,128898.00,0.2897,0.239888,0.0134
DQN,42,288,25920,145662.00,0.2872,0.233767,0.0132
DQN,42,289,26010,135668.00,0.2847,0.238140,0.0157
DQN,42,290,26100,136654.00,0.2823,0.229136,0.0136
DQN,42,291,26190,140332.00,0.2798,0.224937,0.0129
DQN,42,292,26280,150657.00,0.2773,0.222576,0.0143
DQN,42,293,26370,147614.00,0.2748,0.223368,0.0134
DQN,42,294,26460,141621.00,0.2723,0.219611,0.0136
DQN,42,295,26550,115303.00,0.2699,0.213636,0.0158
DQN,42,296,26640,129527.00,0.2674,0.228779,0.0159
DQN,42,297,26730,124013.00,0.2649,0.221758,0.0147
DQN,42,298,26820,145779.00,0.2624,0.221130,0.0121
DQN,42,299,26910,135159.00,0.2600,0.220411,0.0124
DQN,42,300,27000,149831.00,0.2575,0.224003,0.0126
DQN,42,301,27090,136554.00,0.2550,0.213926,0.0160
DQN,42,302,27180,145896.00,0.2526,0.221946,0.0157
DQN,42,303,27270,129999.00,0.2501,0.220104,0.0141
DQN,42,304,27360,138545.00,0.2476,0.206254,0.0149
DQN,42,305,27450,148068.00,0.2451,0.203556,0.0157
DQN,42,306,27540,142531.00,0.2427,0.203270,0.0124
DQN,42,307,27630,142794.00,0.2402,0.220292,0.0169
DQN,42,308,27720,118222.00,0.2377,0.213182,0.0138
DQN,42,309,27810,129887.00,0.2352,0.203700,0.0128
DQN,42,310,27900,137093.00,0.2328,0.214901,0.0131
DQN,42,311,27990,136166.00,0.2303,0.203768,0.0131
DQN,42,312,28080,133246.00,0.2278,0.196141,0.0132
DQN,42,313,28170,135565.00,0.2253,0.205597,0.0132
DQN,42,314,28260,142879.00,0.2228,0.196847,0.0159
DQN,42,315,28350,147754.00,0.2204,0.202469,0.0124
DQN,42,316,28440,141276.00,0.2179,0.197594,0.0161
DQN,42,317,28530,147161.00,0.2154,0.196031,0.0128
DQN,42,318,28620,121112.00,0.2129,0.184824,0.0131
DQN,42,319,28710,144085.00,0.2105,0.191936,0.0133
DQN,42,320,28800,138834.00,0.2080,0.185687,0.0154
DQN,42,321,28890,141629.00,0.2055,0.190424,0.0142
DQN,42,322,28980,142390.00,0.2030,0.196145,0.0171
DQN,42,323,29070,144825.00,0.2006,0.184522,0.0124
DQN,42,324,29160,144539.00,0.1981,0.185484,0.0130
DQN,42,325,29250,138460.00,0.1956,0.177750,0.0145
DQN,42,326,29340,134658.00,0.1932,0.182344,0.0129
DQN,42,327,29430,133857.00,0.1907,0.184296,0.0156
DQN,42,328,29520,135337.00,0.1882,0.169841,0.0131
DQN,42,329,29610,152253.00,0.1857,0.168173,0.0133
DQN,42,330,29700,130968.00,0.1833,0.171449,0.0155
DQN,42,331,29790,126299.00,0.1808,0.170486,0.0164
DQN,42,332,29880,139206.00,0.1783,0.172829,0.0123
DQN,42,333,29970,151302.00,0.1758,0.166352,0.0217
DQN,42,334,30060,136742.00,0.1734,0.177264,0.0126
DQN,42,335,30150,134763.00,0.1709,0.176451,0.0297
DQN,42,336,30240,141082.00,0.1684,0.171616,0.0500
DQN,42,337,30330,139213.00,0.1659,0.177669,0.0124
DQN,42,338,30420,141146.00,0.1634,0.179783,0.0131
DQN,42,339,30510,144415.00,0.1610,0.174836,0.0133
DQN,42,340,30600,130130.00,0.1585,0.184010,0.0144
DQN,42,341,30690,135477.00,0.1560,0.171432,0.0122
DQN,42,342,30780,135550.00,0.1536,0.180233,0.0125
DQN,42,343,30870,150605.00,0.1511,0.173999,0.0127
DQN,42,344,30960,135279.00,0.1486,0.171848,0.0153
DQN,42,345,31050,151866.00,0.1461,0.172833,0.0133
DQN,42,346,31140,134496.00,0.1437,0.185708,0.0127
DQN,42,347,31230,137189.00,0.1412,0.183260,0.0143
DQN,42,348,31320,143416.00,0.1387,0.181758,0.0143
DQN,42,349,31410,143166.00,0.1362,0.184262,0.0136
DQN,42,350,31500,148134.00,0.1338,0.169812,0.0136
DQN,42,351,31590,139860.00,0.1313,0.174161,0.0158
DQN,42,352,31680,138505.00,0.1288,0.169338,0.0136
DQN,42,353,31770,141633.00,0.1263,0.172979,0.0134
DQN,42,354,31860,144154.00,0.1239,0.171300,0.0137
DQN,42,355,31950,143056.00,0.1214,0.180157,0.0147
DQN,42,356,32040,126032.00,0.1189,0.169624,0.0125
DQN,42,357,32130,134708.00,0.1164,0.164569,0.0127
DQN,42,358,32220,141181.00,0.1139,0.165126,0.0168
DQN,42,359,32310,154387.00,0.1115,0.172377,0.0167
DQN,42,360,32400,138988.00,0.1090,0.165889,0.0133
DQN,42,361,32490,135997.00,0.1065,0.168007,0.0126
DQN,42,362,32580,142910.00,0.1040,0.169379,0.0134
DQN,42,363,32670,138328.00,0.1016,0.158741,0.0125
DQN,42,364,32760,134103.00,0.0991,0.161705,0.0133
DQN,42,365,32850,145607.00,0.0966,0.165958,0.0133
DQN,42,366,32940,137449.00,0.0941,0.159438,0.0127
DQN,42,367,33030,135356.00,0.0917,0.163670,0.0139
DQN,42,368,33120,136992.00,0.0892,0.154563,0.0150
DQN,42,369,33210,135108.00,0.0867,0.159996,0.0137
DQN,42,370,33300,143045.00,0.0842,0.151951,0.0138
DQN,42,371,33390,135146.00,0.0818,0.156802,0.0167
DQN,42,372,33480,140288.00,0.0793,0.156692,0.0124
DQN,42,373,33570,135467.00,0.0768,0.149477,0.0134
DQN,42,374,33660,152166.00,0.0743,0.159912,0.0142
DQN,42,375,33750,152971.00,0.0719,0.154566,0.0146
DQN,42,376,33840,139243.00,0.0694,0.157428,0.0127
DQN,42,377,33930,128867.00,0.0669,0.150056,0.0127
DQN,42,378,34020,136245.00,0.0645,0.143654,0.0128
DQN,42,379,34110,146197.00,0.0620,0.148944,0.0137
DQN,42,380,34200,150280.00,0.0595,0.144258,0.0128
DQN,42,381,34290,141533.00,0.0570,0.143237,0.0136
DQN,42,382,34380,146269.00,0.0546,0.143504,0.0151
DQN,42,383,34470,150357.00,0.0521,0.143478,0.0167
DQN,42,384,34560,140981.00,0.0496,0.149355,0.0139
DQN,42,385,34650,132646.00,0.0471,0.145623,0.0125
DQN,42,386,34740,146454.00,0.0447,0.146319,0.0137
DQN,42,387,34830,137191.00,0.0422,0.148348,0.0144
DQN,42,388,34920,152193.00,0.0397,0.145044,0.0128
DQN,42,389,35010,144313.00,0.0372,0.147211,0.0135
DQN,42,390,35100,138285.00,0.0348,0.135564,0.0153
DQN,42,391,35190,136766.00,0.0323,0.135618,0.0122
DQN,42,392,35280,151449.00,0.0298,0.134370,0.0125
DQN,42,393,35370,150936.00,0.0273,0.136820,0.0142
DQN,42,394,35460,144803.00,0.0249,0.140277,0.0128
DQN,42,395,35550,148571.00,0.0224,0.132856,0.0136
DQN,42,396,35640,143926.00,0.0199,0.127273,0.0135
DQN,42,397,35730,149325.00,0.0174,0.129605,0.0161
DQN,42,398,35820,139853.00,0.0150,0.126019,0.0134
DQN,42,399,35910,146448.00,0.0125,0.123346,0.0128
DQN,42,400,36000,143580.00,0.0100,0.125665,0.0149
DQN,42,401,36090,136529.00,0.0100,0.122713,0.0131
DQN,42,402,36180,145055.00,0.0100,0.127273,0.0224
DQN,42,403,36270,144616.00,0.0100,0.119437,0.0145
DQN,42,404,36360,150181.00,0.0100,0.119815,0.0133
DQN,42,405,36450,147718.00,0.0100,0.115131,0.0134
DQN,42,406,36540,139084.00,0.0100,0.120947,0.0149
DQN,42,407,36630,140870.00,0.0100,0.114330,0.0137
DQN,42,408,36720,147118.00,0.0100,0.123596,0.0172
DQN,42,409,36810,137736.00,0.0100,0.123249,0.0180
DQN,42,410,36900,143706.00,0.0100,0.119359,0.0131
DQN,42,411,36990,142507.00,0.0100,0.119079,0.0157
DQN,42,412,37080,141380.00,0.0100,0.112237,0.0134
DQN,42,413,37170,136214.00,0.0100,0.123360,0.0138
DQN,42,414,37260,142745.00,0.0100,0.119938,0.0126
DQN,42,415,37350,148892.00,0.0100,0.123794,0.0135
DQN,42,416,37440,148106.00,0.0100,0.119318,0.0137
DQN,42,417,37530,143347.00,0.0100,0.116121,0.0138
DQN,42,418,37620,147296.00,0.0100,0.117572,0.0137
DQN,42,419,37710,141429.00,0.0100,0.123306,0.0140
DQN,42,420,37800,145099.00,0.0100,0.118687,0.0138
DQN,42,421,37890,150189.00,0.0100,0.117753,0.0138
DQN,42,422,37980,139726.00,0.0100,0.119819,0.0162
DQN,42,423,38070,148140.00,0.0100,0.115728,0.0131
DQN,42,424,38160,148013.00,0.0100,0.109995,0.0142
DQN,42,425,38250,147489.00,0.0100,0.107206,0.0127
DQN,42,426,38340,137929.00,0.0100,0.110300,0.0131
DQN,42,427,38430,135687.00,0.0100,0.120853,0.0132
DQN,42,428,38520,148025.00,0.0100,0.111253,0.0133
DQN,42,429,38610,136229.00,0.0100,0.114055,0.0201
DQN,42,430,38700,149471.00,0.0100,0.114652,0.0168
DQN,42,431,38790,148832.00,0.0100,0.108518,0.0130
DQN,42,432,38880,137139.00,0.0100,0.111643,0.0132
DQN,42,433,38970,144739.00,0.0100,0.114848,0.0133
DQN,42,434,39060,142264.00,0.0100,0.117754,0.0171
DQN,42,435,39150,156359.00,0.0100,0.114184,0.0207
DQN,42,436,39240,154151.00,0.0100,0.116478,0.0127
DQN,42,437,39330,147992.00,0.0100,0.121708,0.0133
DQN,42,438,39420,141343.00,0.0100,0.111642,0.0134
DQN,42,439,39510,142362.00,0.0100,0.114348,0.0136
DQN,42,440,39600,147689.00,0.0100,0.106918,0.0140
DQN,42,441,39690,143371.00,0.0100,0.110191,0.0130
DQN,42,442,39780,142405.00,0.0100,0.109142,0.0134
DQN,42,443,39870,146748.00,0.0100,0.110141,0.0136
DQN,42,444,39960,141886.00,0.0100,0.109194,0.0149
DQN,42,445,40050,149145.00,0.0100,0.109895,0.0125
DQN,42,446,40140,151849.00,0.0100,0.105920,0.0153
DQN,42,447,40230,141278.00,0.0100,0.108161,0.0141
DQN,42,448,40320,144110.00,0.0100,0.104018,0.0133
DQN,42,449,40410,136958.00,0.0100,0.108485,0.0132
DQN,42,450,40500,147082.00,0.0100,0.106284,0.0169
DQN,42,451,40590,141099.00,0.0100,0.111424,0.0162
DQN,42,452,40680,135659.00,0.0100,0.104922,0.0170
DQN,42,453,40770,139216.00,0.0100,0.097356,0.0135
DQN,42,454,40860,148596.00,0.0100,0.100708,0.0132
DQN,42,455,40950,131371.00,0.0100,0.105893,0.0136
DQN,42,456,41040,140867.00,0.0100,0.097408,0.0164
DQN,42,457,41130,143635.00,0.0100,0.101492,0.0150
DQN,42,458,41220,150023.00,0.0100,0.092945,0.0134
DQN,42,459,41310,145468.00,0.0100,0.092173,0.0131
DQN,42,460,41400,138746.00,0.0100,0.092892,0.0154
DQN,42,461,41490,153259.00,0.0100,0.092175,0.0153
DQN,42,462,41580,141616.00,0.0100,0.091843,0.0130
DQN,42,463,41670,140072.00,0.0100,0.093392,0.0136
DQN,42,464,41760,153297.00,0.0100,0.100555,0.0142
DQN,42,465,41850,141525.00,0.0100,0.099743,0.0150
DQN,42,466,41940,136710.00,0.0100,0.097122,0.0155
DQN,42,467,42030,139955.00,0.0100,0.094211,0.0160
DQN,42,468,42120,142673.00,0.0100,0.093415,0.0147
DQN,42,469,42210,139899.00,0.0100,0.097110,0.0128
DQN,42,470,42300,139005.00,0.0100,0.096904,0.0140
DQN,42,471,42390,148583.00,0.0100,0.091442,0.0144
DQN,42,472,42480,139188.00,0.0100,0.094395,0.0149
DQN,42,473,42570,136070.00,0.0100,0.093903,0.0156
DQN,42,474,42660,138141.00,0.0100,0.094864,0.0205
DQN,42,475,42750,141096.00,0.0100,0.090326,0.0148
DQN,42,476,42840,147776.00,0.0100,0.087510,0.0130
DQN,42,477,42930,138464.00,0.0100,0.089897,0.0207
DQN,42,478,43020,139684.00,0.0100,0.087621,0.0146
DQN,42,479,43110,141177.00,0.0100,0.087499,0.0199
DQN,42,480,43200,141495.00,0.0100,0.085098,0.0168
DQN,42,481,43290,148535.00,0.0100,0.084446,0.0170
DQN,42,482,43380,142856.00,0.0100,0.085472,0.0123
DQN,42,483,43470,145297.00,0.0100,0.079446,0.0130
DQN,42,484,43560,143704.00,0.0100,0.086844,0.0144
DQN,42,485,43650,138088.00,0.0100,0.086775,0.0130
DQN,42,486,43740,142249.00,0.0100,0.087844,0.0132
DQN,42,487,43830,143192.00,0.0100,0.088476,0.0133
DQN,42,488,43920,157265.00,0.0100,0.087132,0.0159
DQN,42,489,44010,141711.00,0.0100,0.085703,0.0123
DQN,42,490,44100,135555.00,0.0100,0.083213,0.0129
DQN,42,491,44190,149374.00,0.0100,0.083424,0.0134
DQN,42,492,44280,139187.00,0.0100,0.084882,0.0135
DQN,42,493,44370,146878.00,0.0100,0.083568,0.0135
DQN,42,494,44460,144390.00,0.0100,0.083549,0.0137
DQN,42,495,44550,146715.00,0.0100,0.086510,0.0139
DQN,42,496,44640,145226.00,0.0100,0.085282,0.0142
DQN,42,497,44730,141416.00,0.0100,0.084312,0.0175
DQN,42,498,44820,145464.00,0.0100,0.087342,0.0141
DQN,42,499,44910,150640.00,0.0100,0.086149,0.0154
DQN,42,500,45000,154685.00,0.0100,0.087448,0.0130
DQN,123,1,90,77553.00,0.9975,0.000000,0.0010
DQN,123,2,180,60246.00,0.9950,0.000000,0.0007
DQN,123,3,270,-16661.00,0.9926,0.000000,0.0004
DQN,123,4,360,7482.00,0.9901,0.000000,0.0004
DQN,123,5,450,-32737.00,0.9876,0.000000,0.0004
DQN,123,6,540,21057.00,0.9851,3.908494,0.0072
DQN,123,7,630,11452.00,0.9827,2.438040,0.0156
DQN,123,8,720,48587.00,0.9802,1.457730,0.0116
DQN,123,9,810,28570.00,0.9777,1.396361,0.0134
DQN,123,10,900,54736.00,0.9752,1.412856,0.0152
DQN,123,11,990,114416.00,0.9728,1.359343,0.0137
DQN,123,12,1080,67054.00,0.9703,2.703498,0.0129
DQN,123,13,1170,48458.00,0.9678,1.243806,0.0128
DQN,123,14,1260,24567.00,0.9654,1.184186,0.0128
DQN,123,15,1350,-94243.00,0.9629,1.188937,0.0142
DQN,123,16,1440,88217.00,0.9604,1.147437,0.0137
DQN,123,17,1530,97622.00,0.9579,1.742023,0.0137
DQN,123,18,1620,-67840.00,0.9555,1.130436,0.0125
DQN,123,19,1710,33570.00,0.9530,1.025748,0.0156
DQN,123,20,1800,-18572.00,0.9505,0.969150,0.0129
DQN,123,21,1890,-48284.00,0.9480,0.910850,0.0135
DQN,123,22,1980,63711.00,0.9456,0.895347,0.0125
DQN,123,23,2070,41302.00,0.9431,1.515419,0.0125
DQN,123,24,2160,13238.00,0.9406,0.931955,0.0128
DQN,123,25,2250,84158.00,0.9381,0.879645,0.0138
DQN,123,26,2340,16929.00,0.9356,0.804459,0.0127
DQN,123,27,2430,-20698.00,0.9332,0.795207,0.0185
DQN,123,28,2520,11148.00,0.9307,1.151985,0.0121
DQN,123,29,2610,98192.00,0.9282,1.024898,0.0127
DQN,123,30,2700,-29961.00,0.9257,0.873096,0.0129
DQN,123,31,2790,30326.00,0.9233,0.844506,0.0129
DQN,123,32,2880,61456.00,0.9208,0.833746,0.0153
DQN,123,33,2970,106018.00,0.9183,0.839588,0.0153
DQN,123,34,3060,22666.00,0.9159,1.201840,0.0189
DQN,123,35,3150,96675.00,0.9134,0.939037,0.0130
DQN,123,36,3240,52635.00,0.9109,0.892197,0.0207
DQN,123,37,3330,505.00,0.9084,0.849206,0.0168
DQN,123,38,3420,17138.00,0.9060,0.882791,0.0127
DQN,123,39,3510,15027.00,0.9035,1.039589,0.0180
DQN,123,40,3600,50729.00,0.9010,0.978494,0.0155
DQN,123,41,3690,19024.00,0.8985,0.863399,0.0124
DQN,123,42,3780,-29509.00,0.8961,0.845589,0.0151
DQN,123,43,3870,29202.00,0.8936,0.834787,0.0145
DQN,123,44,3960,23355.00,0.8911,0.819944,0.0139
DQN,123,45,4050,54844.00,0.8886,1.069052,0.0122
DQN,123,46,4140,-10713.00,0.8861,0.847008,0.0126
DQN,123,47,4230,52905.00,0.8837,0.810813,0.0126
DQN,123,48,4320,-35586.00,0.8812,0.803945,0.0150
DQN,123,49,4410,63193.00,0.8787,0.776821,0.0119
DQN,123,50,4500,943.00,0.8762,0.786226,0.0128
DQN,123,51,4590,18992.00,0.8738,0.812809,0.0132
DQN,123,52,4680,97990.00,0.8713,0.675449,0.0193
DQN,123,53,4770,106199.00,0.8688,0.659070,0.0143
DQN,123,54,4860,116436.00,0.8663,0.657497,0.0149
DQN,123,55,4950,-2415.00,0.8639,0.636063,0.0122
DQN,123,56,5040,15170.00,0.8614,0.705112,0.0127
DQN,123,57,5130,38835.00,0.8589,0.591164,0.0130
DQN,123,58,5220,50681.00,0.8565,0.575453,0.0130
DQN,123,59,5310,65639.00,0.8540,0.553445,0.0167
DQN,123,60,5400,48405.00,0.8515,0.553848,0.0119
DQN,123,61,5490,69421.00,0.8490,0.559570,0.0125
DQN,123,62,5580,113843.00,0.8466,0.552705,0.0125
DQN,123,63,5670,32191.00,0.8441,0.502274,0.0129
DQN,123,64,5760,43139.00,0.8416,0.495065,0.0175
DQN,123,65,5850,72342.00,0.8391,0.499307,0.0128
DQN,123,66,5940,67020.00,0.8367,0.476169,0.0127
DQN,123,67,6030,83701.00,0.8342,0.486346,0.0177
DQN,123,68,6120,66990.00,0.8317,0.489983,0.0135
DQN,123,69,6210,42410.00,0.8292,0.464943,0.0146
DQN,123,70,6300,54954.00,0.8267,0.476781,0.0117
DQN,123,71,6390,71160.00,0.8243,0.482301,0.0126
DQN,123,72,6480,101782.00,0.8218,0.463289,0.0129
DQN,123,73,6570,89236.00,0.8193,0.477942,0.0139
DQN,123,74,6660,86637.00,0.8168,0.478641,0.0121
DQN,123,75,6750,86145.00,0.8144,0.490734,0.0136
DQN,123,76,6840,39524.00,0.8119,0.482641,0.0148
DQN,123,77,6930,68486.00,0.8094,0.487750,0.0128
DQN,123,78,7020,94908.00,0.8070,0.466040,0.0149
DQN,123,79,7110,73163.00,0.8045,0.491409,0.0122
DQN,123,80,7200,19501.00,0.8020,0.471058,0.0130
DQN,123,81,7290,37799.00,0.7995,0.478326,0.0145
DQN,123,82,7380,54070.00,0.7971,0.499232,0.0133
DQN,123,83,7470,106496.00,0.7946,0.493998,0.0165
DQN,123,84,7560,89522.00,0.7921,0.471088,0.0126
DQN,123,85,7650,101513.00,0.7896,0.473779,0.0120
DQN,123,86,7740,60953.00,0.7872,0.466242,0.0127
DQN,123,87,7830,48132.00,0.7847,0.476413,0.0130
DQN,123,88,7920,50858.00,0.7822,0.480480,0.0130
DQN,123,89,8010,126729.00,0.7797,0.469430,0.0131
DQN,123,90,8100,58926.00,0.7772,0.486043,0.0123
DQN,123,91,8190,54259.00,0.7748,0.488487,0.0145
DQN,123,92,8280,70065.00,0.7723,0.496539,0.0140
DQN,123,93,8370,104813.00,0.7698,0.486752,0.0147
DQN,123,94,8460,113423.00,0.7673,0.474845,0.0141
DQN,123,95,8550,78645.00,0.7649,0.489909,0.0161
DQN,123,96,8640,110911.00,0.7624,0.486018,0.0164
DQN,123,97,8730,83444.00,0.7599,0.490349,0.0167
DQN,123,98,8820,99908.00,0.7574,0.489145,0.0129
DQN,123,99,8910,7379.00,0.7550,0.479878,0.0128
DQN,123,100,9000,111153.00,0.7525,0.483031,0.0141
DQN,123,101,9090,109566.00,0.7500,0.513756,0.0226
DQN,123,102,9180,60868.00,0.7475,0.497883,0.0173
DQN,123,103,9270,88281.00,0.7451,0.491263,0.0132
DQN,123,104,9360,75551.00,0.7426,0.481303,0.0131
DQN,123,105,9450,90381.00,0.7401,0.481808,0.0133
DQN,123,106,9540,76284.00,0.7376,0.498893,0.0133
DQN,123,107,9630,95659.00,0.7352,0.468437,0.0133
DQN,123,108,9720,53712.00,0.7327,0.485535,0.0172
DQN,123,109,9810,79985.00,0.7302,0.480711,0.0127
DQN,123,110,9900,68020.00,0.7278,0.467458,0.0127
DQN,123,111,9990,64389.00,0.7253,0.467170,0.0128
DQN,123,112,10080,130691.00,0.7228,0.469897,0.0169
DQN,123,113,10170,59301.00,0.7203,0.462733,0.0122
DQN,123,114,10260,89763.00,0.7179,0.465288,0.0130
DQN,123,115,10350,120599.00,0.7154,0.454447,0.0129
DQN,123,116,10440,101941.00,0.7129,0.446298,0.0129
DQN,123,117,10530,69327.00,0.7104,0.453137,0.0129
DQN,123,118,10620,56024.00,0.7080,0.464143,0.0129
DQN,123,119,10710,103088.00,0.7055,0.477027,0.0130
DQN,123,120,10800,129574.00,0.7030,0.471156,0.0129
DQN,123,121,10890,118513.00,0.7005,0.435898,0.0129
DQN,123,122,10980,81690.00,0.6981,0.469067,0.0130
DQN,123,123,11070,47505.00,0.6956,0.466243,0.0154
DQN,123,124,11160,100697.00,0.6931,0.464638,0.0141
DQN,123,125,11250,67590.00,0.6906,0.458724,0.0150
DQN,123,126,11340,110145.00,0.6882,0.451053,0.0130
DQN,123,127,11430,84323.00,0.6857,0.433111,0.0162
DQN,123,128,11520,59563.00,0.6832,0.447258,0.0121
DQN,123,129,11610,83623.00,0.6807,0.454434,0.0128
DQN,123,130,11700,106341.00,0.6783,0.460340,0.0145
DQN,123,131,11790,99432.00,0.6758,0.455977,0.0123
DQN,123,132,11880,44819.00,0.6733,0.458345,0.0143
DQN,123,133,11970,35722.00,0.6708,0.465717,0.0144
DQN,123,134,12060,69097.00,0.6683,0.443220,0.0148
DQN,123,135,12150,108548.00,0.6659,0.451634,0.0120
DQN,123,136,12240,129549.00,0.6634,0.470741,0.0129
DQN,123,137,12330,117661.00,0.6609,0.459959,0.0137
DQN,123,138,12420,81836.00,0.6584,0.459632,0.0124
DQN,123,139,12510,108820.00,0.6560,0.450985,0.0128
DQN,123,140,12600,89350.00,0.6535,0.439607,0.0144
DQN,123,141,12690,65108.00,0.6510,0.465018,0.0124
DQN,123,142,12780,112866.00,0.6485,0.447370,0.0159
DQN,123,143,12870,93385.00,0.6461,0.437154,0.0124
DQN,123,144,12960,129043.00,0.6436,0.446924,0.0126
DQN,123,145,13050,92870.00,0.6411,0.459942,0.0145
DQN,123,146,13140,103087.00,0.6386,0.440477,0.0124
DQN,123,147,13230,99315.00,0.6362,0.447777,0.0124
DQN,123,148,13320,80384.00,0.6337,0.449313,0.0198
DQN,123,149,13410,93946.00,0.6312,0.438743,0.0172
DQN,123,150,13500,106175.00,0.6288,0.443848,0.0136
DQN,123,151,13590,103331.00,0.6263,0.450343,0.0128
DQN,123,152,13680,123364.00,0.6238,0.452747,0.0176
DQN,123,153,13770,112865.00,0.6213,0.458987,0.0132
DQN,123,154,13860,123249.00,0.6189,0.435399,0.0128
DQN,123,155,13950,104318.00,0.6164,0.431209,0.0127
DQN,123,156,14040,129947.00,0.6139,0.435654,0.0143
DQN,123,157,14130,96858.00,0.6114,0.426686,0.0123
DQN,123,158,14220,80122.00,0.6089,0.437298,0.0132
DQN,123,159,14310,106784.00,0.6065,0.433346,0.0135
DQN,123,160,14400,140437.00,0.6040,0.441159,0.0156
DQN,123,161,14490,115625.00,0.6015,0.432839,0.0121
DQN,123,162,14580,124238.00,0.5990,0.422464,0.0126
DQN,123,163,14670,88242.00,0.5966,0.409167,0.0127
DQN,123,164,14760,119560.00,0.5941,0.420851,0.0158
DQN,123,165,14850,118835.00,0.5916,0.419741,0.0122
DQN,123,166,14940,123565.00,0.5892,0.412809,0.0126
DQN,123,167,15030,120934.00,0.5867,0.414525,0.0128
DQN,123,168,15120,113936.00,0.5842,0.416585,0.0129
DQN,123,169,15210,105597.00,0.5817,0.417775,0.0138
DQN,123,170,15300,105533.00,0.5793,0.424212,0.0148
DQN,123,171,15390,80420.00,0.5768,0.405686,0.0140
DQN,123,172,15480,120494.00,0.5743,0.429280,0.0127
DQN,123,173,15570,78329.00,0.5718,0.419954,0.0128
DQN,123,174,15660,115185.00,0.5694,0.425571,0.0149
DQN,123,175,15750,111474.00,0.5669,0.425668,0.0123
DQN,123,176,15840,101737.00,0.5644,0.408993,0.0136
DQN,123,177,15930,127848.00,0.5619,0.403854,0.0157
DQN,123,178,16020,137131.00,0.5595,0.412334,0.0121
DQN,123,179,16110,117423.00,0.5570,0.424431,0.0127
DQN,123,180,16200,138469.00,0.5545,0.407242,0.0141
DQN,123,181,16290,130722.00,0.5520,0.410680,0.0126
DQN,123,182,16380,124326.00,0.5495,0.411771,0.0131
DQN,123,183,16470,103961.00,0.5471,0.406200,0.0146
DQN,123,184,16560,91103.00,0.5446,0.416624,0.0239
DQN,123,185,16650,126567.00,0.5421,0.411027,0.0189
DQN,123,186,16740,128509.00,0.5396,0.397763,0.0135
DQN,123,187,16830,113945.00,0.5372,0.406381,0.0129
DQN,123,188,16920,120399.00,0.5347,0.403444,0.0130
DQN,123,189,17010,136665.00,0.5322,0.392846,0.0139
DQN,123,190,17100,139561.00,0.5297,0.423542,0.0154
DQN,123,191,17190,118994.00,0.5273,0.416357,0.0132
DQN,123,192,17280,130491.00,0.5248,0.403173,0.0133
DQN,123,193,17370,145061.00,0.5223,0.422628,0.0133
DQN,123,194,17460,104432.00,0.5199,0.407614,0.0135
DQN,123,195,17550,96152.00,0.5174,0.416427,0.0134
DQN,123,196,17640,118153.00,0.5149,0.416032,0.0135
DQN,123,197,17730,136376.00,0.5124,0.408292,0.0160
DQN,123,198,17820,137361.00,0.5100,0.408895,0.0149
DQN,123,199,17910,129936.00,0.5075,0.412284,0.0130
DQN,123,200,18000,116264.00,0.5050,0.416244,0.0131
DQN,123,201,18090,143456.00,0.5025,0.396832,0.0139
DQN,123,202,18180,151416.00,0.5000,0.409749,0.0157
DQN,123,203,18270,138677.00,0.4976,0.391171,0.0148
DQN,123,204,18360,133824.00,0.4951,0.408323,0.0136
DQN,123,205,18450,108408.00,0.4926,0.413358,0.0138
DQN,123,206,18540,118824.00,0.4901,0.398249,0.0135
DQN,123,207,18630,133107.00,0.4877,0.402698,0.0134
DQN,123,208,18720,138302.00,0.4852,0.405633,0.0184
DQN,123,209,18810,103931.00,0.4827,0.380384,0.0166
DQN,123,210,18900,114503.00,0.4802,0.414231,0.0134
DQN,123,211,18990,144312.00,0.4778,0.400538,0.0130
DQN,123,212,19080,124661.00,0.4753,0.392503,0.0121
DQN,123,213,19170,143101.00,0.4728,0.396754,0.0123
DQN,123,214,19260,136604.00,0.4703,0.390574,0.0132
DQN,123,215,19350,133854.00,0.4679,0.376471,0.0130
DQN,123,216,19440,143150.00,0.4654,0.395767,0.0122
DQN,123,217,19530,128624.00,0.4629,0.389230,0.0128
DQN,123,218,19620,122795.00,0.4604,0.382867,0.0132
DQN,123,219,19710,131573.00,0.4580,0.390941,0.0126
DQN,123,220,19800,136778.00,0.4555,0.375984,0.0126
DQN,123,221,19890,149554.00,0.4530,0.397007,0.0125
DQN,123,222,19980,127964.00,0.4506,0.387759,0.0128
DQN,123,223,20070,122393.00,0.4481,0.378968,0.0201
DQN,123,224,20160,132949.00,0.4456,0.372235,0.0123
DQN,123,225,20250,135807.00,0.4431,0.365112,0.0173
DQN,123,226,20340,113399.00,0.4407,0.358175,0.0132
DQN,123,227,20430,129573.00,0.4382,0.353332,0.0147
DQN,123,228,20520,138995.00,0.4357,0.377789,0.0141
DQN,123,229,20610,125491.00,0.4332,0.370020,0.0120
DQN,123,230,20700,138841.00,0.4308,0.377085,0.0133
DQN,123,231,20790,99370.00,0.4283,0.371927,0.0129
DQN,123,232,20880,123128.00,0.4258,0.376151,0.0133
DQN,123,233,20970,144938.00,0.4233,0.362548,0.0140
DQN,123,234,21060,120374.00,0.4209,0.362290,0.0127
DQN,123,235,21150,139692.00,0.4184,0.367698,0.0134
DQN,123,236,21240,121319.00,0.4159,0.360971,0.0134
DQN,123,237,21330,125875.00,0.4134,0.359443,0.0217
DQN,123,238,21420,121298.00,0.4110,0.359505,0.0120
DQN,123,239,21510,132234.00,0.4085,0.353931,0.0122
DQN,123,240,21600,124295.00,0.4060,0.372667,0.0143
DQN,123,241,21690,102435.00,0.4035,0.365451,0.0125
DQN,123,242,21780,141985.00,0.4011,0.356776,0.0131
DQN,123,243,21870,123306.00,0.3986,0.354574,0.0141
DQN,123,244,21960,140167.00,0.3961,0.346276,0.0135
DQN,123,245,22050,113599.00,0.3936,0.361723,0.0134
DQN,123,246,22140,134097.00,0.3911,0.358798,0.0136
DQN,123,247,22230,144462.00,0.3887,0.352464,0.0135
DQN,123,248,22320,121844.00,0.3862,0.359494,0.0136
DQN,123,249,22410,123842.00,0.3837,0.353399,0.0136
DQN,123,250,22500,118144.00,0.3812,0.354350,0.0136
DQN,123,251,22590,121324.00,0.3788,0.345867,0.0166
DQN,123,252,22680,120864.00,0.3763,0.334397,0.0134
DQN,123,253,22770,136954.00,0.3738,0.349839,0.0140
DQN,123,254,22860,133024.00,0.3713,0.341414,0.0132
DQN,123,255,22950,139214.00,0.3689,0.332248,0.0149
DQN,123,256,23040,105565.00,0.3664,0.338672,0.0125
DQN,123,257,23130,129696.00,0.3639,0.324249,0.0127
DQN,123,258,23220,132891.00,0.3614,0.337628,0.0133
DQN,123,259,23310,136638.00,0.3590,0.332976,0.0142
DQN,123,260,23400,154011.00,0.3565,0.315506,0.0137
DQN,123,261,23490,129114.00,0.3540,0.329354,0.0154
DQN,123,262,23580,130547.00,0.3516,0.320357,0.0124
DQN,123,263,23670,137778.00,0.3491,0.320989,0.0127
DQN,123,264,23760,128872.00,0.3466,0.319320,0.0144
DQN,123,265,23850,139865.00,0.3441,0.311933,0.0130
DQN,123,266,23940,134256.00,0.3417,0.321047,0.0133
DQN,123,267,24030,147566.00,0.3392,0.317453,0.0135
DQN,123,268,24120,148789.00,0.3367,0.321106,0.0134
DQN,123,269,24210,128123.00,0.3342,0.312696,0.0135
DQN,123,270,24300,136700.00,0.3317,0.315655,0.0135
DQN,123,271,24390,114362.00,0.3293,0.305254,0.0135
DQN,123,272,24480,135069.00,0.3268,0.323269,0.0136
DQN,123,273,24570,141037.00,0.3243,0.306881,0.0135
DQN,123,274,24660,118390.00,0.3218,0.322592,0.0136
DQN,123,275,24750,126961.00,0.3194,0.301203,0.0135
DQN,123,276,24840,130152.00,0.3169,0.304385,0.0136
DQN,123,277,24930,104765.00,0.3144,0.302446,0.0135
DQN,123,278,25020,128278.00,0.3120,0.295068,0.0136
DQN,123,279,25110,150019.00,0.3095,0.292044,0.0137
DQN,123,280,25200,144899.00,0.3070,0.288424,0.0136
DQN,123,281,25290,133928.00,0.3045,0.291567,0.0137
DQN,123,282,25380,140837.00,0.3021,0.292995,0.0136
DQN,123,283,25470,140450.00,0.2996,0.287038,0.0136
DQN,123,284,25560,141535.00,0.2971,0.290515,0.0136
DQN,123,285,25650,135354.00,0.2946,0.284420,0.0137
DQN,123,286,25740,119864.00,0.2922,0.286134,0.0136
DQN,123,287,25830,130983.00,0.2897,0.293810,0.0136
DQN,123,288,25920,123666.00,0.2872,0.285343,0.0136
DQN,123,289,26010,130903.00,0.2847,0.284351,0.0137
DQN,123,290,26100,134389.00,0.2823,0.292591,0.0136
DQN,123,291,26190,146378.00,0.2798,0.279041,0.0136
DQN,123,292,26280,136573.00,0.2773,0.278855,0.0136
DQN,123,293,26370,126990.00,0.2748,0.285173,0.0136
DQN,123,294,26460,134380.00,0.2723,0.280095,0.0136
DQN,123,295,26550,113473.00,0.2699,0.298378,0.0198
DQN,123,296,26640,123517.00,0.2674,0.284302,0.0155
DQN,123,297,26730,128318.00,0.2649,0.292223,0.0129
DQN,123,298,26820,131944.00,0.2624,0.274450,0.0136
DQN,123,299,26910,128327.00,0.2600,0.276996,0.0136
DQN,123,300,27000,131115.00,0.2575,0.297463,0.0136
DQN,123,301,27090,141923.00,0.2550,0.269325,0.0155
DQN,123,302,27180,149973.00,0.2526,0.264007,0.0147
DQN,123,303,27270,147821.00,0.2501,0.274584,0.0132
DQN,123,304,27360,133910.00,0.2476,0.255529,0.0129
DQN,123,305,27450,133494.00,0.2451,0.257751,0.0135
DQN,123,306,27540,131121.00,0.2427,0.266892,0.0135
DQN,123,307,27630,156288.00,0.2402,0.265009,0.0136
DQN,123,308,27720,141025.00,0.2377,0.254314,0.0136
DQN,123,309,27810,131619.00,0.2352,0.264017,0.0137
DQN,123,310,27900,143612.00,0.2328,0.260564,0.0136
DQN,123,311,27990,137292.00,0.2303,0.270905,0.0137
DQN,123,312,28080,127001.00,0.2278,0.238582,0.0136
DQN,123,313,28170,149504.00,0.2253,0.255550,0.0136
DQN,123,314,28260,138405.00,0.2228,0.238799,0.0136
DQN,123,315,28350,143266.00,0.2204,0.248420,0.0137
DQN,123,316,28440,126532.00,0.2179,0.243195,0.0136
DQN,123,317,28530,141470.00,0.2154,0.246910,0.0137
DQN,123,318,28620,127808.00,0.2129,0.235323,0.0137
DQN,123,319,28710,149368.00,0.2105,0.234467,0.0145
DQN,123,320,28800,135586.00,0.2080,0.247929,0.0184
DQN,123,321,28890,132555.00,0.2055,0.225907,0.0131
DQN,123,322,28980,147149.00,0.2030,0.235325,0.0134
DQN,123,323,29070,127209.00,0.2006,0.231096,0.0136
DQN,123,324,29160,141724.00,0.1981,0.223490,0.0135
DQN,123,325,29250,145547.00,0.1956,0.225075,0.0136
DQN,123,326,29340,143223.00,0.1932,0.220274,0.0137
DQN,123,327,29430,147262.00,0.1907,0.226901,0.0136
DQN,123,328,29520,127384.00,0.1882,0.227382,0.0137
DQN,123,329,29610,138887.00,0.1857,0.242940,0.0137
DQN,123,330,29700,143819.00,0.1833,0.234591,0.0136
DQN,123,331,29790,129073.00,0.1808,0.230772,0.0136
DQN,123,332,29880,137632.00,0.1783,0.231326,0.0137
DQN,123,333,29970,132113.00,0.1758,0.234167,0.0137
DQN,123,334,30060,142939.00,0.1734,0.223811,0.0137
DQN,123,335,30150,136866.00,0.1709,0.221495,0.0136
DQN,123,336,30240,148623.00,0.1684,0.230308,0.0137
DQN,123,337,30330,151388.00,0.1659,0.219214,0.0136
DQN,123,338,30420,139511.00,0.1634,0.216956,0.0136
DQN,123,339,30510,138030.00,0.1610,0.221873,0.0137
DQN,123,340,30600,131066.00,0.1585,0.232017,0.0136
DQN,123,341,30690,137811.00,0.1560,0.221481,0.0137
DQN,123,342,30780,140096.00,0.1536,0.222036,0.0137
DQN,123,343,30870,144811.00,0.1511,0.227846,0.0138
DQN,123,344,30960,129082.00,0.1486,0.239661,0.0137
DQN,123,345,31050,138270.00,0.1461,0.221499,0.0137
DQN,123,346,31140,143896.00,0.1437,0.216513,0.0137
DQN,123,347,31230,145569.00,0.1412,0.222785,0.0137
DQN,123,348,31320,136576.00,0.1387,0.209954,0.0137
DQN,123,349,31410,139070.00,0.1362,0.214885,0.0137
DQN,123,350,31500,133056.00,0.1338,0.211244,0.0136
DQN,123,351,31590,144322.00,0.1313,0.204829,0.0148
DQN,123,352,31680,141103.00,0.1288,0.212764,0.0159
DQN,123,353,31770,139850.00,0.1263,0.214730,0.0127
DQN,123,354,31860,135847.00,0.1239,0.197331,0.0126
DQN,123,355,31950,139509.00,0.1214,0.206260,0.0128
DQN,123,356,32040,132852.00,0.1189,0.211674,0.0130
DQN,123,357,32130,142449.00,0.1164,0.211585,0.0130
DQN,123,358,32220,141282.00,0.1139,0.203201,0.0131
DQN,123,359,32310,132891.00,0.1115,0.204252,0.0130
DQN,123,360,32400,143088.00,0.1090,0.210170,0.0131
DQN,123,361,32490,138387.00,0.1065,0.200747,0.0131
DQN,123,362,32580,140254.00,0.1040,0.191907,0.0131
DQN,123,363,32670,146586.00,0.1016,0.202296,0.0131
DQN,123,364,32760,140291.00,0.0991,0.195461,0.0131
DQN,123,365,32850,133766.00,0.0966,0.194375,0.0131
DQN,123,366,32940,143445.00,0.0941,0.193617,0.0131
DQN,123,367,33030,132484.00,0.0917,0.186987,0.0131
DQN,123,368,33120,136636.00,0.0892,0.185158,0.0132
DQN,123,369,33210,134702.00,0.0867,0.189316,0.0131
DQN,123,370,33300,146588.00,0.0842,0.188239,0.0132
DQN,123,371,33390,138441.00,0.0818,0.185572,0.0150
DQN,123,372,33480,132822.00,0.0793,0.179708,0.0128
DQN,123,373,33570,152030.00,0.0768,0.182368,0.0132
DQN,123,374,33660,140670.00,0.0743,0.173916,0.0134
DQN,123,375,33750,129641.00,0.0719,0.169411,0.0134
DQN,123,376,33840,144412.00,0.0694,0.171298,0.0135
DQN,123,377,33930,139412.00,0.0669,0.171384,0.0135
DQN,123,378,34020,150682.00,0.0645,0.175119,0.0136
DQN,123,379,34110,149125.00,0.0620,0.180641,0.0136
DQN,123,380,34200,142962.00,0.0595,0.172237,0.0136
DQN,123,381,34290,152944.00,0.0570,0.178163,0.0136
DQN,123,382,34380,147614.00,0.0546,0.167914,0.0137
DQN,123,383,34470,145144.00,0.0521,0.172832,0.0137
DQN,123,384,34560,142509.00,0.0496,0.182115,0.0136
DQN,123,385,34650,145504.00,0.0471,0.172957,0.0136
DQN,123,386,34740,140426.00,0.0447,0.168461,0.0137
DQN,123,387,34830,142835.00,0.0422,0.165078,0.0137
DQN,123,388,34920,133832.00,0.0397,0.168254,0.0136
DQN,123,389,35010,141850.00,0.0372,0.171106,0.0137
DQN,123,390,35100,131448.00,0.0348,0.176938,0.0137
DQN,123,391,35190,145245.00,0.0323,0.169064,0.0137
DQN,123,392,35280,134812.00,0.0298,0.183161,0.0136
DQN,123,393,35370,142098.00,0.0273,0.176827,0.0137
DQN,123,394,35460,136792.00,0.0249,0.174786,0.0137
DQN,123,395,35550,137941.00,0.0224,0.178181,0.0137
DQN,123,396,35640,140780.00,0.0199,0.170914,0.0137
DQN,123,397,35730,153764.00,0.0174,0.167579,0.0137
DQN,123,398,35820,143040.00,0.0150,0.169176,0.0137
DQN,123,399,35910,150623.00,0.0125,0.166024,0.0137
DQN,123,400,36000,142063.00,0.0100,0.168280,0.0137
DQN,123,401,36090,152069.00,0.0100,0.150605,0.0143
DQN,123,402,36180,137876.00,0.0100,0.154851,0.0139
DQN,123,403,36270,145449.00,0.0100,0.151968,0.0138
DQN,123,404,36360,139522.00,0.0100,0.153114,0.0138
DQN,123,405,36450,148029.00,0.0100,0.159280,0.0137
DQN,123,406,36540,136808.00,0.0100,0.151892,0.0137
DQN,123,407,36630,143143.00,0.0100,0.150816,0.0137
DQN,123,408,36720,137415.00,0.0100,0.153128,0.0146
DQN,123,409,36810,149810.00,0.0100,0.155699,0.0122
DQN,123,410,36900,136814.00,0.0100,0.155488,0.0130
DQN,123,411,36990,141748.00,0.0100,0.152141,0.0125
DQN,123,412,37080,152851.00,0.0100,0.153642,0.0125
DQN,123,413,37170,154915.00,0.0100,0.144130,0.0125
DQN,123,414,37260,149211.00,0.0100,0.152880,0.0127
DQN,123,415,37350,133258.00,0.0100,0.148921,0.0126
DQN,123,416,37440,143015.00,0.0100,0.141817,0.0127
DQN,123,417,37530,138584.00,0.0100,0.146477,0.0127
DQN,123,418,37620,136506.00,0.0100,0.142856,0.0127
DQN,123,419,37710,133188.00,0.0100,0.140118,0.0127
DQN,123,420,37800,149999.00,0.0100,0.140721,0.0127
DQN,123,421,37890,149415.00,0.0100,0.139680,0.0127
DQN,123,422,37980,138995.00,0.0100,0.139057,0.0127
DQN,123,423,38070,147352.00,0.0100,0.141766,0.0127
DQN,123,424,38160,133212.00,0.0100,0.154089,0.0126
DQN,123,425,38250,145198.00,0.0100,0.146818,0.0128
DQN,123,426,38340,148221.00,0.0100,0.148382,0.0127
DQN,123,427,38430,145880.00,0.0100,0.144787,0.0127
DQN,123,428,38520,144787.00,0.0100,0.144180,0.0128
DQN,123,429,38610,145445.00,0.0100,0.140198,0.0128
DQN,123,430,38700,140962.00,0.0100,0.133012,0.0127
DQN,123,431,38790,144836.00,0.0100,0.144281,0.0127
DQN,123,432,38880,143125.00,0.0100,0.136648,0.0127
DQN,123,433,38970,144418.00,0.0100,0.133086,0.0128
DQN,123,434,39060,150670.00,0.0100,0.140815,0.0127
DQN,123,435,39150,132209.00,0.0100,0.142360,0.0127
DQN,123,436,39240,142763.00,0.0100,0.147899,0.0127
DQN,123,437,39330,136447.00,0.0100,0.136380,0.0127
DQN,123,438,39420,143193.00,0.0100,0.146069,0.0127
DQN,123,439,39510,148871.00,0.0100,0.141282,0.0128
DQN,123,440,39600,140229.00,0.0100,0.132753,0.0127
DQN,123,441,39690,139771.00,0.0100,0.133526,0.0127
DQN,123,442,39780,129561.00,0.0100,0.133689,0.0127
DQN,123,443,39870,146831.00,0.0100,0.133611,0.0127
DQN,123,444,39960,141608.00,0.0100,0.131970,0.0128
DQN,123,445,40050,137339.00,0.0100,0.135251,0.0127
DQN,123,446,40140,147667.00,0.0100,0.129213,0.0127
DQN,123,447,40230,138203.00,0.0100,0.127255,0.0128
DQN,123,448,40320,144091.00,0.0100,0.130469,0.0127
DQN,123,449,40410,142859.00,0.0100,0.130047,0.0128
DQN,123,450,40500,142519.00,0.0100,0.135288,0.0127
DQN,123,451,40590,144660.00,0.0100,0.119306,0.0193
DQN,123,452,40680,137210.00,0.0100,0.122560,0.0176
DQN,123,453,40770,137094.00,0.0100,0.122175,0.0127
DQN,123,454,40860,145111.00,0.0100,0.122265,0.0125
DQN,123,455,40950,144392.00,0.0100,0.124008,0.0127
DQN,123,456,41040,151273.00,0.0100,0.118076,0.0127
DQN,123,457,41130,139503.00,0.0100,0.126882,0.0127
DQN,123,458,41220,137674.00,0.0100,0.122744,0.0128
DQN,123,459,41310,140994.00,0.0100,0.125181,0.0127
DQN,123,460,41400,144138.00,0.0100,0.128548,0.0127
DQN,123,461,41490,137982.00,0.0100,0.121825,0.0127
DQN,123,462,41580,140530.00,0.0100,0.127703,0.0127
DQN,123,463,41670,139065.00,0.0100,0.123255,0.0128
DQN,123,464,41760,144924.00,0.0100,0.123142,0.0128
DQN,123,465,41850,137620.00,0.0100,0.122461,0.0128
DQN,123,466,41940,143425.00,0.0100,0.124381,0.0128
DQN,123,467,42030,146749.00,0.0100,0.121601,0.0127
DQN,123,468,42120,146893.00,0.0100,0.114043,0.0127
DQN,123,469,42210,132080.00,0.0100,0.116692,0.0128
DQN,123,470,42300,147333.00,0.0100,0.117339,0.0127
DQN,123,471,42390,142710.00,0.0100,0.113531,0.0128
DQN,123,472,42480,142826.00,0.0100,0.114042,0.0127
DQN,123,473,42570,132365.00,0.0100,0.110966,0.0127
DQN,123,474,42660,136185.00,0.0100,0.111584,0.0127
DQN,123,475,42750,142660.00,0.0100,0.111611,0.0127
DQN,123,476,42840,146204.00,0.0100,0.112799,0.0128
DQN,123,477,42930,146216.00,0.0100,0.113062,0.0128
DQN,123,478,43020,136115.00,0.0100,0.106759,0.0127
DQN,123,479,43110,143368.00,0.0100,0.112242,0.0127
DQN,123,480,43200,142032.00,0.0100,0.107961,0.0127
DQN,123,481,43290,144935.00,0.0100,0.113889,0.0128
DQN,123,482,43380,142783.00,0.0100,0.117538,0.0127
DQN,123,483,43470,156713.00,0.0100,0.109188,0.0127
DQN,123,484,43560,139870.00,0.0100,0.117520,0.0128
DQN,123,485,43650,143778.00,0.0100,0.122216,0.0127
DQN,123,486,43740,137805.00,0.0100,0.121840,0.0127
DQN,123,487,43830,142634.00,0.0100,0.118537,0.0248
DQN,123,488,43920,144292.00,0.0100,0.122538,0.0194
DQN,123,489,44010,142064.00,0.0100,0.121733,0.0128
DQN,123,490,44100,145753.00,0.0100,0.131234,0.0125
DQN,123,491,44190,140878.00,0.0100,0.124394,0.0126
DQN,123,492,44280,141918.00,0.0100,0.122320,0.0127
DQN,123,493,44370,132186.00,0.0100,0.119362,0.0126
DQN,123,494,44460,140724.00,0.0100,0.121300,0.0127
DQN,123,495,44550,139393.00,0.0100,0.126786,0.0127
DQN,123,496,44640,133262.00,0.0100,0.124289,0.0127
DQN,123,497,44730,136528.00,0.0100,0.124861,0.0127
DQN,123,498,44820,139903.00,0.0100,0.124352,0.0127
DQN,123,499,44910,142177.00,0.0100,0.124987,0.0127
DQN,123,500,45000,137377.00,0.0100,0.124346,0.0127
DQN,456,1,90,-9321.00,0.9975,0.000000,0.0010
DQN,456,2,180,15488.00,0.9950,0.000000,0.0008
DQN,456,3,270,-10059.00,0.9926,0.000000,0.0006
DQN,456,4,360,-38798.00,0.9901,0.000000,0.0004
DQN,456,5,450,-8544.00,0.9876,0.000000,0.0004
DQN,456,6,540,-24566.00,0.9851,3.890596,0.0062
DQN,456,7,630,-34503.00,0.9827,2.297541,0.0118
DQN,456,8,720,-10284.00,0.9802,1.333362,0.0121
DQN,456,9,810,-10315.00,0.9777,1.337901,0.0122
DQN,456,10,900,-23409.00,0.9752,1.273370,0.0123
DQN,456,11,990,-10609.00,0.9728,1.229485,0.0123
DQN,456,12,1080,-30483.00,0.9703,2.851330,0.0124
DQN,456,13,1170,-114175.00,0.9678,1.108331,0.0124
DQN,456,14,1260,44224.00,0.9654,1.103639,0.0124
DQN,456,15,1350,81502.00,0.9629,1.123554,0.0125
DQN,456,16,1440,37485.00,0.9604,1.073463,0.0127
DQN,456,17,1530,-14492.00,0.9579,1.771588,0.0127
DQN,456,18,1620,-17116.00,0.9555,1.101512,0.0127
DQN,456,19,1710,14414.00,0.9530,1.049539,0.0127
DQN,456,20,1800,32825.00,0.9505,1.037625,0.0127
DQN,456,21,1890,99435.00,0.9480,1.016051,0.0127
DQN,456,22,1980,8268.00,0.9456,1.038287,0.0128
DQN,456,23,2070,11062.00,0.9431,1.580078,0.0127
DQN,456,24,2160,-33331.00,0.9406,1.018668,0.0127
DQN,456,25,2250,20197.00,0.9381,0.983055,0.0127
DQN,456,26,2340,49449.00,0.9356,0.961827,0.0126
DQN,456,27,2430,-13233.00,0.9332,0.967105,0.0127
DQN,456,28,2520,42069.00,0.9307,1.346053,0.0128
DQN,456,29,2610,-6188.00,0.9282,1.042475,0.0127
DQN,456,30,2700,30951.00,0.9257,0.963100,0.0141
DQN,456,31,2790,58160.00,0.9233,0.917827,0.0117
DQN,456,32,2880,68867.00,0.9208,0.903912,0.0120
DQN,456,33,2970,62570.00,0.9183,0.885355,0.0121
DQN,456,34,3060,89993.00,0.9159,1.273857,0.0121
DQN,456,35,3150,-14613.00,0.9134,0.960709,0.0122
DQN,456,36,3240,63814.00,0.9109,0.910760,0.0122
DQN,456,37,3330,44364.00,0.9084,0.892931,0.0123
DQN,456,38,3420,30877.00,0.9060,0.845331,0.0154
DQN,456,39,3510,25921.00,0.9035,1.059998,0.0149
DQN,456,40,3600,46467.00,0.9010,1.099453,0.0143
DQN,456,41,3690,81996.00,0.8985,0.932108,0.0137
DQN,456,42,3780,25734.00,0.8961,0.880814,0.0126
DQN,456,43,3870,43406.00,0.8936,0.877390,0.0130
DQN,456,44,3960,-8729.00,0.8911,0.863432,0.0131
DQN,456,45,4050,17055.00,0.8886,1.199031,0.0131
DQN,456,46,4140,61385.00,0.8861,1.000959,0.0167
DQN,456,47,4230,92616.00,0.8837,0.954543,0.0137
DQN,456,48,4320,-53645.00,0.8812,0.915647,0.0131
DQN,456,49,4410,66598.00,0.8787,0.903480,0.0131
DQN,456,50,4500,26477.00,0.8762,0.902591,0.0130
DQN,456,51,4590,7518.00,0.8738,1.199784,0.0148
DQN,456,52,4680,24968.00,0.8713,0.955941,0.0138
DQN,456,53,4770,39384.00,0.8688,0.905501,0.0133
DQN,456,54,4860,63799.00,0.8663,0.895472,0.0133
DQN,456,55,4950,25447.00,0.8639,0.854984,0.0134
DQN,456,56,5040,56575.00,0.8614,1.132483,0.0135
DQN,456,57,5130,74172.00,0.8589,0.867423,0.0135
DQN,456,58,5220,98996.00,0.8565,0.846212,0.0136
DQN,456,59,5310,131460.00,0.8540,0.812435,0.0135
DQN,456,60,5400,93927.00,0.8515,0.825132,0.0135
DQN,456,61,5490,120525.00,0.8490,0.801776,0.0135
DQN,456,62,5580,104221.00,0.8466,0.834441,0.0135
DQN,456,63,5670,73921.00,0.8441,0.715868,0.0136
DQN,456,64,5760,55048.00,0.8416,0.672665,0.0136
DQN,456,65,5850,20291.00,0.8391,0.678762,0.0135
DQN,456,66,5940,53550.00,0.8367,0.674845,0.0135
DQN,456,67,6030,76783.00,0.8342,0.678161,0.0153
DQN,456,68,6120,106732.00,0.8317,0.599846,0.0126
DQN,456,69,6210,55206.00,0.8292,0.569019,0.0128
DQN,456,70,6300,121165.00,0.8267,0.526223,0.0131
DQN,456,71,6390,59273.00,0.8243,0.537882,0.0130
DQN,456,72,6480,112265.00,0.8218,0.553563,0.0129
DQN,456,73,6570,66737.00,0.8193,0.534970,0.0129
DQN,456,74,6660,-28895.00,0.8168,0.522713,0.0130
DQN,456,75,6750,24313.00,0.8144,0.509716,0.0130
DQN,456,76,6840,94741.00,0.8119,0.510621,0.0130
DQN,456,77,6930,39831.00,0.8094,0.497461,0.0131
DQN,456,78,7020,95821.00,0.8070,0.510397,0.0131
DQN,456,79,7110,79331.00,0.8045,0.508493,0.0131
DQN,456,80,7200,62597.00,0.8020,0.488879,0.0130
DQN,456,81,7290,107642.00,0.7995,0.490390,0.0148
DQN,456,82,7380,101761.00,0.7971,0.484583,0.0132
DQN,456,83,7470,36094.00,0.7946,0.491264,0.0131
DQN,456,84,7560,16330.00,0.7921,0.492365,0.0130
DQN,456,85,7650,-48325.00,0.7896,0.489923,0.0130
DQN,456,86,7740,89782.00,0.7872,0.493171,0.0131
DQN,456,87,7830,17969.00,0.7847,0.505232,0.0131
DQN,456,88,7920,57398.00,0.7822,0.479872,0.0130
DQN,456,89,8010,78560.00,0.7797,0.491015,0.0130
DQN,456,90,8100,43702.00,0.7772,0.500690,0.0131
DQN,456,91,8190,110329.00,0.7748,0.492811,0.0130
DQN,456,92,8280,111445.00,0.7723,0.516095,0.0131
DQN,456,93,8370,34113.00,0.7698,0.499089,0.0130
DQN,456,94,8460,89171.00,0.7673,0.484476,0.0130
DQN,456,95,8550,104253.00,0.7649,0.496362,0.0131
DQN,456,96,8640,19865.00,0.7624,0.499528,0.0130
DQN,456,97,8730,77465.00,0.7599,0.510483,0.0131
DQN,456,98,8820,49667.00,0.7574,0.492775,0.0130
DQN,456,99,8910,93164.00,0.7550,0.491441,0.0130
DQN,456,100,9000,61123.00,0.7525,0.484448,0.0130
DQN,456,101,9090,83181.00,0.7500,0.513167,0.0164
DQN,456,102,9180,92069.00,0.7475,0.507017,0.0128
DQN,456,103,9270,60047.00,0.7451,0.482927,0.0129
DQN,456,104,9360,87246.00,0.7426,0.492839,0.0130
DQN,456,105,9450,42993.00,0.7401,0.507215,0.0130
DQN,456,106,9540,112866.00,0.7376,0.474979,0.0130
DQN,456,107,9630,101224.00,0.7352,0.473245,0.0129
DQN,456,108,9720,127868.00,0.7327,0.467916,0.0130
DQN,456,109,9810,88599.00,0.7302,0.474662,0.0130
DQN,456,110,9900,99456.00,0.7278,0.479875,0.0130
DQN,456,111,9990,64504.00,0.7253,0.468938,0.0130
DQN,456,112,10080,90541.00,0.7228,0.492237,0.0130
DQN,456,113,10170,123691.00,0.7203,0.502052,0.0130
DQN,456,114,10260,75520.00,0.7179,0.471716,0.0130
DQN,456,115,10350,86897.00,0.7154,0.496905,0.0130
DQN,456,116,10440,49136.00,0.7129,0.499196,0.0130
DQN,456,117,10530,111740.00,0.7104,0.502413,0.0130
DQN,456,118,10620,108254.00,0.7080,0.484708,0.0131
DQN,456,119,10710,73089.00,0.7055,0.488284,0.0130
DQN,456,120,10800,100745.00,0.7030,0.482450,0.0130
DQN,456,121,10890,142091.00,0.7005,0.484740,0.0130
DQN,456,122,10980,116364.00,0.6981,0.488082,0.0130
DQN,456,123,11070,105394.00,0.6956,0.508340,0.0130
DQN,456,124,11160,70478.00,0.6931,0.486842,0.0130
DQN,456,125,11250,106352.00,0.6906,0.492437,0.0130
DQN,456,126,11340,98482.00,0.6882,0.484724,0.0129
DQN,456,127,11430,84972.00,0.6857,0.486905,0.0150
DQN,456,128,11520,86071.00,0.6832,0.474642,0.0124
DQN,456,129,11610,97705.00,0.6807,0.455290,0.0128
DQN,456,130,11700,67784.00,0.6783,0.458929,0.0129
DQN,456,131,11790,74759.00,0.6758,0.455309,0.0129
DQN,456,132,11880,69470.00,0.6733,0.443745,0.0129
DQN,456,133,11970,75008.00,0.6708,0.480210,0.0129
DQN,456,134,12060,91550.00,0.6683,0.460906,0.0130
DQN,456,135,12150,86815.00,0.6659,0.472306,0.0130
DQN,456,136,12240,115495.00,0.6634,0.451336,0.0130
DQN,456,137,12330,86573.00,0.6609,0.469469,0.0131
DQN,456,138,12420,102695.00,0.6584,0.450594,0.0131
DQN,456,139,12510,99655.00,0.6560,0.461977,0.0130
DQN,456,140,12600,80361.00,0.6535,0.474852,0.0130
DQN,456,141,12690,96901.00,0.6510,0.465000,0.0130
DQN,456,142,12780,113175.00,0.6485,0.463744,0.0131
DQN,456,143,12870,77149.00,0.6461,0.478777,0.0131
DQN,456,144,12960,61707.00,0.6436,0.465070,0.0130
DQN,456,145,13050,86856.00,0.6411,0.448458,0.0131
DQN,456,146,13140,89312.00,0.6386,0.454606,0.0130
DQN,456,147,13230,107957.00,0.6362,0.464926,0.0132
DQN,456,148,13320,89606.00,0.6337,0.457906,0.0130
DQN,456,149,13410,96855.00,0.6312,0.446616,0.0131
DQN,456,150,13500,120238.00,0.6288,0.448206,0.0130
DQN,456,151,13590,88739.00,0.6263,0.445444,0.0207
DQN,456,152,13680,112311.00,0.6238,0.456508,0.0124
DQN,456,153,13770,72027.00,0.6213,0.450684,0.0127
DQN,456,154,13860,69383.00,0.6189,0.436035,0.0128
DQN,456,155,13950,111641.00,0.6164,0.455857,0.0129
DQN,456,156,14040,95393.00,0.6139,0.432814,0.0129
DQN,456,157,14130,106303.00,0.6114,0.432536,0.0129
DQN,456,158,14220,125080.00,0.6089,0.438172,0.0130
DQN,456,159,14310,137841.00,0.6065,0.437288,0.0130
DQN,456,160,14400,117117.00,0.6040,0.451275,0.0130
DQN,456,161,14490,101899.00,0.6015,0.439311,0.0131
DQN,456,162,14580,131447.00,0.5990,0.447610,0.0130
DQN,456,163,14670,73023.00,0.5966,0.436764,0.0131
DQN,456,164,14760,78597.00,0.5941,0.442165,0.0131
DQN,456,165,14850,66475.00,0.5916,0.440499,0.0130
DQN,456,166,14940,115611.00,0.5892,0.449813,0.0130
DQN,456,167,15030,127816.00,0.5867,0.452205,0.0131
DQN,456,168,15120,122012.00,0.5842,0.437042,0.0130
DQN,456,169,15210,138767.00,0.5817,0.459466,0.0130
DQN,456,170,15300,125826.00,0.5793,0.452731,0.0130
DQN,456,171,15390,135794.00,0.5768,0.435451,0.0130
DQN,456,172,15480,99611.00,0.5743,0.443542,0.0130
DQN,456,173,15570,65608.00,0.5718,0.452806,0.0131
DQN,456,174,15660,55549.00,0.5694,0.437519,0.0130
DQN,456,175,15750,123380.00,0.5669,0.422310,0.0151
DQN,456,176,15840,119571.00,0.5644,0.440600,0.0122
DQN,456,177,15930,81429.00,0.5619,0.434948,0.0128
DQN,456,178,16020,130268.00,0.5595,0.431679,0.0132
DQN,456,179,16110,119453.00,0.5570,0.437068,0.0130
DQN,456,180,16200,127512.00,0.5545,0.422214,0.0131
DQN,456,181,16290,124669.00,0.5520,0.432332,0.0131
DQN,456,182,16380,150199.00,0.5495,0.405975,0.0130
DQN,456,183,16470,152036.00,0.5471,0.421737,0.0131
DQN,456,184,16560,100665.00,0.5446,0.416843,0.0131
DQN,456,185,16650,122557.00,0.5421,0.436785,0.0131
DQN,456,186,16740,121017.00,0.5396,0.416511,0.0131
DQN,456,187,16830,139626.00,0.5372,0.420451,0.0132
DQN,456,188,16920,146334.00,0.5347,0.406047,0.0132
DQN,456,189,17010,90135.00,0.5322,0.402307,0.0131
DQN,456,190,17100,101846.00,0.5297,0.405130,0.0132
DQN,456,191,17190,109072.00,0.5273,0.404413,0.0132
DQN,456,192,17280,141481.00,0.5248,0.409915,0.0131
DQN,456,193,17370,84333.00,0.5223,0.405978,0.0132
DQN,456,194,17460,139756.00,0.5199,0.413044,0.0131
DQN,456,195,17550,103498.00,0.5174,0.398892,0.0131
DQN,456,196,17640,124432.00,0.5149,0.405502,0.0131
DQN,456,197,17730,85584.00,0.5124,0.417709,0.0132
DQN,456,198,17820,116616.00,0.5100,0.413415,0.0132
DQN,456,199,17910,128735.00,0.5075,0.419144,0.0132
DQN,456,200,18000,116412.00,0.5050,0.411812,0.0131
DQN,456,201,18090,80568.00,0.5025,0.411976,0.0176
DQN,456,202,18180,135977.00,0.5000,0.410173,0.0125
DQN,456,203,18270,126434.00,0.4976,0.401845,0.0128
DQN,456,204,18360,99033.00,0.4951,0.410016,0.0128
DQN,456,205,18450,135539.00,0.4926,0.408061,0.0129
DQN,456,206,18540,128788.00,0.4901,0.400663,0.0130
DQN,456,207,18630,100940.00,0.4877,0.407641,0.0130
DQN,456,208,18720,141339.00,0.4852,0.408458,0.0130
DQN,456,209,18810,103534.00,0.4827,0.404135,0.0131
DQN,456,210,18900,114666.00,0.4802,0.404476,0.0131
DQN,456,211,18990,136156.00,0.4778,0.397380,0.0130
DQN,456,212,19080,126608.00,0.4753,0.407640,0.0132
DQN,456,213,19170,120634.00,0.4728,0.401188,0.0133
DQN,456,214,19260,115740.00,0.4703,0.397835,0.0131
DQN,456,215,19350,116727.00,0.4679,0.399428,0.0131
DQN,456,216,19440,119394.00,0.4654,0.396010,0.0131
DQN,456,217,19530,111228.00,0.4629,0.394947,0.0131
DQN,456,218,19620,137168.00,0.4604,0.393425,0.0132
DQN,456,219,19710,143922.00,0.4580,0.390926,0.0131
DQN,456,220,19800,117855.00,0.4555,0.395919,0.0132
DQN,456,221,19890,143893.00,0.4530,0.392192,0.0131
DQN,456,222,19980,105400.00,0.4506,0.406770,0.0131
DQN,456,223,20070,148848.00,0.4481,0.383897,0.0131
DQN,456,224,20160,104286.00,0.4456,0.385210,0.0131
DQN,456,225,20250,111949.00,0.4431,0.380713,0.0131
DQN,456,226,20340,127494.00,0.4407,0.380010,0.0131
DQN,456,227,20430,141068.00,0.4382,0.383001,0.0132
DQN,456,228,20520,128378.00,0.4357,0.376813,0.0131
DQN,456,229,20610,128446.00,0.4332,0.369769,0.0132
DQN,456,230,20700,129371.00,0.4308,0.370419,0.0132
DQN,456,231,20790,138302.00,0.4283,0.377643,0.0131
DQN,456,232,20880,131576.00,0.4258,0.371676,0.0132
DQN,456,233,20970,138323.00,0.4233,0.366209,0.0132
DQN,456,234,21060,118484.00,0.4209,0.365818,0.0131
DQN,456,235,21150,131256.00,0.4184,0.361331,0.0142
DQN,456,236,21240,143002.00,0.4159,0.350550,0.0126
DQN,456,237,21330,134492.00,0.4134,0.363342,0.0129
DQN,456,238,21420,136832.00,0.4110,0.364433,0.0129
DQN,456,239,21510,120727.00,0.4085,0.353837,0.0130
DQN,456,240,21600,144376.00,0.4060,0.351785,0.0131
DQN,456,241,21690,126057.00,0.4035,0.338872,0.0131
DQN,456,242,21780,125358.00,0.4011,0.338548,0.0132
DQN,456,243,21870,118884.00,0.3986,0.344711,0.0131
DQN,456,244,21960,114225.00,0.3961,0.337682,0.0132
DQN,456,245,22050,134075.00,0.3936,0.337637,0.0131
DQN,456,246,22140,137418.00,0.3911,0.362470,0.0150
DQN,456,247,22230,139600.00,0.3887,0.359459,0.0217
DQN,456,248,22320,136190.00,0.3862,0.333119,0.0130
DQN,456,249,22410,134800.00,0.3837,0.348730,0.0129
DQN,456,250,22500,135997.00,0.3812,0.342808,0.0130
DQN,456,251,22590,119371.00,0.3788,0.351580,0.0154
DQN,456,252,22680,116342.00,0.3763,0.332557,0.0130
DQN,456,253,22770,151309.00,0.3738,0.338852,0.0131
DQN,456,254,22860,136567.00,0.3713,0.332989,0.0132
DQN,456,255,22950,126796.00,0.3689,0.335472,0.0131
DQN,456,256,23040,116598.00,0.3664,0.343404,0.0131
DQN,456,257,23130,133326.00,0.3639,0.331745,0.0132
DQN,456,258,23220,139697.00,0.3614,0.327889,0.0131
DQN,456,259,23310,134793.00,0.3590,0.337536,0.0132
DQN,456,260,23400,138524.00,0.3565,0.338624,0.0131
DQN,456,261,23490,129084.00,0.3540,0.326378,0.0132
DQN,456,262,23580,143396.00,0.3516,0.338795,0.0132
DQN,456,263,23670,127758.00,0.3491,0.318664,0.0131
DQN,456,264,23760,129702.00,0.3466,0.318490,0.0131
DQN,456,265,23850,119038.00,0.3441,0.311000,0.0132
DQN,456,266,23940,142206.00,0.3417,0.316964,0.0132
DQN,456,267,24030,135376.00,0.3392,0.324073,0.0132
DQN,456,268,24120,131109.00,0.3367,0.317719,0.0132
DQN,456,269,24210,122650.00,0.3342,0.315937,0.0133
DQN,456,270,24300,133226.00,0.3317,0.297009,0.0132
DQN,456,271,24390,143050.00,0.3293,0.308728,0.0132
DQN,456,272,24480,135730.00,0.3268,0.308879,0.0132
DQN,456,273,24570,140083.00,0.3243,0.295977,0.0132
DQN,456,274,24660,150423.00,0.3218,0.311330,0.0131
DQN,456,275,24750,145718.00,0.3194,0.305448,0.0132
DQN,456,276,24840,133646.00,0.3169,0.299851,0.0131
DQN,456,277,24930,140418.00,0.3144,0.309249,0.0132
DQN,456,278,25020,150493.00,0.3120,0.296867,0.0132
DQN,456,279,25110,145761.00,0.3095,0.327152,0.0132
DQN,456,280,25200,144739.00,0.3070,0.316502,0.0132
DQN,456,281,25290,136891.00,0.3045,0.302311,0.0132
DQN,456,282,25380,139728.00,0.3021,0.300504,0.0132
DQN,456,283,25470,141824.00,0.2996,0.294201,0.0132
DQN,456,284,25560,126499.00,0.2971,0.292323,0.0131
DQN,456,285,25650,145566.00,0.2946,0.294911,0.0133
DQN,456,286,25740,131471.00,0.2922,0.299737,0.0131
DQN,456,287,25830,149600.00,0.2897,0.302040,0.0132
DQN,456,288,25920,120699.00,0.2872,0.295094,0.0132
DQN,456,289,26010,146314.00,0.2847,0.290611,0.0132
DQN,456,290,26100,129842.00,0.2823,0.302247,0.0131
DQN,456,291,26190,134596.00,0.2798,0.292185,0.0132
DQN,456,292,26280,133238.00,0.2773,0.292554,0.0132
DQN,456,293,26370,139078.00,0.2748,0.290909,0.0132
DQN,456,294,26460,121056.00,0.2723,0.281432,0.0132
DQN,456,295,26550,123190.00,0.2699,0.295741,0.0132
DQN,456,296,26640,151827.00,0.2674,0.283024,0.0132
DQN,456,297,26730,146590.00,0.2649,0.278396,0.0131
DQN,456,298,26820,124445.00,0.2624,0.269160,0.0132
DQN,456,299,26910,131807.00,0.2600,0.291177,0.0132
DQN,456,300,27000,139001.00,0.2575,0.279711,0.0132
DQN,456,301,27090,127049.00,0.2550,0.281517,0.0153
DQN,456,302,27180,148643.00,0.2526,0.277686,0.0229
DQN,456,303,27270,138565.00,0.2501,0.262666,0.0142
DQN,456,304,27360,131017.00,0.2476,0.264241,0.0146
DQN,456,305,27450,135684.00,0.2451,0.277930,0.0151
DQN,456,306,27540,122689.00,0.2427,0.286044,0.0124
DQN,456,307,27630,133535.00,0.2402,0.255470,0.0134
DQN,456,308,27720,150018.00,0.2377,0.259900,0.0133
DQN,456,309,27810,138108.00,0.2352,0.256121,0.0132
DQN,456,310,27900,138782.00,0.2328,0.257224,0.0132
DQN,456,311,27990,148702.00,0.2303,0.261681,0.0132
DQN,456,312,28080,137364.00,0.2278,0.254865,0.0133
DQN,456,313,28170,149729.00,0.2253,0.259466,0.0133
DQN,456,314,28260,138110.00,0.2228,0.264368,0.0133
DQN,456,315,28350,136151.00,0.2204,0.257343,0.0132
DQN,456,316,28440,137576.00,0.2179,0.253252,0.0133
DQN,456,317,28530,146624.00,0.2154,0.246092,0.0133
DQN,456,318,28620,142619.00,0.2129,0.247283,0.0133
DQN,456,319,28710,148099.00,0.2105,0.243829,0.0133
DQN,456,320,28800,132969.00,0.2080,0.238089,0.0133
DQN,456,321,28890,150041.00,0.2055,0.243755,0.0133
DQN,456,322,28980,142308.00,0.2030,0.243407,0.0133
DQN,456,323,29070,144760.00,0.2006,0.252784,0.0133
DQN,456,324,29160,138721.00,0.1981,0.260211,0.0133
DQN,456,325,29250,149255.00,0.1956,0.246748,0.0133
DQN,456,326,29340,133086.00,0.1932,0.246643,0.0133
DQN,456,327,29430,133673.00,0.1907,0.235744,0.0133
DQN,456,328,29520,150592.00,0.1882,0.245723,0.0133
DQN,456,329,29610,141517.00,0.1857,0.249480,0.0134
DQN,456,330,29700,144779.00,0.1833,0.247352,0.0133
DQN,456,331,29790,137797.00,0.1808,0.246189,0.0134
DQN,456,332,29880,146220.00,0.1783,0.248867,0.0133
DQN,456,333,29970,128097.00,0.1758,0.240022,0.0132
DQN,456,334,30060,132236.00,0.1734,0.241036,0.0133
DQN,456,335,30150,135425.00,0.1709,0.238778,0.0132
DQN,456,336,30240,141554.00,0.1684,0.237486,0.0153
DQN,456,337,30330,142540.00,0.1659,0.234543,0.0126
DQN,456,338,30420,143717.00,0.1634,0.233025,0.0131
DQN,456,339,30510,134805.00,0.1610,0.227846,0.0133
DQN,456,340,30600,153773.00,0.1585,0.220631,0.0132
DQN,456,341,30690,151906.00,0.1560,0.219196,0.0134
DQN,456,342,30780,140405.00,0.1536,0.227781,0.0132
DQN,456,343,30870,145230.00,0.1511,0.225199,0.0133
DQN,456,344,30960,136367.00,0.1486,0.216713,0.0133
DQN,456,345,31050,139967.00,0.1461,0.220577,0.0133
DQN,456,346,31140,136099.00,0.1437,0.215815,0.0132
DQN,456,347,31230,141863.00,0.1412,0.228157,0.0133
DQN,456,348,31320,138849.00,0.1387,0.215540,0.0133
DQN,456,349,31410,140899.00,0.1362,0.221788,0.0134
DQN,456,350,31500,143109.00,0.1338,0.220087,0.0133
DQN,456,351,31590,145157.00,0.1313,0.210855,0.0188
DQN,456,352,31680,151680.00,0.1288,0.210724,0.0130
DQN,456,353,31770,146920.00,0.1263,0.210657,0.0131
DQN,456,354,31860,134561.00,0.1239,0.219973,0.0131
DQN,456,355,31950,141158.00,0.1214,0.207448,0.0132
DQN,456,356,32040,136908.00,0.1189,0.212462,0.0132
DQN,456,357,32130,150136.00,0.1164,0.204116,0.0132
DQN,456,358,32220,138442.00,0.1139,0.203900,0.0132
DQN,456,359,32310,136497.00,0.1115,0.200761,0.0132
DQN,456,360,32400,138426.00,0.1090,0.200632,0.0134
DQN,456,361,32490,141764.00,0.1065,0.195741,0.0133
DQN,456,362,32580,140078.00,0.1040,0.208125,0.0150
DQN,456,363,32670,145243.00,0.1016,0.210305,0.0161
DQN,456,364,32760,131871.00,0.0991,0.206255,0.0146
DQN,456,365,32850,149435.00,0.0966,0.205005,0.0130
DQN,456,366,32940,151688.00,0.0941,0.193869,0.0132
DQN,456,367,33030,142001.00,0.0917,0.203402,0.0133
DQN,456,368,33120,142081.00,0.0892,0.201394,0.0132
DQN,456,369,33210,146324.00,0.0867,0.207790,0.0133
DQN,456,370,33300,146142.00,0.0842,0.205344,0.0132
DQN,456,371,33390,140783.00,0.0818,0.208113,0.0133
DQN,456,372,33480,153387.00,0.0793,0.205410,0.0132
DQN,456,373,33570,147656.00,0.0768,0.217749,0.0133
DQN,456,374,33660,141614.00,0.0743,0.204523,0.0134
DQN,456,375,33750,144665.00,0.0719,0.202919,0.0134
DQN,456,376,33840,143412.00,0.0694,0.191211,0.0133
DQN,456,377,33930,152130.00,0.0669,0.202507,0.0134
DQN,456,378,34020,147510.00,0.0645,0.191962,0.0146
DQN,456,379,34110,145100.00,0.0620,0.186005,0.0187
DQN,456,380,34200,135689.00,0.0595,0.187623,0.0355
DQN,456,381,34290,140373.00,0.0570,0.194720,0.0461
DQN,456,382,34380,139395.00,0.0546,0.195822,0.0123
DQN,456,383,34470,139542.00,0.0521,0.196592,0.0131
DQN,456,384,34560,130812.00,0.0496,0.198060,0.0124
DQN,456,385,34650,142598.00,0.0471,0.197317,0.0144
DQN,456,386,34740,131780.00,0.0447,0.187839,0.0124
DQN,456,387,34830,151325.00,0.0422,0.182720,0.0130
DQN,456,388,34920,138570.00,0.0397,0.184225,0.0135
DQN,456,389,35010,138618.00,0.0372,0.184082,0.0127
DQN,456,390,35100,138762.00,0.0348,0.171509,0.0126
DQN,456,391,35190,137852.00,0.0323,0.177915,0.0131
DQN,456,392,35280,139924.00,0.0298,0.174057,0.0165
DQN,456,393,35370,144927.00,0.0273,0.175430,0.0125
DQN,456,394,35460,145348.00,0.0249,0.176407,0.0133
DQN,456,395,35550,140766.00,0.0224,0.179510,0.0135
DQN,456,396,35640,147531.00,0.0199,0.178031,0.0147
DQN,456,397,35730,139331.00,0.0174,0.181283,0.0122
DQN,456,398,35820,146200.00,0.0150,0.181500,0.0135
DQN,456,399,35910,135902.00,0.0125,0.180744,0.0127
DQN,456,400,36000,141459.00,0.0100,0.178997,0.0135
DQN,456,401,36090,141896.00,0.0100,0.178342,0.0141
DQN,456,402,36180,144894.00,0.0100,0.183552,0.0147
DQN,456,403,36270,138119.00,0.0100,0.170539,0.0151
DQN,456,404,36360,141484.00,0.0100,0.177848,0.0141
DQN,456,405,36450,139528.00,0.0100,0.183265,0.0144
DQN,456,406,36540,136192.00,0.0100,0.171420,0.0135
DQN,456,407,36630,150076.00,0.0100,0.175765,0.0123
DQN,456,408,36720,148921.00,0.0100,0.177668,0.0129
DQN,456,409,36810,140413.00,0.0100,0.171299,0.0140
DQN,456,410,36900,149242.00,0.0100,0.171319,0.0164
DQN,456,411,36990,145002.00,0.0100,0.168281,0.0128
DQN,456,412,37080,140663.00,0.0100,0.176995,0.0129
DQN,456,413,37170,148202.00,0.0100,0.171172,0.0123
DQN,456,414,37260,144327.00,0.0100,0.177951,0.0137
DQN,456,415,37350,147549.00,0.0100,0.173527,0.0143
DQN,456,416,37440,143731.00,0.0100,0.170889,0.0125
DQN,456,417,37530,144428.00,0.0100,0.167993,0.0127
DQN,456,418,37620,138747.00,0.0100,0.181744,0.0127
DQN,456,419,37710,130213.00,0.0100,0.170455,0.0128
DQN,456,420,37800,141807.00,0.0100,0.171483,0.0128
DQN,456,421,37890,140302.00,0.0100,0.179229,0.0152
DQN,456,422,37980,137630.00,0.0100,0.168760,0.0125
DQN,456,423,38070,145162.00,0.0100,0.157339,0.0132
DQN,456,424,38160,148105.00,0.0100,0.152184,0.0145
DQN,456,425,38250,141142.00,0.0100,0.160111,0.0124
DQN,456,426,38340,141645.00,0.0100,0.154037,0.0124
DQN,456,427,38430,151063.00,0.0100,0.154610,0.0128
DQN,456,428,38520,151610.00,0.0100,0.163091,0.0128
DQN,456,429,38610,145423.00,0.0100,0.159158,0.0136
DQN,456,430,38700,150280.00,0.0100,0.152790,0.0128
DQN,456,431,38790,136031.00,0.0100,0.151954,0.0158
DQN,456,432,38880,132343.00,0.0100,0.150301,0.0175
DQN,456,433,38970,136498.00,0.0100,0.150965,0.0126
DQN,456,434,39060,138370.00,0.0100,0.157310,0.0124
DQN,456,435,39150,135861.00,0.0100,0.148585,0.0126
DQN,456,436,39240,137056.00,0.0100,0.150228,0.0144
DQN,456,437,39330,136931.00,0.0100,0.149593,0.0152
DQN,456,438,39420,138873.00,0.0100,0.149988,0.0127
DQN,456,439,39510,138325.00,0.0100,0.155623,0.0128
DQN,456,440,39600,139154.00,0.0100,0.135029,0.0129
DQN,456,441,39690,141111.00,0.0100,0.136098,0.0131
DQN,456,442,39780,149954.00,0.0100,0.143422,0.0152
DQN,456,443,39870,142021.00,0.0100,0.133866,0.0125
DQN,456,444,39960,139185.00,0.0100,0.131149,0.0131
DQN,456,445,40050,147521.00,0.0100,0.143418,0.0135
DQN,456,446,40140,138036.00,0.0100,0.134225,0.0138
DQN,456,447,40230,131625.00,0.0100,0.146285,0.0137
DQN,456,448,40320,144885.00,0.0100,0.145036,0.0152
DQN,456,449,40410,134047.00,0.0100,0.139071,0.0158
DQN,456,450,40500,142684.00,0.0100,0.138542,0.0136
DQN,456,451,40590,150195.00,0.0100,0.129225,0.0165
DQN,456,452,40680,147319.00,0.0100,0.130023,0.0148
DQN,456,453,40770,153319.00,0.0100,0.132784,0.0129
DQN,456,454,40860,144167.00,0.0100,0.131902,0.0131
DQN,456,455,40950,144656.00,0.0100,0.129444,0.0159
DQN,456,456,41040,148701.00,0.0100,0.138799,0.0121
DQN,456,457,41130,142034.00,0.0100,0.138951,0.0125
DQN,456,458,41220,139344.00,0.0100,0.127992,0.0133
DQN,456,459,41310,143155.00,0.0100,0.141481,0.0147
DQN,456,460,41400,142030.00,0.0100,0.136702,0.0131
DQN,456,461,41490,152718.00,0.0100,0.130825,0.0150
DQN,456,462,41580,131924.00,0.0100,0.127569,0.0134
DQN,456,463,41670,146254.00,0.0100,0.125207,0.0124
DQN,456,464,41760,135062.00,0.0100,0.129235,0.0126
DQN,456,465,41850,135928.00,0.0100,0.123714,0.0128
DQN,456,466,41940,143019.00,0.0100,0.133371,0.0136
DQN,456,467,42030,146348.00,0.0100,0.118765,0.0161
DQN,456,468,42120,143231.00,0.0100,0.119507,0.0148
DQN,456,469,42210,138247.00,0.0100,0.121569,0.0123
DQN,456,470,42300,142809.00,0.0100,0.119291,0.0127
DQN,456,471,42390,144907.00,0.0100,0.115869,0.0202
DQN,456,472,42480,137483.00,0.0100,0.122460,0.0147
DQN,456,473,42570,140713.00,0.0100,0.120623,0.0127
DQN,456,474,42660,144611.00,0.0100,0.117726,0.0149
DQN,456,475,42750,139668.00,0.0100,0.116649,0.0123
DQN,456,476,42840,139006.00,0.0100,0.113987,0.0125
DQN,456,477,42930,132126.00,0.0100,0.120092,0.0127
DQN,456,478,43020,149247.00,0.0100,0.114211,0.0127
DQN,456,479,43110,139737.00,0.0100,0.116491,0.0140
DQN,456,480,43200,151665.00,0.0100,0.116001,0.0154
DQN,456,481,43290,132336.00,0.0100,0.115789,0.0125
DQN,456,482,43380,138886.00,0.0100,0.108675,0.0129
DQN,456,483,43470,147670.00,0.0100,0.110022,0.0130
DQN,456,484,43560,139798.00,0.0100,0.118809,0.0149
DQN,456,485,43650,142407.00,0.0100,0.126509,0.0125
DQN,456,486,43740,144246.00,0.0100,0.125401,0.0132
DQN,456,487,43830,143055.00,0.0100,0.124802,0.0144
DQN,456,488,43920,140897.00,0.0100,0.127306,0.0126
DQN,456,489,44010,141115.00,0.0100,0.123272,0.0129
DQN,456,490,44100,140085.00,0.0100,0.123453,0.0146
DQN,456,491,44190,140726.00,0.0100,0.120441,0.0128
DQN,456,492,44280,143904.00,0.0100,0.123923,0.0130
DQN,456,493,44370,137633.00,0.0100,0.123294,0.0131
DQN,456,494,44460,145114.00,0.0100,0.124037,0.0132
DQN,456,495,44550,141821.00,0.0100,0.119402,0.0132
DQN,456,496,44640,144083.00,0.0100,0.112595,0.0132
DQN,456,497,44730,142368.00,0.0100,0.107514,0.0133
DQN,456,498,44820,142139.00,0.0100,0.108714,0.0155
DQN,456,499,44910,146834.00,0.0100,0.108948,0.0127
DQN,456,500,45000,139611.00,0.0100,0.109966,0.0127
DQN,789,1,90,-76440.00,0.9975,0.000000,0.0008
DQN,789,2,180,18855.00,0.9950,0.000000,0.0006
DQN,789,3,270,8731.00,0.9926,0.000000,0.0006
DQN,789,4,360,34916.00,0.9901,0.000000,0.0004
DQN,789,5,450,3058.00,0.9876,0.000000,0.0004
DQN,789,6,540,93444.00,0.9851,4.384462,0.0093
DQN,789,7,630,2588.00,0.9827,2.973415,0.0127
DQN,789,8,720,-41320.00,0.9802,1.644292,0.0135
DQN,789,9,810,66597.00,0.9777,1.400477,0.0139
DQN,789,10,900,34427.00,0.9752,1.297272,0.0132
DQN,789,11,990,-3401.00,0.9728,1.241836,0.0121
DQN,789,12,1080,26917.00,0.9703,3.186043,0.0120
DQN,789,13,1170,72811.00,0.9678,1.205617,0.0142
DQN,789,14,1260,-37264.00,0.9654,1.127191,0.0114
DQN,789,15,1350,-15784.00,0.9629,1.020603,0.0137
DQN,789,16,1440,74125.00,0.9604,0.996258,0.0122
DQN,789,17,1530,17013.00,0.9579,1.756097,0.0138
DQN,789,18,1620,57680.00,0.9555,1.107923,0.0123
DQN,789,19,1710,56820.00,0.9530,1.018954,0.0129
DQN,789,20,1800,-2946.00,0.9505,0.902599,0.0120
DQN,789,21,1890,84487.00,0.9480,0.886396,0.0121
DQN,789,22,1980,1916.00,0.9456,0.872644,0.0124
DQN,789,23,2070,15065.00,0.9431,1.558757,0.0129
DQN,789,24,2160,51909.00,0.9406,1.010689,0.0124
DQN,789,25,2250,-36958.00,0.9381,0.949695,0.0137
DQN,789,26,2340,-27444.00,0.9356,0.908654,0.0132
DQN,789,27,2430,-21945.00,0.9332,0.861404,0.0149
DQN,789,28,2520,-96955.00,0.9307,1.269922,0.0124
DQN,789,29,2610,49172.00,0.9282,1.130043,0.0125
DQN,789,30,2700,45139.00,0.9257,0.967106,0.0133
DQN,789,31,2790,80867.00,0.9233,0.935431,0.0125
DQN,789,32,2880,-20682.00,0.9208,0.910202,0.0124
DQN,789,33,2970,7188.00,0.9183,0.949157,0.0201
DQN,789,34,3060,3753.00,0.9159,1.371883,0.0139
DQN,789,35,3150,65773.00,0.9134,0.973035,0.0120
DQN,789,36,3240,80561.00,0.9109,0.954763,0.0193
DQN,789,37,3330,-15799.00,0.9084,0.936006,0.0140
DQN,789,38,3420,13552.00,0.9060,0.929779,0.0142
DQN,789,39,3510,-3353.00,0.9035,1.209839,0.0123
DQN,789,40,3600,-15675.00,0.9010,1.094517,0.0140
DQN,789,41,3690,49460.00,0.8985,0.912884,0.0122
DQN,789,42,3780,35735.00,0.8961,0.896593,0.0121
DQN,789,43,3870,-5972.00,0.8936,0.883122,0.0127
DQN,789,44,3960,25823.00,0.8911,0.854922,0.0151
DQN,789,45,4050,102668.00,0.8886,1.122366,0.0181
DQN,789,46,4140,30564.00,0.8861,0.767133,0.0143
DQN,789,47,4230,64811.00,0.8837,0.737007,0.0119
DQN,789,48,4320,40936.00,0.8812,0.717132,0.0122
DQN,789,49,4410,29312.00,0.8787,0.698044,0.0123
DQN,789,50,4500,45142.00,0.8762,0.714864,0.0124
DQN,789,51,4590,84105.00,0.8738,0.783465,0.0149
DQN,789,52,4680,71894.00,0.8713,0.619508,0.0222
DQN,789,53,4770,-27955.00,0.8688,0.618125,0.0144
DQN,789,54,4860,70921.00,0.8663,0.596502,0.0124
DQN,789,55,4950,33218.00,0.8639,0.572944,0.0146
DQN,789,56,5040,-3177.00,0.8614,0.662550,0.0123
DQN,789,57,5130,46754.00,0.8589,0.558739,0.0124
DQN,789,58,5220,100403.00,0.8565,0.555459,0.0126
DQN,789,59,5310,93879.00,0.8540,0.533667,0.0155
DQN,789,60,5400,28755.00,0.8515,0.531051,0.0142
DQN,789,61,5490,61999.00,0.8490,0.536620,0.0126
DQN,789,62,5580,-2024.00,0.8466,0.527630,0.0122
DQN,789,63,5670,43908.00,0.8441,0.537941,0.0131
DQN,789,64,5760,72254.00,0.8416,0.532360,0.0124
DQN,789,65,5850,66555.00,0.8391,0.512156,0.0127
DQN,789,66,5940,73903.00,0.8367,0.508769,0.0128
DQN,789,67,6030,76531.00,0.8342,0.511153,0.0128
DQN,789,68,6120,112131.00,0.8317,0.515556,0.0157
DQN,789,69,6210,90689.00,0.8292,0.512316,0.0121
DQN,789,70,6300,86611.00,0.8267,0.493983,0.0145
DQN,789,71,6390,44527.00,0.8243,0.501163,0.0138
DQN,789,72,6480,35433.00,0.8218,0.501160,0.0120
DQN,789,73,6570,85482.00,0.8193,0.504814,0.0132
DQN,789,74,6660,-19244.00,0.8168,0.514599,0.0123
DQN,789,75,6750,-15530.00,0.8144,0.513168,0.0133
DQN,789,76,6840,90809.00,0.8119,0.494147,0.0124
DQN,789,77,6930,75509.00,0.8094,0.502254,0.0126
DQN,789,78,7020,55891.00,0.8070,0.501559,0.0175
DQN,789,79,7110,96530.00,0.8045,0.510131,0.0140
DQN,789,80,7200,62174.00,0.8020,0.511803,0.0137
DQN,789,81,7290,117604.00,0.7995,0.518149,0.0122
DQN,789,82,7380,89875.00,0.7971,0.524238,0.0154
DQN,789,83,7470,76164.00,0.7946,0.494943,0.0121
DQN,789,84,7560,82088.00,0.7921,0.510429,0.0141
DQN,789,85,7650,67477.00,0.7896,0.496449,0.0133
DQN,789,86,7740,74829.00,0.7872,0.506573,0.0131
DQN,789,87,7830,83092.00,0.7847,0.494421,0.0132
DQN,789,88,7920,78391.00,0.7822,0.511996,0.0125
DQN,789,89,8010,108583.00,0.7797,0.505147,0.0133
DQN,789,90,8100,79879.00,0.7772,0.499785,0.0141
DQN,789,91,8190,-17328.00,0.7748,0.496108,0.0125
DQN,789,92,8280,48245.00,0.7723,0.469446,0.0128
DQN,789,93,8370,114151.00,0.7698,0.498623,0.0127
DQN,789,94,8460,62464.00,0.7673,0.491648,0.0146
DQN,789,95,8550,116043.00,0.7649,0.474543,0.0147
DQN,789,96,8640,57960.00,0.7624,0.485450,0.0171
DQN,789,97,8730,101203.00,0.7599,0.490993,0.0125
DQN,789,98,8820,45925.00,0.7574,0.481416,0.0120
DQN,789,99,8910,116873.00,0.7550,0.472444,0.0122
DQN,789,100,9000,59938.00,0.7525,0.480915,0.0123
DQN,789,101,9090,100122.00,0.7500,0.505311,0.0167
DQN,789,102,9180,56862.00,0.7475,0.484235,0.0129
DQN,789,103,9270,132221.00,0.7451,0.483083,0.0139
DQN,789,104,9360,33808.00,0.7426,0.489556,0.0122
DQN,789,105,9450,80394.00,0.7401,0.495481,0.0150
DQN,789,106,9540,104260.00,0.7376,0.467811,0.0120
DQN,789,107,9630,68165.00,0.7352,0.489008,0.0123
DQN,789,108,9720,67961.00,0.7327,0.488190,0.0123
DQN,789,109,9810,128948.00,0.7302,0.477510,0.0124
DQN,789,110,9900,93524.00,0.7278,0.480846,0.0155
DQN,789,111,9990,101471.00,0.7253,0.477447,0.0171
DQN,789,112,10080,98419.00,0.7228,0.490587,0.0176
DQN,789,113,10170,124370.00,0.7203,0.477721,0.0126
DQN,789,114,10260,104782.00,0.7179,0.491718,0.0156
DQN,789,115,10350,114092.00,0.7154,0.481652,0.0156
DQN,789,116,10440,69169.00,0.7129,0.474931,0.0127
DQN,789,117,10530,129115.00,0.7104,0.495131,0.0163
DQN,789,118,10620,118598.00,0.7080,0.495268,0.0119
DQN,789,119,10710,92484.00,0.7055,0.467049,0.0122
DQN,789,120,10800,89901.00,0.7030,0.464235,0.0123
DQN,789,121,10890,88193.00,0.7005,0.481479,0.0124
DQN,789,122,10980,123837.00,0.6981,0.473806,0.0124
DQN,789,123,11070,120411.00,0.6956,0.483374,0.0160
DQN,789,124,11160,108608.00,0.6931,0.479688,0.0136
DQN,789,125,11250,129060.00,0.6906,0.464332,0.0129
DQN,789,126,11340,74291.00,0.6882,0.467264,0.0120
DQN,789,127,11430,80273.00,0.6857,0.472472,0.0138
DQN,789,128,11520,128202.00,0.6832,0.451036,0.0189
DQN,789,129,11610,88786.00,0.6807,0.452363,0.0142
DQN,789,130,11700,110721.00,0.6783,0.449712,0.0125
DQN,789,131,11790,100874.00,0.6758,0.445691,0.0128
DQN,789,132,11880,141814.00,0.6733,0.457189,0.0161
DQN,789,133,11970,84496.00,0.6708,0.460018,0.0150
DQN,789,134,12060,125082.00,0.6683,0.426207,0.0157
DQN,789,135,12150,121403.00,0.6659,0.442946,0.0120
DQN,789,136,12240,101125.00,0.6634,0.438108,0.0121
DQN,789,137,12330,136969.00,0.6609,0.456246,0.0135
DQN,789,138,12420,122205.00,0.6584,0.449360,0.0134
DQN,789,139,12510,109444.00,0.6560,0.427910,0.0129
DQN,789,140,12600,128353.00,0.6535,0.434036,0.0122
DQN,789,141,12690,88646.00,0.6510,0.449221,0.0127
DQN,789,142,12780,120245.00,0.6485,0.429449,0.0128
DQN,789,143,12870,91345.00,0.6461,0.446715,0.0130
DQN,789,144,12960,92917.00,0.6436,0.433329,0.0146
DQN,789,145,13050,128497.00,0.6411,0.437293,0.0131
DQN,789,146,13140,108185.00,0.6386,0.444516,0.0149
DQN,789,147,13230,114026.00,0.6362,0.444581,0.0120
DQN,789,148,13320,135486.00,0.6337,0.444057,0.0123
DQN,789,149,13410,122516.00,0.6312,0.439782,0.0125
DQN,789,150,13500,128360.00,0.6288,0.440521,0.0125
DQN,789,151,13590,102557.00,0.6263,0.431257,0.0170
DQN,789,152,13680,87959.00,0.6238,0.426150,0.0154
DQN,789,153,13770,110168.00,0.6213,0.432830,0.0125
DQN,789,154,13860,111708.00,0.6189,0.450312,0.0137
DQN,789,155,13950,110149.00,0.6164,0.430444,0.0138
DQN,789,156,14040,78955.00,0.6139,0.429467,0.0129
DQN,789,157,14130,138357.00,0.6114,0.419013,0.0131
DQN,789,158,14220,112258.00,0.6089,0.423145,0.0160
DQN,789,159,14310,100179.00,0.6065,0.416576,0.0149
DQN,789,160,14400,131803.00,0.6040,0.434670,0.0139
DQN,789,161,14490,129161.00,0.6015,0.429771,0.0131
DQN,789,162,14580,72590.00,0.5990,0.408862,0.0119
DQN,789,163,14670,116220.00,0.5966,0.420866,0.0122
DQN,789,164,14760,123326.00,0.5941,0.407108,0.0125
DQN,789,165,14850,98103.00,0.5916,0.410648,0.0125
DQN,789,166,14940,99724.00,0.5892,0.418201,0.0125
DQN,789,167,15030,109932.00,0.5867,0.417745,0.0126
DQN,789,168,15120,130748.00,0.5842,0.425223,0.0126
DQN,789,169,15210,123643.00,0.5817,0.423839,0.0143
DQN,789,170,15300,115801.00,0.5793,0.438180,0.0134
DQN,789,171,15390,107323.00,0.5768,0.428397,0.0145
DQN,789,172,15480,95440.00,0.5743,0.428466,0.0139
DQN,789,173,15570,134448.00,0.5718,0.427599,0.0129
DQN,789,174,15660,123885.00,0.5694,0.430675,0.0129
DQN,789,175,15750,83968.00,0.5669,0.425322,0.0131
DQN,789,176,15840,127327.00,0.5644,0.411237,0.0123
DQN,789,177,15930,135929.00,0.5619,0.418338,0.0154
DQN,789,178,16020,99513.00,0.5595,0.412808,0.0130
DQN,789,179,16110,113373.00,0.5570,0.407216,0.0130
DQN,789,180,16200,127499.00,0.5545,0.405715,0.0130
DQN,789,181,16290,124092.00,0.5520,0.397093,0.0152
DQN,789,182,16380,126277.00,0.5495,0.399302,0.0120
DQN,789,183,16470,122148.00,0.5471,0.390831,0.0122
DQN,789,184,16560,141176.00,0.5446,0.394969,0.0150
DQN,789,185,16650,136965.00,0.5421,0.409446,0.0140
DQN,789,186,16740,126665.00,0.5396,0.381437,0.0125
DQN,789,187,16830,137031.00,0.5372,0.404522,0.0121
DQN,789,188,16920,153817.00,0.5347,0.400689,0.0125
DQN,789,189,17010,118643.00,0.5322,0.382921,0.0125
DQN,789,190,17100,123412.00,0.5297,0.395822,0.0128
DQN,789,191,17190,113273.00,0.5273,0.375800,0.0126
DQN,789,192,17280,123384.00,0.5248,0.394733,0.0127
DQN,789,193,17370,98989.00,0.5223,0.399713,0.0126
DQN,789,194,17460,121036.00,0.5199,0.395033,0.0127
DQN,789,195,17550,106668.00,0.5174,0.393857,0.0127
DQN,789,196,17640,118371.00,0.5149,0.384460,0.0127
DQN,789,197,17730,85693.00,0.5124,0.388028,0.0128
DQN,789,198,17820,137319.00,0.5100,0.383060,0.0126
DQN,789,199,17910,125574.00,0.5075,0.405173,0.0127
DQN,789,200,18000,94551.00,0.5050,0.393641,0.0145
DQN,789,201,18090,102221.00,0.5025,0.407183,0.0144
DQN,789,202,18180,128850.00,0.5000,0.376055,0.0153
DQN,789,203,18270,127826.00,0.4976,0.378470,0.0136
DQN,789,204,18360,140338.00,0.4951,0.380996,0.0130
DQN,789,205,18450,131672.00,0.4926,0.382252,0.0127
DQN,789,206,18540,118096.00,0.4901,0.368791,0.0130
DQN,789,207,18630,149189.00,0.4877,0.378616,0.0150
DQN,789,208,18720,131179.00,0.4852,0.364781,0.0122
DQN,789,209,18810,134248.00,0.4827,0.358938,0.0125
DQN,789,210,18900,125145.00,0.4802,0.358217,0.0224
DQN,789,211,18990,119283.00,0.4778,0.363293,0.0226
DQN,789,212,19080,130346.00,0.4753,0.365477,0.0246
DQN,789,213,19170,149051.00,0.4728,0.360859,0.0201
DQN,789,214,19260,131611.00,0.4703,0.358135,0.0170
DQN,789,215,19350,136889.00,0.4679,0.352499,0.0131
DQN,789,216,19440,130306.00,0.4654,0.371467,0.0134
DQN,789,217,19530,123556.00,0.4629,0.370581,0.0135
DQN,789,218,19620,110280.00,0.4604,0.351782,0.0136
DQN,789,219,19710,147016.00,0.4580,0.355351,0.0136
DQN,789,220,19800,124612.00,0.4555,0.364255,0.0137
DQN,789,221,19890,102983.00,0.4530,0.360801,0.0157
DQN,789,222,19980,126929.00,0.4506,0.357462,0.0121
DQN,789,223,20070,127483.00,0.4481,0.375485,0.0125
DQN,789,224,20160,121978.00,0.4456,0.373964,0.0166
DQN,789,225,20250,113922.00,0.4431,0.367390,0.0172
DQN,789,226,20340,103252.00,0.4407,0.366411,0.0128
DQN,789,227,20430,108899.00,0.4382,0.360345,0.0128
DQN,789,228,20520,116205.00,0.4357,0.355707,0.0133
DQN,789,229,20610,138661.00,0.4332,0.342347,0.0134
DQN,789,230,20700,140711.00,0.4308,0.333298,0.0136
DQN,789,231,20790,112281.00,0.4283,0.339792,0.0152
DQN,789,232,20880,135158.00,0.4258,0.330594,0.0138
DQN,789,233,20970,124792.00,0.4233,0.324015,0.0137
DQN,789,234,21060,124231.00,0.4209,0.344143,0.0186
DQN,789,235,21150,126304.00,0.4184,0.349715,0.0162
DQN,789,236,21240,135616.00,0.4159,0.341343,0.0130
DQN,789,237,21330,144716.00,0.4134,0.345292,0.0135
DQN,789,238,21420,131090.00,0.4110,0.322291,0.0167
DQN,789,239,21510,128887.00,0.4085,0.318469,0.0120
DQN,789,240,21600,138341.00,0.4060,0.338901,0.0137
DQN,789,241,21690,134074.00,0.4035,0.323002,0.0132
DQN,789,242,21780,129922.00,0.4011,0.338118,0.0190
DQN,789,243,21870,127459.00,0.3986,0.325070,0.0162
DQN,789,244,21960,139298.00,0.3961,0.326799,0.0123
DQN,789,245,22050,118313.00,0.3936,0.326215,0.0133
DQN,789,246,22140,143846.00,0.3911,0.308862,0.0127
DQN,789,247,22230,123103.00,0.3887,0.318919,0.0135
DQN,789,248,22320,125600.00,0.3862,0.310534,0.0149
DQN,789,249,22410,128630.00,0.3837,0.308990,0.0129
DQN,789,250,22500,117828.00,0.3812,0.303638,0.0147
DQN,789,251,22590,116025.00,0.3788,0.296451,0.0165
DQN,789,252,22680,125430.00,0.3763,0.291982,0.0148
DQN,789,253,22770,135561.00,0.3738,0.284805,0.0134
DQN,789,254,22860,149542.00,0.3713,0.288781,0.0149
DQN,789,255,22950,144135.00,0.3689,0.280733,0.0218
DQN,789,256,23040,144452.00,0.3664,0.293647,0.0122
DQN,789,257,23130,129402.00,0.3639,0.299788,0.0124
DQN,789,258,23220,116818.00,0.3614,0.286655,0.0144
DQN,789,259,23310,140595.00,0.3590,0.293500,0.0135
DQN,789,260,23400,113008.00,0.3565,0.295937,0.0135
DQN,789,261,23490,132466.00,0.3540,0.295172,0.0136
DQN,789,262,23580,128551.00,0.3516,0.278873,0.0154
DQN,789,263,23670,137415.00,0.3491,0.275019,0.0121
DQN,789,264,23760,154951.00,0.3466,0.274995,0.0140
DQN,789,265,23850,127046.00,0.3441,0.273578,0.0134
DQN,789,266,23940,149553.00,0.3417,0.256214,0.0126
DQN,789,267,24030,131262.00,0.3392,0.254177,0.0161
DQN,789,268,24120,140344.00,0.3367,0.274475,0.0139
DQN,789,269,24210,124998.00,0.3342,0.259524,0.0149
DQN,789,270,24300,146915.00,0.3317,0.260098,0.0125
DQN,789,271,24390,106919.00,0.3293,0.269557,0.0132
DQN,789,272,24480,129688.00,0.3268,0.258147,0.0135
DQN,789,273,24570,143767.00,0.3243,0.256359,0.0136
DQN,789,274,24660,134461.00,0.3218,0.267850,0.0135
DQN,789,275,24750,148237.00,0.3194,0.264652,0.0146
DQN,789,276,24840,146370.00,0.3169,0.266113,0.0160
DQN,789,277,24930,129034.00,0.3144,0.267305,0.0161
DQN,789,278,25020,123806.00,0.3120,0.259738,0.0128
DQN,789,279,25110,141054.00,0.3095,0.259154,0.0157
DQN,789,280,25200,137935.00,0.3070,0.250898,0.0138
DQN,789,281,25290,137432.00,0.3045,0.274437,0.0137
DQN,789,282,25380,136423.00,0.3021,0.249867,0.0137
DQN,789,283,25470,136592.00,0.2996,0.249642,0.0136
DQN,789,284,25560,140884.00,0.2971,0.242434,0.0138
DQN,789,285,25650,124792.00,0.2946,0.238120,0.0222
DQN,789,286,25740,135910.00,0.2922,0.244643,0.0136
DQN,789,287,25830,148122.00,0.2897,0.234027,0.0127
DQN,789,288,25920,137899.00,0.2872,0.236681,0.0132
DQN,789,289,26010,136017.00,0.2847,0.245103,0.0129
DQN,789,290,26100,134009.00,0.2823,0.229561,0.0125
DQN,789,291,26190,141092.00,0.2798,0.226809,0.0129
DQN,789,292,26280,135943.00,0.2773,0.231198,0.0131
DQN,789,293,26370,122882.00,0.2748,0.234512,0.0131
DQN,789,294,26460,140423.00,0.2723,0.224715,0.0133
DQN,789,295,26550,150147.00,0.2699,0.232956,0.0132
DQN,789,296,26640,123735.00,0.2674,0.223965,0.0139
DQN,789,297,26730,139576.00,0.2649,0.220710,0.0145
DQN,789,298,26820,132593.00,0.2624,0.213307,0.0129
DQN,789,299,26910,138487.00,0.2600,0.222417,0.0134
DQN,789,300,27000,133844.00,0.2575,0.225600,0.0137
DQN,789,301,27090,142095.00,0.2550,0.222121,0.0178
DQN,789,302,27180,127888.00,0.2526,0.209783,0.0146
DQN,789,303,27270,156833.00,0.2501,0.211086,0.0133
DQN,789,304,27360,132929.00,0.2476,0.214510,0.0156
DQN,789,305,27450,139047.00,0.2451,0.208581,0.0134
DQN,789,306,27540,130512.00,0.2427,0.218314,0.0127
DQN,789,307,27630,132565.00,0.2402,0.211874,0.0131
DQN,789,308,27720,131309.00,0.2377,0.204267,0.0135
DQN,789,309,27810,137095.00,0.2352,0.206673,0.0132
DQN,789,310,27900,137114.00,0.2328,0.200493,0.0138
DQN,789,311,27990,135189.00,0.2303,0.201862,0.0134
DQN,789,312,28080,132900.00,0.2278,0.208285,0.0153
DQN,789,313,28170,136559.00,0.2253,0.204314,0.0133
DQN,789,314,28260,131723.00,0.2228,0.212037,0.0124
DQN,789,315,28350,138409.00,0.2204,0.199357,0.0160
DQN,789,316,28440,132737.00,0.2179,0.212674,0.0135
DQN,789,317,28530,129105.00,0.2154,0.205341,0.0136
DQN,789,318,28620,144431.00,0.2129,0.204110,0.0161
DQN,789,319,28710,147030.00,0.2105,0.212063,0.0148
DQN,789,320,28800,136982.00,0.2080,0.205618,0.0133
DQN,789,321,28890,139813.00,0.2055,0.203692,0.0125
DQN,789,322,28980,136461.00,0.2030,0.201702,0.0130
DQN,789,323,29070,143074.00,0.2006,0.202825,0.0144
DQN,789,324,29160,127476.00,0.1981,0.192530,0.0133
DQN,789,325,29250,135124.00,0.1956,0.202763,0.0128
DQN,789,326,29340,134748.00,0.1932,0.199107,0.0130
DQN,789,327,29430,134887.00,0.1907,0.194624,0.0131
DQN,789,328,29520,136499.00,0.1882,0.199256,0.0131
DQN,789,329,29610,134457.00,0.1857,0.183511,0.0132
DQN,789,330,29700,135086.00,0.1833,0.184773,0.0132
DQN,789,331,29790,142104.00,0.1808,0.194166,0.0132
DQN,789,332,29880,133026.00,0.1783,0.186477,0.0132
DQN,789,333,29970,139995.00,0.1758,0.181623,0.0132
DQN,789,334,30060,139125.00,0.1734,0.177608,0.0133
DQN,789,335,30150,140042.00,0.1709,0.177006,0.0133
DQN,789,336,30240,130942.00,0.1684,0.175124,0.0133
DQN,789,337,30330,130936.00,0.1659,0.175240,0.0133
DQN,789,338,30420,119498.00,0.1634,0.177513,0.0132
DQN,789,339,30510,132517.00,0.1610,0.171665,0.0132
DQN,789,340,30600,137906.00,0.1585,0.173284,0.0133
DQN,789,341,30690,144996.00,0.1560,0.168612,0.0132
DQN,789,342,30780,143398.00,0.1536,0.167766,0.0133
DQN,789,343,30870,149009.00,0.1511,0.172941,0.0133
DQN,789,344,30960,137012.00,0.1486,0.166936,0.0132
DQN,789,345,31050,148982.00,0.1461,0.154611,0.0133
DQN,789,346,31140,143417.00,0.1437,0.159467,0.0132
DQN,789,347,31230,138912.00,0.1412,0.160584,0.0133
DQN,789,348,31320,133175.00,0.1387,0.154360,0.0133
DQN,789,349,31410,140047.00,0.1362,0.161250,0.0133
DQN,789,350,31500,142040.00,0.1338,0.155358,0.0133
DQN,789,351,31590,135969.00,0.1313,0.168171,0.0139
DQN,789,352,31680,139094.00,0.1288,0.174860,0.0132
DQN,789,353,31770,134323.00,0.1263,0.154496,0.0130
DQN,789,354,31860,148877.00,0.1239,0.165154,0.0129
DQN,789,355,31950,139024.00,0.1214,0.167251,0.0132
DQN,789,356,32040,133176.00,0.1189,0.154876,0.0133
DQN,789,357,32130,144629.00,0.1164,0.162980,0.0133
DQN,789,358,32220,142711.00,0.1139,0.163363,0.0133
DQN,789,359,32310,135245.00,0.1115,0.159260,0.0133
DQN,789,360,32400,141029.00,0.1090,0.149106,0.0132
DQN,789,361,32490,139730.00,0.1065,0.155088,0.0134
DQN,789,362,32580,135463.00,0.1040,0.162677,0.0133
DQN,789,363,32670,142572.00,0.1016,0.163393,0.0134
DQN,789,364,32760,148626.00,0.0991,0.164022,0.0133
DQN,789,365,32850,144892.00,0.0966,0.149779,0.0134
DQN,789,366,32940,135650.00,0.0941,0.157779,0.0133
DQN,789,367,33030,150141.00,0.0917,0.156054,0.0133
DQN,789,368,33120,154741.00,0.0892,0.163188,0.0134
DQN,789,369,33210,150858.00,0.0867,0.169718,0.0134
DQN,789,370,33300,145957.00,0.0842,0.160463,0.0133
DQN,789,371,33390,133830.00,0.0818,0.154102,0.0134
DQN,789,372,33480,127555.00,0.0793,0.160234,0.0133
DQN,789,373,33570,151463.00,0.0768,0.168808,0.0134
DQN,789,374,33660,142986.00,0.0743,0.151186,0.0134
DQN,789,375,33750,146972.00,0.0719,0.151848,0.0133
DQN,789,376,33840,140137.00,0.0694,0.151556,0.0134
DQN,789,377,33930,125582.00,0.0669,0.163012,0.0134
DQN,789,378,34020,141515.00,0.0645,0.149172,0.0134
DQN,789,379,34110,148517.00,0.0620,0.143986,0.0134
DQN,789,380,34200,127422.00,0.0595,0.145162,0.0133
DQN,789,381,34290,141715.00,0.0570,0.145974,0.0133
DQN,789,382,34380,136229.00,0.0546,0.143942,0.0154
DQN,789,383,34470,137845.00,0.0521,0.144246,0.0125
DQN,789,384,34560,135307.00,0.0496,0.145316,0.0132
DQN,789,385,34650,150386.00,0.0471,0.142945,0.0134
DQN,789,386,34740,148062.00,0.0447,0.149660,0.0135
DQN,789,387,34830,152233.00,0.0422,0.139370,0.0135
DQN,789,388,34920,136986.00,0.0397,0.137043,0.0137
DQN,789,389,35010,148588.00,0.0372,0.138334,0.0137
DQN,789,390,35100,145175.00,0.0348,0.143300,0.0137
DQN,789,391,35190,143938.00,0.0323,0.144758,0.0138
DQN,789,392,35280,146568.00,0.0298,0.140461,0.0139
DQN,789,393,35370,154651.00,0.0273,0.137112,0.0146
DQN,789,394,35460,139971.00,0.0249,0.135951,0.0129
DQN,789,395,35550,145636.00,0.0224,0.133846,0.0130
DQN,789,396,35640,140145.00,0.0199,0.128002,0.0132
DQN,789,397,35730,146804.00,0.0174,0.134662,0.0132
DQN,789,398,35820,148825.00,0.0150,0.128206,0.0133
DQN,789,399,35910,137499.00,0.0125,0.126535,0.0132
DQN,789,400,36000,143536.00,0.0100,0.129286,0.0134
DQN,789,401,36090,147738.00,0.0100,0.135766,0.0145
DQN,789,402,36180,139426.00,0.0100,0.133998,0.0126
DQN,789,403,36270,150872.00,0.0100,0.135597,0.0157
DQN,789,404,36360,142455.00,0.0100,0.134560,0.0146
DQN,789,405,36450,139893.00,0.0100,0.132891,0.0135
DQN,789,406,36540,146208.00,0.0100,0.125948,0.0138
DQN,789,407,36630,137167.00,0.0100,0.130281,0.0136
DQN,789,408,36720,134558.00,0.0100,0.125905,0.0136
DQN,789,409,36810,143088.00,0.0100,0.121357,0.0137
DQN,789,410,36900,151611.00,0.0100,0.123157,0.0138
DQN,789,411,36990,143559.00,0.0100,0.117168,0.0139
DQN,789,412,37080,147837.00,0.0100,0.113115,0.0138
DQN,789,413,37170,145664.00,0.0100,0.120737,0.0138
DQN,789,414,37260,141618.00,0.0100,0.114981,0.0138
DQN,789,415,37350,133151.00,0.0100,0.118937,0.0139
DQN,789,416,37440,139621.00,0.0100,0.113105,0.0138
DQN,789,417,37530,149024.00,0.0100,0.118064,0.0138
DQN,789,418,37620,136186.00,0.0100,0.116653,0.0139
DQN,789,419,37710,146491.00,0.0100,0.114117,0.0138
DQN,789,420,37800,152683.00,0.0100,0.114802,0.0139
DQN,789,421,37890,141460.00,0.0100,0.114893,0.0138
DQN,789,422,37980,143107.00,0.0100,0.112659,0.0139
DQN,789,423,38070,147198.00,0.0100,0.113420,0.0138
DQN,789,424,38160,146940.00,0.0100,0.114760,0.0139
DQN,789,425,38250,154916.00,0.0100,0.112855,0.0138
DQN,789,426,38340,137398.00,0.0100,0.114707,0.0139
DQN,789,427,38430,139304.00,0.0100,0.111823,0.0139
DQN,789,428,38520,139156.00,0.0100,0.116385,0.0139
DQN,789,429,38610,144785.00,0.0100,0.115505,0.0139
DQN,789,430,38700,146372.00,0.0100,0.114964,0.0139
DQN,789,431,38790,142662.00,0.0100,0.109251,0.0138
DQN,789,432,38880,139113.00,0.0100,0.112356,0.0139
DQN,789,433,38970,135181.00,0.0100,0.113695,0.0138
DQN,789,434,39060,138352.00,0.0100,0.117968,0.0139
DQN,789,435,39150,150519.00,0.0100,0.113902,0.0139
DQN,789,436,39240,144347.00,0.0100,0.122493,0.0138
DQN,789,437,39330,132331.00,0.0100,0.117641,0.0139
DQN,789,438,39420,137802.00,0.0100,0.113166,0.0138
DQN,789,439,39510,136990.00,0.0100,0.111837,0.0139
DQN,789,440,39600,144191.00,0.0100,0.115054,0.0138
DQN,789,441,39690,136379.00,0.0100,0.108279,0.0139
DQN,789,442,39780,148076.00,0.0100,0.107429,0.0139
DQN,789,443,39870,144980.00,0.0100,0.113033,0.0139
DQN,789,444,39960,146599.00,0.0100,0.108301,0.0138
DQN,789,445,40050,151337.00,0.0100,0.121135,0.0139
DQN,789,446,40140,145468.00,0.0100,0.118849,0.0139
DQN,789,447,40230,134003.00,0.0100,0.119750,0.0139
DQN,789,448,40320,139291.00,0.0100,0.112857,0.0139
DQN,789,449,40410,136500.00,0.0100,0.120052,0.0138
DQN,789,450,40500,148742.00,0.0100,0.121246,0.0139
DQN,789,451,40590,134028.00,0.0100,0.126389,0.0152
DQN,789,452,40680,137310.00,0.0100,0.121993,0.0125
DQN,789,453,40770,139244.00,0.0100,0.120441,0.0126
DQN,789,454,40860,145706.00,0.0100,0.120438,0.0127
DQN,789,455,40950,132509.00,0.0100,0.128205,0.0127
DQN,789,456,41040,143980.00,0.0100,0.111998,0.0127
DQN,789,457,41130,145491.00,0.0100,0.100658,0.0128
DQN,789,458,41220,147785.00,0.0100,0.105049,0.0128
DQN,789,459,41310,147704.00,0.0100,0.100480,0.0128
DQN,789,460,41400,138206.00,0.0100,0.105531,0.0128
DQN,789,461,41490,148333.00,0.0100,0.099212,0.0128
DQN,789,462,41580,152314.00,0.0100,0.108574,0.0129
DQN,789,463,41670,145619.00,0.0100,0.103927,0.0128
DQN,789,464,41760,148282.00,0.0100,0.106668,0.0128
DQN,789,465,41850,151036.00,0.0100,0.110503,0.0128
DQN,789,466,41940,134429.00,0.0100,0.107239,0.0129
DQN,789,467,42030,153618.00,0.0100,0.107298,0.0129
DQN,789,468,42120,136527.00,0.0100,0.112711,0.0128
DQN,789,469,42210,143024.00,0.0100,0.115963,0.0129
DQN,789,470,42300,146898.00,0.0100,0.113340,0.0128
DQN,789,471,42390,147282.00,0.0100,0.119981,0.0129
DQN,789,472,42480,139564.00,0.0100,0.112427,0.0128
DQN,789,473,42570,139544.00,0.0100,0.111174,0.0129
DQN,789,474,42660,139990.00,0.0100,0.107912,0.0129
DQN,789,475,42750,147871.00,0.0100,0.106340,0.0129
DQN,789,476,42840,142333.00,0.0100,0.104446,0.0129
DQN,789,477,42930,140686.00,0.0100,0.108248,0.0128
DQN,789,478,43020,143130.00,0.0100,0.099167,0.0129
DQN,789,479,43110,140165.00,0.0100,0.098898,0.0128
DQN,789,480,43200,150121.00,0.0100,0.100138,0.0129
DQN,789,481,43290,146043.00,0.0100,0.094150,0.0129
DQN,789,482,43380,147856.00,0.0100,0.094487,0.0129
DQN,789,483,43470,147780.00,0.0100,0.089939,0.0128
DQN,789,484,43560,144370.00,0.0100,0.100074,0.0129
DQN,789,485,43650,154856.00,0.0100,0.098545,0.0129
DQN,789,486,43740,146066.00,0.0100,0.100540,0.0129
DQN,789,487,43830,147786.00,0.0100,0.103491,0.0129
DQN,789,488,43920,148115.00,0.0100,0.100383,0.0128
DQN,789,489,44010,145167.00,0.0100,0.097826,0.0128
DQN,789,490,44100,148368.00,0.0100,0.099265,0.0129
DQN,789,491,44190,140124.00,0.0100,0.102667,0.0129
DQN,789,492,44280,140599.00,0.0100,0.101368,0.0129
DQN,789,493,44370,141603.00,0.0100,0.094380,0.0129
DQN,789,494,44460,147733.00,0.0100,0.098422,0.0129
DQN,789,495,44550,144037.00,0.0100,0.099219,0.0129
DQN,789,496,44640,136747.00,0.0100,0.102330,0.0129
DQN,789,497,44730,141644.00,0.0100,0.100375,0.0129
DQN,789,498,44820,141585.00,0.0100,0.095459,0.0130
DQN,789,499,44910,137109.00,0.0100,0.095643,0.0129
DQN,789,500,45000,139706.00,0.0100,0.097744,0.0129
DQN,1024,1,90,37869.00,0.9975,0.000000,0.0010
DQN,1024,2,180,29225.00,0.9950,0.000000,0.0008
DQN,1024,3,270,-44772.00,0.9926,0.000000,0.0007
DQN,1024,4,360,14857.00,0.9901,0.000000,0.0007
DQN,1024,5,450,7639.00,0.9876,0.000000,0.0005
DQN,1024,6,540,16671.00,0.9851,4.367526,0.0064
DQN,1024,7,630,82529.00,0.9827,3.197829,0.0120
DQN,1024,8,720,-1318.00,0.9802,1.623290,0.0126
DQN,1024,9,810,32463.00,0.9777,1.388828,0.0126
DQN,1024,10,900,-20384.00,0.9752,1.307361,0.0127
DQN,1024,11,990,12629.00,0.9728,1.276424,0.0128
DQN,1024,12,1080,10953.00,0.9703,2.656084,0.0129
DQN,1024,13,1170,-28910.00,0.9678,1.138469,0.0128
DQN,1024,14,1260,56514.00,0.9654,1.108943,0.0130
DQN,1024,15,1350,-10268.00,0.9629,1.070678,0.0131
DQN,1024,16,1440,-64037.00,0.9604,1.053203,0.0133
DQN,1024,17,1530,34327.00,0.9579,1.740097,0.0133
DQN,1024,18,1620,-1391.00,0.9555,1.020059,0.0134
DQN,1024,19,1710,-9028.00,0.9530,0.938389,0.0134
DQN,1024,20,1800,-2515.00,0.9505,0.938030,0.0133
DQN,1024,21,1890,37307.00,0.9480,0.873393,0.0134
DQN,1024,22,1980,-152358.00,0.9456,0.888986,0.0178
DQN,1024,23,2070,58854.00,0.9431,1.521551,0.0738
DQN,1024,24,2160,113460.00,0.9406,0.920771,0.0348
DQN,1024,25,2250,100871.00,0.9381,0.865913,0.0123
DQN,1024,26,2340,64306.00,0.9356,0.847009,0.0129
DQN,1024,27,2430,58222.00,0.9332,0.813238,0.0131
DQN,1024,28,2520,73469.00,0.9307,1.307345,0.0132
DQN,1024,29,2610,19525.00,0.9282,0.985342,0.0133
DQN,1024,30,2700,50956.00,0.9257,0.854626,0.0135
DQN,1024,31,2790,7612.00,0.9233,0.821841,0.0135
DQN,1024,32,2880,-65492.00,0.9208,0.780089,0.0133
DQN,1024,33,2970,72207.00,0.9183,0.774879,0.0134
DQN,1024,34,3060,17699.00,0.9159,1.247585,0.0134
DQN,1024,35,3150,59869.00,0.9134,0.882065,0.0142
DQN,1024,36,3240,18119.00,0.9109,0.838803,0.0140
DQN,1024,37,3330,1735.00,0.9084,0.832813,0.0135
DQN,1024,38,3420,83399.00,0.9060,0.800464,0.0136
DQN,1024,39,3510,-72090.00,0.9035,1.023077,0.0188
DQN,1024,40,3600,51857.00,0.9010,1.002426,0.0173
DQN,1024,41,3690,-5076.00,0.8985,0.855555,0.0128
DQN,1024,42,3780,46583.00,0.8961,0.833381,0.0135
DQN,1024,43,3870,-28831.00,0.8936,0.819966,0.0134
DQN,1024,44,3960,30773.00,0.8911,0.796815,0.0134
DQN,1024,45,4050,108156.00,0.8886,1.036757,0.0135
DQN,1024,46,4140,-871.00,0.8861,0.893149,0.0134
DQN,1024,47,4230,53183.00,0.8837,0.848403,0.0134
DQN,1024,48,4320,31268.00,0.8812,0.835144,0.0146
DQN,1024,49,4410,90532.00,0.8787,0.804228,0.0134
DQN,1024,50,4500,66698.00,0.8762,0.840232,0.0153
DQN,1024,51,4590,51465.00,0.8738,0.943666,0.0169
DQN,1024,52,4680,33529.00,0.8713,0.810413,0.0122
DQN,1024,53,4770,34229.00,0.8688,0.782233,0.0125
DQN,1024,54,4860,70169.00,0.8663,0.758482,0.0128
DQN,1024,55,4950,73255.00,0.8639,0.755058,0.0145
DQN,1024,56,5040,64537.00,0.8614,0.797598,0.0140
DQN,1024,57,5130,69922.00,0.8589,0.669975,0.0121
DQN,1024,58,5220,76372.00,0.8565,0.627819,0.0129
DQN,1024,59,5310,58508.00,0.8540,0.619379,0.0133
DQN,1024,60,5400,42746.00,0.8515,0.604381,0.0134
DQN,1024,61,5490,142241.00,0.8490,0.602655,0.0173
DQN,1024,62,5580,36574.00,0.8466,0.619468,0.0168
DQN,1024,63,5670,57152.00,0.8441,0.567303,0.0122
DQN,1024,64,5760,-73501.00,0.8416,0.553117,0.0125
DQN,1024,65,5850,71545.00,0.8391,0.561880,0.0132
DQN,1024,66,5940,113235.00,0.8367,0.539624,0.0134
DQN,1024,67,6030,76155.00,0.8342,0.532574,0.0155
DQN,1024,68,6120,51386.00,0.8317,0.559371,0.0127
DQN,1024,69,6210,87546.00,0.8292,0.541253,0.0132
DQN,1024,70,6300,91736.00,0.8267,0.538766,0.0127
DQN,1024,71,6390,37508.00,0.8243,0.524600,0.0132
DQN,1024,72,6480,24041.00,0.8218,0.529119,0.0133
DQN,1024,73,6570,29607.00,0.8193,0.560259,0.0134
DQN,1024,74,6660,81151.00,0.8168,0.524925,0.0164
DQN,1024,75,6750,88177.00,0.8144,0.526105,0.0142
DQN,1024,76,6840,73602.00,0.8119,0.513176,0.0135
DQN,1024,77,6930,-11273.00,0.8094,0.515126,0.0136
DQN,1024,78,7020,18172.00,0.8070,0.532309,0.0135
DQN,1024,79,7110,79591.00,0.8045,0.486330,0.0142
DQN,1024,80,7200,50105.00,0.8020,0.521885,0.0135
DQN,1024,81,7290,50731.00,0.7995,0.499719,0.0135
DQN,1024,82,7380,99291.00,0.7971,0.499525,0.0137
DQN,1024,83,7470,106947.00,0.7946,0.509026,0.0135
DQN,1024,84,7560,58850.00,0.7921,0.493440,0.0135
DQN,1024,85,7650,100747.00,0.7896,0.502127,0.0136
DQN,1024,86,7740,78836.00,0.7872,0.491628,0.0136
DQN,1024,87,7830,70054.00,0.7847,0.501959,0.0156
DQN,1024,88,7920,43374.00,0.7822,0.489031,0.0121
DQN,1024,89,8010,95460.00,0.7797,0.495795,0.0130
DQN,1024,90,8100,111308.00,0.7772,0.490193,0.0135
DQN,1024,91,8190,73282.00,0.7748,0.487193,0.0120
DQN,1024,92,8280,75601.00,0.7723,0.486787,0.0142
DQN,1024,93,8370,59144.00,0.7698,0.488788,0.0176
DQN,1024,94,8460,88839.00,0.7673,0.491106,0.0167
DQN,1024,95,8550,70613.00,0.7649,0.482929,0.0146
DQN,1024,96,8640,82367.00,0.7624,0.477323,0.0139
DQN,1024,97,8730,45911.00,0.7599,0.471158,0.0147
DQN,1024,98,8820,60679.00,0.7574,0.479657,0.0144
DQN,1024,99,8910,44801.00,0.7550,0.479103,0.0129
DQN,1024,100,9000,38536.00,0.7525,0.498554,0.0171
DQN,1024,101,9090,129597.00,0.7500,0.465377,0.0180
DQN,1024,102,9180,78436.00,0.7475,0.481660,0.0133
DQN,1024,103,9270,83974.00,0.7451,0.490693,0.0123
DQN,1024,104,9360,75302.00,0.7426,0.476813,0.0127
DQN,1024,105,9450,114282.00,0.7401,0.476300,0.0144
DQN,1024,106,9540,112515.00,0.7376,0.461535,0.0119
DQN,1024,107,9630,70956.00,0.7352,0.472071,0.0121
DQN,1024,108,9720,76189.00,0.7327,0.464039,0.0131
DQN,1024,109,9810,116922.00,0.7302,0.465124,0.0151
DQN,1024,110,9900,5256.00,0.7278,0.462809,0.0124
DQN,1024,111,9990,129936.00,0.7253,0.473631,0.0129
DQN,1024,112,10080,106711.00,0.7228,0.476719,0.0148
DQN,1024,113,10170,43605.00,0.7203,0.478891,0.0139
DQN,1024,114,10260,108797.00,0.7179,0.468303,0.0120
DQN,1024,115,10350,6658.00,0.7154,0.476290,0.0127
DQN,1024,116,10440,84865.00,0.7129,0.464240,0.0137
DQN,1024,117,10530,42045.00,0.7104,0.474656,0.0143
DQN,1024,118,10620,60582.00,0.7080,0.480887,0.0122
DQN,1024,119,10710,92881.00,0.7055,0.477712,0.0122
DQN,1024,120,10800,116154.00,0.7030,0.467122,0.0124
DQN,1024,121,10890,137025.00,0.7005,0.460314,0.0126
DQN,1024,122,10980,93253.00,0.6981,0.479541,0.0125
DQN,1024,123,11070,98280.00,0.6956,0.470230,0.0125
DQN,1024,124,11160,107813.00,0.6931,0.475009,0.0126
DQN,1024,125,11250,124169.00,0.6906,0.453742,0.0154
DQN,1024,126,11340,84407.00,0.6882,0.469557,0.0126
DQN,1024,127,11430,38719.00,0.6857,0.466072,0.0157
DQN,1024,128,11520,113334.00,0.6832,0.469129,0.0211
DQN,1024,129,11610,102953.00,0.6807,0.464824,0.0152
DQN,1024,130,11700,96439.00,0.6783,0.466885,0.0124
DQN,1024,131,11790,87736.00,0.6758,0.471563,0.0123
DQN,1024,132,11880,114945.00,0.6733,0.454010,0.0129
DQN,1024,133,11970,123703.00,0.6708,0.454658,0.0136
DQN,1024,134,12060,113981.00,0.6683,0.463168,0.0142
DQN,1024,135,12150,39320.00,0.6659,0.462970,0.0138
DQN,1024,136,12240,101427.00,0.6634,0.460643,0.0123
DQN,1024,137,12330,70709.00,0.6609,0.465376,0.0143
DQN,1024,138,12420,119438.00,0.6584,0.464168,0.0127
DQN,1024,139,12510,142727.00,0.6560,0.458683,0.0133
DQN,1024,140,12600,67389.00,0.6535,0.449909,0.0134
DQN,1024,141,12690,96112.00,0.6510,0.449599,0.0160
DQN,1024,142,12780,123704.00,0.6485,0.454825,0.0124
DQN,1024,143,12870,102330.00,0.6461,0.469705,0.0122
DQN,1024,144,12960,127476.00,0.6436,0.435554,0.0123
DQN,1024,145,13050,125366.00,0.6411,0.454464,0.0125
DQN,1024,146,13140,119181.00,0.6386,0.459180,0.0148
DQN,1024,147,13230,86509.00,0.6362,0.441528,0.0125
DQN,1024,148,13320,115494.00,0.6337,0.439676,0.0127
DQN,1024,149,13410,120904.00,0.6312,0.436036,0.0130
DQN,1024,150,13500,106910.00,0.6288,0.440324,0.0129
DQN,1024,151,13590,109735.00,0.6263,0.442477,0.0178
DQN,1024,152,13680,106922.00,0.6238,0.429528,0.0129
DQN,1024,153,13770,34502.00,0.6213,0.449861,0.0130
DQN,1024,154,13860,77649.00,0.6189,0.441814,0.0131
DQN,1024,155,13950,129766.00,0.6164,0.449458,0.0161
DQN,1024,156,14040,119829.00,0.6139,0.433902,0.0120
DQN,1024,157,14130,131497.00,0.6114,0.450897,0.0122
DQN,1024,158,14220,83331.00,0.6089,0.438397,0.0124
DQN,1024,159,14310,129976.00,0.6065,0.432545,0.0145
DQN,1024,160,14400,105428.00,0.6040,0.435586,0.0130
DQN,1024,161,14490,107460.00,0.6015,0.433511,0.0154
DQN,1024,162,14580,122431.00,0.5990,0.457767,0.0146
DQN,1024,163,14670,116019.00,0.5966,0.438368,0.0127
DQN,1024,164,14760,132812.00,0.5941,0.437215,0.0121
DQN,1024,165,14850,100092.00,0.5916,0.429943,0.0126
DQN,1024,166,14940,124730.00,0.5892,0.427361,0.0136
DQN,1024,167,15030,124349.00,0.5867,0.433586,0.0127
DQN,1024,168,15120,150279.00,0.5842,0.420250,0.0130
DQN,1024,169,15210,144044.00,0.5817,0.432644,0.0130
DQN,1024,170,15300,133167.00,0.5793,0.411178,0.0130
DQN,1024,171,15390,126108.00,0.5768,0.423757,0.0148
DQN,1024,172,15480,120711.00,0.5743,0.418236,0.0151
DQN,1024,173,15570,121329.00,0.5718,0.423837,0.0133
DQN,1024,174,15660,107128.00,0.5694,0.410721,0.0164
DQN,1024,175,15750,105700.00,0.5669,0.434539,0.0201
DQN,1024,176,15840,105866.00,0.5644,0.417162,0.0129
DQN,1024,177,15930,158169.00,0.5619,0.413136,0.0131
DQN,1024,178,16020,73263.00,0.5595,0.412569,0.0131
DQN,1024,179,16110,123838.00,0.5570,0.418115,0.0144
DQN,1024,180,16200,112934.00,0.5545,0.411568,0.0122
DQN,1024,181,16290,97163.00,0.5520,0.420277,0.0125
DQN,1024,182,16380,108434.00,0.5495,0.418206,0.0131
DQN,1024,183,16470,131998.00,0.5471,0.416150,0.0126
DQN,1024,184,16560,115943.00,0.5446,0.399268,0.0130
DQN,1024,185,16650,132759.00,0.5421,0.396809,0.0136
DQN,1024,186,16740,129528.00,0.5396,0.407773,0.0138
DQN,1024,187,16830,106575.00,0.5372,0.417140,0.0137
DQN,1024,188,16920,117278.00,0.5347,0.410122,0.0131
DQN,1024,189,17010,109124.00,0.5322,0.387317,0.0136
DQN,1024,190,17100,139546.00,0.5297,0.421621,0.0133
DQN,1024,191,17190,119274.00,0.5273,0.404364,0.0131
DQN,1024,192,17280,150244.00,0.5248,0.411940,0.0132
DQN,1024,193,17370,143580.00,0.5223,0.396110,0.0165
DQN,1024,194,17460,119363.00,0.5199,0.401190,0.0120
DQN,1024,195,17550,129647.00,0.5174,0.397948,0.0122
DQN,1024,196,17640,107743.00,0.5149,0.414721,0.0140
DQN,1024,197,17730,117444.00,0.5124,0.416886,0.0133
DQN,1024,198,17820,119979.00,0.5100,0.402199,0.0163
DQN,1024,199,17910,130631.00,0.5075,0.394774,0.0127
DQN,1024,200,18000,133007.00,0.5050,0.411493,0.0139
DQN,1024,201,18090,129482.00,0.5025,0.399004,0.0154
DQN,1024,202,18180,128467.00,0.5000,0.395075,0.0152
DQN,1024,203,18270,130213.00,0.4976,0.387971,0.0129
DQN,1024,204,18360,96775.00,0.4951,0.380690,0.0132
DQN,1024,205,18450,142393.00,0.4926,0.377918,0.0144
DQN,1024,206,18540,95241.00,0.4901,0.374005,0.0143
DQN,1024,207,18630,137537.00,0.4877,0.379088,0.0125
DQN,1024,208,18720,121152.00,0.4852,0.385302,0.0126
DQN,1024,209,18810,126530.00,0.4827,0.367533,0.0125
DQN,1024,210,18900,150245.00,0.4802,0.366434,0.0211
DQN,1024,211,18990,124795.00,0.4778,0.371770,0.0138
DQN,1024,212,19080,132765.00,0.4753,0.377701,0.0126
DQN,1024,213,19170,125274.00,0.4728,0.372701,0.0124
DQN,1024,214,19260,128215.00,0.4703,0.378809,0.0125
DQN,1024,215,19350,136141.00,0.4679,0.377712,0.0127
DQN,1024,216,19440,137009.00,0.4654,0.385062,0.0163
DQN,1024,217,19530,128936.00,0.4629,0.385224,0.0127
DQN,1024,218,19620,136933.00,0.4604,0.383270,0.0132
DQN,1024,219,19710,141707.00,0.4580,0.383800,0.0161
DQN,1024,220,19800,137958.00,0.4555,0.374748,0.0123
DQN,1024,221,19890,116927.00,0.4530,0.372416,0.0125
DQN,1024,222,19980,127785.00,0.4506,0.363068,0.0126
DQN,1024,223,20070,127996.00,0.4481,0.372081,0.0127
DQN,1024,224,20160,145777.00,0.4456,0.357176,0.0127
DQN,1024,225,20250,140144.00,0.4431,0.358892,0.0144
DQN,1024,226,20340,139651.00,0.4407,0.368710,0.0124
DQN,1024,227,20430,130799.00,0.4382,0.351033,0.0129
DQN,1024,228,20520,145057.00,0.4357,0.354908,0.0130
DQN,1024,229,20610,144450.00,0.4332,0.366566,0.0170
DQN,1024,230,20700,131899.00,0.4308,0.352932,0.0123
DQN,1024,231,20790,124988.00,0.4283,0.349432,0.0126
DQN,1024,232,20880,116555.00,0.4258,0.348567,0.0126
DQN,1024,233,20970,128058.00,0.4233,0.352760,0.0127
DQN,1024,234,21060,138452.00,0.4209,0.360723,0.0127
DQN,1024,235,21150,141165.00,0.4184,0.360383,0.0127
DQN,1024,236,21240,125257.00,0.4159,0.365554,0.0128
DQN,1024,237,21330,132714.00,0.4134,0.351937,0.0127
DQN,1024,238,21420,142613.00,0.4110,0.347811,0.0128
DQN,1024,239,21510,106856.00,0.4085,0.344427,0.0128
DQN,1024,240,21600,130519.00,0.4060,0.340782,0.0143
DQN,1024,241,21690,113721.00,0.4035,0.339909,0.0127
DQN,1024,242,21780,128559.00,0.4011,0.330939,0.0130
DQN,1024,243,21870,137338.00,0.3986,0.337009,0.0131
DQN,1024,244,21960,145405.00,0.3961,0.319775,0.0164
DQN,1024,245,22050,116429.00,0.3936,0.331568,0.0124
DQN,1024,246,22140,135838.00,0.3911,0.312168,0.0129
DQN,1024,247,22230,129946.00,0.3887,0.318730,0.0143
DQN,1024,248,22320,116582.00,0.3862,0.325855,0.0122
DQN,1024,249,22410,115580.00,0.3837,0.320476,0.0126
DQN,1024,250,22500,131092.00,0.3812,0.329266,0.0138
DQN,1024,251,22590,132562.00,0.3788,0.325200,0.0153
DQN,1024,252,22680,129594.00,0.3763,0.320896,0.0142
DQN,1024,253,22770,144207.00,0.3738,0.335512,0.0142
DQN,1024,254,22860,132173.00,0.3713,0.324022,0.0131
DQN,1024,255,22950,139803.00,0.3689,0.328257,0.0140
DQN,1024,256,23040,126189.00,0.3664,0.312905,0.0125
DQN,1024,257,23130,145088.00,0.3639,0.330530,0.0130
DQN,1024,258,23220,139434.00,0.3614,0.321457,0.0131
DQN,1024,259,23310,139874.00,0.3590,0.325694,0.0131
DQN,1024,260,23400,130038.00,0.3565,0.309519,0.0160
DQN,1024,261,23490,117805.00,0.3540,0.308403,0.0163
DQN,1024,262,23580,127495.00,0.3516,0.318009,0.0143
DQN,1024,263,23670,122373.00,0.3491,0.307324,0.0128
DQN,1024,264,23760,144187.00,0.3466,0.304448,0.0131
DQN,1024,265,23850,136478.00,0.3441,0.295834,0.0146
DQN,1024,266,23940,124216.00,0.3417,0.307197,0.0122
DQN,1024,267,24030,140192.00,0.3392,0.311604,0.0144
DQN,1024,268,24120,127965.00,0.3367,0.292356,0.0134
DQN,1024,269,24210,129488.00,0.3342,0.294823,0.0140
DQN,1024,270,24300,133075.00,0.3317,0.290116,0.0137
DQN,1024,271,24390,150886.00,0.3293,0.293961,0.0128
DQN,1024,272,24480,120045.00,0.3268,0.298126,0.0131
DQN,1024,273,24570,122012.00,0.3243,0.289393,0.0133
DQN,1024,274,24660,135088.00,0.3218,0.281219,0.0164
DQN,1024,275,24750,144563.00,0.3194,0.275088,0.0147
DQN,1024,276,24840,137781.00,0.3169,0.290446,0.0140
DQN,1024,277,24930,129744.00,0.3144,0.273770,0.0153
DQN,1024,278,25020,139226.00,0.3120,0.290897,0.0122
DQN,1024,279,25110,124778.00,0.3095,0.296250,0.0124
DQN,1024,280,25200,138871.00,0.3070,0.265837,0.0126
DQN,1024,281,25290,136692.00,0.3045,0.274390,0.0126
DQN,1024,282,25380,125380.00,0.3021,0.267583,0.0128
DQN,1024,283,25470,137016.00,0.2996,0.283629,0.0143
DQN,1024,284,25560,128829.00,0.2971,0.276605,0.0127
DQN,1024,285,25650,123067.00,0.2946,0.284199,0.0128
DQN,1024,286,25740,136313.00,0.2922,0.268968,0.0131
DQN,1024,287,25830,148010.00,0.2897,0.273902,0.0148
DQN,1024,288,25920,140887.00,0.2872,0.264803,0.0124
DQN,1024,289,26010,137554.00,0.2847,0.271684,0.0161
DQN,1024,290,26100,119350.00,0.2823,0.283490,0.0121
DQN,1024,291,26190,124561.00,0.2798,0.263191,0.0141
DQN,1024,292,26280,126690.00,0.2773,0.264469,0.0127
DQN,1024,293,26370,127826.00,0.2748,0.267477,0.0148
DQN,1024,294,26460,128526.00,0.2723,0.264269,0.0130
DQN,1024,295,26550,135069.00,0.2699,0.272897,0.0135
DQN,1024,296,26640,126945.00,0.2674,0.265549,0.0137
DQN,1024,297,26730,136043.00,0.2649,0.262351,0.0138
DQN,1024,298,26820,140588.00,0.2624,0.272881,0.0144
DQN,1024,299,26910,122984.00,0.2600,0.253262,0.0145
DQN,1024,300,27000,134220.00,0.2575,0.258548,0.0128
DQN,1024,301,27090,128638.00,0.2550,0.255145,0.0176
DQN,1024,302,27180,134744.00,0.2526,0.250490,0.0136
DQN,1024,303,27270,138966.00,0.2501,0.260734,0.0127
DQN,1024,304,27360,121614.00,0.2476,0.240010,0.0143
DQN,1024,305,27450,134546.00,0.2451,0.249379,0.0141
DQN,1024,306,27540,136026.00,0.2427,0.254997,0.0124
DQN,1024,307,27630,139126.00,0.2402,0.234144,0.0126
DQN,1024,308,27720,136289.00,0.2377,0.243102,0.0127
DQN,1024,309,27810,142225.00,0.2352,0.236379,0.0164
DQN,1024,310,27900,145907.00,0.2328,0.238266,0.0130
DQN,1024,311,27990,134482.00,0.2303,0.232649,0.0135
DQN,1024,312,28080,124637.00,0.2278,0.229900,0.0143
DQN,1024,313,28170,140029.00,0.2253,0.228680,0.0146
DQN,1024,314,28260,135121.00,0.2228,0.229139,0.0144
DQN,1024,315,28350,135525.00,0.2204,0.234511,0.0125
DQN,1024,316,28440,139703.00,0.2179,0.219911,0.0160
DQN,1024,317,28530,128106.00,0.2154,0.215999,0.0133
DQN,1024,318,28620,138278.00,0.2129,0.210023,0.0128
DQN,1024,319,28710,133490.00,0.2105,0.218606,0.0146
DQN,1024,320,28800,142556.00,0.2080,0.205680,0.0123
DQN,1024,321,28890,140914.00,0.2055,0.214936,0.0126
DQN,1024,322,28980,146091.00,0.2030,0.210128,0.0126
DQN,1024,323,29070,147185.00,0.2006,0.202290,0.0127
DQN,1024,324,29160,122147.00,0.1981,0.204585,0.0127
DQN,1024,325,29250,138202.00,0.1956,0.194588,0.0128
DQN,1024,326,29340,146990.00,0.1932,0.199873,0.0128
DQN,1024,327,29430,136884.00,0.1907,0.199561,0.0137
DQN,1024,328,29520,134154.00,0.1882,0.204432,0.0242
DQN,1024,329,29610,156825.00,0.1857,0.189191,0.0216
DQN,1024,330,29700,133204.00,0.1833,0.192513,0.0127
DQN,1024,331,29790,143636.00,0.1808,0.187586,0.0130
DQN,1024,332,29880,150371.00,0.1783,0.182948,0.0144
DQN,1024,333,29970,137031.00,0.1758,0.190853,0.0153
DQN,1024,334,30060,132981.00,0.1734,0.196743,0.0129
DQN,1024,335,30150,139557.00,0.1709,0.185191,0.0139
DQN,1024,336,30240,140315.00,0.1684,0.189387,0.0135
DQN,1024,337,30330,143334.00,0.1659,0.190229,0.0130
DQN,1024,338,30420,146406.00,0.1634,0.181969,0.0124
DQN,1024,339,30510,141795.00,0.1610,0.192124,0.0135
DQN,1024,340,30600,127507.00,0.1585,0.184519,0.0148
DQN,1024,341,30690,128671.00,0.1560,0.183322,0.0131
DQN,1024,342,30780,140839.00,0.1536,0.185248,0.0145
DQN,1024,343,30870,129000.00,0.1511,0.183043,0.0132
DQN,1024,344,30960,140859.00,0.1486,0.188032,0.0130
DQN,1024,345,31050,135854.00,0.1461,0.187796,0.0132
DQN,1024,346,31140,148248.00,0.1437,0.175203,0.0140
DQN,1024,347,31230,139792.00,0.1412,0.180925,0.0144
DQN,1024,348,31320,139778.00,0.1387,0.187803,0.0146
DQN,1024,349,31410,139627.00,0.1362,0.182788,0.0134
DQN,1024,350,31500,143530.00,0.1338,0.175739,0.0142
DQN,1024,351,31590,149240.00,0.1313,0.182201,0.0182
DQN,1024,352,31680,132550.00,0.1288,0.171824,0.0146
DQN,1024,353,31770,134805.00,0.1263,0.174875,0.0133
DQN,1024,354,31860,149566.00,0.1239,0.163048,0.0142
DQN,1024,355,31950,144844.00,0.1214,0.164922,0.0129
DQN,1024,356,32040,151458.00,0.1189,0.188710,0.0146
DQN,1024,357,32130,124846.00,0.1164,0.179418,0.0126
DQN,1024,358,32220,133070.00,0.1139,0.172163,0.0134
DQN,1024,359,32310,133105.00,0.1115,0.183342,0.0125
DQN,1024,360,32400,142680.00,0.1090,0.172478,0.0126
DQN,1024,361,32490,137046.00,0.1065,0.168714,0.0130
DQN,1024,362,32580,137151.00,0.1040,0.171245,0.0142
DQN,1024,363,32670,137549.00,0.1016,0.175316,0.0130
DQN,1024,364,32760,144180.00,0.0991,0.177813,0.0139
DQN,1024,365,32850,142117.00,0.0966,0.160895,0.0125
DQN,1024,366,32940,143227.00,0.0941,0.176328,0.0134
DQN,1024,367,33030,130666.00,0.0917,0.172119,0.0130
DQN,1024,368,33120,130142.00,0.0892,0.166048,0.0128
DQN,1024,369,33210,137102.00,0.0867,0.167226,0.0129
DQN,1024,370,33300,135943.00,0.0842,0.162504,0.0128
DQN,1024,371,33390,127133.00,0.0818,0.161190,0.0129
DQN,1024,372,33480,121463.00,0.0793,0.171648,0.0131
DQN,1024,373,33570,135298.00,0.0768,0.163277,0.0129
DQN,1024,374,33660,133478.00,0.0743,0.150331,0.0130
DQN,1024,375,33750,135380.00,0.0719,0.149064,0.0129
DQN,1024,376,33840,131997.00,0.0694,0.152536,0.0129
DQN,1024,377,33930,139158.00,0.0669,0.159088,0.0148
DQN,1024,378,34020,129851.00,0.0645,0.149172,0.0146
DQN,1024,379,34110,142917.00,0.0620,0.148418,0.0135
DQN,1024,380,34200,139274.00,0.0595,0.145358,0.0160
DQN,1024,381,34290,143048.00,0.0570,0.141246,0.0138
DQN,1024,382,34380,139699.00,0.0546,0.145711,0.0138
DQN,1024,383,34470,151395.00,0.0521,0.144204,0.0138
DQN,1024,384,34560,133188.00,0.0496,0.150071,0.0146
DQN,1024,385,34650,136451.00,0.0471,0.146141,0.0138
DQN,1024,386,34740,132087.00,0.0447,0.147866,0.0152
DQN,1024,387,34830,138586.00,0.0422,0.149374,0.0142
DQN,1024,388,34920,140506.00,0.0397,0.150672,0.0141
DQN,1024,389,35010,137616.00,0.0372,0.151226,0.0130
DQN,1024,390,35100,148055.00,0.0348,0.151228,0.0152
DQN,1024,391,35190,135630.00,0.0323,0.155094,0.0123
DQN,1024,392,35280,146316.00,0.0298,0.151674,0.0125
DQN,1024,393,35370,138125.00,0.0273,0.148845,0.0127
DQN,1024,394,35460,135590.00,0.0249,0.149426,0.0128
DQN,1024,395,35550,138751.00,0.0224,0.148859,0.0129
DQN,1024,396,35640,148490.00,0.0199,0.151791,0.0129
DQN,1024,397,35730,143396.00,0.0174,0.142463,0.0129
DQN,1024,398,35820,135681.00,0.0150,0.147212,0.0128
DQN,1024,399,35910,142703.00,0.0125,0.147073,0.0129
DQN,1024,400,36000,140309.00,0.0100,0.145607,0.0129
DQN,1024,401,36090,128778.00,0.0100,0.149353,0.0206
DQN,1024,402,36180,143840.00,0.0100,0.150836,0.0194
DQN,1024,403,36270,142534.00,0.0100,0.155736,0.0170
DQN,1024,404,36360,144283.00,0.0100,0.144940,0.0139
DQN,1024,405,36450,141224.00,0.0100,0.148144,0.0128
DQN,1024,406,36540,142588.00,0.0100,0.145617,0.0133
DQN,1024,407,36630,137273.00,0.0100,0.134688,0.0132
DQN,1024,408,36720,150810.00,0.0100,0.142446,0.0132
DQN,1024,409,36810,135773.00,0.0100,0.139635,0.0162
DQN,1024,410,36900,131900.00,0.0100,0.139557,0.0172
DQN,1024,411,36990,136720.00,0.0100,0.138722,0.0132
DQN,1024,412,37080,132049.00,0.0100,0.133881,0.0179
DQN,1024,413,37170,146202.00,0.0100,0.131073,0.0145
DQN,1024,414,37260,143642.00,0.0100,0.132268,0.0159
DQN,1024,415,37350,136677.00,0.0100,0.133640,0.0141
DQN,1024,416,37440,135536.00,0.0100,0.137743,0.0126
DQN,1024,417,37530,136265.00,0.0100,0.128463,0.0131
DQN,1024,418,37620,147943.00,0.0100,0.126560,0.0154
DQN,1024,419,37710,148679.00,0.0100,0.122986,0.0132
DQN,1024,420,37800,143423.00,0.0100,0.118009,0.0133
DQN,1024,421,37890,138231.00,0.0100,0.123010,0.0136
DQN,1024,422,37980,132336.00,0.0100,0.118612,0.0136
DQN,1024,423,38070,144605.00,0.0100,0.124360,0.0145
DQN,1024,424,38160,141091.00,0.0100,0.123894,0.0145
DQN,1024,425,38250,142990.00,0.0100,0.118509,0.0140
DQN,1024,426,38340,129036.00,0.0100,0.118297,0.0147
DQN,1024,427,38430,149724.00,0.0100,0.121844,0.0166
DQN,1024,428,38520,146873.00,0.0100,0.122983,0.0130
DQN,1024,429,38610,135729.00,0.0100,0.118314,0.0131
DQN,1024,430,38700,154329.00,0.0100,0.115125,0.0126
DQN,1024,431,38790,141934.00,0.0100,0.116347,0.0131
DQN,1024,432,38880,148020.00,0.0100,0.113586,0.0132
DQN,1024,433,38970,139174.00,0.0100,0.116690,0.0156
DQN,1024,434,39060,139592.00,0.0100,0.109708,0.0124
DQN,1024,435,39150,135482.00,0.0100,0.113878,0.0129
DQN,1024,436,39240,146724.00,0.0100,0.104684,0.0131
DQN,1024,437,39330,135873.00,0.0100,0.108975,0.0132
DQN,1024,438,39420,146604.00,0.0100,0.104442,0.0189
DQN,1024,439,39510,141540.00,0.0100,0.115211,0.0128
DQN,1024,440,39600,150590.00,0.0100,0.116576,0.0151
DQN,1024,441,39690,136024.00,0.0100,0.117328,0.0136
DQN,1024,442,39780,143914.00,0.0100,0.114612,0.0148
DQN,1024,443,39870,138661.00,0.0100,0.113864,0.0131
DQN,1024,444,39960,143463.00,0.0100,0.109400,0.0131
DQN,1024,445,40050,143782.00,0.0100,0.108281,0.0133
DQN,1024,446,40140,137374.00,0.0100,0.099336,0.0132
DQN,1024,447,40230,143044.00,0.0100,0.106773,0.0159
DQN,1024,448,40320,144046.00,0.0100,0.107291,0.0142
DQN,1024,449,40410,132425.00,0.0100,0.103595,0.0129
DQN,1024,450,40500,136699.00,0.0100,0.111437,0.0133
DQN,1024,451,40590,142962.00,0.0100,0.098081,0.0149
DQN,1024,452,40680,144620.00,0.0100,0.098257,0.0200
DQN,1024,453,40770,150496.00,0.0100,0.099254,0.0144
DQN,1024,454,40860,137360.00,0.0100,0.095689,0.0130
DQN,1024,455,40950,144014.00,0.0100,0.099803,0.0132
DQN,1024,456,41040,143545.00,0.0100,0.097258,0.0133
DQN,1024,457,41130,138133.00,0.0100,0.100818,0.0135
DQN,1024,458,41220,153285.00,0.0100,0.099086,0.0134
DQN,1024,459,41310,142003.00,0.0100,0.098480,0.0134
DQN,1024,460,41400,151519.00,0.0100,0.101365,0.0133
DQN,1024,461,41490,143284.00,0.0100,0.102544,0.0134
DQN,1024,462,41580,145341.00,0.0100,0.091631,0.0134
DQN,1024,463,41670,142851.00,0.0100,0.095510,0.0133
DQN,1024,464,41760,150488.00,0.0100,0.090307,0.0134
DQN,1024,465,41850,140997.00,0.0100,0.087855,0.0134
DQN,1024,466,41940,135452.00,0.0100,0.091377,0.0134
DQN,1024,467,42030,141236.00,0.0100,0.099831,0.0133
DQN,1024,468,42120,147666.00,0.0100,0.092855,0.0134
DQN,1024,469,42210,145116.00,0.0100,0.092137,0.0134
DQN,1024,470,42300,140740.00,0.0100,0.095599,0.0134
DQN,1024,471,42390,138994.00,0.0100,0.087807,0.0135
DQN,1024,472,42480,136412.00,0.0100,0.095008,0.0134
DQN,1024,473,42570,152057.00,0.0100,0.097021,0.0134
DQN,1024,474,42660,138192.00,0.0100,0.089601,0.0133
DQN,1024,475,42750,144371.00,0.0100,0.096848,0.0134
DQN,1024,476,42840,150012.00,0.0100,0.095851,0.0134
DQN,1024,477,42930,147273.00,0.0100,0.093336,0.0134
DQN,1024,478,43020,143583.00,0.0100,0.099795,0.0134
DQN,1024,479,43110,153442.00,0.0100,0.096473,0.0134
DQN,1024,480,43200,139493.00,0.0100,0.097704,0.0134
DQN,1024,481,43290,148062.00,0.0100,0.097818,0.0134
DQN,1024,482,43380,143077.00,0.0100,0.095049,0.0134
DQN,1024,483,43470,132802.00,0.0100,0.097965,0.0134
DQN,1024,484,43560,143409.00,0.0100,0.094810,0.0134
DQN,1024,485,43650,143913.00,0.0100,0.094196,0.0135
DQN,1024,486,43740,141373.00,0.0100,0.092681,0.0135
DQN,1024,487,43830,149656.00,0.0100,0.096208,0.0135
DQN,1024,488,43920,150153.00,0.0100,0.102991,0.0134
DQN,1024,489,44010,141449.00,0.0100,0.093356,0.0135
DQN,1024,490,44100,140861.00,0.0100,0.096908,0.0134
DQN,1024,491,44190,153073.00,0.0100,0.097725,0.0134
DQN,1024,492,44280,142807.00,0.0100,0.095523,0.0134
DQN,1024,493,44370,135828.00,0.0100,0.096799,0.0134
DQN,1024,494,44460,141703.00,0.0100,0.099241,0.0135
DQN,1024,495,44550,134438.00,0.0100,0.087130,0.0134
DQN,1024,496,44640,148042.00,0.0100,0.090870,0.0134
DQN,1024,497,44730,150179.00,0.0100,0.087667,0.0153
DQN,1024,498,44820,150522.00,0.0100,0.086817,0.0127
DQN,1024,499,44910,141412.00,0.0100,0.086508,0.0133
DQN,1024,500,45000,150125.00,0.0100,0.084562,0.0134
