policy,seed,episode,total_steps,reward,epsilon,loss,duration_sec
DQN,42,1,90,120610.00,0.9975,0.000000,0.0005
DQN,42,2,180,172257.50,0.9950,0.000000,0.0005
DQN,42,3,270,88025.00,0.9926,0.000000,0.0006
DQN,42,4,360,132415.00,0.9901,0.000000,0.0005
DQN,42,5,450,67200.00,0.9876,0.000000,0.0004
DQN,42,6,540,151772.50,0.9851,3.741199,0.0062
DQN,42,7,630,164490.00,0.9827,2.428880,0.0127
DQN,42,8,720,113867.50,0.9802,1.382943,0.0123
DQN,42,9,810,31767.50,0.9777,1.326520,0.0121
DQN,42,10,900,67885.00,0.9752,1.284379,0.0122
DQN,42,11,990,136607.50,0.9728,1.220886,0.0120
DQN,42,12,1080,99615.00,0.9703,2.621950,0.0118
DQN,42,13,1170,133750.00,0.9678,1.113775,0.0145
DQN,42,14,1260,158012.50,0.9654,1.077966,0.0149
DQN,42,15,1350,128682.50,0.9629,0.992479,0.0129
DQN,42,16,1440,145562.50,0.9604,0.983579,0.0135
DQN,42,17,1530,123882.50,0.9579,1.625740,0.0127
DQN,42,18,1620,147590.00,0.9555,1.083078,0.0142
DQN,42,19,1710,174225.00,0.9530,0.956224,0.0120
DQN,42,20,1800,114140.00,0.9505,0.903681,0.0136
DQN,42,21,1890,115715.00,0.9480,0.866494,0.0129
DQN,42,22,1980,109095.00,0.9456,0.843931,0.0134
DQN,42,23,2070,139177.50,0.9431,1.550102,0.0130
DQN,42,24,2160,189742.50,0.9406,0.947446,0.0124
DQN,42,25,2250,190460.00,0.9381,0.911165,0.0133
DQN,42,26,2340,117365.00,0.9356,0.885818,0.0141
DQN,42,27,2430,152932.50,0.9332,0.852566,0.0140
DQN,42,28,2520,182560.00,0.9307,1.367559,0.0151
DQN,42,29,2610,108715.00,0.9282,1.097165,0.0124
DQN,42,30,2700,99607.50,0.9257,0.972838,0.0123
DQN,42,31,2790,93447.50,0.9233,0.939347,0.0125
DQN,42,32,2880,171750.00,0.9208,0.910961,0.0142
DQN,42,33,2970,161265.00,0.9183,0.889170,0.0138
DQN,42,34,3060,128722.50,0.9159,1.371507,0.0124
DQN,42,35,3150,136130.00,0.9134,1.009209,0.0137
DQN,42,36,3240,113555.00,0.9109,0.949167,0.0138
DQN,42,37,3330,151995.00,0.9084,0.921447,0.0143
DQN,42,38,3420,115175.00,0.9060,0.916619,0.0135
DQN,42,39,3510,128117.50,0.9035,1.175581,0.0140
DQN,42,40,3600,135615.00,0.9010,1.041913,0.0120
DQN,42,41,3690,158930.00,0.8985,0.909055,0.0137
DQN,42,42,3780,147852.50,0.8961,0.895935,0.0147
DQN,42,43,3870,137962.50,0.8936,0.900490,0.0138
DQN,42,44,3960,162195.00,0.8911,0.885882,0.0137
DQN,42,45,4050,119920.00,0.8886,1.135663,0.0147
DQN,42,46,4140,141745.00,0.8861,0.799489,0.0122
DQN,42,47,4230,132700.00,0.8837,0.790015,0.0149
DQN,42,48,4320,182012.50,0.8812,0.783140,0.0145
DQN,42,49,4410,47392.50,0.8787,0.753690,0.0140
DQN,42,50,4500,164710.00,0.8762,0.771450,0.0133
DQN,42,51,4590,149105.00,0.8738,0.821474,0.0134
DQN,42,52,4680,183947.50,0.8713,0.676694,0.0129
DQN,42,53,4770,160025.00,0.8688,0.647282,0.0150
DQN,42,54,4860,131482.50,0.8663,0.634820,0.0131
DQN,42,55,4950,183685.00,0.8639,0.637682,0.0162
DQN,42,56,5040,144517.50,0.8614,0.702002,0.0135
DQN,42,57,5130,155875.00,0.8589,0.596347,0.0132
DQN,42,58,5220,124302.50,0.8565,0.592777,0.0122
DQN,42,59,5310,126327.50,0.8540,0.577998,0.0133
DQN,42,60,5400,184412.50,0.8515,0.575987,0.0150
DQN,42,61,5490,152342.50,0.8490,0.569313,0.0131
DQN,42,62,5580,169640.00,0.8466,0.617000,0.0135
DQN,42,63,5670,169657.50,0.8441,0.563195,0.0133
DQN,42,64,5760,166702.50,0.8416,0.548969,0.0136
DQN,42,65,5850,173662.50,0.8391,0.566293,0.0138
DQN,42,66,5940,166830.00,0.8367,0.560681,0.0161
DQN,42,67,6030,133010.00,0.8342,0.564974,0.0148
DQN,42,68,6120,113122.50,0.8317,0.565360,0.0137
DQN,42,69,6210,144360.00,0.8292,0.578251,0.0137
DQN,42,70,6300,155165.00,0.8267,0.569494,0.0149
DQN,42,71,6390,77905.00,0.8243,0.555164,0.0123
DQN,42,72,6480,194237.50,0.8218,0.559508,0.0138
DQN,42,73,6570,173977.50,0.8193,0.590721,0.0138
DQN,42,74,6660,130907.50,0.8168,0.564744,0.0139
DQN,42,75,6750,108127.50,0.8144,0.573760,0.0158
DQN,42,76,6840,154297.50,0.8119,0.583334,0.0142
DQN,42,77,6930,187192.50,0.8094,0.565687,0.0151
DQN,42,78,7020,169927.50,0.8070,0.554208,0.0124
DQN,42,79,7110,161957.50,0.8045,0.582420,0.0147
DQN,42,80,7200,205437.50,0.8020,0.578650,0.0156
DQN,42,81,7290,184460.00,0.7995,0.558396,0.0130
DQN,42,82,7380,151515.00,0.7971,0.557153,0.0139
DQN,42,83,7470,174650.00,0.7946,0.556445,0.0133
DQN,42,84,7560,192517.50,0.7921,0.585550,0.0126
DQN,42,85,7650,198450.00,0.7896,0.565367,0.0134
DQN,42,86,7740,171002.50,0.7872,0.596719,0.0134
DQN,42,87,7830,174195.00,0.7847,0.573491,0.0135
DQN,42,88,7920,124037.50,0.7822,0.567393,0.0150
DQN,42,89,8010,175597.50,0.7797,0.564268,0.0142
DQN,42,90,8100,207367.50,0.7772,0.583386,0.0125
DQN,42,91,8190,169582.50,0.7748,0.572073,0.0149
DQN,42,92,8280,192740.00,0.7723,0.563018,0.0137
DQN,42,93,8370,190767.50,0.7698,0.569186,0.0139
DQN,42,94,8460,192500.00,0.7673,0.552723,0.0131
DQN,42,95,8550,211770.00,0.7649,0.563430,0.0133
DQN,42,96,8640,215075.00,0.7624,0.556179,0.0134
DQN,42,97,8730,129000.00,0.7599,0.539035,0.0135
DQN,42,98,8820,228240.00,0.7574,0.559764,0.0135
DQN,42,99,8910,170812.50,0.7550,0.550904,0.0176
DQN,42,100,9000,155595.00,0.7525,0.567888,0.0160
DQN,42,101,9090,164622.50,0.7500,0.548648,0.0273
DQN,42,102,9180,221195.00,0.7475,0.543009,0.0249
DQN,42,103,9270,215742.50,0.7451,0.541726,0.0180
DQN,42,104,9360,238582.50,0.7426,0.542262,0.0132
DQN,42,105,9450,176160.00,0.7401,0.531420,0.0132
DQN,42,106,9540,201567.50,0.7376,0.564461,0.0161
DQN,42,107,9630,212492.50,0.7352,0.540958,0.0150
DQN,42,108,9720,202650.00,0.7327,0.534179,0.0141
DQN,42,109,9810,158042.50,0.7302,0.549945,0.0136
DQN,42,110,9900,184242.50,0.7278,0.524597,0.0133
DQN,42,111,9990,213447.50,0.7253,0.532854,0.0146
DQN,42,112,10080,163227.50,0.7228,0.542031,0.0151
DQN,42,113,10170,223012.50,0.7203,0.536394,0.0145
DQN,42,114,10260,199717.50,0.7179,0.533346,0.0173
DQN,42,115,10350,187662.50,0.7154,0.530044,0.0159
DQN,42,116,10440,204525.00,0.7129,0.531432,0.0139
DQN,42,117,10530,219832.50,0.7104,0.554460,0.0156
DQN,42,118,10620,186085.00,0.7080,0.513216,0.0146
DQN,42,119,10710,219995.00,0.7055,0.520535,0.0129
DQN,42,120,10800,189422.50,0.7030,0.525881,0.0144
DQN,42,121,10890,194102.50,0.7005,0.526026,0.0152
DQN,42,122,10980,207370.00,0.6981,0.509148,0.0129
DQN,42,123,11070,137675.00,0.6956,0.529060,0.0152
DQN,42,124,11160,198577.50,0.6931,0.520645,0.0143
DQN,42,125,11250,156375.00,0.6906,0.507909,0.0124
DQN,42,126,11340,177945.00,0.6882,0.516105,0.0127
DQN,42,127,11430,197097.50,0.6857,0.527447,0.0137
DQN,42,128,11520,173370.00,0.6832,0.523643,0.0137
DQN,42,129,11610,196067.50,0.6807,0.514012,0.0130
DQN,42,130,11700,222755.00,0.6783,0.507985,0.0130
DQN,42,131,11790,198375.00,0.6758,0.497602,0.0127
DQN,42,132,11880,174457.50,0.6733,0.495327,0.0143
DQN,42,133,11970,220907.50,0.6708,0.500588,0.0150
DQN,42,134,12060,188735.00,0.6683,0.516711,0.0136
DQN,42,135,12150,217680.00,0.6659,0.496366,0.0147
DQN,42,136,12240,226232.50,0.6634,0.484903,0.0133
DQN,42,137,12330,189077.50,0.6609,0.505853,0.0125
DQN,42,138,12420,161885.00,0.6584,0.513181,0.0162
DQN,42,139,12510,202820.00,0.6560,0.501147,0.0142
DQN,42,140,12600,175040.00,0.6535,0.509827,0.0141
DQN,42,141,12690,215735.00,0.6510,0.500154,0.0140
DQN,42,142,12780,197057.50,0.6485,0.499651,0.0149
DQN,42,143,12870,220805.00,0.6461,0.518119,0.0136
DQN,42,144,12960,201277.50,0.6436,0.494931,0.0130
DQN,42,145,13050,219175.00,0.6411,0.503718,0.0136
DQN,42,146,13140,183940.00,0.6386,0.495861,0.0143
DQN,42,147,13230,197865.00,0.6362,0.482109,0.0134
DQN,42,148,13320,169147.50,0.6337,0.477293,0.0139
DQN,42,149,13410,211797.50,0.6312,0.490374,0.0144
DQN,42,150,13500,213915.00,0.6288,0.476712,0.0139
DQN,42,151,13590,185085.00,0.6263,0.499951,0.0134
DQN,42,152,13680,207217.50,0.6238,0.476388,0.0169
DQN,42,153,13770,223970.00,0.6213,0.490898,0.0143
DQN,42,154,13860,231047.50,0.6189,0.490961,0.0138
DQN,42,155,13950,170557.50,0.6164,0.490755,0.0153
DQN,42,156,14040,219697.50,0.6139,0.486475,0.0137
DQN,42,157,14130,199880.00,0.6114,0.482108,0.0128
DQN,42,158,14220,225820.00,0.6089,0.488416,0.0129
DQN,42,159,14310,200985.00,0.6065,0.471654,0.0146
DQN,42,160,14400,214967.50,0.6040,0.472145,0.0148
DQN,42,161,14490,210705.00,0.6015,0.473323,0.0153
DQN,42,162,14580,219145.00,0.5990,0.474050,0.0137
DQN,42,163,14670,231372.50,0.5966,0.462516,0.0148
DQN,42,164,14760,215115.00,0.5941,0.488851,0.0133
DQN,42,165,14850,217830.00,0.5916,0.493197,0.0137
DQN,42,166,14940,208702.50,0.5892,0.477176,0.0237
DQN,42,167,15030,214550.00,0.5867,0.465651,0.0130
DQN,42,168,15120,217252.50,0.5842,0.472206,0.0125
DQN,42,169,15210,215197.50,0.5817,0.467683,0.0147
DQN,42,170,15300,185770.00,0.5793,0.446738,0.0147
DQN,42,171,15390,203410.00,0.5768,0.446411,0.0133
DQN,42,172,15480,183877.50,0.5743,0.466465,0.0138
DQN,42,173,15570,206607.50,0.5718,0.457629,0.0130
DQN,42,174,15660,168917.50,0.5694,0.447370,0.0146
DQN,42,175,15750,209145.00,0.5669,0.450470,0.0133
DQN,42,176,15840,215150.00,0.5644,0.449755,0.0133
DQN,42,177,15930,218335.00,0.5619,0.451852,0.0131
DQN,42,178,16020,212005.00,0.5595,0.438519,0.0129
DQN,42,179,16110,193435.00,0.5570,0.449679,0.0125
DQN,42,180,16200,206445.00,0.5545,0.462079,0.0240
DQN,42,181,16290,222117.50,0.5520,0.448936,0.0133
DQN,42,182,16380,197075.00,0.5495,0.435308,0.0130
DQN,42,183,16470,220187.50,0.5471,0.440535,0.0133
DQN,42,184,16560,220312.50,0.5446,0.428071,0.0140
DQN,42,185,16650,197460.00,0.5421,0.441385,0.0146
DQN,42,186,16740,174320.00,0.5396,0.438636,0.0141
DQN,42,187,16830,188767.50,0.5372,0.448160,0.0148
DQN,42,188,16920,216907.50,0.5347,0.443407,0.0124
DQN,42,189,17010,222852.50,0.5322,0.446995,0.0125
DQN,42,190,17100,199097.50,0.5297,0.430238,0.0140
DQN,42,191,17190,216642.50,0.5273,0.437319,0.0145
DQN,42,192,17280,196025.00,0.5248,0.453297,0.0135
DQN,42,193,17370,215225.00,0.5223,0.456026,0.0133
DQN,42,194,17460,206997.50,0.5199,0.449204,0.0133
DQN,42,195,17550,216640.00,0.5174,0.436909,0.0144
DQN,42,196,17640,223610.00,0.5149,0.448849,0.0135
DQN,42,197,17730,209297.50,0.5124,0.457854,0.0130
DQN,42,198,17820,207215.00,0.5100,0.430307,0.0139
DQN,42,199,17910,232355.00,0.5075,0.451641,0.0125
DQN,42,200,18000,220087.50,0.5050,0.433190,0.0152
DQN,42,201,18090,228837.50,0.5025,0.436621,0.0142
DQN,42,202,18180,218040.00,0.5000,0.442107,0.0174
DQN,42,203,18270,208930.00,0.4976,0.446953,0.0147
DQN,42,204,18360,200185.00,0.4951,0.444931,0.0140
DQN,42,205,18450,220150.00,0.4926,0.436487,0.0144
DQN,42,206,18540,212980.00,0.4901,0.437465,0.0144
DQN,42,207,18630,217372.50,0.4877,0.446868,0.0153
DQN,42,208,18720,212782.50,0.4852,0.439641,0.0133
DQN,42,209,18810,221057.50,0.4827,0.435790,0.0130
DQN,42,210,18900,211625.00,0.4802,0.428644,0.0134
DQN,42,211,18990,193447.50,0.4778,0.432159,0.0141
DQN,42,212,19080,210777.50,0.4753,0.429798,0.0154
DQN,42,213,19170,219520.00,0.4728,0.440539,0.0133
DQN,42,214,19260,213022.50,0.4703,0.434979,0.0126
DQN,42,215,19350,221692.50,0.4679,0.448466,0.0128
DQN,42,216,19440,220697.50,0.4654,0.449032,0.0150
DQN,42,217,19530,222827.50,0.4629,0.434067,0.0139
DQN,42,218,19620,233862.50,0.4604,0.433649,0.0157
DQN,42,219,19710,224430.00,0.4580,0.438110,0.0132
DQN,42,220,19800,203142.50,0.4555,0.437056,0.0128
DQN,42,221,19890,221180.00,0.4530,0.433986,0.0132
DQN,42,222,19980,216362.50,0.4506,0.425522,0.0151
DQN,42,223,20070,212977.50,0.4481,0.460239,0.0159
DQN,42,224,20160,231365.00,0.4456,0.435066,0.0135
DQN,42,225,20250,216220.00,0.4431,0.418772,0.0145
DQN,42,226,20340,204837.50,0.4407,0.437829,0.0135
DQN,42,227,20430,209682.50,0.4382,0.420946,0.0126
DQN,42,228,20520,222792.50,0.4357,0.419622,0.0146
DQN,42,229,20610,210927.50,0.4332,0.426782,0.0154
DQN,42,230,20700,212187.50,0.4308,0.424261,0.0139
DQN,42,231,20790,231387.50,0.4283,0.415671,0.0143
DQN,42,232,20880,183525.00,0.4258,0.412324,0.0151
DQN,42,233,20970,223417.50,0.4233,0.403842,0.0146
DQN,42,234,21060,220832.50,0.4209,0.412496,0.0131
DQN,42,235,21150,206160.00,0.4184,0.407362,0.0137
DQN,42,236,21240,234402.50,0.4159,0.400360,0.0145
DQN,42,237,21330,221680.00,0.4134,0.404152,0.0138
DQN,42,238,21420,211502.50,0.4110,0.387384,0.0149
DQN,42,239,21510,246802.50,0.4085,0.396695,0.0154
DQN,42,240,21600,231815.00,0.4060,0.389575,0.0140
DQN,42,241,21690,226060.00,0.4035,0.415012,0.0161
DQN,42,242,21780,221142.50,0.4011,0.391504,0.0138
DQN,42,243,21870,215382.50,0.3986,0.388288,0.0132
DQN,42,244,21960,219400.00,0.3961,0.375266,0.0144
DQN,42,245,22050,195757.50,0.3936,0.387043,0.0142
DQN,42,246,22140,210557.50,0.3911,0.379690,0.0135
DQN,42,247,22230,230845.00,0.3887,0.379430,0.0148
DQN,42,248,22320,192225.00,0.3862,0.383827,0.0144
DQN,42,249,22410,237327.50,0.3837,0.384382,0.0129
DQN,42,250,22500,202467.50,0.3812,0.381410,0.0131
DQN,42,251,22590,238810.00,0.3788,0.364812,0.0143
DQN,42,252,22680,237010.00,0.3763,0.361317,0.0159
DQN,42,253,22770,217157.50,0.3738,0.352319,0.0149
DQN,42,254,22860,215907.50,0.3713,0.355250,0.0139
DQN,42,255,22950,234422.50,0.3689,0.360780,0.0144
DQN,42,256,23040,223600.00,0.3664,0.348501,0.0146
DQN,42,257,23130,227987.50,0.3639,0.346458,0.0136
DQN,42,258,23220,231315.00,0.3614,0.344642,0.0137
DQN,42,259,23310,212000.00,0.3590,0.343441,0.0153
DQN,42,260,23400,237247.50,0.3565,0.347883,0.0130
DQN,42,261,23490,224567.50,0.3540,0.342211,0.0132
DQN,42,262,23580,229335.00,0.3516,0.363135,0.0147
DQN,42,263,23670,239565.00,0.3491,0.351290,0.0133
DQN,42,264,23760,254712.50,0.3466,0.368748,0.0146
DQN,42,265,23850,226840.00,0.3441,0.363849,0.0146
DQN,42,266,23940,216445.00,0.3417,0.367667,0.0150
DQN,42,267,24030,225890.00,0.3392,0.343250,0.0143
DQN,42,268,24120,224697.50,0.3367,0.347451,0.0144
DQN,42,269,24210,241072.50,0.3342,0.347033,0.0154
DQN,42,270,24300,209532.50,0.3317,0.353822,0.0143
DQN,42,271,24390,221185.00,0.3293,0.343614,0.0141
DQN,42,272,24480,246140.00,0.3268,0.351728,0.0131
DQN,42,273,24570,239425.00,0.3243,0.355523,0.0153
DQN,42,274,24660,230720.00,0.3218,0.353470,0.0152
DQN,42,275,24750,241737.50,0.3194,0.346310,0.0157
DQN,42,276,24840,236355.00,0.3169,0.353386,0.0141
DQN,42,277,24930,230585.00,0.3144,0.347838,0.0148
DQN,42,278,25020,224710.00,0.3120,0.335028,0.0137
DQN,42,279,25110,228612.50,0.3095,0.336601,0.0127
DQN,42,280,25200,216590.00,0.3070,0.327861,0.0150
DQN,42,281,25290,247157.50,0.3045,0.329969,0.0139
DQN,42,282,25380,234305.00,0.3021,0.328905,0.0159
DQN,42,283,25470,243145.00,0.2996,0.334480,0.0156
DQN,42,284,25560,232870.00,0.2971,0.329679,0.0141
DQN,42,285,25650,226057.50,0.2946,0.326320,0.0150
DQN,42,286,25740,219220.00,0.2922,0.320794,0.0157
DQN,42,287,25830,226880.00,0.2897,0.323466,0.0135
DQN,42,288,25920,234557.50,0.2872,0.313087,0.0131
DQN,42,289,26010,226092.50,0.2847,0.320379,0.0151
DQN,42,290,26100,235395.00,0.2823,0.323590,0.0141
DQN,42,291,26190,224862.50,0.2798,0.319988,0.0148
DQN,42,292,26280,247275.00,0.2773,0.306928,0.0132
DQN,42,293,26370,239317.50,0.2748,0.311120,0.0155
DQN,42,294,26460,232022.50,0.2723,0.313047,0.0134
DQN,42,295,26550,212472.50,0.2699,0.301428,0.0126
DQN,42,296,26640,213445.00,0.2674,0.318911,0.0158
DQN,42,297,26730,219387.50,0.2649,0.314309,0.0146
DQN,42,298,26820,237160.00,0.2624,0.314145,0.0136
DQN,42,299,26910,225530.00,0.2600,0.316630,0.0152
DQN,42,300,27000,244292.50,0.2575,0.319595,0.0145
DQN,42,301,27090,225110.00,0.2550,0.322948,0.0148
DQN,42,302,27180,236705.00,0.2526,0.329169,0.0133
DQN,42,303,27270,226375.00,0.2501,0.322723,0.0127
DQN,42,304,27360,232725.00,0.2476,0.320376,0.0139
DQN,42,305,27450,233462.50,0.2451,0.306867,0.0150
DQN,42,306,27540,239940.00,0.2427,0.309676,0.0192
DQN,42,307,27630,225242.50,0.2402,0.329871,0.0140
DQN,42,308,27720,206692.50,0.2377,0.319171,0.0132
DQN,42,309,27810,215560.00,0.2352,0.320601,0.0150
DQN,42,310,27900,225080.00,0.2328,0.330050,0.0128
DQN,42,311,27990,225665.00,0.2303,0.311658,0.0126
DQN,42,312,28080,225005.00,0.2278,0.295541,0.0139
DQN,42,313,28170,223447.50,0.2253,0.304666,0.0150
DQN,42,314,28260,240092.50,0.2228,0.300060,0.0147
DQN,42,315,28350,240350.00,0.2204,0.301687,0.0178
DQN,42,316,28440,233687.50,0.2179,0.300902,0.0151
DQN,42,317,28530,231120.00,0.2154,0.300798,0.0136
DQN,42,318,28620,213575.00,0.2129,0.279442,0.0152
DQN,42,319,28710,227170.00,0.2105,0.284062,0.0139
DQN,42,320,28800,231855.00,0.2080,0.282649,0.0134
DQN,42,321,28890,236210.00,0.2055,0.285198,0.0154
DQN,42,322,28980,238950.00,0.2030,0.291449,0.0142
DQN,42,323,29070,233847.50,0.2006,0.279494,0.0142
DQN,42,324,29160,239277.50,0.1981,0.286820,0.0143
DQN,42,325,29250,241560.00,0.1956,0.272790,0.0163
DQN,42,326,29340,225960.00,0.1932,0.280494,0.0143
DQN,42,327,29430,227117.50,0.1907,0.282072,0.0140
DQN,42,328,29520,228512.50,0.1882,0.268170,0.0136
DQN,42,329,29610,241602.50,0.1857,0.274646,0.0142
DQN,42,330,29700,229910.00,0.1833,0.265751,0.0143
DQN,42,331,29790,216207.50,0.1808,0.274570,0.0151
DQN,42,332,29880,223910.00,0.1783,0.277417,0.0145
DQN,42,333,29970,234505.00,0.1758,0.265071,0.0141
DQN,42,334,30060,229980.00,0.1734,0.276934,0.0153
DQN,42,335,30150,222152.50,0.1709,0.272039,0.0133
DQN,42,336,30240,229120.00,0.1684,0.269593,0.0134
DQN,42,337,30330,226340.00,0.1659,0.275212,0.0143
DQN,42,338,30420,231470.00,0.1634,0.274393,0.0140
DQN,42,339,30510,236560.00,0.1610,0.275256,0.0151
DQN,42,340,30600,220517.50,0.1585,0.269981,0.0149
DQN,42,341,30690,235227.50,0.1560,0.261646,0.0150
DQN,42,342,30780,228122.50,0.1536,0.272649,0.0156
DQN,42,343,30870,243012.50,0.1511,0.260011,0.0126
DQN,42,344,30960,229347.50,0.1486,0.258003,0.0147
DQN,42,345,31050,244010.00,0.1461,0.267013,0.0162
DQN,42,346,31140,228727.50,0.1437,0.287512,0.0137
DQN,42,347,31230,236342.50,0.1412,0.282534,0.0152
DQN,42,348,31320,232057.50,0.1387,0.273153,0.0161
DQN,42,349,31410,229242.50,0.1362,0.279629,0.0153
DQN,42,350,31500,237957.50,0.1338,0.258360,0.0137
DQN,42,351,31590,237482.50,0.1313,0.274617,0.0168
DQN,42,352,31680,246137.50,0.1288,0.264791,0.0139
DQN,42,353,31770,231542.50,0.1263,0.264830,0.0129
DQN,42,354,31860,234207.50,0.1239,0.270013,0.0143
DQN,42,355,31950,242410.00,0.1214,0.272325,0.0151
DQN,42,356,32040,229610.00,0.1189,0.266544,0.0166
DQN,42,357,32130,218810.00,0.1164,0.259843,0.0140
DQN,42,358,32220,229222.50,0.1139,0.265587,0.0144
DQN,42,359,32310,252857.50,0.1115,0.270737,0.0143
DQN,42,360,32400,238457.50,0.1090,0.265663,0.0145
DQN,42,361,32490,239265.00,0.1065,0.267730,0.0155
DQN,42,362,32580,233150.00,0.1040,0.280061,0.0134
DQN,42,363,32670,237820.00,0.1016,0.267071,0.0147
DQN,42,364,32760,223140.00,0.0991,0.265881,0.0141
DQN,42,365,32850,229957.50,0.0966,0.276242,0.0151
DQN,42,366,32940,219292.50,0.0941,0.267278,0.0157
DQN,42,367,33030,232615.00,0.0917,0.276061,0.0153
DQN,42,368,33120,229377.50,0.0892,0.262429,0.0136
DQN,42,369,33210,227082.50,0.0867,0.274569,0.0138
DQN,42,370,33300,230380.00,0.0842,0.262753,0.0127
DQN,42,371,33390,231675.00,0.0818,0.260093,0.0132
DQN,42,372,33480,226892.50,0.0793,0.260664,0.0143
DQN,42,373,33570,230885.00,0.0768,0.253207,0.0156
DQN,42,374,33660,237482.50,0.0743,0.266980,0.0136
DQN,42,375,33750,247262.50,0.0719,0.262524,0.0154
DQN,42,376,33840,238552.50,0.0694,0.256997,0.0141
DQN,42,377,33930,220910.00,0.0669,0.257987,0.0128
DQN,42,378,34020,229527.50,0.0645,0.243410,0.0147
DQN,42,379,34110,238655.00,0.0620,0.258807,0.0146
DQN,42,380,34200,234640.00,0.0595,0.250462,0.0142
DQN,42,381,34290,230670.00,0.0570,0.253407,0.0150
DQN,42,382,34380,240097.50,0.0546,0.250295,0.0144
DQN,42,383,34470,237572.50,0.0521,0.250303,0.0145
DQN,42,384,34560,242542.50,0.0496,0.255463,0.0150
DQN,42,385,34650,220275.00,0.0471,0.248379,0.0136
DQN,42,386,34740,237977.50,0.0447,0.253483,0.0144
DQN,42,387,34830,224887.50,0.0422,0.259900,0.0146
DQN,42,388,34920,243080.00,0.0397,0.256303,0.0159
DQN,42,389,35010,233657.50,0.0372,0.246978,0.0150
DQN,42,390,35100,223907.50,0.0348,0.250192,0.0142
DQN,42,391,35190,226245.00,0.0323,0.255370,0.0152
DQN,42,392,35280,245957.50,0.0298,0.249828,0.0145
DQN,42,393,35370,239380.00,0.0273,0.262214,0.0127
DQN,42,394,35460,232300.00,0.0249,0.254905,0.0145
DQN,42,395,35550,243737.50,0.0224,0.243245,0.0161
DQN,42,396,35640,233625.00,0.0199,0.228571,0.0137
DQN,42,397,35730,240585.00,0.0174,0.228732,0.0143
DQN,42,398,35820,232825.00,0.0150,0.234485,0.0158
DQN,42,399,35910,232797.50,0.0125,0.232883,0.0144
DQN,42,400,36000,235757.50,0.0100,0.231197,0.0146
DQN,42,401,36090,239910.00,0.0100,0.216504,0.0154
DQN,42,402,36180,240737.50,0.0100,0.234781,0.0142
DQN,42,403,36270,233785.00,0.0100,0.222909,0.0138
DQN,42,404,36360,241505.00,0.0100,0.224992,0.0139
DQN,42,405,36450,240020.00,0.0100,0.215520,0.0136
DQN,42,406,36540,228052.50,0.0100,0.228369,0.0136
DQN,42,407,36630,228437.50,0.0100,0.228789,0.0139
DQN,42,408,36720,231325.00,0.0100,0.226945,0.0134
DQN,42,409,36810,222680.00,0.0100,0.226769,0.0134
DQN,42,410,36900,237405.00,0.0100,0.225066,0.0133
DQN,42,411,36990,236592.50,0.0100,0.221999,0.0134
DQN,42,412,37080,234567.50,0.0100,0.209252,0.0133
DQN,42,413,37170,231345.00,0.0100,0.220546,0.0134
DQN,42,414,37260,238832.50,0.0100,0.217090,0.0134
DQN,42,415,37350,240700.00,0.0100,0.215840,0.0134
DQN,42,416,37440,239772.50,0.0100,0.216704,0.0133
DQN,42,417,37530,233215.00,0.0100,0.213313,0.0134
DQN,42,418,37620,238087.50,0.0100,0.214762,0.0134
DQN,42,419,37710,234687.50,0.0100,0.225809,0.0134
DQN,42,420,37800,236530.00,0.0100,0.217386,0.0134
DQN,42,421,37890,241962.50,0.0100,0.212816,0.0134
DQN,42,422,37980,230317.50,0.0100,0.216242,0.0134
DQN,42,423,38070,237247.50,0.0100,0.217178,0.0137
DQN,42,424,38160,236605.00,0.0100,0.213943,0.0135
DQN,42,425,38250,240372.50,0.0100,0.207827,0.0135
DQN,42,426,38340,225335.00,0.0100,0.209956,0.0134
DQN,42,427,38430,228130.00,0.0100,0.228922,0.0134
DQN,42,428,38520,248342.50,0.0100,0.222482,0.0134
DQN,42,429,38610,221232.50,0.0100,0.228748,0.0134
DQN,42,430,38700,239892.50,0.0100,0.227616,0.0149
DQN,42,431,38790,241375.00,0.0100,0.217539,0.0137
DQN,42,432,38880,233512.50,0.0100,0.216657,0.0135
DQN,42,433,38970,231605.00,0.0100,0.233483,0.0134
DQN,42,434,39060,232705.00,0.0100,0.223075,0.0134
DQN,42,435,39150,242740.00,0.0100,0.226415,0.0134
DQN,42,436,39240,247125.00,0.0100,0.223572,0.0134
DQN,42,437,39330,243305.00,0.0100,0.224188,0.0156
DQN,42,438,39420,232980.00,0.0100,0.218702,0.0130
DQN,42,439,39510,235512.50,0.0100,0.215235,0.0157
DQN,42,440,39600,240015.00,0.0100,0.200919,0.0127
DQN,42,441,39690,234390.00,0.0100,0.203513,0.0125
DQN,42,442,39780,238615.00,0.0100,0.208965,0.0128
DQN,42,443,39870,233710.00,0.0100,0.200691,0.0127
DQN,42,444,39960,228872.50,0.0100,0.200687,0.0129
DQN,42,445,40050,244082.50,0.0100,0.200036,0.0129
DQN,42,446,40140,237437.50,0.0100,0.195470,0.0128
DQN,42,447,40230,236702.50,0.0100,0.196761,0.0129
DQN,42,448,40320,233972.50,0.0100,0.203383,0.0129
DQN,42,449,40410,243620.00,0.0100,0.200501,0.0164
DQN,42,450,40500,233572.50,0.0100,0.198187,0.0128
DQN,42,451,40590,231282.50,0.0100,0.202876,0.0132
DQN,42,452,40680,233677.50,0.0100,0.200124,0.0145
DQN,42,453,40770,229852.50,0.0100,0.189203,0.0134
DQN,42,454,40860,234275.00,0.0100,0.195315,0.0138
DQN,42,455,40950,224317.50,0.0100,0.203709,0.0133
DQN,42,456,41040,242552.50,0.0100,0.199445,0.0131
DQN,42,457,41130,236820.00,0.0100,0.203169,0.0132
DQN,42,458,41220,231652.50,0.0100,0.197203,0.0133
DQN,42,459,41310,242062.50,0.0100,0.191457,0.0133
DQN,42,460,41400,226730.00,0.0100,0.186014,0.0133
DQN,42,461,41490,247092.50,0.0100,0.196001,0.0135
DQN,42,462,41580,225247.50,0.0100,0.183775,0.0134
DQN,42,463,41670,224205.00,0.0100,0.192082,0.0134
DQN,42,464,41760,243292.50,0.0100,0.195374,0.0135
DQN,42,465,41850,223865.00,0.0100,0.189000,0.0134
DQN,42,466,41940,225337.50,0.0100,0.190412,0.0135
DQN,42,467,42030,226505.00,0.0100,0.188647,0.0148
DQN,42,468,42120,239810.00,0.0100,0.194246,0.0135
DQN,42,469,42210,232860.00,0.0100,0.201292,0.0129
DQN,42,470,42300,223305.00,0.0100,0.198143,0.0129
DQN,42,471,42390,231995.00,0.0100,0.193753,0.0128
DQN,42,472,42480,229555.00,0.0100,0.194654,0.0127
DQN,42,473,42570,221630.00,0.0100,0.192297,0.0129
DQN,42,474,42660,229627.50,0.0100,0.189780,0.0129
DQN,42,475,42750,230672.50,0.0100,0.187835,0.0130
DQN,42,476,42840,233887.50,0.0100,0.187962,0.0128
DQN,42,477,42930,235182.50,0.0100,0.188441,0.0128
DQN,42,478,43020,229717.50,0.0100,0.190869,0.0129
DQN,42,479,43110,232867.50,0.0100,0.203430,0.0130
DQN,42,480,43200,238560.00,0.0100,0.197821,0.0129
DQN,42,481,43290,237060.00,0.0100,0.193731,0.0141
DQN,42,482,43380,223522.50,0.0100,0.194119,0.0139
DQN,42,483,43470,229292.50,0.0100,0.191544,0.0135
DQN,42,484,43560,229300.00,0.0100,0.200764,0.0132
DQN,42,485,43650,220582.50,0.0100,0.199746,0.0134
DQN,42,486,43740,232042.50,0.0100,0.211036,0.0133
DQN,42,487,43830,230100.00,0.0100,0.208719,0.0133
DQN,42,488,43920,239000.00,0.0100,0.200864,0.0134
DQN,42,489,44010,223805.00,0.0100,0.205827,0.0134
DQN,42,490,44100,223905.00,0.0100,0.200515,0.0133
DQN,42,491,44190,234542.50,0.0100,0.203170,0.0135
DQN,42,492,44280,233020.00,0.0100,0.207628,0.0134
DQN,42,493,44370,234097.50,0.0100,0.206050,0.0134
DQN,42,494,44460,232640.00,0.0100,0.202106,0.0134
DQN,42,495,44550,238432.50,0.0100,0.208927,0.0134
DQN,42,496,44640,224017.50,0.0100,0.195212,0.0163
DQN,42,497,44730,229475.00,0.0100,0.192538,0.0132
DQN,42,498,44820,232385.00,0.0100,0.200536,0.0126
DQN,42,499,44910,235727.50,0.0100,0.195007,0.0129
DQN,42,500,45000,236130.00,0.0100,0.195507,0.0146
DQN,123,1,90,181277.50,0.9975,0.000000,0.0004
DQN,123,2,180,166555.00,0.9950,0.000000,0.0004
DQN,123,3,270,97707.50,0.9926,0.000000,0.0004
DQN,123,4,360,131260.00,0.9901,0.000000,0.0004
DQN,123,5,450,88877.50,0.9876,0.000000,0.0004
DQN,123,6,540,132272.50,0.9851,3.465348,0.0088
DQN,123,7,630,119385.00,0.9827,2.328474,0.0124
DQN,123,8,720,154372.50,0.9802,1.385588,0.0118
DQN,123,9,810,136300.00,0.9777,1.328919,0.0121
DQN,123,10,900,155805.00,0.9752,1.368839,0.0120
DQN,123,11,990,206880.00,0.9728,1.327411,0.0119
DQN,123,12,1080,165520.00,0.9703,2.466124,0.0120
DQN,123,13,1170,155790.00,0.9678,1.207448,0.0120
DQN,123,14,1260,133847.50,0.9654,1.148588,0.0120
DQN,123,15,1350,34872.50,0.9629,1.150509,0.0121
DQN,123,16,1440,187822.50,0.9604,1.104822,0.0122
DQN,123,17,1530,198560.00,0.9579,1.639020,0.0154
DQN,123,18,1620,54575.00,0.9555,1.109993,0.0128
DQN,123,19,1710,143925.00,0.9530,0.993916,0.0122
DQN,123,20,1800,95190.00,0.9505,0.926834,0.0122
DQN,123,21,1890,66230.00,0.9480,0.861793,0.0126
DQN,123,22,1980,164242.50,0.9456,0.843841,0.0147
DQN,123,23,2070,150785.00,0.9431,1.496053,0.0124
DQN,123,24,2160,128190.00,0.9406,0.936250,0.0125
DQN,123,25,2250,182490.00,0.9381,0.878518,0.0125
DQN,123,26,2340,121382.50,0.9356,0.788227,0.0126
DQN,123,27,2430,99085.00,0.9332,0.776703,0.0126
DQN,123,28,2520,129340.00,0.9307,1.118597,0.0127
DQN,123,29,2610,194260.00,0.9282,1.012547,0.0126
DQN,123,30,2700,85782.50,0.9257,0.869003,0.0127
DQN,123,31,2790,144030.00,0.9233,0.836556,0.0149
DQN,123,32,2880,162030.00,0.9208,0.816067,0.0121
DQN,123,33,2970,202490.00,0.9183,0.821976,0.0118
DQN,123,34,3060,132730.00,0.9159,1.175476,0.0123
DQN,123,35,3150,197712.50,0.9134,0.920918,0.0122
DQN,123,36,3240,156912.50,0.9109,0.874048,0.0121
DQN,123,37,3330,110062.50,0.9084,0.823908,0.0121
DQN,123,38,3420,123415.00,0.9060,0.849410,0.0122
DQN,123,39,3510,118772.50,0.9035,0.988225,0.0148
DQN,123,40,3600,159007.50,0.9010,0.954814,0.0137
DQN,123,41,3690,130395.00,0.8985,0.858536,0.0121
DQN,123,42,3780,89380.00,0.8961,0.839262,0.0124
DQN,123,43,3870,148690.00,0.8936,0.819992,0.0148
DQN,123,44,3960,135587.50,0.8911,0.816025,0.0122
DQN,123,45,4050,169732.50,0.8886,1.015693,0.0122
DQN,123,46,4140,97057.50,0.8861,0.820515,0.0123
DQN,123,47,4230,153812.50,0.8837,0.778062,0.0126
DQN,123,48,4320,84400.00,0.8812,0.768007,0.0124
DQN,123,49,4410,160442.50,0.8787,0.748354,0.0124
DQN,123,50,4500,114210.00,0.8762,0.757482,0.0124
DQN,123,51,4590,123527.50,0.8738,0.779555,0.0128
DQN,123,52,4680,186037.50,0.8713,0.662397,0.0144
DQN,123,53,4770,199910.00,0.8688,0.653801,0.0139
DQN,123,54,4860,204430.00,0.8663,0.639931,0.0138
DQN,123,55,4950,117747.50,0.8639,0.627434,0.0128
DQN,123,56,5040,127375.00,0.8614,0.704799,0.0124
DQN,123,57,5130,149565.00,0.8589,0.606801,0.0127
DQN,123,58,5220,151307.50,0.8565,0.595884,0.0127
DQN,123,59,5310,170852.50,0.8540,0.585827,0.0130
DQN,123,60,5400,161267.50,0.8515,0.587327,0.0130
DQN,123,61,5490,176012.50,0.8490,0.582607,0.0139
DQN,123,62,5580,211390.00,0.8466,0.600766,0.0144
DQN,123,63,5670,139342.50,0.8441,0.554856,0.0151
DQN,123,64,5760,145597.50,0.8416,0.551973,0.0140
DQN,123,65,5850,183437.50,0.8391,0.558605,0.0143
DQN,123,66,5940,173200.00,0.8367,0.540351,0.0139
DQN,123,67,6030,185227.50,0.8342,0.564990,0.0129
DQN,123,68,6120,172120.00,0.8317,0.570371,0.0148
DQN,123,69,6210,144442.50,0.8292,0.544262,0.0147
DQN,123,70,6300,163530.00,0.8267,0.558506,0.0138
DQN,123,71,6390,186945.00,0.8243,0.559841,0.0141
DQN,123,72,6480,206710.00,0.8218,0.549796,0.0143
DQN,123,73,6570,192280.00,0.8193,0.572337,0.0146
DQN,123,74,6660,190247.50,0.8168,0.548201,0.0130
DQN,123,75,6750,193770.00,0.8144,0.553276,0.0135
DQN,123,76,6840,150522.50,0.8119,0.550916,0.0141
DQN,123,77,6930,182085.00,0.8094,0.555642,0.0138
DQN,123,78,7020,202912.50,0.8070,0.548555,0.0143
DQN,123,79,7110,174915.00,0.8045,0.571158,0.0127
DQN,123,80,7200,131420.00,0.8020,0.535825,0.0130
DQN,123,81,7290,156567.50,0.7995,0.546057,0.0141
DQN,123,82,7380,155550.00,0.7971,0.561866,0.0149
DQN,123,83,7470,208220.00,0.7946,0.559210,0.0134
DQN,123,84,7560,197930.00,0.7921,0.551764,0.0148
DQN,123,85,7650,195545.00,0.7896,0.532921,0.0125
DQN,123,86,7740,171045.00,0.7872,0.541037,0.0123
DQN,123,87,7830,149535.00,0.7847,0.545590,0.0142
DQN,123,88,7920,165740.00,0.7822,0.552495,0.0141
DQN,123,89,8010,221532.50,0.7797,0.539403,0.0145
DQN,123,90,8100,168497.50,0.7772,0.548850,0.0130
DQN,123,91,8190,151042.50,0.7748,0.551342,0.0127
DQN,123,92,8280,170085.00,0.7723,0.549440,0.0135
DQN,123,93,8370,183432.50,0.7698,0.562474,0.0138
DQN,123,94,8460,193830.00,0.7673,0.543331,0.0145
DQN,123,95,8550,176225.00,0.7649,0.579428,0.0152
DQN,123,96,8640,186250.00,0.7624,0.548442,0.0140
DQN,123,97,8730,185365.00,0.7599,0.543153,0.0121
DQN,123,98,8820,188757.50,0.7574,0.547070,0.0130
DQN,123,99,8910,114122.50,0.7550,0.539912,0.0135
DQN,123,100,9000,215937.50,0.7525,0.540300,0.0135
DQN,123,101,9090,200342.50,0.7500,0.580686,0.0136
DQN,123,102,9180,164377.50,0.7475,0.553268,0.0130
DQN,123,103,9270,188612.50,0.7451,0.541968,0.0134
DQN,123,104,9360,177710.00,0.7426,0.531672,0.0138
DQN,123,105,9450,181105.00,0.7401,0.545176,0.0144
DQN,123,106,9540,163422.50,0.7376,0.570258,0.0144
DQN,123,107,9630,181027.50,0.7352,0.536262,0.0139
DQN,123,108,9720,154260.00,0.7327,0.550895,0.0133
DQN,123,109,9810,184067.50,0.7302,0.537103,0.0124
DQN,123,110,9900,181265.00,0.7278,0.525128,0.0147
DQN,123,111,9990,175332.50,0.7253,0.525865,0.0133
DQN,123,112,10080,221277.50,0.7228,0.544625,0.0136
DQN,123,113,10170,180645.00,0.7203,0.528772,0.0142
DQN,123,114,10260,193502.50,0.7179,0.531361,0.0126
DQN,123,115,10350,220235.00,0.7154,0.526123,0.0137
DQN,123,116,10440,206000.00,0.7129,0.505642,0.0132
DQN,123,117,10530,185817.50,0.7104,0.524424,0.0145
DQN,123,118,10620,159410.00,0.7080,0.526327,0.0172
DQN,123,119,10710,213760.00,0.7055,0.533065,0.0167
DQN,123,120,10800,208695.00,0.7030,0.533666,0.0142
DQN,123,121,10890,217752.50,0.7005,0.493861,0.0149
DQN,123,122,10980,213727.50,0.6981,0.524019,0.0132
DQN,123,123,11070,155412.50,0.6956,0.523025,0.0125
DQN,123,124,11160,193920.00,0.6931,0.521195,0.0130
DQN,123,125,11250,163907.50,0.6906,0.517494,0.0151
DQN,123,126,11340,210650.00,0.6882,0.510257,0.0142
DQN,123,127,11430,176045.00,0.6857,0.507264,0.0140
DQN,123,128,11520,154747.50,0.6832,0.522028,0.0125
DQN,123,129,11610,179175.00,0.6807,0.520884,0.0138
DQN,123,130,11700,195860.00,0.6783,0.517622,0.0134
DQN,123,131,11790,193057.50,0.6758,0.524240,0.0145
DQN,123,132,11880,144855.00,0.6733,0.520211,0.0129
DQN,123,133,11970,133250.00,0.6708,0.531223,0.0137
DQN,123,134,12060,175720.00,0.6683,0.510721,0.0132
DQN,123,135,12150,190467.50,0.6659,0.515215,0.0146
DQN,123,136,12240,232762.50,0.6634,0.552766,0.0147
DQN,123,137,12330,217875.00,0.6609,0.527398,0.0128
DQN,123,138,12420,198420.00,0.6584,0.517857,0.0142
DQN,123,139,12510,203707.50,0.6560,0.527256,0.0142
DQN,123,140,12600,199940.00,0.6535,0.508203,0.0123
DQN,123,141,12690,164107.50,0.6510,0.522854,0.0132
DQN,123,142,12780,208202.50,0.6485,0.511472,0.0133
DQN,123,143,12870,178062.50,0.6461,0.502622,0.0163
DQN,123,144,12960,221607.50,0.6436,0.513727,0.0141
DQN,123,145,13050,219632.50,0.6411,0.528310,0.0146
DQN,123,146,13140,201165.00,0.6386,0.507493,0.0122
DQN,123,147,13230,195960.00,0.6362,0.516478,0.0129
DQN,123,148,13320,185407.50,0.6337,0.521886,0.0141
DQN,123,149,13410,192667.50,0.6312,0.495533,0.0153
DQN,123,150,13500,204772.50,0.6288,0.521012,0.0129
DQN,123,151,13590,198945.00,0.6263,0.515745,0.0143
DQN,123,152,13680,222085.00,0.6238,0.511193,0.0350
DQN,123,153,13770,219515.00,0.6213,0.534131,0.0209
DQN,123,154,13860,206965.00,0.6189,0.510908,0.0137
DQN,123,155,13950,209057.50,0.6164,0.505419,0.0124
DQN,123,156,14040,228702.50,0.6139,0.511484,0.0122
DQN,123,157,14130,194372.50,0.6114,0.503543,0.0146
DQN,123,158,14220,177460.00,0.6089,0.498593,0.0150
DQN,123,159,14310,200660.00,0.6065,0.499151,0.0147
DQN,123,160,14400,235382.50,0.6040,0.506137,0.0140
DQN,123,161,14490,212005.00,0.6015,0.500843,0.0133
DQN,123,162,14580,224567.50,0.5990,0.503346,0.0150
DQN,123,163,14670,211975.00,0.5966,0.477496,0.0127
DQN,123,164,14760,220162.50,0.5941,0.499585,0.0148
DQN,123,165,14850,220382.50,0.5916,0.500994,0.0162
DQN,123,166,14940,221612.50,0.5892,0.494447,0.0146
DQN,123,167,15030,204495.00,0.5867,0.493688,0.0156
DQN,123,168,15120,215075.00,0.5842,0.494177,0.0137
DQN,123,169,15210,205875.00,0.5817,0.493472,0.0137
DQN,123,170,15300,203865.00,0.5793,0.491078,0.0136
DQN,123,171,15390,185600.00,0.5768,0.492656,0.0135
DQN,123,172,15480,212642.50,0.5743,0.502119,0.0156
DQN,123,173,15570,173370.00,0.5718,0.489443,0.0136
DQN,123,174,15660,205552.50,0.5694,0.493269,0.0136
DQN,123,175,15750,211262.50,0.5669,0.502193,0.0149
DQN,123,176,15840,199672.50,0.5644,0.480210,0.0137
DQN,123,177,15930,218485.00,0.5619,0.481002,0.0132
DQN,123,178,16020,231407.50,0.5595,0.484961,0.0133
DQN,123,179,16110,211010.00,0.5570,0.490754,0.0143
DQN,123,180,16200,233072.50,0.5545,0.481777,0.0142
DQN,123,181,16290,226907.50,0.5520,0.489069,0.0136
DQN,123,182,16380,225007.50,0.5495,0.481701,0.0137
DQN,123,183,16470,209922.50,0.5471,0.480595,0.0123
DQN,123,184,16560,186095.00,0.5446,0.495113,0.0137
DQN,123,185,16650,210617.50,0.5421,0.493327,0.0139
DQN,123,186,16740,218880.00,0.5396,0.480237,0.0135
DQN,123,187,16830,211207.50,0.5372,0.479286,0.0134
DQN,123,188,16920,221512.50,0.5347,0.485113,0.0123
DQN,123,189,17010,229287.50,0.5322,0.472169,0.0148
DQN,123,190,17100,221560.00,0.5297,0.485184,0.0145
DQN,123,191,17190,206077.50,0.5273,0.492653,0.0132
DQN,123,192,17280,225585.00,0.5248,0.475705,0.0143
DQN,123,193,17370,242655.00,0.5223,0.496003,0.0144
DQN,123,194,17460,195535.00,0.5199,0.479758,0.0135
DQN,123,195,17550,191000.00,0.5174,0.485722,0.0136
DQN,123,196,17640,225632.50,0.5149,0.478868,0.0138
DQN,123,197,17730,222105.00,0.5124,0.473358,0.0139
DQN,123,198,17820,233752.50,0.5100,0.471075,0.0144
DQN,123,199,17910,221800.00,0.5075,0.470653,0.0138
DQN,123,200,18000,209827.50,0.5050,0.480554,0.0150
DQN,123,201,18090,226792.50,0.5025,0.472245,0.0147
DQN,123,202,18180,243307.50,0.5000,0.478012,0.0133
DQN,123,203,18270,228347.50,0.4976,0.470788,0.0148
DQN,123,204,18360,229650.00,0.4951,0.474427,0.0142
DQN,123,205,18450,209732.50,0.4926,0.487568,0.0196
DQN,123,206,18540,211835.00,0.4901,0.472903,0.0168
DQN,123,207,18630,229725.00,0.4877,0.474923,0.0133
DQN,123,208,18720,231915.00,0.4852,0.475633,0.0146
DQN,123,209,18810,197742.50,0.4827,0.441824,0.0153
DQN,123,210,18900,208427.50,0.4802,0.470846,0.0157
DQN,123,211,18990,231972.50,0.4778,0.466877,0.0139
DQN,123,212,19080,217147.50,0.4753,0.454878,0.0127
DQN,123,213,19170,238750.00,0.4728,0.456967,0.0134
DQN,123,214,19260,244640.00,0.4703,0.457796,0.0145
DQN,123,215,19350,238720.00,0.4679,0.439145,0.0147
DQN,123,216,19440,239070.00,0.4654,0.459717,0.0145
DQN,123,217,19530,229905.00,0.4629,0.459043,0.0146
DQN,123,218,19620,211737.50,0.4604,0.430022,0.0158
DQN,123,219,19710,223125.00,0.4580,0.443157,0.0134
DQN,123,220,19800,232272.50,0.4555,0.434404,0.0127
DQN,123,221,19890,248020.00,0.4530,0.448870,0.0143
DQN,123,222,19980,226295.00,0.4506,0.437339,0.0141
DQN,123,223,20070,214580.00,0.4481,0.435055,0.0136
DQN,123,224,20160,228845.00,0.4456,0.430084,0.0137
DQN,123,225,20250,226467.50,0.4431,0.421276,0.0137
DQN,123,226,20340,201440.00,0.4407,0.413580,0.0130
DQN,123,227,20430,216792.50,0.4382,0.411691,0.0140
DQN,123,228,20520,222347.50,0.4357,0.434681,0.0141
DQN,123,229,20610,227505.00,0.4332,0.433125,0.0155
DQN,123,230,20700,225462.50,0.4308,0.437444,0.0132
DQN,123,231,20790,210285.00,0.4283,0.440284,0.0145
DQN,123,232,20880,211625.00,0.4258,0.437378,0.0126
DQN,123,233,20970,243022.50,0.4233,0.427237,0.0143
DQN,123,234,21060,226987.50,0.4209,0.432262,0.0140
DQN,123,235,21150,222812.50,0.4184,0.435682,0.0138
DQN,123,236,21240,211862.50,0.4159,0.433652,0.0154
DQN,123,237,21330,209835.00,0.4134,0.426381,0.0133
DQN,123,238,21420,228320.00,0.4110,0.423047,0.0125
DQN,123,239,21510,224637.50,0.4085,0.423370,0.0129
DQN,123,240,21600,217297.50,0.4060,0.442843,0.0146
DQN,123,241,21690,193357.50,0.4035,0.434508,0.0139
DQN,123,242,21780,233262.50,0.4011,0.419514,0.0155
DQN,123,243,21870,210765.00,0.3986,0.422612,0.0139
DQN,123,244,21960,232652.50,0.3961,0.417675,0.0150
DQN,123,245,22050,214840.00,0.3936,0.424982,0.0150
DQN,123,246,22140,228922.50,0.3911,0.420782,0.0131
DQN,123,247,22230,239047.50,0.3887,0.410115,0.0146
DQN,123,248,22320,205232.50,0.3862,0.413523,0.0151
DQN,123,249,22410,222390.00,0.3837,0.415421,0.0152
DQN,123,250,22500,207580.00,0.3812,0.417631,0.0143
DQN,123,251,22590,209337.50,0.3788,0.407637,0.0170
DQN,123,252,22680,204735.00,0.3763,0.391547,0.0168
DQN,123,253,22770,236617.50,0.3738,0.411451,0.0148
DQN,123,254,22860,223640.00,0.3713,0.402670,0.0161
DQN,123,255,22950,235622.50,0.3689,0.389398,0.0141
DQN,123,256,23040,196867.50,0.3664,0.404478,0.0143
DQN,123,257,23130,217610.00,0.3639,0.395632,0.0158
DQN,123,258,23220,222267.50,0.3614,0.403203,0.0138
DQN,123,259,23310,221470.00,0.3590,0.398658,0.0141
DQN,123,260,23400,237495.00,0.3565,0.388623,0.0238
DQN,123,261,23490,217000.00,0.3540,0.391812,0.0141
DQN,123,262,23580,226922.50,0.3516,0.392839,0.0138
DQN,123,263,23670,234597.50,0.3491,0.401521,0.0145
DQN,123,264,23760,207702.50,0.3466,0.395885,0.0137
DQN,123,265,23850,235982.50,0.3441,0.387989,0.0141
DQN,123,266,23940,229880.00,0.3417,0.408403,0.0154
DQN,123,267,24030,236157.50,0.3392,0.399815,0.0144
DQN,123,268,24120,237170.00,0.3367,0.393463,0.0139
DQN,123,269,24210,221852.50,0.3342,0.387431,0.0127
DQN,123,270,24300,241347.50,0.3317,0.386997,0.0145
DQN,123,271,24390,205095.00,0.3293,0.377699,0.0160
DQN,123,272,24480,213862.50,0.3268,0.400793,0.0156
DQN,123,273,24570,219130.00,0.3243,0.381691,0.0150
DQN,123,274,24660,213755.00,0.3218,0.389121,0.0140
DQN,123,275,24750,226182.50,0.3194,0.374649,0.0145
DQN,123,276,24840,221892.50,0.3169,0.372516,0.0154
DQN,123,277,24930,209867.50,0.3144,0.371099,0.0164
DQN,123,278,25020,216665.00,0.3120,0.374129,0.0160
DQN,123,279,25110,234072.50,0.3095,0.376982,0.0136
DQN,123,280,25200,228952.50,0.3070,0.371469,0.0134
DQN,123,281,25290,226940.00,0.3045,0.367988,0.0147
DQN,123,282,25380,227900.00,0.3021,0.375760,0.0156
DQN,123,283,25470,225155.00,0.2996,0.354392,0.0151
DQN,123,284,25560,234362.50,0.2971,0.361245,0.0144
DQN,123,285,25650,226915.00,0.2946,0.360010,0.0153
DQN,123,286,25740,219757.50,0.2922,0.355143,0.0135
DQN,123,287,25830,216397.50,0.2897,0.365194,0.0132
DQN,123,288,25920,207137.50,0.2872,0.359482,0.0139
DQN,123,289,26010,217180.00,0.2847,0.351960,0.0155
DQN,123,290,26100,231932.50,0.2823,0.355383,0.0137
DQN,123,291,26190,242670.00,0.2798,0.347488,0.0146
DQN,123,292,26280,228930.00,0.2773,0.340859,0.0151
DQN,123,293,26370,216915.00,0.2748,0.358772,0.0139
DQN,123,294,26460,228470.00,0.2723,0.343141,0.0142
DQN,123,295,26550,207612.50,0.2699,0.370166,0.0135
DQN,123,296,26640,220950.00,0.2674,0.352681,0.0148
DQN,123,297,26730,218775.00,0.2649,0.362117,0.0150
DQN,123,298,26820,232375.00,0.2624,0.349378,0.0139
DQN,123,299,26910,226052.50,0.2600,0.341802,0.0136
DQN,123,300,27000,224195.00,0.2575,0.371973,0.0152
DQN,123,301,27090,231822.50,0.2550,0.342034,0.0154
DQN,123,302,27180,244130.00,0.2526,0.336356,0.0143
DQN,123,303,27270,241182.50,0.2501,0.345498,0.0132
DQN,123,304,27360,231437.50,0.2476,0.329706,0.0136
DQN,123,305,27450,230155.00,0.2451,0.329465,0.0151
DQN,123,306,27540,233772.50,0.2427,0.348638,0.0232
DQN,123,307,27630,244872.50,0.2402,0.348132,0.0137
DQN,123,308,27720,235785.00,0.2377,0.341775,0.0135
DQN,123,309,27810,225232.50,0.2352,0.350131,0.0134
DQN,123,310,27900,229292.50,0.2328,0.347936,0.0157
DQN,123,311,27990,237342.50,0.2303,0.357075,0.0129
DQN,123,312,28080,227115.00,0.2278,0.322081,0.0130
DQN,123,313,28170,245070.00,0.2253,0.346233,0.0131
DQN,123,314,28260,239650.00,0.2228,0.322209,0.0132
DQN,123,315,28350,228935.00,0.2204,0.330440,0.0135
DQN,123,316,28440,217780.00,0.2179,0.324890,0.0160
DQN,123,317,28530,236265.00,0.2154,0.329722,0.0155
DQN,123,318,28620,222440.00,0.2129,0.314880,0.0155
DQN,123,319,28710,237555.00,0.2105,0.323732,0.0149
DQN,123,320,28800,233362.50,0.2080,0.332341,0.0133
DQN,123,321,28890,226127.50,0.2055,0.309263,0.0140
DQN,123,322,28980,242325.00,0.2030,0.321486,0.0141
DQN,123,323,29070,219230.00,0.2006,0.311234,0.0154
DQN,123,324,29160,243330.00,0.1981,0.292639,0.0137
DQN,123,325,29250,234610.00,0.1956,0.299754,0.0164
DQN,123,326,29340,247210.00,0.1932,0.297557,0.0155
DQN,123,327,29430,233267.50,0.1907,0.291045,0.0136
DQN,123,328,29520,227505.00,0.1882,0.297521,0.0128
DQN,123,329,29610,232455.00,0.1857,0.317101,0.0135
DQN,123,330,29700,238192.50,0.1833,0.302437,0.0153
DQN,123,331,29790,223505.00,0.1808,0.305199,0.0140
DQN,123,332,29880,232297.50,0.1783,0.298687,0.0139
DQN,123,333,29970,230322.50,0.1758,0.306401,0.0158
DQN,123,334,30060,232672.50,0.1734,0.302652,0.0148
DQN,123,335,30150,236585.00,0.1709,0.299297,0.0151
DQN,123,336,30240,238975.00,0.1684,0.305045,0.0127
DQN,123,337,30330,242867.50,0.1659,0.292553,0.0143
DQN,123,338,30420,235327.50,0.1634,0.295327,0.0152
DQN,123,339,30510,228755.00,0.1610,0.298079,0.0156
DQN,123,340,30600,238510.00,0.1585,0.308507,0.0152
DQN,123,341,30690,229425.00,0.1560,0.308338,0.0159
DQN,123,342,30780,247220.00,0.1536,0.305054,0.0151
DQN,123,343,30870,245780.00,0.1511,0.306038,0.0140
DQN,123,344,30960,228787.50,0.1486,0.330365,0.0128
DQN,123,345,31050,231307.50,0.1461,0.304585,0.0133
DQN,123,346,31140,230302.50,0.1437,0.302776,0.0136
DQN,123,347,31230,243050.00,0.1412,0.319260,0.0160
DQN,123,348,31320,226122.50,0.1387,0.293637,0.0147
DQN,123,349,31410,224345.00,0.1362,0.298466,0.0136
DQN,123,350,31500,226255.00,0.1338,0.295529,0.0139
DQN,123,351,31590,242357.50,0.1313,0.288539,0.0152
DQN,123,352,31680,232192.50,0.1288,0.298347,0.0151
DQN,123,353,31770,235707.50,0.1263,0.302746,0.0140
DQN,123,354,31860,235975.00,0.1239,0.281798,0.0146
DQN,123,355,31950,239167.50,0.1214,0.288204,0.0137
DQN,123,356,32040,215950.00,0.1189,0.294522,0.0165
DQN,123,357,32130,239042.50,0.1164,0.293394,0.0141
DQN,123,358,32220,226472.50,0.1139,0.286877,0.0140
DQN,123,359,32310,233672.50,0.1115,0.287900,0.0135
DQN,123,360,32400,231440.00,0.1090,0.296946,0.0130
DQN,123,361,32490,238827.50,0.1065,0.285926,0.0136
DQN,123,362,32580,235977.50,0.1040,0.283684,0.0138
DQN,123,363,32670,235247.50,0.1016,0.293431,0.0152
DQN,123,364,32760,225465.00,0.0991,0.289614,0.0151
DQN,123,365,32850,229045.00,0.0966,0.282232,0.0190
DQN,123,366,32940,234922.50,0.0941,0.280870,0.0165
DQN,123,367,33030,233515.00,0.0917,0.280501,0.0156
DQN,123,368,33120,235847.50,0.0892,0.272784,0.0150
DQN,123,369,33210,229020.00,0.0867,0.278266,0.0149
DQN,123,370,33300,240415.00,0.0842,0.274880,0.0147
DQN,123,371,33390,243667.50,0.0818,0.268897,0.0130
DQN,123,372,33480,236292.50,0.0793,0.262868,0.0137
DQN,123,373,33570,242187.50,0.0768,0.277088,0.0153
DQN,123,374,33660,233575.00,0.0743,0.270476,0.0153
DQN,123,375,33750,216205.00,0.0719,0.276232,0.0149
DQN,123,376,33840,235682.50,0.0694,0.270382,0.0139
DQN,123,377,33930,225612.50,0.0669,0.276326,0.0142
DQN,123,378,34020,239240.00,0.0645,0.279406,0.0170
DQN,123,379,34110,234202.50,0.0620,0.267566,0.0136
DQN,123,380,34200,228600.00,0.0595,0.268802,0.0131
DQN,123,381,34290,239480.00,0.0570,0.275077,0.0149
DQN,123,382,34380,242895.00,0.0546,0.256407,0.0151
DQN,123,383,34470,234397.50,0.0521,0.266515,0.0164
DQN,123,384,34560,238440.00,0.0496,0.280445,0.0152
DQN,123,385,34650,235855.00,0.0471,0.270797,0.0144
DQN,123,386,34740,225042.50,0.0447,0.270830,0.0139
DQN,123,387,34830,235950.00,0.0422,0.272546,0.0139
DQN,123,388,34920,226907.50,0.0397,0.272112,0.0231
DQN,123,389,35010,232757.50,0.0372,0.263617,0.0141
DQN,123,390,35100,232752.50,0.0348,0.258287,0.0143
DQN,123,391,35190,244370.00,0.0323,0.252932,0.0132
DQN,123,392,35280,241992.50,0.0298,0.261297,0.0138
DQN,123,393,35370,238680.00,0.0273,0.258922,0.0148
DQN,123,394,35460,231757.50,0.0249,0.253937,0.0138
DQN,123,395,35550,230687.50,0.0224,0.262508,0.0140
DQN,123,396,35640,238030.00,0.0199,0.261712,0.0142
DQN,123,397,35730,245485.00,0.0174,0.252880,0.0136
DQN,123,398,35820,232270.00,0.0150,0.258112,0.0129
DQN,123,399,35910,235447.50,0.0125,0.252701,0.0142
DQN,123,400,36000,227397.50,0.0100,0.260270,0.0139
DQN,123,401,36090,247515.00,0.0100,0.228506,0.0161
DQN,123,402,36180,232412.50,0.0100,0.231526,0.0141
DQN,123,403,36270,240987.50,0.0100,0.219003,0.0146
DQN,123,404,36360,241270.00,0.0100,0.219785,0.0144
DQN,123,405,36450,244205.00,0.0100,0.228401,0.0142
DQN,123,406,36540,227842.50,0.0100,0.234078,0.0138
DQN,123,407,36630,242327.50,0.0100,0.236083,0.0138
DQN,123,408,36720,226555.00,0.0100,0.237836,0.0140
DQN,123,409,36810,238940.00,0.0100,0.245357,0.0137
DQN,123,410,36900,234455.00,0.0100,0.241969,0.0149
DQN,123,411,36990,230892.50,0.0100,0.231436,0.0132
DQN,123,412,37080,239052.50,0.0100,0.245140,0.0128
DQN,123,413,37170,246792.50,0.0100,0.229836,0.0138
DQN,123,414,37260,242935.00,0.0100,0.239937,0.0142
DQN,123,415,37350,227485.00,0.0100,0.235908,0.0140
DQN,123,416,37440,238227.50,0.0100,0.234480,0.0139
DQN,123,417,37530,232445.00,0.0100,0.234944,0.0143
DQN,123,418,37620,230462.50,0.0100,0.241809,0.0128
DQN,123,419,37710,221810.00,0.0100,0.247050,0.0134
DQN,123,420,37800,250132.50,0.0100,0.244396,0.0133
DQN,123,421,37890,245475.00,0.0100,0.238183,0.0132
DQN,123,422,37980,226205.00,0.0100,0.240310,0.0136
DQN,123,423,38070,238650.00,0.0100,0.246887,0.0158
DQN,123,424,38160,230560.00,0.0100,0.264346,0.0151
DQN,123,425,38250,231372.50,0.0100,0.251199,0.0138
DQN,123,426,38340,241117.50,0.0100,0.252774,0.0156
DQN,123,427,38430,235185.00,0.0100,0.248161,0.0154
DQN,123,428,38520,236875.00,0.0100,0.248075,0.0145
DQN,123,429,38610,229210.00,0.0100,0.255001,0.0161
DQN,123,430,38700,230340.00,0.0100,0.242111,0.0152
DQN,123,431,38790,237722.50,0.0100,0.246372,0.0144
DQN,123,432,38880,222357.50,0.0100,0.243104,0.0161
DQN,123,433,38970,240387.50,0.0100,0.232638,0.0138
DQN,123,434,39060,237885.00,0.0100,0.238485,0.0153
DQN,123,435,39150,228057.50,0.0100,0.245805,0.0132
DQN,123,436,39240,238902.50,0.0100,0.255812,0.0149
DQN,123,437,39330,235107.50,0.0100,0.228977,0.0156
DQN,123,438,39420,238340.00,0.0100,0.238002,0.0146
DQN,123,439,39510,236322.50,0.0100,0.240125,0.0143
DQN,123,440,39600,236197.50,0.0100,0.227841,0.0131
DQN,123,441,39690,234445.00,0.0100,0.235414,0.0142
DQN,123,442,39780,223370.00,0.0100,0.234879,0.0140
DQN,123,443,39870,237737.50,0.0100,0.235810,0.0134
DQN,123,444,39960,232620.00,0.0100,0.230874,0.0247
DQN,123,445,40050,225922.50,0.0100,0.230140,0.0138
DQN,123,446,40140,236805.00,0.0100,0.224574,0.0155
DQN,123,447,40230,234617.50,0.0100,0.227108,0.0139
DQN,123,448,40320,236600.00,0.0100,0.227984,0.0133
DQN,123,449,40410,237652.50,0.0100,0.232230,0.0138
DQN,123,450,40500,232222.50,0.0100,0.236109,0.0141
DQN,123,451,40590,239620.00,0.0100,0.230989,0.0164
DQN,123,452,40680,225000.00,0.0100,0.231289,0.0140
DQN,123,453,40770,233952.50,0.0100,0.230375,0.0152
DQN,123,454,40860,230925.00,0.0100,0.232251,0.0155
DQN,123,455,40950,239875.00,0.0100,0.238661,0.0136
DQN,123,456,41040,243577.50,0.0100,0.227374,0.0139
DQN,123,457,41130,228647.50,0.0100,0.232504,0.0149
DQN,123,458,41220,226042.50,0.0100,0.226627,0.0143
DQN,123,459,41310,235490.00,0.0100,0.230288,0.0145
DQN,123,460,41400,239077.50,0.0100,0.234677,0.0150
DQN,123,461,41490,233975.00,0.0100,0.229999,0.0139
DQN,123,462,41580,229442.50,0.0100,0.211670,0.0157
DQN,123,463,41670,231627.50,0.0100,0.211832,0.0131
DQN,123,464,41760,239972.50,0.0100,0.207368,0.0133
DQN,123,465,41850,234587.50,0.0100,0.207148,0.0151
DQN,123,466,41940,241235.00,0.0100,0.213278,0.0142
DQN,123,467,42030,238202.50,0.0100,0.212656,0.0144
DQN,123,468,42120,233857.50,0.0100,0.221746,0.0152
DQN,123,469,42210,231042.50,0.0100,0.221368,0.0137
DQN,123,470,42300,231502.50,0.0100,0.228729,0.0142
DQN,123,471,42390,235102.50,0.0100,0.224204,0.0146
DQN,123,472,42480,233267.50,0.0100,0.217026,0.0148
DQN,123,473,42570,222420.00,0.0100,0.211541,0.0144
DQN,123,474,42660,228190.00,0.0100,0.212400,0.0144
DQN,123,475,42750,236255.00,0.0100,0.207824,0.0154
DQN,123,476,42840,236922.50,0.0100,0.217224,0.0144
DQN,123,477,42930,241432.50,0.0100,0.216111,0.0138
DQN,123,478,43020,229350.00,0.0100,0.215749,0.0130
DQN,123,479,43110,222805.00,0.0100,0.235190,0.0129
DQN,123,480,43200,226910.00,0.0100,0.228687,0.0131
DQN,123,481,43290,227787.50,0.0100,0.230970,0.0129
DQN,123,482,43380,224622.50,0.0100,0.231780,0.0129
DQN,123,483,43470,246600.00,0.0100,0.226187,0.0136
DQN,123,484,43560,231087.50,0.0100,0.211854,0.0134
DQN,123,485,43650,233680.00,0.0100,0.219980,0.0136
DQN,123,486,43740,234790.00,0.0100,0.216018,0.0135
DQN,123,487,43830,234537.50,0.0100,0.209272,0.0135
DQN,123,488,43920,231805.00,0.0100,0.222548,0.0135
DQN,123,489,44010,235782.50,0.0100,0.211334,0.0137
DQN,123,490,44100,237437.50,0.0100,0.202398,0.0138
DQN,123,491,44190,228942.50,0.0100,0.198277,0.0160
DQN,123,492,44280,232467.50,0.0100,0.200119,0.0139
DQN,123,493,44370,233000.00,0.0100,0.203764,0.0138
DQN,123,494,44460,233655.00,0.0100,0.202797,0.0134
DQN,123,495,44550,234310.00,0.0100,0.209084,0.0131
DQN,123,496,44640,227132.50,0.0100,0.206069,0.0133
DQN,123,497,44730,237292.50,0.0100,0.214207,0.0135
DQN,123,498,44820,238127.50,0.0100,0.214999,0.0139
DQN,123,499,44910,232457.50,0.0100,0.208451,0.0136
DQN,123,500,45000,236260.00,0.0100,0.212756,0.0151
DQN,456,1,90,109257.50,0.9975,0.000000,0.0005
DQN,456,2,180,131665.00,0.9950,0.000000,0.0004
DQN,456,3,270,113892.50,0.9926,0.000000,0.0004
DQN,456,4,360,84235.00,0.9901,0.000000,0.0004
DQN,456,5,450,109430.00,0.9876,0.000000,0.0004
DQN,456,6,540,91870.00,0.9851,3.493753,0.0061
DQN,456,7,630,78872.50,0.9827,2.204470,0.0135
DQN,456,8,720,105830.00,0.9802,1.280669,0.0149
DQN,456,9,810,102612.50,0.9777,1.279541,0.0134
DQN,456,10,900,97242.50,0.9752,1.226480,0.0137
DQN,456,11,990,106592.50,0.9728,1.199895,0.0130
DQN,456,12,1080,87947.50,0.9703,2.439545,0.0138
DQN,456,13,1170,18537.50,0.9678,1.095215,0.0142
DQN,456,14,1260,151970.00,0.9654,1.084616,0.0141
DQN,456,15,1350,189560.00,0.9629,1.104549,0.0137
DQN,456,16,1440,150087.50,0.9604,1.052145,0.0146
DQN,456,17,1530,100390.00,0.9579,1.683532,0.0128
DQN,456,18,1620,98020.00,0.9555,1.106255,0.0131
DQN,456,19,1710,125970.00,0.9530,1.043062,0.0140
DQN,456,20,1800,138237.50,0.9505,1.024580,0.0153
DQN,456,21,1890,198237.50,0.9480,0.999745,0.0146
DQN,456,22,1980,120390.00,0.9456,1.019010,0.0154
DQN,456,23,2070,124210.00,0.9431,1.562724,0.0135
DQN,456,24,2160,87407.50,0.9406,1.008773,0.0126
DQN,456,25,2250,124272.50,0.9381,0.959465,0.0140
DQN,456,26,2340,160682.50,0.9356,0.932245,0.0144
DQN,456,27,2430,98947.50,0.9332,0.925645,0.0142
DQN,456,28,2520,151432.50,0.9307,1.273450,0.0143
DQN,456,29,2610,113885.00,0.9282,1.027354,0.0142
DQN,456,30,2700,134367.50,0.9257,0.940203,0.0128
DQN,456,31,2790,166550.00,0.9233,0.881446,0.0211
DQN,456,32,2880,162497.50,0.9208,0.867619,0.0134
DQN,456,33,2970,162800.00,0.9183,0.845024,0.0128
DQN,456,34,3060,185577.50,0.9159,1.273416,0.0134
DQN,456,35,3150,97722.50,0.9134,0.965237,0.0132
DQN,456,36,3240,155545.00,0.9109,0.916457,0.0137
DQN,456,37,3330,149570.00,0.9084,0.896552,0.0138
DQN,456,38,3420,131772.50,0.9060,0.841012,0.0124
DQN,456,39,3510,133742.50,0.9035,1.072196,0.0142
DQN,456,40,3600,150022.50,0.9010,1.118684,0.0140
DQN,456,41,3690,189455.00,0.8985,0.963350,0.0137
DQN,456,42,3780,128995.00,0.8961,0.920120,0.0129
DQN,456,43,3870,154455.00,0.8936,0.906828,0.0132
DQN,456,44,3960,108667.50,0.8911,0.886657,0.0136
DQN,456,45,4050,131737.50,0.8886,1.234852,0.0136
DQN,456,46,4140,161637.50,0.8861,1.026527,0.0125
DQN,456,47,4230,189430.00,0.8837,0.985741,0.0141
DQN,456,48,4320,71062.50,0.8812,0.944059,0.0123
DQN,456,49,4410,162765.00,0.8787,0.924688,0.0134
DQN,456,50,4500,137572.50,0.8762,0.917693,0.0136
DQN,456,51,4590,115297.50,0.8738,1.180585,0.0140
DQN,456,52,4680,137090.00,0.8713,0.969503,0.0128
DQN,456,53,4770,142420.00,0.8688,0.919597,0.0131
DQN,456,54,4860,165700.00,0.8663,0.919236,0.0134
DQN,456,55,4950,137880.00,0.8639,0.882705,0.0147
DQN,456,56,5040,151605.00,0.8614,1.147779,0.0143
DQN,456,57,5130,199377.50,0.8589,0.910656,0.0145
DQN,456,58,5220,192740.00,0.8565,0.906698,0.0132
DQN,456,59,5310,222817.50,0.8540,0.861001,0.0148
DQN,456,60,5400,190157.50,0.8515,0.870002,0.0121
DQN,456,61,5490,217597.50,0.8490,0.851540,0.0139
DQN,456,62,5580,206892.50,0.8466,0.894217,0.0130
DQN,456,63,5670,172270.00,0.8441,0.780333,0.0143
DQN,456,64,5760,164690.00,0.8416,0.739037,0.0140
DQN,456,65,5850,146885.00,0.8391,0.746164,0.0146
DQN,456,66,5940,163575.00,0.8367,0.740856,0.0126
DQN,456,67,6030,171607.50,0.8342,0.766405,0.0141
DQN,456,68,6120,201475.00,0.8317,0.679666,0.0147
DQN,456,69,6210,145640.00,0.8292,0.643895,0.0141
DQN,456,70,6300,210562.50,0.8267,0.612180,0.0130
DQN,456,71,6390,160615.00,0.8243,0.630991,0.0142
DQN,456,72,6480,201117.50,0.8218,0.633888,0.0123
DQN,456,73,6570,173722.50,0.8193,0.638854,0.0134
DQN,456,74,6660,86787.50,0.8168,0.608784,0.0143
DQN,456,75,6750,125202.50,0.8144,0.593959,0.0160
DQN,456,76,6840,194252.50,0.8119,0.592044,0.0135
DQN,456,77,6930,152585.00,0.8094,0.592647,0.0151
DQN,456,78,7020,197880.00,0.8070,0.616174,0.0137
DQN,456,79,7110,180812.50,0.8045,0.588653,0.0132
DQN,456,80,7200,170522.50,0.8020,0.582250,0.0142
DQN,456,81,7290,197387.50,0.7995,0.588515,0.0143
DQN,456,82,7380,191010.00,0.7971,0.563152,0.0149
DQN,456,83,7470,138145.00,0.7946,0.583754,0.0137
DQN,456,84,7560,124325.00,0.7921,0.595847,0.0134
DQN,456,85,7650,70490.00,0.7896,0.582412,0.0126
DQN,456,86,7740,197560.00,0.7872,0.579986,0.0136
DQN,456,87,7830,133407.50,0.7847,0.595296,0.0139
DQN,456,88,7920,156335.00,0.7822,0.566863,0.0157
DQN,456,89,8010,177580.00,0.7797,0.562766,0.0154
DQN,456,90,8100,141835.00,0.7772,0.568111,0.0134
DQN,456,91,8190,211682.50,0.7748,0.576890,0.0138
DQN,456,92,8280,190410.00,0.7723,0.588123,0.0121
DQN,456,93,8370,132002.50,0.7698,0.572489,0.0148
DQN,456,94,8460,173972.50,0.7673,0.553165,0.0138
DQN,456,95,8550,195292.50,0.7649,0.565947,0.0135
DQN,456,96,8640,135957.50,0.7624,0.549974,0.0136
DQN,456,97,8730,165982.50,0.7599,0.564849,0.0139
DQN,456,98,8820,148422.50,0.7574,0.556544,0.0125
DQN,456,99,8910,193655.00,0.7550,0.554844,0.0128
DQN,456,100,9000,176622.50,0.7525,0.555554,0.0155
DQN,456,101,9090,188217.50,0.7500,0.565940,0.0146
DQN,456,102,9180,180265.00,0.7475,0.568449,0.0135
DQN,456,103,9270,158855.00,0.7451,0.554833,0.0136
DQN,456,104,9360,201185.00,0.7426,0.558312,0.0131
DQN,456,105,9450,144972.50,0.7401,0.566637,0.0145
DQN,456,106,9540,198730.00,0.7376,0.538716,0.0140
DQN,456,107,9630,205545.00,0.7352,0.543935,0.0143
DQN,456,108,9720,222325.00,0.7327,0.534162,0.0161
DQN,456,109,9810,188590.00,0.7302,0.540810,0.0144
DQN,456,110,9900,210850.00,0.7278,0.538154,0.0135
DQN,456,111,9990,183110.00,0.7253,0.524646,0.0130
DQN,456,112,10080,192765.00,0.7228,0.545108,0.0148
DQN,456,113,10170,220250.00,0.7203,0.542628,0.0138
DQN,456,114,10260,169450.00,0.7179,0.518836,0.0137
DQN,456,115,10350,196100.00,0.7154,0.535755,0.0137
DQN,456,116,10440,149010.00,0.7129,0.544660,0.0151
DQN,456,117,10530,204775.00,0.7104,0.535108,0.0124
DQN,456,118,10620,208692.50,0.7080,0.530593,0.0145
DQN,456,119,10710,184102.50,0.7055,0.534203,0.0137
DQN,456,120,10800,199632.50,0.7030,0.536241,0.0146
DQN,456,121,10890,224490.00,0.7005,0.529271,0.0143
DQN,456,122,10980,208152.50,0.6981,0.539980,0.0151
DQN,456,123,11070,203145.00,0.6956,0.559971,0.0137
DQN,456,124,11160,173230.00,0.6931,0.540534,0.0126
DQN,456,125,11250,209645.00,0.6906,0.536716,0.0141
DQN,456,126,11340,198460.00,0.6882,0.532760,0.0146
DQN,456,127,11430,173957.50,0.6857,0.546913,0.0132
DQN,456,128,11520,184225.00,0.6832,0.537041,0.0135
DQN,456,129,11610,184342.50,0.6807,0.517224,0.0173
DQN,456,130,11700,177342.50,0.6783,0.510856,0.0151
DQN,456,131,11790,174845.00,0.6758,0.508356,0.0144
DQN,456,132,11880,178072.50,0.6733,0.495367,0.0129
DQN,456,133,11970,172917.50,0.6708,0.532943,0.0148
DQN,456,134,12060,208362.50,0.6683,0.540034,0.0146
DQN,456,135,12150,183195.00,0.6659,0.541710,0.0142
DQN,456,136,12240,221487.50,0.6634,0.523763,0.0149
DQN,456,137,12330,196805.00,0.6609,0.540648,0.0149
DQN,456,138,12420,210897.50,0.6584,0.515544,0.0142
DQN,456,139,12510,210262.50,0.6560,0.526590,0.0124
DQN,456,140,12600,175650.00,0.6535,0.526099,0.0142
DQN,456,141,12690,199970.00,0.6510,0.505362,0.0139
DQN,456,142,12780,212785.00,0.6485,0.515725,0.0152
DQN,456,143,12870,179880.00,0.6461,0.522809,0.0162
DQN,456,144,12960,166512.50,0.6436,0.517885,0.0158
DQN,456,145,13050,189195.00,0.6411,0.513438,0.0147
DQN,456,146,13140,191445.00,0.6386,0.521316,0.0141
DQN,456,147,13230,213412.50,0.6362,0.522479,0.0127
DQN,456,148,13320,190962.50,0.6337,0.515822,0.0136
DQN,456,149,13410,178902.50,0.6312,0.513064,0.0152
DQN,456,150,13500,204162.50,0.6288,0.510247,0.0129
DQN,456,151,13590,193010.00,0.6263,0.509398,0.0196
DQN,456,152,13680,203545.00,0.6238,0.521462,0.0157
DQN,456,153,13770,171667.50,0.6213,0.504782,0.0138
DQN,456,154,13860,163595.00,0.6189,0.491572,0.0154
DQN,456,155,13950,210262.50,0.6164,0.507330,0.0136
DQN,456,156,14040,196122.50,0.6139,0.495055,0.0156
DQN,456,157,14130,202395.00,0.6114,0.507907,0.0151
DQN,456,158,14220,215980.00,0.6089,0.507972,0.0132
DQN,456,159,14310,218642.50,0.6065,0.509165,0.0140
DQN,456,160,14400,199507.50,0.6040,0.519025,0.0147
DQN,456,161,14490,198747.50,0.6015,0.503586,0.0145
DQN,456,162,14580,218075.00,0.5990,0.508004,0.0153
DQN,456,163,14670,174390.00,0.5966,0.499054,0.0132
DQN,456,164,14760,173882.50,0.5941,0.503773,0.0130
DQN,456,165,14850,169092.50,0.5916,0.502255,0.0127
DQN,456,166,14940,216772.50,0.5892,0.503530,0.0129
DQN,456,167,15030,211152.50,0.5867,0.504959,0.0153
DQN,456,168,15120,214290.00,0.5842,0.492105,0.0152
DQN,456,169,15210,236365.00,0.5817,0.517504,0.0149
DQN,456,170,15300,221625.00,0.5793,0.517862,0.0137
DQN,456,171,15390,218947.50,0.5768,0.488015,0.0126
DQN,456,172,15480,202842.50,0.5743,0.500637,0.0135
DQN,456,173,15570,145110.00,0.5718,0.508234,0.0151
DQN,456,174,15660,159775.00,0.5694,0.501109,0.0160
DQN,456,175,15750,216695.00,0.5669,0.492590,0.0147
DQN,456,176,15840,203692.50,0.5644,0.496221,0.0131
DQN,456,177,15930,178997.50,0.5619,0.495252,0.0148
DQN,456,178,16020,226875.00,0.5595,0.501827,0.0134
DQN,456,179,16110,215012.50,0.5570,0.510983,0.0134
DQN,456,180,16200,224942.50,0.5545,0.495216,0.0153
DQN,456,181,16290,221720.00,0.5520,0.509565,0.0149
DQN,456,182,16380,242217.50,0.5495,0.482739,0.0139
DQN,456,183,16470,250965.00,0.5471,0.497438,0.0171
DQN,456,184,16560,205675.00,0.5446,0.495486,0.0140
DQN,456,185,16650,217430.00,0.5421,0.500890,0.0158
DQN,456,186,16740,204655.00,0.5396,0.502351,0.0157
DQN,456,187,16830,240460.00,0.5372,0.499327,0.0148
DQN,456,188,16920,244655.00,0.5347,0.484880,0.0140
DQN,456,189,17010,201437.50,0.5322,0.477179,0.0134
DQN,456,190,17100,202470.00,0.5297,0.486557,0.0152
DQN,456,191,17190,208907.50,0.5273,0.494538,0.0135
DQN,456,192,17280,242590.00,0.5248,0.491087,0.0131
DQN,456,193,17370,203072.50,0.5223,0.489164,0.0142
DQN,456,194,17460,229827.50,0.5199,0.498453,0.0146
DQN,456,195,17550,195662.50,0.5174,0.474133,0.0126
DQN,456,196,17640,211485.00,0.5149,0.467322,0.0154
DQN,456,197,17730,188737.50,0.5124,0.470719,0.0144
DQN,456,198,17820,218642.50,0.5100,0.476993,0.0136
DQN,456,199,17910,217257.50,0.5075,0.476099,0.0140
DQN,456,200,18000,200015.00,0.5050,0.468546,0.0157
DQN,456,201,18090,182657.50,0.5025,0.502872,0.0190
DQN,456,202,18180,220332.50,0.5000,0.497056,0.0143
DQN,456,203,18270,226235.00,0.4976,0.484758,0.0150
DQN,456,204,18360,196800.00,0.4951,0.497120,0.0142
DQN,456,205,18450,220627.50,0.4926,0.491235,0.0128
DQN,456,206,18540,220062.50,0.4901,0.486141,0.0158
DQN,456,207,18630,205900.00,0.4877,0.491960,0.0138
DQN,456,208,18720,220877.50,0.4852,0.493942,0.0134
DQN,456,209,18810,194200.00,0.4827,0.494403,0.0155
DQN,456,210,18900,212242.50,0.4802,0.487301,0.0146
DQN,456,211,18990,236442.50,0.4778,0.471752,0.0153
DQN,456,212,19080,206860.00,0.4753,0.487576,0.0154
DQN,456,213,19170,221852.50,0.4728,0.470143,0.0143
DQN,456,214,19260,205310.00,0.4703,0.466604,0.0145
DQN,456,215,19350,214157.50,0.4679,0.468998,0.0139
DQN,456,216,19440,204795.00,0.4654,0.459549,0.0148
DQN,456,217,19530,206792.50,0.4629,0.474611,0.0164
DQN,456,218,19620,230465.00,0.4604,0.469265,0.0157
DQN,456,219,19710,230095.00,0.4580,0.464929,0.0156
DQN,456,220,19800,211537.50,0.4555,0.471324,0.0135
DQN,456,221,19890,239685.00,0.4530,0.464530,0.0168
DQN,456,222,19980,198050.00,0.4506,0.475790,0.0140
DQN,456,223,20070,242887.50,0.4481,0.450383,0.0140
DQN,456,224,20160,193125.00,0.4456,0.454126,0.0130
DQN,456,225,20250,207537.50,0.4431,0.445718,0.0160
DQN,456,226,20340,224910.00,0.4407,0.441912,0.0140
DQN,456,227,20430,225395.00,0.4382,0.449840,0.0155
DQN,456,228,20520,224670.00,0.4357,0.443847,0.0146
DQN,456,229,20610,217655.00,0.4332,0.450230,0.0153
DQN,456,230,20700,222740.00,0.4308,0.452171,0.0158
DQN,456,231,20790,223905.00,0.4283,0.454588,0.0150
DQN,456,232,20880,219480.00,0.4258,0.451660,0.0142
DQN,456,233,20970,218875.00,0.4233,0.440738,0.0129
DQN,456,234,21060,207127.50,0.4209,0.439646,0.0158
DQN,456,235,21150,226327.50,0.4184,0.438023,0.0151
DQN,456,236,21240,230555.00,0.4159,0.426183,0.0150
DQN,456,237,21330,211912.50,0.4134,0.439798,0.0158
DQN,456,238,21420,220092.50,0.4110,0.447266,0.0135
DQN,456,239,21510,211417.50,0.4085,0.432098,0.0199
DQN,456,240,21600,225452.50,0.4060,0.433057,0.0169
DQN,456,241,21690,208552.50,0.4035,0.422152,0.0156
DQN,456,242,21780,204930.00,0.4011,0.413898,0.0153
DQN,456,243,21870,212680.00,0.3986,0.420321,0.0150
DQN,456,244,21960,213342.50,0.3961,0.424799,0.0143
DQN,456,245,22050,237007.50,0.3936,0.420491,0.0142
DQN,456,246,22140,233270.00,0.3911,0.438721,0.0130
DQN,456,247,22230,233315.00,0.3887,0.437673,0.0159
DQN,456,248,22320,224740.00,0.3862,0.416900,0.0144
DQN,456,249,22410,226847.50,0.3837,0.430562,0.0149
DQN,456,250,22500,227840.00,0.3812,0.420147,0.0152
DQN,456,251,22590,215950.00,0.3788,0.443441,0.0186
DQN,456,252,22680,218222.50,0.3763,0.421338,0.0156
DQN,456,253,22770,247300.00,0.3738,0.431494,0.0143
DQN,456,254,22860,237917.50,0.3713,0.415807,0.0163
DQN,456,255,22950,209800.00,0.3689,0.416604,0.0145
DQN,456,256,23040,204280.00,0.3664,0.433821,0.0174
DQN,456,257,23130,226435.00,0.3639,0.433258,0.0147
DQN,456,258,23220,231030.00,0.3614,0.421274,0.0147
DQN,456,259,23310,225540.00,0.3590,0.429938,0.0145
DQN,456,260,23400,228822.50,0.3565,0.429282,0.0135
DQN,456,261,23490,212375.00,0.3540,0.428089,0.0134
DQN,456,262,23580,243360.00,0.3516,0.426107,0.0149
DQN,456,263,23670,207577.50,0.3491,0.412250,0.0144
DQN,456,264,23760,231045.00,0.3466,0.407009,0.0154
DQN,456,265,23850,227332.50,0.3441,0.411699,0.0168
DQN,456,266,23940,230755.00,0.3417,0.404535,0.0137
DQN,456,267,24030,232377.50,0.3392,0.425104,0.0148
DQN,456,268,24120,231715.00,0.3367,0.431948,0.0133
DQN,456,269,24210,220757.50,0.3342,0.416554,0.0131
DQN,456,270,24300,219415.00,0.3317,0.398920,0.0149
DQN,456,271,24390,233130.00,0.3293,0.412300,0.0153
DQN,456,272,24480,226122.50,0.3268,0.419751,0.0155
DQN,456,273,24570,233127.50,0.3243,0.400163,0.0145
DQN,456,274,24660,229267.50,0.3218,0.420822,0.0157
DQN,456,275,24750,227322.50,0.3194,0.413703,0.0136
DQN,456,276,24840,216412.50,0.3169,0.403982,0.0135
DQN,456,277,24930,231145.00,0.3144,0.414325,0.0136
DQN,456,278,25020,232222.50,0.3120,0.402390,0.0151
DQN,456,279,25110,230992.50,0.3095,0.428728,0.0153
DQN,456,280,25200,235032.50,0.3070,0.418341,0.0142
DQN,456,281,25290,240137.50,0.3045,0.392274,0.0152
DQN,456,282,25380,231600.00,0.3021,0.402611,0.0143
DQN,456,283,25470,240775.00,0.2996,0.399687,0.0141
DQN,456,284,25560,225997.50,0.2971,0.388146,0.0140
DQN,456,285,25650,233132.50,0.2946,0.399556,0.0128
DQN,456,286,25740,222902.50,0.2922,0.402381,0.0141
DQN,456,287,25830,239747.50,0.2897,0.418458,0.0142
DQN,456,288,25920,221177.50,0.2872,0.399877,0.0159
DQN,456,289,26010,244935.00,0.2847,0.393067,0.0145
DQN,456,290,26100,229650.00,0.2823,0.414441,0.0134
DQN,456,291,26190,221735.00,0.2798,0.405563,0.0142
DQN,456,292,26280,214582.50,0.2773,0.401692,0.0128
DQN,456,293,26370,240890.00,0.2748,0.400189,0.0133
DQN,456,294,26460,209505.00,0.2723,0.388703,0.0213
DQN,456,295,26550,208670.00,0.2699,0.398860,0.0167
DQN,456,296,26640,241792.50,0.2674,0.382159,0.0135
DQN,456,297,26730,238220.00,0.2649,0.372304,0.0133
DQN,456,298,26820,232620.00,0.2624,0.368713,0.0158
DQN,456,299,26910,235502.50,0.2600,0.387681,0.0129
DQN,456,300,27000,235125.00,0.2575,0.375477,0.0133
DQN,456,301,27090,240492.50,0.2550,0.382935,0.0138
DQN,456,302,27180,237807.50,0.2526,0.386713,0.0147
DQN,456,303,27270,228890.00,0.2501,0.373086,0.0145
DQN,456,304,27360,221905.00,0.2476,0.365575,0.0152
DQN,456,305,27450,210450.00,0.2451,0.385638,0.0159
DQN,456,306,27540,217005.00,0.2427,0.383495,0.0139
DQN,456,307,27630,228452.50,0.2402,0.352061,0.0139
DQN,456,308,27720,244230.00,0.2377,0.358106,0.0144
DQN,456,309,27810,236275.00,0.2352,0.354435,0.0131
DQN,456,310,27900,226455.00,0.2328,0.350219,0.0144
DQN,456,311,27990,256275.00,0.2303,0.357864,0.0148
DQN,456,312,28080,222877.50,0.2278,0.347655,0.0146
DQN,456,313,28170,238132.50,0.2253,0.356581,0.0138
DQN,456,314,28260,227480.00,0.2228,0.368648,0.0155
DQN,456,315,28350,233260.00,0.2204,0.352360,0.0140
DQN,456,316,28440,230385.00,0.2179,0.353458,0.0131
DQN,456,317,28530,231012.50,0.2154,0.352746,0.0135
DQN,456,318,28620,241305.00,0.2129,0.341087,0.0145
DQN,456,319,28710,232137.50,0.2105,0.335648,0.0153
DQN,456,320,28800,225362.50,0.2080,0.339885,0.0154
DQN,456,321,28890,245705.00,0.2055,0.335271,0.0139
DQN,456,322,28980,240505.00,0.2030,0.334647,0.0145
DQN,456,323,29070,234955.00,0.2006,0.359941,0.0139
DQN,456,324,29160,236187.50,0.1981,0.366689,0.0133
DQN,456,325,29250,243690.00,0.1956,0.357632,0.0152
DQN,456,326,29340,224120.00,0.1932,0.357426,0.0134
DQN,456,327,29430,221712.50,0.1907,0.335979,0.0135
DQN,456,328,29520,235075.00,0.1882,0.348871,0.0159
DQN,456,329,29610,230490.00,0.1857,0.360082,0.0139
DQN,456,330,29700,246642.50,0.1833,0.348043,0.0140
DQN,456,331,29790,243190.00,0.1808,0.350360,0.0128
DQN,456,332,29880,235432.50,0.1783,0.360436,0.0159
DQN,456,333,29970,221415.00,0.1758,0.351252,0.0138
DQN,456,334,30060,232655.00,0.1734,0.356206,0.0132
DQN,456,335,30150,229555.00,0.1709,0.345272,0.0160
DQN,456,336,30240,223490.00,0.1684,0.351758,0.0155
DQN,456,337,30330,245520.00,0.1659,0.344428,0.0142
DQN,456,338,30420,237372.50,0.1634,0.346426,0.0150
DQN,456,339,30510,234145.00,0.1610,0.338721,0.0138
DQN,456,340,30600,240487.50,0.1585,0.311234,0.0137
DQN,456,341,30690,243145.00,0.1560,0.316287,0.0149
DQN,456,342,30780,226195.00,0.1536,0.316210,0.0142
DQN,456,343,30870,244187.50,0.1511,0.322082,0.0151
DQN,456,344,30960,223142.50,0.1486,0.316978,0.0131
DQN,456,345,31050,232937.50,0.1461,0.323581,0.0143
DQN,456,346,31140,235487.50,0.1437,0.332141,0.0141
DQN,456,347,31230,242760.00,0.1412,0.351480,0.0134
DQN,456,348,31320,221402.50,0.1387,0.326505,0.0143
DQN,456,349,31410,247057.50,0.1362,0.331898,0.0148
DQN,456,350,31500,241040.00,0.1338,0.332497,0.0145
DQN,456,351,31590,231220.00,0.1313,0.316528,0.0159
DQN,456,352,31680,243715.00,0.1288,0.331281,0.0144
DQN,456,353,31770,235672.50,0.1263,0.328297,0.0152
DQN,456,354,31860,228050.00,0.1239,0.339355,0.0147
DQN,456,355,31950,231370.00,0.1214,0.330114,0.0128
DQN,456,356,32040,235580.00,0.1189,0.320616,0.0148
DQN,456,357,32130,246687.50,0.1164,0.327642,0.0151
DQN,456,358,32220,221757.50,0.1139,0.322398,0.0148
DQN,456,359,32310,222250.00,0.1115,0.316389,0.0146
DQN,456,360,32400,238542.50,0.1090,0.318778,0.0138
DQN,456,361,32490,230797.50,0.1065,0.313715,0.0136
DQN,456,362,32580,227425.00,0.1040,0.335755,0.0129
DQN,456,363,32670,236152.50,0.1016,0.330569,0.0153
DQN,456,364,32760,219377.50,0.0991,0.329269,0.0157
DQN,456,365,32850,239292.50,0.0966,0.317001,0.0137
DQN,456,366,32940,235002.50,0.0941,0.311945,0.0146
DQN,456,367,33030,250182.50,0.0917,0.320976,0.0141
DQN,456,368,33120,239340.00,0.0892,0.314162,0.0136
DQN,456,369,33210,238550.00,0.0867,0.319043,0.0143
DQN,456,370,33300,236540.00,0.0842,0.318392,0.0132
DQN,456,371,33390,239537.50,0.0818,0.322819,0.0142
DQN,456,372,33480,241620.00,0.0793,0.317906,0.0149
DQN,456,373,33570,235460.00,0.0768,0.339243,0.0152
DQN,456,374,33660,223687.50,0.0743,0.327232,0.0140
DQN,456,375,33750,227467.50,0.0719,0.328806,0.0136
DQN,456,376,33840,226017.50,0.0694,0.313950,0.0151
DQN,456,377,33930,242110.00,0.0669,0.323059,0.0145
DQN,456,378,34020,238017.50,0.0645,0.311467,0.0132
DQN,456,379,34110,234217.50,0.0620,0.305955,0.0138
DQN,456,380,34200,223080.00,0.0595,0.304668,0.0143
DQN,456,381,34290,233070.00,0.0570,0.306942,0.0142
DQN,456,382,34380,226755.00,0.0546,0.310258,0.0153
DQN,456,383,34470,214952.50,0.0521,0.311046,0.0143
DQN,456,384,34560,227632.50,0.0496,0.316645,0.0139
DQN,456,385,34650,228527.50,0.0471,0.315898,0.0136
DQN,456,386,34740,222527.50,0.0447,0.316961,0.0146
DQN,456,387,34830,243970.00,0.0422,0.305831,0.0162
DQN,456,388,34920,242845.00,0.0397,0.301512,0.0142
DQN,456,389,35010,229457.50,0.0372,0.316229,0.0155
DQN,456,390,35100,213135.00,0.0348,0.298955,0.0134
DQN,456,391,35190,224915.00,0.0323,0.296605,0.0137
DQN,456,392,35280,229695.00,0.0298,0.290568,0.0130
DQN,456,393,35370,236262.50,0.0273,0.299517,0.0138
DQN,456,394,35460,237732.50,0.0249,0.303719,0.0144
DQN,456,395,35550,237665.00,0.0224,0.295428,0.0137
DQN,456,396,35640,237437.50,0.0199,0.281912,0.0141
DQN,456,397,35730,223267.50,0.0174,0.290145,0.0165
DQN,456,398,35820,234000.00,0.0150,0.291614,0.0135
DQN,456,399,35910,228025.00,0.0125,0.280693,0.0133
DQN,456,400,36000,244875.00,0.0100,0.284778,0.0143
DQN,456,401,36090,236295.00,0.0100,0.288870,0.0163
DQN,456,402,36180,237905.00,0.0100,0.289850,0.0159
DQN,456,403,36270,238232.50,0.0100,0.278122,0.0137
DQN,456,404,36360,221762.50,0.0100,0.286375,0.0145
DQN,456,405,36450,233750.00,0.0100,0.287592,0.0147
DQN,456,406,36540,245550.00,0.0100,0.278959,0.0157
DQN,456,407,36630,245050.00,0.0100,0.284654,0.0137
DQN,456,408,36720,238787.50,0.0100,0.291510,0.0135
DQN,456,409,36810,240175.00,0.0100,0.286117,0.0139
DQN,456,410,36900,236750.00,0.0100,0.279472,0.0142
DQN,456,411,36990,227610.00,0.0100,0.281746,0.0149
DQN,456,412,37080,221972.50,0.0100,0.304171,0.0144
DQN,456,413,37170,235857.50,0.0100,0.285277,0.0136
DQN,456,414,37260,238767.50,0.0100,0.287341,0.0153
DQN,456,415,37350,241175.00,0.0100,0.291493,0.0136
DQN,456,416,37440,239510.00,0.0100,0.280174,0.0167
DQN,456,417,37530,231952.50,0.0100,0.296764,0.0140
DQN,456,418,37620,228652.50,0.0100,0.310125,0.0134
DQN,456,419,37710,221317.50,0.0100,0.306489,0.0143
DQN,456,420,37800,227117.50,0.0100,0.306663,0.0139
DQN,456,421,37890,234552.50,0.0100,0.312078,0.0136
DQN,456,422,37980,220335.00,0.0100,0.304493,0.0138
DQN,456,423,38070,229627.50,0.0100,0.284440,0.0153
DQN,456,424,38160,246152.50,0.0100,0.277422,0.0135
DQN,456,425,38250,243530.00,0.0100,0.280577,0.0137
DQN,456,426,38340,235427.50,0.0100,0.269658,0.0138
DQN,456,427,38430,237482.50,0.0100,0.269205,0.0141
DQN,456,428,38520,244770.00,0.0100,0.292279,0.0134
DQN,456,429,38610,238820.00,0.0100,0.303569,0.0135
DQN,456,430,38700,244300.00,0.0100,0.300666,0.0137
DQN,456,431,38790,229675.00,0.0100,0.305613,0.0138
DQN,456,432,38880,222427.50,0.0100,0.300340,0.0145
DQN,456,433,38970,240512.50,0.0100,0.291885,0.0138
DQN,456,434,39060,222122.50,0.0100,0.296204,0.0138
DQN,456,435,39150,219362.50,0.0100,0.299517,0.0138
DQN,456,436,39240,208542.50,0.0100,0.292019,0.0154
DQN,456,437,39330,225920.00,0.0100,0.291859,0.0138
DQN,456,438,39420,220057.50,0.0100,0.294761,0.0128
DQN,456,439,39510,215292.50,0.0100,0.300271,0.0132
DQN,456,440,39600,243532.50,0.0100,0.276862,0.0128
DQN,456,441,39690,230137.50,0.0100,0.271950,0.0129
DQN,456,442,39780,250355.00,0.0100,0.276899,0.0128
DQN,456,443,39870,236960.00,0.0100,0.262815,0.0130
DQN,456,444,39960,237717.50,0.0100,0.260614,0.0135
DQN,456,445,40050,226980.00,0.0100,0.296861,0.0131
DQN,456,446,40140,228087.50,0.0100,0.282459,0.0129
DQN,456,447,40230,222775.00,0.0100,0.299895,0.0130
DQN,456,448,40320,222882.50,0.0100,0.289001,0.0129
DQN,456,449,40410,228560.00,0.0100,0.290641,0.0130
DQN,456,450,40500,218325.00,0.0100,0.286881,0.0157
DQN,456,451,40590,232355.00,0.0100,0.261098,0.0137
DQN,456,452,40680,246540.00,0.0100,0.264786,0.0133
DQN,456,453,40770,245060.00,0.0100,0.265292,0.0135
DQN,456,454,40860,238207.50,0.0100,0.268991,0.0133
DQN,456,455,40950,242472.50,0.0100,0.260015,0.0134
DQN,456,456,41040,231077.50,0.0100,0.273566,0.0134
DQN,456,457,41130,237590.00,0.0100,0.276193,0.0135
DQN,456,458,41220,233805.00,0.0100,0.267701,0.0155
DQN,456,459,41310,232477.50,0.0100,0.272297,0.0138
DQN,456,460,41400,234710.00,0.0100,0.272756,0.0141
DQN,456,461,41490,246890.00,0.0100,0.270354,0.0137
DQN,456,462,41580,201957.50,0.0100,0.276275,0.0134
DQN,456,463,41670,227992.50,0.0100,0.277521,0.0135
DQN,456,464,41760,220970.00,0.0100,0.282179,0.0134
DQN,456,465,41850,215332.50,0.0100,0.280051,0.0135
DQN,456,466,41940,225815.00,0.0100,0.273630,0.0135
DQN,456,467,42030,227835.00,0.0100,0.274292,0.0135
DQN,456,468,42120,225285.00,0.0100,0.271596,0.0134
DQN,456,469,42210,229990.00,0.0100,0.266880,0.0135
DQN,456,470,42300,236575.00,0.0100,0.274688,0.0135
DQN,456,471,42390,239552.50,0.0100,0.271915,0.0135
DQN,456,472,42480,223400.00,0.0100,0.275094,0.0135
DQN,456,473,42570,234580.00,0.0100,0.257662,0.0135
DQN,456,474,42660,240007.50,0.0100,0.263466,0.0159
DQN,456,475,42750,233735.00,0.0100,0.255320,0.0128
DQN,456,476,42840,234737.50,0.0100,0.254971,0.0133
DQN,456,477,42930,227830.00,0.0100,0.245486,0.0137
DQN,456,478,43020,242870.00,0.0100,0.258484,0.0133
DQN,456,479,43110,238870.00,0.0100,0.252157,0.0134
DQN,456,480,43200,234957.50,0.0100,0.245183,0.0150
DQN,456,481,43290,232540.00,0.0100,0.250242,0.0128
DQN,456,482,43380,247627.50,0.0100,0.236780,0.0134
DQN,456,483,43470,244617.50,0.0100,0.249590,0.0137
DQN,456,484,43560,239442.50,0.0100,0.248819,0.0157
DQN,456,485,43650,238807.50,0.0100,0.251054,0.0127
DQN,456,486,43740,240240.00,0.0100,0.245853,0.0125
DQN,456,487,43830,227127.50,0.0100,0.257080,0.0129
DQN,456,488,43920,229165.00,0.0100,0.263849,0.0129
DQN,456,489,44010,245572.50,0.0100,0.243404,0.0129
DQN,456,490,44100,233342.50,0.0100,0.251443,0.0128
DQN,456,491,44190,224010.00,0.0100,0.257326,0.0129
DQN,456,492,44280,234742.50,0.0100,0.254803,0.0129
DQN,456,493,44370,234742.50,0.0100,0.261059,0.0129
DQN,456,494,44460,228440.00,0.0100,0.258161,0.0179
DQN,456,495,44550,228717.50,0.0100,0.251507,0.0170
DQN,456,496,44640,224322.50,0.0100,0.242359,0.0129
DQN,456,497,44730,221227.50,0.0100,0.228249,0.0128
DQN,456,498,44820,240737.50,0.0100,0.233051,0.0129
DQN,456,499,44910,245127.50,0.0100,0.234827,0.0242
DQN,456,500,45000,226667.50,0.0100,0.236012,0.0145
DQN,789,1,90,50575.00,0.9975,0.000000,0.0004
DQN,789,2,180,125687.50,0.9950,0.000000,0.0004
DQN,789,3,270,122992.50,0.9926,0.000000,0.0004
DQN,789,4,360,137680.00,0.9901,0.000000,0.0004
DQN,789,5,450,120840.00,0.9876,0.000000,0.0004
DQN,789,6,540,195545.00,0.9851,3.898678,0.0057
DQN,789,7,630,122290.00,0.9827,2.667898,0.0131
DQN,789,8,720,78725.00,0.9802,1.653738,0.0121
DQN,789,9,810,171797.50,0.9777,1.350367,0.0125
DQN,789,10,900,148972.50,0.9752,1.260322,0.0125
DQN,789,11,990,118482.50,0.9728,1.206903,0.0125
DQN,789,12,1080,136322.50,0.9703,2.984097,0.0139
DQN,789,13,1170,174767.50,0.9678,1.172782,0.0119
DQN,789,14,1260,84555.00,0.9654,1.107805,0.0126
DQN,789,15,1350,104605.00,0.9629,0.999813,0.0154
DQN,789,16,1440,181787.50,0.9604,0.973532,0.0133
DQN,789,17,1530,130002.50,0.9579,1.700367,0.0132
DQN,789,18,1620,162775.00,0.9555,1.070567,0.0133
DQN,789,19,1710,154075.00,0.9530,0.986906,0.0154
DQN,789,20,1800,119120.00,0.9505,0.878814,0.0136
DQN,789,21,1890,192397.50,0.9480,0.865700,0.0128
DQN,789,22,1980,111780.00,0.9456,0.856405,0.0147
DQN,789,23,2070,125912.50,0.9431,1.469588,0.0132
DQN,789,24,2160,151557.50,0.9406,0.981983,0.0130
DQN,789,25,2250,83585.00,0.9381,0.926126,0.0146
DQN,789,26,2340,90005.00,0.9356,0.893644,0.0129
DQN,789,27,2430,80212.50,0.9332,0.846486,0.0134
DQN,789,28,2520,33712.50,0.9307,1.218426,0.0130
DQN,789,29,2610,156285.00,0.9282,1.093045,0.0130
DQN,789,30,2700,151357.50,0.9257,0.944740,0.0130
DQN,789,31,2790,180572.50,0.9233,0.910531,0.0130
DQN,789,32,2880,95690.00,0.9208,0.880873,0.0129
DQN,789,33,2970,120515.00,0.9183,0.921620,0.0130
DQN,789,34,3060,120095.00,0.9159,1.289874,0.0130
DQN,789,35,3150,165477.50,0.9134,0.939965,0.0131
DQN,789,36,3240,183192.50,0.9109,0.919251,0.0130
DQN,789,37,3330,93092.50,0.9084,0.905829,0.0130
DQN,789,38,3420,122435.00,0.9060,0.895441,0.0152
DQN,789,39,3510,104897.50,0.9035,1.138926,0.0134
DQN,789,40,3600,95762.50,0.9010,1.029604,0.0131
DQN,789,41,3690,162275.00,0.8985,0.875744,0.0131
DQN,789,42,3780,139652.50,0.8961,0.862145,0.0130
DQN,789,43,3870,105840.00,0.8936,0.848384,0.0131
DQN,789,44,3960,132302.50,0.8911,0.825756,0.0131
DQN,789,45,4050,203415.00,0.8886,1.089345,0.0131
DQN,789,46,4140,147920.00,0.8861,0.756733,0.0130
DQN,789,47,4230,169572.50,0.8837,0.735895,0.0131
DQN,789,48,4320,152255.00,0.8812,0.716414,0.0145
DQN,789,49,4410,140710.00,0.8787,0.694871,0.0133
DQN,789,50,4500,151205.00,0.8762,0.716315,0.0130
DQN,789,51,4590,189162.50,0.8738,0.808145,0.0131
DQN,789,52,4680,177185.00,0.8713,0.644091,0.0131
DQN,789,53,4770,98880.00,0.8688,0.640108,0.0147
DQN,789,54,4860,176647.50,0.8663,0.616887,0.0135
DQN,789,55,4950,127190.00,0.8639,0.587496,0.0131
DQN,789,56,5040,121430.00,0.8614,0.693964,0.0131
DQN,789,57,5130,148157.50,0.8589,0.588887,0.0131
DQN,789,58,5220,202077.50,0.8565,0.577851,0.0131
DQN,789,59,5310,196612.50,0.8540,0.570205,0.0131
DQN,789,60,5400,125740.00,0.8515,0.564281,0.0131
DQN,789,61,5490,168727.50,0.8490,0.577877,0.0131
DQN,789,62,5580,114847.50,0.8466,0.594637,0.0130
DQN,789,63,5670,157020.00,0.8441,0.589258,0.0132
DQN,789,64,5760,172725.00,0.8416,0.585515,0.0131
DQN,789,65,5850,170837.50,0.8391,0.574156,0.0131
DQN,789,66,5940,170232.50,0.8367,0.572938,0.0131
DQN,789,67,6030,183947.50,0.8342,0.585755,0.0134
DQN,789,68,6120,194945.00,0.8317,0.590558,0.0132
DQN,789,69,6210,198530.00,0.8292,0.580477,0.0131
DQN,789,70,6300,185900.00,0.8267,0.562623,0.0131
DQN,789,71,6390,152102.50,0.8243,0.576544,0.0132
DQN,789,72,6480,144907.50,0.8218,0.575519,0.0132
DQN,789,73,6570,164105.00,0.8193,0.576979,0.0132
DQN,789,74,6660,84705.00,0.8168,0.581413,0.0137
DQN,789,75,6750,104872.50,0.8144,0.579627,0.0132
DQN,789,76,6840,185665.00,0.8119,0.560691,0.0131
DQN,789,77,6930,168820.00,0.8094,0.571738,0.0133
DQN,789,78,7020,168050.00,0.8070,0.576985,0.0131
DQN,789,79,7110,185632.50,0.8045,0.567367,0.0144
DQN,789,80,7200,177462.50,0.8020,0.570651,0.0121
DQN,789,81,7290,208030.00,0.7995,0.578075,0.0126
DQN,789,82,7380,182730.00,0.7971,0.575465,0.0125
DQN,789,83,7470,166282.50,0.7946,0.545968,0.0126
DQN,789,84,7560,181645.00,0.7921,0.591947,0.0137
DQN,789,85,7650,157600.00,0.7896,0.554844,0.0130
DQN,789,86,7740,178302.50,0.7872,0.561140,0.0125
DQN,789,87,7830,182012.50,0.7847,0.565446,0.0135
DQN,789,88,7920,182720.00,0.7822,0.572096,0.0131
DQN,789,89,8010,187855.00,0.7797,0.583149,0.0147
DQN,789,90,8100,177637.50,0.7772,0.567688,0.0122
DQN,789,91,8190,89160.00,0.7748,0.562975,0.0129
DQN,789,92,8280,147180.00,0.7723,0.527557,0.0131
DQN,789,93,8370,209230.00,0.7698,0.555446,0.0149
DQN,789,94,8460,162292.50,0.7673,0.562365,0.0121
DQN,789,95,8550,201970.00,0.7649,0.550417,0.0123
DQN,789,96,8640,151825.00,0.7624,0.544187,0.0125
DQN,789,97,8730,209742.50,0.7599,0.547152,0.0125
DQN,789,98,8820,131830.00,0.7574,0.545502,0.0126
DQN,789,99,8910,202632.50,0.7550,0.534770,0.0125
DQN,789,100,9000,171597.50,0.7525,0.548460,0.0127
DQN,789,101,9090,204475.00,0.7500,0.579225,0.0192
DQN,789,102,9180,151367.50,0.7475,0.544533,0.0134
DQN,789,103,9270,215387.50,0.7451,0.548742,0.0127
DQN,789,104,9360,136717.50,0.7426,0.549539,0.0124
DQN,789,105,9450,172322.50,0.7401,0.559151,0.0126
DQN,789,106,9540,190285.00,0.7376,0.536617,0.0126
DQN,789,107,9630,159797.50,0.7352,0.549105,0.0126
DQN,789,108,9720,173500.00,0.7327,0.541961,0.0126
DQN,789,109,9810,214905.00,0.7302,0.532893,0.0126
DQN,789,110,9900,166400.00,0.7278,0.535909,0.0126
DQN,789,111,9990,191115.00,0.7253,0.528684,0.0126
DQN,789,112,10080,171950.00,0.7228,0.552211,0.0130
DQN,789,113,10170,207085.00,0.7203,0.535038,0.0127
DQN,789,114,10260,190975.00,0.7179,0.546193,0.0126
DQN,789,115,10350,207605.00,0.7154,0.534880,0.0128
DQN,789,116,10440,166580.00,0.7129,0.537000,0.0126
DQN,789,117,10530,217047.50,0.7104,0.545918,0.0127
DQN,789,118,10620,190392.50,0.7080,0.558145,0.0127
DQN,789,119,10710,192192.50,0.7055,0.522630,0.0145
DQN,789,120,10800,193182.50,0.7030,0.530399,0.0129
DQN,789,121,10890,180062.50,0.7005,0.540317,0.0131
DQN,789,122,10980,208440.00,0.6981,0.537722,0.0161
DQN,789,123,11070,206057.50,0.6956,0.551729,0.0125
DQN,789,124,11160,203087.50,0.6931,0.530629,0.0125
DQN,789,125,11250,193062.50,0.6906,0.523037,0.0125
DQN,789,126,11340,155575.00,0.6882,0.526615,0.0126
DQN,789,127,11430,172560.00,0.6857,0.536179,0.0127
DQN,789,128,11520,216822.50,0.6832,0.516599,0.0126
DQN,789,129,11610,182985.00,0.6807,0.507589,0.0126
DQN,789,130,11700,208605.00,0.6783,0.497317,0.0126
DQN,789,131,11790,188117.50,0.6758,0.496165,0.0126
DQN,789,132,11880,244057.50,0.6733,0.515350,0.0126
DQN,789,133,11970,176752.50,0.6708,0.510671,0.0126
DQN,789,134,12060,217590.00,0.6683,0.495320,0.0127
DQN,789,135,12150,210352.50,0.6659,0.504344,0.0127
DQN,789,136,12240,193802.50,0.6634,0.501015,0.0128
DQN,789,137,12330,224700.00,0.6609,0.522698,0.0127
DQN,789,138,12420,216452.50,0.6584,0.526523,0.0127
DQN,789,139,12510,197962.50,0.6560,0.493870,0.0127
DQN,789,140,12600,223010.00,0.6535,0.496885,0.0127
DQN,789,141,12690,176585.00,0.6510,0.512635,0.0126
DQN,789,142,12780,216242.50,0.6485,0.491110,0.0127
DQN,789,143,12870,181025.00,0.6461,0.503498,0.0127
DQN,789,144,12960,177475.00,0.6436,0.490115,0.0169
DQN,789,145,13050,193610.00,0.6411,0.509947,0.0158
DQN,789,146,13140,198407.50,0.6386,0.515683,0.0149
DQN,789,147,13230,214480.00,0.6362,0.505586,0.0156
DQN,789,148,13320,208075.00,0.6337,0.518267,0.0200
DQN,789,149,13410,212155.00,0.6312,0.501371,0.0126
DQN,789,150,13500,221580.00,0.6288,0.508813,0.0124
DQN,789,151,13590,201152.50,0.6263,0.513451,0.0158
DQN,789,152,13680,180447.50,0.6238,0.506429,0.0139
DQN,789,153,13770,213037.50,0.6213,0.503394,0.0126
DQN,789,154,13860,211442.50,0.6189,0.518907,0.0146
DQN,789,155,13950,194887.50,0.6164,0.501458,0.0154
DQN,789,156,14040,186527.50,0.6139,0.496072,0.0171
DQN,789,157,14130,212635.00,0.6114,0.485722,0.0196
DQN,789,158,14220,217272.50,0.6089,0.493390,0.0154
DQN,789,159,14310,185270.00,0.6065,0.497008,0.0148
DQN,789,160,14400,220797.50,0.6040,0.505964,0.0149
DQN,789,161,14490,216747.50,0.6015,0.493802,0.0141
DQN,789,162,14580,175610.00,0.5990,0.501309,0.0129
DQN,789,163,14670,193732.50,0.5966,0.493827,0.0127
DQN,789,164,14760,215285.00,0.5941,0.493634,0.0124
DQN,789,165,14850,182492.50,0.5916,0.491173,0.0126
DQN,789,166,14940,185905.00,0.5892,0.498457,0.0125
DQN,789,167,15030,205660.00,0.5867,0.504475,0.0127
DQN,789,168,15120,224775.00,0.5842,0.501540,0.0126
DQN,789,169,15210,217100.00,0.5817,0.498746,0.0127
DQN,789,170,15300,211435.00,0.5793,0.512939,0.0126
DQN,789,171,15390,190755.00,0.5768,0.508314,0.0127
DQN,789,172,15480,191577.50,0.5743,0.503827,0.0127
DQN,789,173,15570,223012.50,0.5718,0.504479,0.0127
DQN,789,174,15660,221447.50,0.5694,0.513262,0.0128
DQN,789,175,15750,175030.00,0.5669,0.509881,0.0127
DQN,789,176,15840,212707.50,0.5644,0.495602,0.0128
DQN,789,177,15930,217995.00,0.5619,0.504140,0.0128
DQN,789,178,16020,203650.00,0.5595,0.499252,0.0127
DQN,789,179,16110,201757.50,0.5570,0.489455,0.0127
DQN,789,180,16200,201725.00,0.5545,0.481116,0.0144
DQN,789,181,16290,219732.50,0.5520,0.483780,0.0135
DQN,789,182,16380,215767.50,0.5495,0.487228,0.0126
DQN,789,183,16470,216667.50,0.5471,0.486321,0.0134
DQN,789,184,16560,230107.50,0.5446,0.490011,0.0128
DQN,789,185,16650,223255.00,0.5421,0.502038,0.0128
DQN,789,186,16740,207887.50,0.5396,0.466043,0.0128
DQN,789,187,16830,231955.00,0.5372,0.486366,0.0128
DQN,789,188,16920,240205.00,0.5347,0.491969,0.0128
DQN,789,189,17010,210447.50,0.5322,0.469944,0.0129
DQN,789,190,17100,209277.50,0.5297,0.478083,0.0128
DQN,789,191,17190,203105.00,0.5273,0.466400,0.0129
DQN,789,192,17280,228925.00,0.5248,0.479915,0.0128
DQN,789,193,17370,188570.00,0.5223,0.495689,0.0128
DQN,789,194,17460,201480.00,0.5199,0.479388,0.0128
DQN,789,195,17550,191295.00,0.5174,0.483005,0.0128
DQN,789,196,17640,230067.50,0.5149,0.468830,0.0128
DQN,789,197,17730,205132.50,0.5124,0.478568,0.0128
DQN,789,198,17820,228217.50,0.5100,0.469017,0.0129
DQN,789,199,17910,230707.50,0.5075,0.500689,0.0128
DQN,789,200,18000,188360.00,0.5050,0.490618,0.0128
DQN,789,201,18090,187685.00,0.5025,0.497436,0.0164
DQN,789,202,18180,219750.00,0.5000,0.465017,0.0130
DQN,789,203,18270,224730.00,0.4976,0.472788,0.0127
DQN,789,204,18360,222022.50,0.4951,0.467639,0.0129
DQN,789,205,18450,237067.50,0.4926,0.476049,0.0152
DQN,789,206,18540,213182.50,0.4901,0.465943,0.0193
DQN,789,207,18630,243422.50,0.4877,0.474578,0.0160
DQN,789,208,18720,223037.50,0.4852,0.464016,0.0131
DQN,789,209,18810,224435.00,0.4827,0.465625,0.0133
DQN,789,210,18900,239152.50,0.4802,0.452529,0.0135
DQN,789,211,18990,200597.50,0.4778,0.467399,0.0136
DQN,789,212,19080,229117.50,0.4753,0.476053,0.0134
DQN,789,213,19170,245605.00,0.4728,0.461479,0.0153
DQN,789,214,19260,236775.00,0.4703,0.463234,0.0133
DQN,789,215,19350,218895.00,0.4679,0.454844,0.0132
DQN,789,216,19440,220125.00,0.4654,0.475116,0.0135
DQN,789,217,19530,218802.50,0.4629,0.476251,0.0136
DQN,789,218,19620,204817.50,0.4604,0.452985,0.0137
DQN,789,219,19710,239410.00,0.4580,0.460544,0.0137
DQN,789,220,19800,220740.00,0.4555,0.457027,0.0164
DQN,789,221,19890,203715.00,0.4530,0.464955,0.0138
DQN,789,222,19980,247040.00,0.4506,0.457053,0.0154
DQN,789,223,20070,230465.00,0.4481,0.463394,0.0151
DQN,789,224,20160,227595.00,0.4456,0.460982,0.0125
DQN,789,225,20250,202042.50,0.4431,0.467201,0.0126
DQN,789,226,20340,188427.50,0.4407,0.469148,0.0126
DQN,789,227,20430,205535.00,0.4382,0.459050,0.0128
DQN,789,228,20520,210355.00,0.4357,0.462220,0.0127
DQN,789,229,20610,233390.00,0.4332,0.447877,0.0128
DQN,789,230,20700,231592.50,0.4308,0.447262,0.0128
DQN,789,231,20790,204842.50,0.4283,0.447754,0.0127
DQN,789,232,20880,224067.50,0.4258,0.444037,0.0158
DQN,789,233,20970,213257.50,0.4233,0.453258,0.0126
DQN,789,234,21060,207047.50,0.4209,0.452466,0.0132
DQN,789,235,21150,218755.00,0.4184,0.460212,0.0134
DQN,789,236,21240,232085.00,0.4159,0.443961,0.0150
DQN,789,237,21330,233460.00,0.4134,0.452666,0.0157
DQN,789,238,21420,232240.00,0.4110,0.432234,0.0149
DQN,789,239,21510,215250.00,0.4085,0.435394,0.0138
DQN,789,240,21600,227110.00,0.4060,0.443988,0.0137
DQN,789,241,21690,225785.00,0.4035,0.427732,0.0136
DQN,789,242,21780,222332.50,0.4011,0.454851,0.0137
DQN,789,243,21870,234890.00,0.3986,0.435456,0.0138
DQN,789,244,21960,229987.50,0.3961,0.438053,0.0138
DQN,789,245,22050,214502.50,0.3936,0.425618,0.0137
DQN,789,246,22140,228630.00,0.3911,0.424340,0.0138
DQN,789,247,22230,212450.00,0.3887,0.431178,0.0138
DQN,789,248,22320,222415.00,0.3862,0.424793,0.0138
DQN,789,249,22410,217745.00,0.3837,0.420829,0.0138
DQN,789,250,22500,212945.00,0.3812,0.430499,0.0138
DQN,789,251,22590,221532.50,0.3788,0.420464,0.0190
DQN,789,252,22680,221497.50,0.3763,0.422636,0.0145
DQN,789,253,22770,229217.50,0.3738,0.412685,0.0130
DQN,789,254,22860,240420.00,0.3713,0.411201,0.0125
DQN,789,255,22950,238197.50,0.3689,0.407691,0.0129
DQN,789,256,23040,249772.50,0.3664,0.433078,0.0128
DQN,789,257,23130,229932.50,0.3639,0.435789,0.0127
DQN,789,258,23220,203037.50,0.3614,0.425550,0.0171
DQN,789,259,23310,233022.50,0.3590,0.427069,0.0150
DQN,789,260,23400,220042.50,0.3565,0.426803,0.0150
DQN,789,261,23490,219470.00,0.3540,0.446128,0.0148
DQN,789,262,23580,225455.00,0.3516,0.408683,0.0133
DQN,789,263,23670,233040.00,0.3491,0.395345,0.0150
DQN,789,264,23760,235047.50,0.3466,0.402111,0.0133
DQN,789,265,23850,226070.00,0.3441,0.384168,0.0129
DQN,789,266,23940,236497.50,0.3417,0.381927,0.0127
DQN,789,267,24030,228450.00,0.3392,0.366864,0.0127
DQN,789,268,24120,239845.00,0.3367,0.394046,0.0129
DQN,789,269,24210,225975.00,0.3342,0.386471,0.0133
DQN,789,270,24300,238550.00,0.3317,0.388022,0.0128
DQN,789,271,24390,204267.50,0.3293,0.392163,0.0128
DQN,789,272,24480,212077.50,0.3268,0.380389,0.0128
DQN,789,273,24570,236625.00,0.3243,0.378926,0.0129
DQN,789,274,24660,222452.50,0.3218,0.382956,0.0128
DQN,789,275,24750,252115.00,0.3194,0.377964,0.0129
DQN,789,276,24840,225195.00,0.3169,0.393428,0.0128
DQN,789,277,24930,214892.50,0.3144,0.384890,0.0130
DQN,789,278,25020,228620.00,0.3120,0.386797,0.0129
DQN,789,279,25110,235437.50,0.3095,0.376244,0.0155
DQN,789,280,25200,226715.00,0.3070,0.375704,0.0126
DQN,789,281,25290,239152.50,0.3045,0.394643,0.0134
DQN,789,282,25380,234590.00,0.3021,0.379196,0.0135
DQN,789,283,25470,227847.50,0.2996,0.374753,0.0136
DQN,789,284,25560,227407.50,0.2971,0.385588,0.0137
DQN,789,285,25650,221987.50,0.2946,0.385874,0.0137
DQN,789,286,25740,230352.50,0.2922,0.389759,0.0138
DQN,789,287,25830,238302.50,0.2897,0.374017,0.0138
DQN,789,288,25920,230822.50,0.2872,0.390609,0.0138
DQN,789,289,26010,235865.00,0.2847,0.388462,0.0138
DQN,789,290,26100,227530.00,0.2823,0.370804,0.0138
DQN,789,291,26190,239615.00,0.2798,0.379366,0.0138
DQN,789,292,26280,230555.00,0.2773,0.377276,0.0139
DQN,789,293,26370,225575.00,0.2748,0.382647,0.0139
DQN,789,294,26460,235562.50,0.2723,0.380284,0.0139
DQN,789,295,26550,243657.50,0.2699,0.365529,0.0139
DQN,789,296,26640,223062.50,0.2674,0.361052,0.0138
DQN,789,297,26730,229462.50,0.2649,0.356303,0.0160
DQN,789,298,26820,210375.00,0.2624,0.351397,0.0142
DQN,789,299,26910,237412.50,0.2600,0.351864,0.0140
DQN,789,300,27000,207170.00,0.2575,0.365307,0.0139
DQN,789,301,27090,231710.00,0.2550,0.360579,0.0157
DQN,789,302,27180,216247.50,0.2526,0.348405,0.0143
DQN,789,303,27270,245485.00,0.2501,0.346028,0.0141
DQN,789,304,27360,228270.00,0.2476,0.360311,0.0139
DQN,789,305,27450,240370.00,0.2451,0.357987,0.0139
DQN,789,306,27540,236237.50,0.2427,0.360212,0.0139
DQN,789,307,27630,228067.50,0.2402,0.345678,0.0139
DQN,789,308,27720,233542.50,0.2377,0.340309,0.0153
DQN,789,309,27810,225022.50,0.2352,0.344020,0.0145
DQN,789,310,27900,241415.00,0.2328,0.334434,0.0131
DQN,789,311,27990,220252.50,0.2303,0.340779,0.0132
DQN,789,312,28080,231602.50,0.2278,0.337900,0.0129
DQN,789,313,28170,224535.00,0.2253,0.339578,0.0127
DQN,789,314,28260,246330.00,0.2228,0.349647,0.0129
DQN,789,315,28350,247610.00,0.2204,0.340965,0.0129
DQN,789,316,28440,227467.50,0.2179,0.343331,0.0133
DQN,789,317,28530,229240.00,0.2154,0.331471,0.0156
DQN,789,318,28620,234017.50,0.2129,0.340613,0.0129
DQN,789,319,28710,239860.00,0.2105,0.350751,0.0134
DQN,789,320,28800,228990.00,0.2080,0.341023,0.0168
DQN,789,321,28890,237675.00,0.2055,0.338740,0.0140
DQN,789,322,28980,229942.50,0.2030,0.347531,0.0131
DQN,789,323,29070,236847.50,0.2006,0.345722,0.0129
DQN,789,324,29160,217237.50,0.1981,0.334975,0.0129
DQN,789,325,29250,227532.50,0.1956,0.341591,0.0129
DQN,789,326,29340,233780.00,0.1932,0.345955,0.0129
DQN,789,327,29430,237017.50,0.1907,0.332624,0.0131
DQN,789,328,29520,225765.00,0.1882,0.348983,0.0129
DQN,789,329,29610,240512.50,0.1857,0.321147,0.0130
DQN,789,330,29700,221250.00,0.1833,0.330435,0.0132
DQN,789,331,29790,227957.50,0.1808,0.322572,0.0134
DQN,789,332,29880,226725.00,0.1783,0.320846,0.0131
DQN,789,333,29970,238625.00,0.1758,0.325397,0.0131
DQN,789,334,30060,241805.00,0.1734,0.329388,0.0159
DQN,789,335,30150,241567.50,0.1709,0.332308,0.0153
DQN,789,336,30240,219262.50,0.1684,0.317222,0.0127
DQN,789,337,30330,225382.50,0.1659,0.315786,0.0133
DQN,789,338,30420,209002.50,0.1634,0.319778,0.0137
DQN,789,339,30510,214667.50,0.1610,0.314036,0.0137
DQN,789,340,30600,225110.00,0.1585,0.329695,0.0161
DQN,789,341,30690,235615.00,0.1560,0.322550,0.0127
DQN,789,342,30780,234077.50,0.1536,0.313805,0.0131
DQN,789,343,30870,243782.50,0.1511,0.321751,0.0130
DQN,789,344,30960,227312.50,0.1486,0.308489,0.0137
DQN,789,345,31050,230232.50,0.1461,0.289076,0.0138
DQN,789,346,31140,232125.00,0.1437,0.288899,0.0137
DQN,789,347,31230,223135.00,0.1412,0.293092,0.0138
DQN,789,348,31320,228975.00,0.1387,0.291922,0.0138
DQN,789,349,31410,231590.00,0.1362,0.289750,0.0139
DQN,789,350,31500,240537.50,0.1338,0.285630,0.0152
DQN,789,351,31590,226147.50,0.1313,0.303428,0.0173
DQN,789,352,31680,233805.00,0.1288,0.310708,0.0142
DQN,789,353,31770,224342.50,0.1263,0.290901,0.0137
DQN,789,354,31860,241600.00,0.1239,0.298624,0.0138
DQN,789,355,31950,234610.00,0.1214,0.301171,0.0141
DQN,789,356,32040,222725.00,0.1189,0.290896,0.0162
DQN,789,357,32130,238637.50,0.1164,0.294865,0.0126
DQN,789,358,32220,234522.50,0.1139,0.294897,0.0137
DQN,789,359,32310,229307.50,0.1115,0.283104,0.0146
DQN,789,360,32400,241770.00,0.1090,0.275713,0.0137
DQN,789,361,32490,251047.50,0.1065,0.286405,0.0140
DQN,789,362,32580,231032.50,0.1040,0.317210,0.0139
DQN,789,363,32670,238507.50,0.1016,0.308430,0.0140
DQN,789,364,32760,244855.00,0.0991,0.314402,0.0139
DQN,789,365,32850,234727.50,0.0966,0.294849,0.0159
DQN,789,366,32940,225597.50,0.0941,0.310204,0.0152
DQN,789,367,33030,240922.50,0.0917,0.309334,0.0130
DQN,789,368,33120,238702.50,0.0892,0.310366,0.0127
DQN,789,369,33210,229742.50,0.0867,0.319618,0.0128
DQN,789,370,33300,234437.50,0.0842,0.305919,0.0128
DQN,789,371,33390,223612.50,0.0818,0.289861,0.0130
DQN,789,372,33480,220757.50,0.0793,0.297956,0.0129
DQN,789,373,33570,237517.50,0.0768,0.322719,0.0154
DQN,789,374,33660,240405.00,0.0743,0.305337,0.0131
DQN,789,375,33750,234112.50,0.0719,0.301931,0.0130
DQN,789,376,33840,236320.00,0.0694,0.311081,0.0130
DQN,789,377,33930,222175.00,0.0669,0.325985,0.0141
DQN,789,378,34020,233352.50,0.0645,0.312302,0.0133
DQN,789,379,34110,237822.50,0.0620,0.306271,0.0130
DQN,789,380,34200,213992.50,0.0595,0.303364,0.0130
DQN,789,381,34290,231760.00,0.0570,0.305849,0.0158
DQN,789,382,34380,232662.50,0.0546,0.308765,0.0134
DQN,789,383,34470,233942.50,0.0521,0.296811,0.0137
DQN,789,384,34560,221597.50,0.0496,0.296202,0.0137
DQN,789,385,34650,238090.00,0.0471,0.298820,0.0138
DQN,789,386,34740,243982.50,0.0447,0.300711,0.0138
DQN,789,387,34830,240722.50,0.0422,0.292882,0.0139
DQN,789,388,34920,233060.00,0.0397,0.285876,0.0139
DQN,789,389,35010,232550.00,0.0372,0.290840,0.0140
DQN,789,390,35100,228670.00,0.0348,0.291197,0.0139
DQN,789,391,35190,234600.00,0.0323,0.284200,0.0140
DQN,789,392,35280,233687.50,0.0298,0.289618,0.0179
DQN,789,393,35370,241440.00,0.0273,0.280078,0.0188
DQN,789,394,35460,231902.50,0.0249,0.275412,0.0134
DQN,789,395,35550,238967.50,0.0224,0.277233,0.0138
DQN,789,396,35640,236110.00,0.0199,0.277648,0.0139
DQN,789,397,35730,239367.50,0.0174,0.279825,0.0140
DQN,789,398,35820,237742.50,0.0150,0.264906,0.0140
DQN,789,399,35910,234475.00,0.0125,0.272029,0.0141
DQN,789,400,36000,236130.00,0.0100,0.271654,0.0140
DQN,789,401,36090,244642.50,0.0100,0.265600,0.0201
DQN,789,402,36180,231250.00,0.0100,0.256380,0.0139
DQN,789,403,36270,240192.50,0.0100,0.263457,0.0140
DQN,789,404,36360,240185.00,0.0100,0.254542,0.0140
DQN,789,405,36450,229427.50,0.0100,0.264587,0.0140
DQN,789,406,36540,231222.50,0.0100,0.255254,0.0140
DQN,789,407,36630,229865.00,0.0100,0.254400,0.0155
DQN,789,408,36720,228185.00,0.0100,0.262434,0.0130
DQN,789,409,36810,229437.50,0.0100,0.261077,0.0129
DQN,789,410,36900,243287.50,0.0100,0.250425,0.0127
DQN,789,411,36990,241032.50,0.0100,0.250816,0.0128
DQN,789,412,37080,238417.50,0.0100,0.250438,0.0130
DQN,789,413,37170,239340.00,0.0100,0.258812,0.0129
DQN,789,414,37260,233820.00,0.0100,0.259425,0.0138
DQN,789,415,37350,226502.50,0.0100,0.252864,0.0133
DQN,789,416,37440,230437.50,0.0100,0.255812,0.0133
DQN,789,417,37530,241425.00,0.0100,0.262357,0.0177
DQN,789,418,37620,227627.50,0.0100,0.254624,0.0152
DQN,789,419,37710,230742.50,0.0100,0.248123,0.0143
DQN,789,420,37800,243302.50,0.0100,0.240661,0.0144
DQN,789,421,37890,228367.50,0.0100,0.250102,0.0132
DQN,789,422,37980,233977.50,0.0100,0.250378,0.0128
DQN,789,423,38070,237095.00,0.0100,0.250908,0.0129
DQN,789,424,38160,227292.50,0.0100,0.250513,0.0129
DQN,789,425,38250,238672.50,0.0100,0.261564,0.0131
DQN,789,426,38340,231892.50,0.0100,0.253933,0.0130
DQN,789,427,38430,233490.00,0.0100,0.252247,0.0130
DQN,789,428,38520,225640.00,0.0100,0.253161,0.0130
DQN,789,429,38610,233872.50,0.0100,0.255538,0.0131
DQN,789,430,38700,234325.00,0.0100,0.249419,0.0130
DQN,789,431,38790,233145.00,0.0100,0.249712,0.0130
DQN,789,432,38880,232855.00,0.0100,0.245823,0.0130
DQN,789,433,38970,225242.50,0.0100,0.249108,0.0130
DQN,789,434,39060,228892.50,0.0100,0.257911,0.0131
DQN,789,435,39150,239300.00,0.0100,0.252444,0.0130
DQN,789,436,39240,239022.50,0.0100,0.260620,0.0131
DQN,789,437,39330,223992.50,0.0100,0.259352,0.0131
DQN,789,438,39420,223792.50,0.0100,0.247337,0.0131
DQN,789,439,39510,223615.00,0.0100,0.248670,0.0156
DQN,789,440,39600,237482.50,0.0100,0.230185,0.0146
DQN,789,441,39690,225127.50,0.0100,0.228977,0.0141
DQN,789,442,39780,246322.50,0.0100,0.226041,0.0129
DQN,789,443,39870,238415.00,0.0100,0.232542,0.0129
DQN,789,444,39960,236587.50,0.0100,0.232043,0.0131
DQN,789,445,40050,240072.50,0.0100,0.244017,0.0130
DQN,789,446,40140,243445.00,0.0100,0.239701,0.0130
DQN,789,447,40230,224932.50,0.0100,0.240234,0.0132
DQN,789,448,40320,232102.50,0.0100,0.233743,0.0131
DQN,789,449,40410,229957.50,0.0100,0.244172,0.0134
DQN,789,450,40500,237167.50,0.0100,0.248945,0.0131
DQN,789,451,40590,226495.00,0.0100,0.249053,0.0197
DQN,789,452,40680,222325.00,0.0100,0.239675,0.0139
DQN,789,453,40770,226600.00,0.0100,0.245113,0.0130
DQN,789,454,40860,238867.50,0.0100,0.245341,0.0128
DQN,789,455,40950,224905.00,0.0100,0.251800,0.0130
DQN,789,456,41040,237877.50,0.0100,0.233078,0.0130
DQN,789,457,41130,227940.00,0.0100,0.223241,0.0130
DQN,789,458,41220,233125.00,0.0100,0.221892,0.0157
DQN,789,459,41310,234675.00,0.0100,0.216761,0.0170
DQN,789,460,41400,229487.50,0.0100,0.222469,0.0157
DQN,789,461,41490,233520.00,0.0100,0.208308,0.0136
DQN,789,462,41580,247362.50,0.0100,0.225618,0.0128
DQN,789,463,41670,236285.00,0.0100,0.220380,0.0136
DQN,789,464,41760,243157.50,0.0100,0.219506,0.0137
DQN,789,465,41850,237705.00,0.0100,0.214588,0.0137
DQN,789,466,41940,220270.00,0.0100,0.213295,0.0138
DQN,789,467,42030,246995.00,0.0100,0.210785,0.0166
DQN,789,468,42120,229835.00,0.0100,0.216834,0.0146
DQN,789,469,42210,236522.50,0.0100,0.212193,0.0132
DQN,789,470,42300,239002.50,0.0100,0.217876,0.0141
DQN,789,471,42390,235092.50,0.0100,0.219687,0.0139
DQN,789,472,42480,236130.00,0.0100,0.220350,0.0141
DQN,789,473,42570,226330.00,0.0100,0.217158,0.0139
DQN,789,474,42660,231920.00,0.0100,0.215528,0.0139
DQN,789,475,42750,239317.50,0.0100,0.206468,0.0140
DQN,789,476,42840,237567.50,0.0100,0.216663,0.0140
DQN,789,477,42930,232105.00,0.0100,0.213450,0.0140
DQN,789,478,43020,238420.00,0.0100,0.208737,0.0140
DQN,789,479,43110,230497.50,0.0100,0.225863,0.0140
DQN,789,480,43200,234702.50,0.0100,0.227942,0.0156
DQN,789,481,43290,232712.50,0.0100,0.218931,0.0143
DQN,789,482,43380,236600.00,0.0100,0.224582,0.0140
DQN,789,483,43470,239330.00,0.0100,0.211444,0.0141
DQN,789,484,43560,240495.00,0.0100,0.222682,0.0140
DQN,789,485,43650,249112.50,0.0100,0.210330,0.0140
DQN,789,486,43740,244630.00,0.0100,0.207968,0.0140
DQN,789,487,43830,237995.00,0.0100,0.216573,0.0141
DQN,789,488,43920,240745.00,0.0100,0.218155,0.0140
DQN,789,489,44010,236400.00,0.0100,0.210664,0.0141
DQN,789,490,44100,239717.50,0.0100,0.205575,0.0140
DQN,789,491,44190,230755.00,0.0100,0.214649,0.0141
DQN,789,492,44280,228150.00,0.0100,0.210469,0.0140
DQN,789,493,44370,231620.00,0.0100,0.196301,0.0140
DQN,789,494,44460,236977.50,0.0100,0.213950,0.0140
DQN,789,495,44550,233827.50,0.0100,0.202213,0.0141
DQN,789,496,44640,232995.00,0.0100,0.201309,0.0140
DQN,789,497,44730,240675.00,0.0100,0.193457,0.0140
DQN,789,498,44820,234437.50,0.0100,0.192548,0.0141
DQN,789,499,44910,232220.00,0.0100,0.192062,0.0140
DQN,789,500,45000,227725.00,0.0100,0.193239,0.0140
DQN,1024,1,90,148332.50,0.9975,0.000000,0.0006
DQN,1024,2,180,140762.50,0.9950,0.000000,0.0005
DQN,1024,3,270,75565.00,0.9926,0.000000,0.0004
DQN,1024,4,360,130622.50,0.9901,0.000000,0.0004
DQN,1024,5,450,123907.50,0.9876,0.000000,0.0004
DQN,1024,6,540,125667.50,0.9851,3.898549,0.0058
DQN,1024,7,630,185382.50,0.9827,2.810851,0.0126
DQN,1024,8,720,111060.00,0.9802,1.558059,0.0119
DQN,1024,9,810,144952.50,0.9777,1.308657,0.0121
DQN,1024,10,900,93380.00,0.9752,1.249366,0.0119
DQN,1024,11,990,126257.50,0.9728,1.235046,0.0121
DQN,1024,12,1080,118702.50,0.9703,2.385944,0.0121
DQN,1024,13,1170,95700.00,0.9678,1.078967,0.0120
DQN,1024,14,1260,163445.00,0.9654,1.050957,0.0122
DQN,1024,15,1350,108060.00,0.9629,1.005119,0.0151
DQN,1024,16,1440,54402.50,0.9604,0.979604,0.0127
DQN,1024,17,1530,142347.50,0.9579,1.607903,0.0126
DQN,1024,18,1620,116232.50,0.9555,0.974041,0.0124
DQN,1024,19,1710,105785.00,0.9530,0.884936,0.0125
DQN,1024,20,1800,112262.50,0.9505,0.880626,0.0150
DQN,1024,21,1890,141397.50,0.9480,0.813499,0.0150
DQN,1024,22,1980,-23490.00,0.9456,0.834027,0.0124
DQN,1024,23,2070,158445.00,0.9431,1.476315,0.0147
DQN,1024,24,2160,218100.00,0.9406,0.900377,0.0130
DQN,1024,25,2250,195167.50,0.9381,0.854610,0.0136
DQN,1024,26,2340,169555.00,0.9356,0.841335,0.0134
DQN,1024,27,2430,158785.00,0.9332,0.807360,0.0133
DQN,1024,28,2520,173982.50,0.9307,1.254909,0.0134
DQN,1024,29,2610,131112.50,0.9282,0.963011,0.0165
DQN,1024,30,2700,153755.00,0.9257,0.841884,0.0133
DQN,1024,31,2790,123935.00,0.9233,0.819838,0.0135
DQN,1024,32,2880,56565.00,0.9208,0.782081,0.0135
DQN,1024,33,2970,184397.50,0.9183,0.773725,0.0135
DQN,1024,34,3060,129132.50,0.9159,1.205683,0.0135
DQN,1024,35,3150,170232.50,0.9134,0.874032,0.0135
DQN,1024,36,3240,122182.50,0.9109,0.835225,0.0135
DQN,1024,37,3330,115187.50,0.9084,0.829736,0.0135
DQN,1024,38,3420,188657.50,0.9060,0.794328,0.0134
DQN,1024,39,3510,50325.00,0.9035,0.991526,0.0135
DQN,1024,40,3600,151722.50,0.9010,0.998007,0.0135
DQN,1024,41,3690,108370.00,0.8985,0.850093,0.0135
DQN,1024,42,3780,157227.50,0.8961,0.830673,0.0134
DQN,1024,43,3870,86432.50,0.8936,0.814766,0.0156
DQN,1024,44,3960,142327.50,0.8911,0.796430,0.0125
DQN,1024,45,4050,205280.00,0.8886,1.018416,0.0123
DQN,1024,46,4140,116007.50,0.8861,0.874180,0.0123
DQN,1024,47,4230,154502.50,0.8837,0.844081,0.0123
DQN,1024,48,4320,139777.50,0.8812,0.834869,0.0141
DQN,1024,49,4410,191342.50,0.8787,0.803883,0.0127
DQN,1024,50,4500,166665.00,0.8762,0.846780,0.0125
DQN,1024,51,4590,157162.50,0.8738,0.947787,0.0151
DQN,1024,52,4680,134607.50,0.8713,0.812638,0.0135
DQN,1024,53,4770,137832.50,0.8688,0.795113,0.0134
DQN,1024,54,4860,178157.50,0.8663,0.774371,0.0147
DQN,1024,55,4950,178012.50,0.8639,0.766765,0.0132
DQN,1024,56,5040,170470.00,0.8614,0.838742,0.0174
DQN,1024,57,5130,183177.50,0.8589,0.712998,0.0182
DQN,1024,58,5220,179770.00,0.8565,0.657453,0.0129
DQN,1024,59,5310,158767.50,0.8540,0.654275,0.0132
DQN,1024,60,5400,150355.00,0.8515,0.643443,0.0134
DQN,1024,61,5490,240565.00,0.8490,0.645877,0.0135
DQN,1024,62,5580,138962.50,0.8466,0.663611,0.0152
DQN,1024,63,5670,160710.00,0.8441,0.594912,0.0124
DQN,1024,64,5760,52332.50,0.8416,0.593302,0.0122
DQN,1024,65,5850,186295.00,0.8391,0.599711,0.0124
DQN,1024,66,5940,212555.00,0.8367,0.574781,0.0125
DQN,1024,67,6030,163935.00,0.8342,0.586292,0.0128
DQN,1024,68,6120,156455.00,0.8317,0.582458,0.0125
DQN,1024,69,6210,191210.00,0.8292,0.567344,0.0125
DQN,1024,70,6300,199195.00,0.8267,0.568719,0.0126
DQN,1024,71,6390,143920.00,0.8243,0.556359,0.0125
DQN,1024,72,6480,132212.50,0.8218,0.565953,0.0126
DQN,1024,73,6570,134322.50,0.8193,0.597431,0.0126
DQN,1024,74,6660,185625.00,0.8168,0.543527,0.0126
DQN,1024,75,6750,189537.50,0.8144,0.549545,0.0126
DQN,1024,76,6840,175947.50,0.8119,0.540296,0.0127
DQN,1024,77,6930,110337.50,0.8094,0.543846,0.0126
DQN,1024,78,7020,120735.00,0.8070,0.571303,0.0126
DQN,1024,79,7110,164240.00,0.8045,0.527690,0.0126
DQN,1024,80,7200,143915.00,0.8020,0.556306,0.0126
DQN,1024,81,7290,151950.00,0.7995,0.535978,0.0126
DQN,1024,82,7380,196697.50,0.7971,0.538832,0.0125
DQN,1024,83,7470,203560.00,0.7946,0.552357,0.0209
DQN,1024,84,7560,160060.00,0.7921,0.554318,0.0142
DQN,1024,85,7650,175337.50,0.7896,0.549658,0.0125
DQN,1024,86,7740,176240.00,0.7872,0.533062,0.0125
DQN,1024,87,7830,167972.50,0.7847,0.545751,0.0126
DQN,1024,88,7920,147220.00,0.7822,0.534361,0.0125
DQN,1024,89,8010,178700.00,0.7797,0.539914,0.0144
DQN,1024,90,8100,212162.50,0.7772,0.543671,0.0155
DQN,1024,91,8190,185710.00,0.7748,0.534084,0.0130
DQN,1024,92,8280,175567.50,0.7723,0.538399,0.0126
DQN,1024,93,8370,167917.50,0.7698,0.537591,0.0126
DQN,1024,94,8460,192287.50,0.7673,0.543777,0.0126
DQN,1024,95,8550,166815.00,0.7649,0.547393,0.0126
DQN,1024,96,8640,193300.00,0.7624,0.516829,0.0126
DQN,1024,97,8730,156337.50,0.7599,0.515841,0.0126
DQN,1024,98,8820,161910.00,0.7574,0.528315,0.0126
DQN,1024,99,8910,152302.50,0.7550,0.518813,0.0127
DQN,1024,100,9000,136377.50,0.7525,0.545853,0.0126
DQN,1024,101,9090,229837.50,0.7500,0.520705,0.0152
DQN,1024,102,9180,166562.50,0.7475,0.532181,0.0128
DQN,1024,103,9270,177770.00,0.7451,0.536764,0.0131
DQN,1024,104,9360,162282.50,0.7426,0.522954,0.0133
DQN,1024,105,9450,191810.00,0.7401,0.530901,0.0134
DQN,1024,106,9540,208885.00,0.7376,0.514940,0.0134
DQN,1024,107,9630,174357.50,0.7352,0.532254,0.0134
DQN,1024,108,9720,180507.50,0.7327,0.525484,0.0134
DQN,1024,109,9810,187525.00,0.7302,0.528745,0.0135
DQN,1024,110,9900,116025.00,0.7278,0.526338,0.0135
DQN,1024,111,9990,229275.00,0.7253,0.529689,0.0137
DQN,1024,112,10080,205835.00,0.7228,0.530257,0.0165
DQN,1024,113,10170,159532.50,0.7203,0.530778,0.0218
DQN,1024,114,10260,206325.00,0.7179,0.518658,0.0130
DQN,1024,115,10350,123215.00,0.7154,0.525278,0.0134
DQN,1024,116,10440,188400.00,0.7129,0.517930,0.0135
DQN,1024,117,10530,143177.50,0.7104,0.534349,0.0135
DQN,1024,118,10620,162852.50,0.7080,0.535099,0.0136
DQN,1024,119,10710,205107.50,0.7055,0.539739,0.0137
DQN,1024,120,10800,208517.50,0.7030,0.524100,0.0165
DQN,1024,121,10890,234595.00,0.7005,0.520132,0.0162
DQN,1024,122,10980,177660.00,0.6981,0.536004,0.0190
DQN,1024,123,11070,190482.50,0.6956,0.546244,0.0127
DQN,1024,124,11160,192557.50,0.6931,0.543709,0.0125
DQN,1024,125,11250,214092.50,0.6906,0.528060,0.0124
DQN,1024,126,11340,182647.50,0.6882,0.537995,0.0126
DQN,1024,127,11430,145397.50,0.6857,0.540423,0.0126
DQN,1024,128,11520,212700.00,0.6832,0.546469,0.0126
DQN,1024,129,11610,197087.50,0.6807,0.527911,0.0126
DQN,1024,130,11700,194710.00,0.6783,0.530501,0.0126
DQN,1024,131,11790,188002.50,0.6758,0.539757,0.0126
DQN,1024,132,11880,220902.50,0.6733,0.524259,0.0126
DQN,1024,133,11970,221297.50,0.6708,0.524985,0.0127
DQN,1024,134,12060,205707.50,0.6683,0.534950,0.0126
DQN,1024,135,12150,147597.50,0.6659,0.527418,0.0127
DQN,1024,136,12240,188697.50,0.6634,0.526614,0.0127
DQN,1024,137,12330,176805.00,0.6609,0.533319,0.0132
DQN,1024,138,12420,216457.50,0.6584,0.540854,0.0128
DQN,1024,139,12510,239987.50,0.6560,0.536712,0.0130
DQN,1024,140,12600,165190.00,0.6535,0.527289,0.0127
DQN,1024,141,12690,191117.50,0.6510,0.520565,0.0128
DQN,1024,142,12780,206080.00,0.6485,0.536775,0.0127
DQN,1024,143,12870,199582.50,0.6461,0.544738,0.0128
DQN,1024,144,12960,222637.50,0.6436,0.509516,0.0127
DQN,1024,145,13050,216407.50,0.6411,0.523958,0.0128
DQN,1024,146,13140,208710.00,0.6386,0.529781,0.0127
DQN,1024,147,13230,186007.50,0.6362,0.518978,0.0127
DQN,1024,148,13320,208870.00,0.6337,0.512359,0.0128
DQN,1024,149,13410,213765.00,0.6312,0.513330,0.0127
DQN,1024,150,13500,207120.00,0.6288,0.518980,0.0128
DQN,1024,151,13590,215760.00,0.6263,0.524644,0.0129
DQN,1024,152,13680,192947.50,0.6238,0.502332,0.0149
DQN,1024,153,13770,138307.50,0.6213,0.538566,0.0129
DQN,1024,154,13860,179337.50,0.6189,0.513872,0.0133
DQN,1024,155,13950,231107.50,0.6164,0.521881,0.0134
DQN,1024,156,14040,212700.00,0.6139,0.516879,0.0134
DQN,1024,157,14130,231562.50,0.6114,0.524957,0.0135
DQN,1024,158,14220,192737.50,0.6089,0.515770,0.0135
DQN,1024,159,14310,228967.50,0.6065,0.502361,0.0136
DQN,1024,160,14400,188885.00,0.6040,0.504226,0.0136
DQN,1024,161,14490,198437.50,0.6015,0.491746,0.0137
DQN,1024,162,14580,204032.50,0.5990,0.537425,0.0136
DQN,1024,163,14670,209875.00,0.5966,0.509496,0.0137
DQN,1024,164,14760,220695.00,0.5941,0.508168,0.0216
DQN,1024,165,14850,191677.50,0.5916,0.505002,0.0137
DQN,1024,166,14940,219725.00,0.5892,0.501529,0.0151
DQN,1024,167,15030,220395.00,0.5867,0.506046,0.0219
DQN,1024,168,15120,235295.00,0.5842,0.489882,0.0123
DQN,1024,169,15210,232715.00,0.5817,0.505975,0.0127
DQN,1024,170,15300,226682.50,0.5793,0.478467,0.0126
DQN,1024,171,15390,205247.50,0.5768,0.496231,0.0127
DQN,1024,172,15480,208517.50,0.5743,0.481993,0.0127
DQN,1024,173,15570,210000.00,0.5718,0.495540,0.0128
DQN,1024,174,15660,207030.00,0.5694,0.492679,0.0127
DQN,1024,175,15750,207302.50,0.5669,0.502605,0.0128
DQN,1024,176,15840,216487.50,0.5644,0.484973,0.0155
DQN,1024,177,15930,249132.50,0.5619,0.482291,0.0127
DQN,1024,178,16020,175005.00,0.5595,0.484828,0.0133
DQN,1024,179,16110,203652.50,0.5570,0.475915,0.0128
DQN,1024,180,16200,210045.00,0.5545,0.485949,0.0128
DQN,1024,181,16290,194597.50,0.5520,0.482585,0.0128
DQN,1024,182,16380,205880.00,0.5495,0.490588,0.0128
DQN,1024,183,16470,207532.50,0.5471,0.481378,0.0129
DQN,1024,184,16560,212790.00,0.5446,0.466302,0.0128
DQN,1024,185,16650,227010.00,0.5421,0.464176,0.0128
DQN,1024,186,16740,219262.50,0.5396,0.472922,0.0127
DQN,1024,187,16830,195205.00,0.5372,0.495267,0.0128
DQN,1024,188,16920,209707.50,0.5347,0.479362,0.0133
DQN,1024,189,17010,190577.50,0.5322,0.456914,0.0129
DQN,1024,190,17100,238602.50,0.5297,0.485156,0.0128
DQN,1024,191,17190,213627.50,0.5273,0.476828,0.0128
DQN,1024,192,17280,242392.50,0.5248,0.477921,0.0128
DQN,1024,193,17370,228857.50,0.5223,0.468168,0.0128
DQN,1024,194,17460,230450.00,0.5199,0.470023,0.0159
DQN,1024,195,17550,221902.50,0.5174,0.479594,0.0125
DQN,1024,196,17640,209205.00,0.5149,0.492786,0.0131
DQN,1024,197,17730,207632.50,0.5124,0.482235,0.0151
DQN,1024,198,17820,197032.50,0.5100,0.475309,0.0129
DQN,1024,199,17910,224677.50,0.5075,0.471588,0.0134
DQN,1024,200,18000,217530.00,0.5050,0.484019,0.0132
DQN,1024,201,18090,243160.00,0.5025,0.472842,0.0125
DQN,1024,202,18180,217292.50,0.5000,0.471871,0.0136
DQN,1024,203,18270,227152.50,0.4976,0.473370,0.0139
DQN,1024,204,18360,199280.00,0.4951,0.464934,0.0127
DQN,1024,205,18450,241755.00,0.4926,0.462120,0.0150
DQN,1024,206,18540,205885.00,0.4901,0.453329,0.0128
DQN,1024,207,18630,228530.00,0.4877,0.464977,0.0130
DQN,1024,208,18720,211165.00,0.4852,0.465612,0.0133
DQN,1024,209,18810,208660.00,0.4827,0.451155,0.0133
DQN,1024,210,18900,237305.00,0.4802,0.453829,0.0156
DQN,1024,211,18990,215485.00,0.4778,0.456236,0.0167
DQN,1024,212,19080,228127.50,0.4753,0.452088,0.0134
DQN,1024,213,19170,219510.00,0.4728,0.447327,0.0134
DQN,1024,214,19260,215377.50,0.4703,0.457276,0.0124
DQN,1024,215,19350,216940.00,0.4679,0.444431,0.0128
DQN,1024,216,19440,232350.00,0.4654,0.466075,0.0132
DQN,1024,217,19530,217330.00,0.4629,0.467656,0.0127
DQN,1024,218,19620,215175.00,0.4604,0.458146,0.0128
DQN,1024,219,19710,235977.50,0.4580,0.464764,0.0128
DQN,1024,220,19800,222645.00,0.4555,0.454667,0.0129
DQN,1024,221,19890,209447.50,0.4530,0.454172,0.0128
DQN,1024,222,19980,212255.00,0.4506,0.444819,0.0155
DQN,1024,223,20070,219810.00,0.4481,0.459605,0.0128
DQN,1024,224,20160,231132.50,0.4456,0.435833,0.0131
DQN,1024,225,20250,230647.50,0.4431,0.437125,0.0132
DQN,1024,226,20340,232030.00,0.4407,0.455311,0.0132
DQN,1024,227,20430,232765.00,0.4382,0.432925,0.0132
DQN,1024,228,20520,235037.50,0.4357,0.441623,0.0133
DQN,1024,229,20610,233552.50,0.4332,0.449752,0.0134
DQN,1024,230,20700,222807.50,0.4308,0.437751,0.0134
DQN,1024,231,20790,214520.00,0.4283,0.440173,0.0133
DQN,1024,232,20880,217710.00,0.4258,0.430401,0.0134
DQN,1024,233,20970,223535.00,0.4233,0.442113,0.0134
DQN,1024,234,21060,224825.00,0.4209,0.457399,0.0134
DQN,1024,235,21150,229082.50,0.4184,0.456071,0.0133
DQN,1024,236,21240,204832.50,0.4159,0.454421,0.0134
DQN,1024,237,21330,233217.50,0.4134,0.459100,0.0138
DQN,1024,238,21420,232910.00,0.4110,0.447953,0.0137
DQN,1024,239,21510,186815.00,0.4085,0.444185,0.0136
DQN,1024,240,21600,227732.50,0.4060,0.436877,0.0134
DQN,1024,241,21690,205720.00,0.4035,0.434004,0.0142
DQN,1024,242,21780,224725.00,0.4011,0.425976,0.0133
DQN,1024,243,21870,228227.50,0.3986,0.439018,0.0127
DQN,1024,244,21960,239705.00,0.3961,0.419439,0.0126
DQN,1024,245,22050,218955.00,0.3936,0.432068,0.0161
DQN,1024,246,22140,246862.50,0.3911,0.412348,0.0134
DQN,1024,247,22230,227627.50,0.3887,0.429906,0.0135
DQN,1024,248,22320,207235.00,0.3862,0.433159,0.0134
DQN,1024,249,22410,201050.00,0.3837,0.427220,0.0136
DQN,1024,250,22500,231337.50,0.3812,0.435610,0.0137
DQN,1024,251,22590,226015.00,0.3788,0.425504,0.0146
DQN,1024,252,22680,229297.50,0.3763,0.424665,0.0154
DQN,1024,253,22770,226802.50,0.3738,0.439940,0.0133
DQN,1024,254,22860,215020.00,0.3713,0.429579,0.0135
DQN,1024,255,22950,225505.00,0.3689,0.442389,0.0139
DQN,1024,256,23040,221627.50,0.3664,0.427178,0.0137
DQN,1024,257,23130,232255.00,0.3639,0.440796,0.0138
DQN,1024,258,23220,231175.00,0.3614,0.432245,0.0138
DQN,1024,259,23310,236950.00,0.3590,0.434473,0.0138
DQN,1024,260,23400,232852.50,0.3565,0.418726,0.0139
DQN,1024,261,23490,210655.00,0.3540,0.423532,0.0139
DQN,1024,262,23580,225430.00,0.3516,0.437120,0.0140
DQN,1024,263,23670,215317.50,0.3491,0.417155,0.0139
DQN,1024,264,23760,234775.00,0.3466,0.411753,0.0140
DQN,1024,265,23850,226282.50,0.3441,0.402275,0.0139
DQN,1024,266,23940,232985.00,0.3417,0.418878,0.0139
DQN,1024,267,24030,232782.50,0.3392,0.421750,0.0139
DQN,1024,268,24120,220755.00,0.3367,0.404089,0.0156
DQN,1024,269,24210,218790.00,0.3342,0.390619,0.0142
DQN,1024,270,24300,220210.00,0.3317,0.393095,0.0139
DQN,1024,271,24390,239385.00,0.3293,0.403445,0.0141
DQN,1024,272,24480,225517.50,0.3268,0.398533,0.0139
DQN,1024,273,24570,224120.00,0.3243,0.390958,0.0141
DQN,1024,274,24660,230882.50,0.3218,0.388448,0.0140
DQN,1024,275,24750,249200.00,0.3194,0.374874,0.0140
DQN,1024,276,24840,232990.00,0.3169,0.386955,0.0153
DQN,1024,277,24930,221380.00,0.3144,0.370233,0.0137
DQN,1024,278,25020,233407.50,0.3120,0.408527,0.0127
DQN,1024,279,25110,204130.00,0.3095,0.417796,0.0128
DQN,1024,280,25200,219490.00,0.3070,0.391799,0.0148
DQN,1024,281,25290,221255.00,0.3045,0.401859,0.0129
DQN,1024,282,25380,215842.50,0.3021,0.395130,0.0136
DQN,1024,283,25470,220665.00,0.2996,0.404326,0.0137
DQN,1024,284,25560,213602.50,0.2971,0.398936,0.0139
DQN,1024,285,25650,200402.50,0.2946,0.400448,0.0139
DQN,1024,286,25740,232287.50,0.2922,0.381673,0.0139
DQN,1024,287,25830,237792.50,0.2897,0.394018,0.0140
DQN,1024,288,25920,230532.50,0.2872,0.381335,0.0138
DQN,1024,289,26010,213645.00,0.2847,0.386579,0.0139
DQN,1024,290,26100,212360.00,0.2823,0.386521,0.0139
DQN,1024,291,26190,223740.00,0.2798,0.374493,0.0139
DQN,1024,292,26280,218510.00,0.2773,0.372550,0.0138
DQN,1024,293,26370,219747.50,0.2748,0.382033,0.0139
DQN,1024,294,26460,230112.50,0.2723,0.377064,0.0139
DQN,1024,295,26550,222992.50,0.2699,0.397914,0.0139
DQN,1024,296,26640,222670.00,0.2674,0.391230,0.0139
DQN,1024,297,26730,229935.00,0.2649,0.382389,0.0143
DQN,1024,298,26820,232607.50,0.2624,0.395032,0.0140
DQN,1024,299,26910,217482.50,0.2600,0.370066,0.0140
DQN,1024,300,27000,227112.50,0.2575,0.376855,0.0140
DQN,1024,301,27090,220605.00,0.2550,0.361175,0.0248
DQN,1024,302,27180,230097.50,0.2526,0.365759,0.0136
DQN,1024,303,27270,237322.50,0.2501,0.370354,0.0139
DQN,1024,304,27360,214157.50,0.2476,0.350459,0.0139
DQN,1024,305,27450,228342.50,0.2451,0.359121,0.0140
DQN,1024,306,27540,224152.50,0.2427,0.373023,0.0139
DQN,1024,307,27630,228977.50,0.2402,0.351527,0.0139
DQN,1024,308,27720,231837.50,0.2377,0.347466,0.0140
DQN,1024,309,27810,232670.00,0.2352,0.351646,0.0139
DQN,1024,310,27900,236522.50,0.2328,0.349143,0.0139
DQN,1024,311,27990,227950.00,0.2303,0.347682,0.0154
DQN,1024,312,28080,216297.50,0.2278,0.340136,0.0141
DQN,1024,313,28170,231420.00,0.2253,0.343123,0.0144
DQN,1024,314,28260,236512.50,0.2228,0.335775,0.0141
DQN,1024,315,28350,224340.00,0.2204,0.340335,0.0140
DQN,1024,316,28440,247707.50,0.2179,0.316840,0.0142
DQN,1024,317,28530,217075.00,0.2154,0.318857,0.0140
DQN,1024,318,28620,231505.00,0.2129,0.314981,0.0139
DQN,1024,319,28710,222485.00,0.2105,0.317832,0.0140
DQN,1024,320,28800,226597.50,0.2080,0.300207,0.0140
DQN,1024,321,28890,228720.00,0.2055,0.308373,0.0162
DQN,1024,322,28980,232550.00,0.2030,0.307163,0.0142
DQN,1024,323,29070,231282.50,0.2006,0.314228,0.0141
DQN,1024,324,29160,217045.00,0.1981,0.303648,0.0139
DQN,1024,325,29250,236902.50,0.1956,0.294094,0.0140
DQN,1024,326,29340,245352.50,0.1932,0.301652,0.0140
DQN,1024,327,29430,224537.50,0.1907,0.298276,0.0139
DQN,1024,328,29520,231247.50,0.1882,0.307569,0.0139
DQN,1024,329,29610,246852.50,0.1857,0.300642,0.0140
DQN,1024,330,29700,223257.50,0.1833,0.310338,0.0139
DQN,1024,331,29790,240207.50,0.1808,0.314563,0.0140
DQN,1024,332,29880,249345.00,0.1783,0.296052,0.0139
DQN,1024,333,29970,228285.00,0.1758,0.292252,0.0140
DQN,1024,334,30060,241017.50,0.1734,0.309268,0.0140
DQN,1024,335,30150,224320.00,0.1709,0.299144,0.0140
DQN,1024,336,30240,242727.50,0.1684,0.289920,0.0154
DQN,1024,337,30330,230055.00,0.1659,0.294313,0.0143
DQN,1024,338,30420,233275.00,0.1634,0.287165,0.0180
DQN,1024,339,30510,233160.00,0.1610,0.291258,0.0145
DQN,1024,340,30600,213522.50,0.1585,0.290162,0.0129
DQN,1024,341,30690,223155.00,0.1560,0.301648,0.0128
DQN,1024,342,30780,234435.00,0.1536,0.293287,0.0129
DQN,1024,343,30870,226735.00,0.1511,0.287664,0.0128
DQN,1024,344,30960,233722.50,0.1486,0.284432,0.0129
DQN,1024,345,31050,231445.00,0.1461,0.284874,0.0129
DQN,1024,346,31140,235237.50,0.1437,0.263772,0.0155
DQN,1024,347,31230,233200.00,0.1412,0.268745,0.0137
DQN,1024,348,31320,222272.50,0.1387,0.271912,0.0137
DQN,1024,349,31410,229257.50,0.1362,0.273239,0.0138
DQN,1024,350,31500,229610.00,0.1338,0.264589,0.0138
DQN,1024,351,31590,230010.00,0.1313,0.301930,0.0148
DQN,1024,352,31680,226267.50,0.1288,0.289745,0.0218
DQN,1024,353,31770,228607.50,0.1263,0.289860,0.0217
DQN,1024,354,31860,233477.50,0.1239,0.276920,0.0179
DQN,1024,355,31950,241722.50,0.1214,0.275998,0.0159
DQN,1024,356,32040,234862.50,0.1189,0.291762,0.0166
DQN,1024,357,32130,227495.00,0.1164,0.291255,0.0142
DQN,1024,358,32220,224267.50,0.1139,0.276514,0.0134
DQN,1024,359,32310,233555.00,0.1115,0.280755,0.0158
DQN,1024,360,32400,232700.00,0.1090,0.282550,0.0131
DQN,1024,361,32490,226850.00,0.1065,0.270229,0.0130
DQN,1024,362,32580,235827.50,0.1040,0.270593,0.0130
DQN,1024,363,32670,239102.50,0.1016,0.276363,0.0130
DQN,1024,364,32760,232995.00,0.0991,0.274367,0.0131
DQN,1024,365,32850,235862.50,0.0966,0.252726,0.0130
DQN,1024,366,32940,235157.50,0.0941,0.274023,0.0130
DQN,1024,367,33030,230162.50,0.0917,0.257961,0.0131
DQN,1024,368,33120,230520.00,0.0892,0.262242,0.0150
DQN,1024,369,33210,231200.00,0.0867,0.270368,0.0131
DQN,1024,370,33300,233505.00,0.0842,0.257361,0.0136
DQN,1024,371,33390,220747.50,0.0818,0.260289,0.0137
DQN,1024,372,33480,224542.50,0.0793,0.262243,0.0138
DQN,1024,373,33570,240237.50,0.0768,0.271076,0.0140
DQN,1024,374,33660,224972.50,0.0743,0.257931,0.0139
DQN,1024,375,33750,227790.00,0.0719,0.256583,0.0164
DQN,1024,376,33840,224027.50,0.0694,0.259984,0.0127
DQN,1024,377,33930,226312.50,0.0669,0.265174,0.0144
DQN,1024,378,34020,229395.00,0.0645,0.254898,0.0128
DQN,1024,379,34110,227180.00,0.0620,0.266389,0.0131
DQN,1024,380,34200,229395.00,0.0595,0.254008,0.0130
DQN,1024,381,34290,231785.00,0.0570,0.253449,0.0130
DQN,1024,382,34380,235922.50,0.0546,0.262409,0.0130
DQN,1024,383,34470,240852.50,0.0521,0.254380,0.0131
DQN,1024,384,34560,222387.50,0.0496,0.265225,0.0130
DQN,1024,385,34650,214100.00,0.0471,0.255295,0.0131
DQN,1024,386,34740,215385.00,0.0447,0.261732,0.0159
DQN,1024,387,34830,227860.00,0.0422,0.258458,0.0147
DQN,1024,388,34920,228302.50,0.0397,0.254970,0.0149
DQN,1024,389,35010,224497.50,0.0372,0.259301,0.0128
DQN,1024,390,35100,225270.00,0.0348,0.248580,0.0134
DQN,1024,391,35190,224160.00,0.0323,0.258596,0.0151
DQN,1024,392,35280,229140.00,0.0298,0.245267,0.0129
DQN,1024,393,35370,227182.50,0.0273,0.247884,0.0145
DQN,1024,394,35460,219827.50,0.0249,0.245281,0.0132
DQN,1024,395,35550,244050.00,0.0224,0.241665,0.0130
DQN,1024,396,35640,245530.00,0.0199,0.242902,0.0130
DQN,1024,397,35730,252992.50,0.0174,0.228603,0.0132
DQN,1024,398,35820,228895.00,0.0150,0.238912,0.0129
DQN,1024,399,35910,238560.00,0.0125,0.235622,0.0131
DQN,1024,400,36000,230665.00,0.0100,0.236017,0.0131
DQN,1024,401,36090,220987.50,0.0100,0.266994,0.0148
DQN,1024,402,36180,226827.50,0.0100,0.268480,0.0168
DQN,1024,403,36270,229422.50,0.0100,0.263077,0.0135
DQN,1024,404,36360,238800.00,0.0100,0.253316,0.0131
DQN,1024,405,36450,227745.00,0.0100,0.262114,0.0130
DQN,1024,406,36540,220270.00,0.0100,0.255847,0.0130
DQN,1024,407,36630,227587.50,0.0100,0.247198,0.0130
DQN,1024,408,36720,236605.00,0.0100,0.253362,0.0131
DQN,1024,409,36810,232832.50,0.0100,0.244814,0.0132
DQN,1024,410,36900,230985.00,0.0100,0.234512,0.0132
DQN,1024,411,36990,239832.50,0.0100,0.243534,0.0130
DQN,1024,412,37080,230587.50,0.0100,0.234928,0.0130
DQN,1024,413,37170,246310.00,0.0100,0.231848,0.0131
DQN,1024,414,37260,247905.00,0.0100,0.224499,0.0131
DQN,1024,415,37350,232947.50,0.0100,0.230937,0.0168
DQN,1024,416,37440,237915.00,0.0100,0.239512,0.0134
DQN,1024,417,37530,235630.00,0.0100,0.224123,0.0128
DQN,1024,418,37620,238097.50,0.0100,0.230410,0.0132
DQN,1024,419,37710,232272.50,0.0100,0.224253,0.0150
DQN,1024,420,37800,230820.00,0.0100,0.217249,0.0137
DQN,1024,421,37890,238302.50,0.0100,0.229242,0.0129
DQN,1024,422,37980,231215.00,0.0100,0.220173,0.0130
DQN,1024,423,38070,233170.00,0.0100,0.216530,0.0130
DQN,1024,424,38160,235205.00,0.0100,0.208496,0.0130
DQN,1024,425,38250,235390.00,0.0100,0.209186,0.0160
DQN,1024,426,38340,233960.00,0.0100,0.206040,0.0152
DQN,1024,427,38430,245505.00,0.0100,0.213895,0.0133
DQN,1024,428,38520,238627.50,0.0100,0.214459,0.0134
DQN,1024,429,38610,233142.50,0.0100,0.212594,0.0137
DQN,1024,430,38700,244590.00,0.0100,0.207165,0.0138
DQN,1024,431,38790,234757.50,0.0100,0.202684,0.0139
DQN,1024,432,38880,243062.50,0.0100,0.210126,0.0139
DQN,1024,433,38970,228020.00,0.0100,0.213430,0.0139
DQN,1024,434,39060,237185.00,0.0100,0.210113,0.0139
DQN,1024,435,39150,224962.50,0.0100,0.220072,0.0139
DQN,1024,436,39240,232547.50,0.0100,0.210333,0.0139
DQN,1024,437,39330,223875.00,0.0100,0.212170,0.0139
DQN,1024,438,39420,227612.50,0.0100,0.210479,0.0162
DQN,1024,439,39510,219822.50,0.0100,0.213232,0.0130
DQN,1024,440,39600,242787.50,0.0100,0.196827,0.0137
DQN,1024,441,39690,230862.50,0.0100,0.200327,0.0130
DQN,1024,442,39780,247560.00,0.0100,0.200956,0.0137
DQN,1024,443,39870,229907.50,0.0100,0.193142,0.0140
DQN,1024,444,39960,236332.50,0.0100,0.193073,0.0139
DQN,1024,445,40050,234660.00,0.0100,0.193298,0.0139
DQN,1024,446,40140,230182.50,0.0100,0.196233,0.0140
DQN,1024,447,40230,230595.00,0.0100,0.209682,0.0140
DQN,1024,448,40320,239362.50,0.0100,0.211961,0.0140
DQN,1024,449,40410,231080.00,0.0100,0.202242,0.0140
DQN,1024,450,40500,231115.00,0.0100,0.209357,0.0139
DQN,1024,451,40590,246895.00,0.0100,0.192322,0.0218
DQN,1024,452,40680,237985.00,0.0100,0.198062,0.0133
DQN,1024,453,40770,241237.50,0.0100,0.202253,0.0130
DQN,1024,454,40860,237127.50,0.0100,0.195962,0.0144
DQN,1024,455,40950,232452.50,0.0100,0.197075,0.0132
DQN,1024,456,41040,239097.50,0.0100,0.194887,0.0137
DQN,1024,457,41130,236007.50,0.0100,0.199766,0.0138
DQN,1024,458,41220,245825.00,0.0100,0.202491,0.0146
DQN,1024,459,41310,239992.50,0.0100,0.204029,0.0141
DQN,1024,460,41400,235442.50,0.0100,0.201204,0.0140
DQN,1024,461,41490,224280.00,0.0100,0.201139,0.0140
DQN,1024,462,41580,238075.00,0.0100,0.224542,0.0174
DQN,1024,463,41670,231275.00,0.0100,0.222680,0.0128
DQN,1024,464,41760,232382.50,0.0100,0.218984,0.0128
DQN,1024,465,41850,224890.00,0.0100,0.210141,0.0131
DQN,1024,466,41940,225585.00,0.0100,0.218214,0.0130
DQN,1024,467,42030,222847.50,0.0100,0.219799,0.0131
DQN,1024,468,42120,239167.50,0.0100,0.196851,0.0149
DQN,1024,469,42210,234477.50,0.0100,0.194464,0.0204
DQN,1024,470,42300,230057.50,0.0100,0.194356,0.0134
DQN,1024,471,42390,236137.50,0.0100,0.198483,0.0129
DQN,1024,472,42480,231182.50,0.0100,0.191335,0.0132
DQN,1024,473,42570,245897.50,0.0100,0.184966,0.0131
DQN,1024,474,42660,236680.00,0.0100,0.184992,0.0131
DQN,1024,475,42750,235832.50,0.0100,0.182365,0.0132
DQN,1024,476,42840,241645.00,0.0100,0.192101,0.0135
DQN,1024,477,42930,227935.00,0.0100,0.184045,0.0135
DQN,1024,478,43020,245472.50,0.0100,0.185632,0.0133
DQN,1024,479,43110,252250.00,0.0100,0.186830,0.0132
DQN,1024,480,43200,225760.00,0.0100,0.184685,0.0133
DQN,1024,481,43290,242437.50,0.0100,0.184297,0.0143
DQN,1024,482,43380,228957.50,0.0100,0.186672,0.0131
DQN,1024,483,43470,229960.00,0.0100,0.188596,0.0138
DQN,1024,484,43560,236915.00,0.0100,0.187680,0.0139
DQN,1024,485,43650,233315.00,0.0100,0.188543,0.0138
DQN,1024,486,43740,235990.00,0.0100,0.179396,0.0138
DQN,1024,487,43830,240967.50,0.0100,0.188527,0.0139
DQN,1024,488,43920,238815.00,0.0100,0.190220,0.0139
DQN,1024,489,44010,233555.00,0.0100,0.181016,0.0140
DQN,1024,490,44100,236467.50,0.0100,0.185383,0.0139
DQN,1024,491,44190,246295.00,0.0100,0.188988,0.0141
DQN,1024,492,44280,227740.00,0.0100,0.183605,0.0139
DQN,1024,493,44370,216340.00,0.0100,0.187219,0.0165
DQN,1024,494,44460,229797.50,0.0100,0.189788,0.0129
DQN,1024,495,44550,231455.00,0.0100,0.191880,0.0131
DQN,1024,496,44640,238297.50,0.0100,0.193772,0.0133
DQN,1024,497,44730,244517.50,0.0100,0.206410,0.0133
DQN,1024,498,44820,239640.00,0.0100,0.196722,0.0133
DQN,1024,499,44910,239602.50,0.0100,0.192271,0.0134
DQN,1024,500,45000,238947.50,0.0100,0.191064,0.0134
