policy,seed,episode,total_steps,reward,epsilon,loss,duration_sec
DoubleDQN,42,1,90,120610.00,0.9975,0.000000,0.0004
DoubleDQN,42,2,180,172257.50,0.9950,0.000000,0.0004
DoubleDQN,42,3,270,88025.00,0.9926,0.000000,0.0004
DoubleDQN,42,4,360,132415.00,0.9901,0.000000,0.0004
DoubleDQN,42,5,450,67200.00,0.9876,0.000000,0.0004
DoubleDQN,42,6,540,151772.50,0.9851,3.771349,0.0072
DoubleDQN,42,7,630,164490.00,0.9827,2.360238,0.0136
DoubleDQN,42,8,720,113867.50,0.9802,1.419760,0.0135
DoubleDQN,42,9,810,31767.50,0.9777,1.361828,0.0136
DoubleDQN,42,10,900,67885.00,0.9752,1.319730,0.0147
DoubleDQN,42,11,990,136607.50,0.9728,1.249706,0.0141
DoubleDQN,42,12,1080,99615.00,0.9703,2.858839,0.0133
DoubleDQN,42,13,1170,133750.00,0.9678,1.151066,0.0136
DoubleDQN,42,14,1260,158012.50,0.9654,1.116505,0.0139
DoubleDQN,42,15,1350,128682.50,0.9629,1.031882,0.0142
DoubleDQN,42,16,1440,145562.50,0.9604,1.024362,0.0148
DoubleDQN,42,17,1530,123882.50,0.9579,1.675789,0.0148
DoubleDQN,42,18,1620,147590.00,0.9555,1.092387,0.0151
DoubleDQN,42,19,1710,174225.00,0.9530,0.982651,0.0162
DoubleDQN,42,20,1800,114140.00,0.9505,0.940017,0.0152
DoubleDQN,42,21,1890,115715.00,0.9480,0.903422,0.0162
DoubleDQN,42,22,1980,109095.00,0.9456,0.871419,0.0216
DoubleDQN,42,23,2070,139177.50,0.9431,1.594112,0.0208
DoubleDQN,42,24,2160,189742.50,0.9406,0.952914,0.0143
DoubleDQN,42,25,2250,190460.00,0.9381,0.918690,0.0167
DoubleDQN,42,26,2340,117365.00,0.9356,0.894841,0.0141
DoubleDQN,42,27,2430,152932.50,0.9332,0.863632,0.0180
DoubleDQN,42,28,2520,182560.00,0.9307,1.400671,0.0155
DoubleDQN,42,29,2610,108715.00,0.9282,1.100885,0.0191
DoubleDQN,42,30,2700,99607.50,0.9257,0.974368,0.0141
DoubleDQN,42,31,2790,93447.50,0.9233,0.941716,0.0156
DoubleDQN,42,32,2880,171750.00,0.9208,0.916064,0.0149
DoubleDQN,42,33,2970,161265.00,0.9183,0.894426,0.0166
DoubleDQN,42,34,3060,128722.50,0.9159,1.403274,0.0158
DoubleDQN,42,35,3150,136130.00,0.9134,1.023739,0.0141
DoubleDQN,42,36,3240,113555.00,0.9109,0.997227,0.0154
DoubleDQN,42,37,3330,151995.00,0.9084,0.989079,0.0167
DoubleDQN,42,38,3420,122040.00,0.9060,1.004674,0.0149
DoubleDQN,42,39,3510,130542.50,0.9035,1.273250,0.0172
DoubleDQN,42,40,3600,140565.00,0.9010,1.098792,0.0148
DoubleDQN,42,41,3690,163820.00,0.8985,0.960356,0.0149
DoubleDQN,42,42,3780,150302.50,0.8961,0.953737,0.0156
DoubleDQN,42,43,3870,137962.50,0.8936,0.952886,0.0165
DoubleDQN,42,44,3960,164645.00,0.8911,0.922381,0.0149
DoubleDQN,42,45,4050,119920.00,0.8886,1.110189,0.0169
DoubleDQN,42,46,4140,150592.50,0.8861,0.780017,0.0165
DoubleDQN,42,47,4230,140060.00,0.8837,0.760351,0.0159
DoubleDQN,42,48,4320,186860.00,0.8812,0.751385,0.0145
DoubleDQN,42,49,4410,50105.00,0.8787,0.717449,0.0154
DoubleDQN,42,50,4500,172030.00,0.8762,0.719703,0.0161
DoubleDQN,42,51,4590,146415.00,0.8738,0.772511,0.0163
DoubleDQN,42,52,4680,171155.00,0.8713,0.654124,0.0161
DoubleDQN,42,53,4770,160305.00,0.8688,0.634855,0.0175
DoubleDQN,42,54,4860,128607.50,0.8663,0.623521,0.0155
DoubleDQN,42,55,4950,180045.00,0.8639,0.623185,0.0159
DoubleDQN,42,56,5040,145465.00,0.8614,0.665670,0.0167
DoubleDQN,42,57,5130,155875.00,0.8589,0.610698,0.0170
DoubleDQN,42,58,5220,125917.50,0.8565,0.605295,0.0163
DoubleDQN,42,59,5310,126327.50,0.8540,0.596081,0.0163
DoubleDQN,42,60,5400,181587.50,0.8515,0.591185,0.0154
DoubleDQN,42,61,5490,151075.00,0.8490,0.579130,0.0171
DoubleDQN,42,62,5580,169117.50,0.8466,0.626652,0.0174
DoubleDQN,42,63,5670,175035.00,0.8441,0.587506,0.0165
DoubleDQN,42,64,5760,169320.00,0.8416,0.567227,0.0164
DoubleDQN,42,65,5850,171212.50,0.8391,0.580071,0.0166
DoubleDQN,42,66,5940,175687.50,0.8367,0.576751,0.0183
DoubleDQN,42,67,6030,135785.00,0.8342,0.584324,0.0175
DoubleDQN,42,68,6120,110772.50,0.8317,0.577252,0.0163
DoubleDQN,42,69,6210,139697.50,0.8292,0.596240,0.0183
DoubleDQN,42,70,6300,155665.00,0.8267,0.579869,0.0234
DoubleDQN,42,71,6390,88370.00,0.8243,0.561671,0.0154
DoubleDQN,42,72,6480,194185.00,0.8218,0.570244,0.0159
DoubleDQN,42,73,6570,175330.00,0.8193,0.599938,0.0156
DoubleDQN,42,74,6660,134060.00,0.8168,0.556302,0.0160
DoubleDQN,42,75,6750,108127.50,0.8144,0.574868,0.0156
DoubleDQN,42,76,6840,149247.50,0.8119,0.581450,0.0175
DoubleDQN,42,77,6930,187192.50,0.8094,0.561488,0.0160
DoubleDQN,42,78,7020,167252.50,0.8070,0.553518,0.0152
DoubleDQN,42,79,7110,156732.50,0.8045,0.582736,0.0167
DoubleDQN,42,80,7200,200707.50,0.8020,0.577457,0.0160
DoubleDQN,42,81,7290,181140.00,0.7995,0.556209,0.0165
DoubleDQN,42,82,7380,156067.50,0.7971,0.551063,0.0166
DoubleDQN,42,83,7470,179570.00,0.7946,0.552796,0.0163
DoubleDQN,42,84,7560,185615.00,0.7921,0.590395,0.0170
DoubleDQN,42,85,7650,201282.50,0.7896,0.573132,0.0155
DoubleDQN,42,86,7740,176127.50,0.7872,0.605790,0.0153
DoubleDQN,42,87,7830,172195.00,0.7847,0.572961,0.0162
DoubleDQN,42,88,7920,124037.50,0.7822,0.573472,0.0137
DoubleDQN,42,89,8010,173067.50,0.7797,0.569077,0.0180
DoubleDQN,42,90,8100,204780.00,0.7772,0.582728,0.0142
DoubleDQN,42,91,8190,179642.50,0.7748,0.568553,0.0153
DoubleDQN,42,92,8280,201897.50,0.7723,0.563428,0.0163
DoubleDQN,42,93,8370,192317.50,0.7698,0.569603,0.0158
DoubleDQN,42,94,8460,186255.00,0.7673,0.548254,0.0246
DoubleDQN,42,95,8550,206237.50,0.7649,0.574040,0.0150
DoubleDQN,42,96,8640,215825.00,0.7624,0.563422,0.0168
DoubleDQN,42,97,8730,133300.00,0.7599,0.542164,0.0151
DoubleDQN,42,98,8820,226755.00,0.7574,0.564198,0.0160
DoubleDQN,42,99,8910,181147.50,0.7550,0.556889,0.0150
DoubleDQN,42,100,9000,155120.00,0.7525,0.567835,0.0155
DoubleDQN,42,101,9090,161740.00,0.7500,0.551828,0.0161
DoubleDQN,42,102,9180,207332.50,0.7475,0.546913,0.0179
DoubleDQN,42,103,9270,213127.50,0.7451,0.550943,0.0200
DoubleDQN,42,104,9360,232690.00,0.7426,0.546469,0.0226
DoubleDQN,42,105,9450,175922.50,0.7401,0.538834,0.0155
DoubleDQN,42,106,9540,197352.50,0.7376,0.570983,0.0163
DoubleDQN,42,107,9630,214567.50,0.7352,0.552182,0.0156
DoubleDQN,42,108,9720,197505.00,0.7327,0.545133,0.0179
DoubleDQN,42,109,9810,158070.00,0.7302,0.555990,0.0164
DoubleDQN,42,110,9900,190510.00,0.7278,0.539134,0.0180
DoubleDQN,42,111,9990,205750.00,0.7253,0.536500,0.0175
DoubleDQN,42,112,10080,160382.50,0.7228,0.553510,0.0152
DoubleDQN,42,113,10170,232640.00,0.7203,0.542749,0.0164
DoubleDQN,42,114,10260,206982.50,0.7179,0.542095,0.0157
DoubleDQN,42,115,10350,192360.00,0.7154,0.537629,0.0159
DoubleDQN,42,116,10440,207587.50,0.7129,0.535239,0.0161
DoubleDQN,42,117,10530,219955.00,0.7104,0.558805,0.0157
DoubleDQN,42,118,10620,184520.00,0.7080,0.520105,0.0159
DoubleDQN,42,119,10710,214450.00,0.7055,0.529915,0.0167
DoubleDQN,42,120,10800,193597.50,0.7030,0.529520,0.0176
DoubleDQN,42,121,10890,191182.50,0.7005,0.532687,0.0198
DoubleDQN,42,122,10980,198512.50,0.6981,0.512783,0.0155
DoubleDQN,42,123,11070,140130.00,0.6956,0.546341,0.0170
DoubleDQN,42,124,11160,195340.00,0.6931,0.523003,0.0165
DoubleDQN,42,125,11250,159475.00,0.6906,0.518558,0.0162
DoubleDQN,42,126,11340,176992.50,0.6882,0.524506,0.0170
DoubleDQN,42,127,11430,202975.00,0.6857,0.535896,0.0169
DoubleDQN,42,128,11520,170717.50,0.6832,0.531831,0.0166
DoubleDQN,42,129,11610,190477.50,0.6807,0.523737,0.0171
DoubleDQN,42,130,11700,217357.50,0.6783,0.526158,0.0176
DoubleDQN,42,131,11790,196272.50,0.6758,0.508914,0.0177
DoubleDQN,42,132,11880,179892.50,0.6733,0.512078,0.0184
DoubleDQN,42,133,11970,220632.50,0.6708,0.504090,0.0196
DoubleDQN,42,134,12060,187155.00,0.6683,0.525496,0.0142
DoubleDQN,42,135,12150,226145.00,0.6659,0.513451,0.0151
DoubleDQN,42,136,12240,223452.50,0.6634,0.496574,0.0168
DoubleDQN,42,137,12330,181360.00,0.6609,0.519344,0.0147
DoubleDQN,42,138,12420,172060.00,0.6584,0.518703,0.0171
DoubleDQN,42,139,12510,199497.50,0.6560,0.506781,0.0158
DoubleDQN,42,140,12600,169290.00,0.6535,0.517016,0.0156
DoubleDQN,42,141,12690,212837.50,0.6510,0.501436,0.0156
DoubleDQN,42,142,12780,198290.00,0.6485,0.505877,0.0146
DoubleDQN,42,143,12870,207617.50,0.6461,0.519269,0.0165
DoubleDQN,42,144,12960,198247.50,0.6436,0.505171,0.0163
DoubleDQN,42,145,13050,220897.50,0.6411,0.508852,0.0153
DoubleDQN,42,146,13140,172987.50,0.6386,0.509252,0.0152
DoubleDQN,42,147,13230,198247.50,0.6362,0.484999,0.0151
DoubleDQN,42,148,13320,169520.00,0.6337,0.485537,0.0160
DoubleDQN,42,149,13410,214965.00,0.6312,0.499039,0.0172
DoubleDQN,42,150,13500,214330.00,0.6288,0.480308,0.0156
DoubleDQN,42,151,13590,184627.50,0.6263,0.513244,0.0177
DoubleDQN,42,152,13680,198752.50,0.6238,0.482847,0.0155
DoubleDQN,42,153,13770,216242.50,0.6213,0.515582,0.0163
DoubleDQN,42,154,13860,233147.50,0.6189,0.487576,0.0156
DoubleDQN,42,155,13950,177572.50,0.6164,0.493249,0.0144
DoubleDQN,42,156,14040,221085.00,0.6139,0.505168,0.0145
DoubleDQN,42,157,14130,193585.00,0.6114,0.501405,0.0161
DoubleDQN,42,158,14220,227452.50,0.6089,0.496004,0.0148
DoubleDQN,42,159,14310,191967.50,0.6065,0.486997,0.0159
DoubleDQN,42,160,14400,211737.50,0.6040,0.484260,0.0161
DoubleDQN,42,161,14490,210402.50,0.6015,0.480898,0.0179
DoubleDQN,42,162,14580,213152.50,0.5990,0.483657,0.0248
DoubleDQN,42,163,14670,228167.50,0.5966,0.470727,0.0153
DoubleDQN,42,164,14760,216440.00,0.5941,0.500139,0.0227
DoubleDQN,42,165,14850,217227.50,0.5916,0.504672,0.0152
DoubleDQN,42,166,14940,208615.00,0.5892,0.488904,0.0145
DoubleDQN,42,167,15030,217665.00,0.5867,0.481915,0.0164
DoubleDQN,42,168,15120,218767.50,0.5842,0.484369,0.0175
DoubleDQN,42,169,15210,204957.50,0.5817,0.482976,0.0286
DoubleDQN,42,170,15300,187512.50,0.5793,0.455721,0.0160
DoubleDQN,42,171,15390,200290.00,0.5768,0.457547,0.0151
DoubleDQN,42,172,15480,185692.50,0.5743,0.479327,0.0151
DoubleDQN,42,173,15570,215805.00,0.5718,0.470159,0.0201
DoubleDQN,42,174,15660,164567.50,0.5694,0.464482,0.0174
DoubleDQN,42,175,15750,199145.00,0.5669,0.466313,0.0171
DoubleDQN,42,176,15840,215397.50,0.5644,0.457649,0.0220
DoubleDQN,42,177,15930,214802.50,0.5619,0.465860,0.0178
DoubleDQN,42,178,16020,216850.00,0.5595,0.451721,0.0179
DoubleDQN,42,179,16110,194302.50,0.5570,0.456849,0.0167
DoubleDQN,42,180,16200,225877.50,0.5545,0.467027,0.0179
DoubleDQN,42,181,16290,216812.50,0.5520,0.451784,0.0179
DoubleDQN,42,182,16380,196350.00,0.5495,0.434150,0.0170
DoubleDQN,42,183,16470,217612.50,0.5471,0.447746,0.0169
DoubleDQN,42,184,16560,220230.00,0.5446,0.435128,0.0187
DoubleDQN,42,185,16650,193950.00,0.5421,0.449921,0.0179
DoubleDQN,42,186,16740,180732.50,0.5396,0.451144,0.0164
DoubleDQN,42,187,16830,191505.00,0.5372,0.448330,0.0184
DoubleDQN,42,188,16920,209345.00,0.5347,0.448967,0.0183
DoubleDQN,42,189,17010,216955.00,0.5322,0.451962,0.0183
DoubleDQN,42,190,17100,201977.50,0.5297,0.448637,0.0214
DoubleDQN,42,191,17190,216065.00,0.5273,0.459630,0.0189
DoubleDQN,42,192,17280,195717.50,0.5248,0.468549,0.0174
DoubleDQN,42,193,17370,224135.00,0.5223,0.475502,0.0188
DoubleDQN,42,194,17460,201075.00,0.5199,0.461965,0.0190
DoubleDQN,42,195,17550,219582.50,0.5174,0.457256,0.0159
DoubleDQN,42,196,17640,218742.50,0.5149,0.455732,0.0173
DoubleDQN,42,197,17730,223595.00,0.5124,0.457152,0.0199
DoubleDQN,42,198,17820,215917.50,0.5100,0.444544,0.0204
DoubleDQN,42,199,17910,230332.50,0.5075,0.452429,0.0186
DoubleDQN,42,200,18000,222262.50,0.5050,0.441369,0.0176
DoubleDQN,42,201,18090,221142.50,0.5025,0.447362,0.0209
DoubleDQN,42,202,18180,209705.00,0.5000,0.457327,0.0158
DoubleDQN,42,203,18270,196702.50,0.4976,0.457502,0.0191
DoubleDQN,42,204,18360,198880.00,0.4951,0.452466,0.0204
DoubleDQN,42,205,18450,216497.50,0.4926,0.441023,0.0160
DoubleDQN,42,206,18540,207045.00,0.4901,0.438351,0.0155
DoubleDQN,42,207,18630,231177.50,0.4877,0.447451,0.0189
DoubleDQN,42,208,18720,205130.00,0.4852,0.435611,0.0210
DoubleDQN,42,209,18810,219042.50,0.4827,0.432627,0.0161
DoubleDQN,42,210,18900,225727.50,0.4802,0.423913,0.0150
DoubleDQN,42,211,18990,189492.50,0.4778,0.425618,0.0140
DoubleDQN,42,212,19080,227420.00,0.4753,0.431870,0.0142
DoubleDQN,42,213,19170,218367.50,0.4728,0.452043,0.0142
DoubleDQN,42,214,19260,215057.50,0.4703,0.437451,0.0142
DoubleDQN,42,215,19350,229152.50,0.4679,0.446781,0.0165
DoubleDQN,42,216,19440,224877.50,0.4654,0.452443,0.0229
DoubleDQN,42,217,19530,224455.00,0.4629,0.433710,0.0153
DoubleDQN,42,218,19620,238042.50,0.4604,0.431887,0.0143
DoubleDQN,42,219,19710,231212.50,0.4580,0.433222,0.0175
DoubleDQN,42,220,19800,206470.00,0.4555,0.433653,0.0176
DoubleDQN,42,221,19890,224740.00,0.4530,0.436446,0.0148
DoubleDQN,42,222,19980,237700.00,0.4506,0.430503,0.0161
DoubleDQN,42,223,20070,216505.00,0.4481,0.454934,0.0207
DoubleDQN,42,224,20160,229717.50,0.4456,0.427006,0.0359
DoubleDQN,42,225,20250,222935.00,0.4431,0.422587,0.0201
DoubleDQN,42,226,20340,207832.50,0.4407,0.427808,0.0188
DoubleDQN,42,227,20430,214060.00,0.4382,0.429677,0.0167
DoubleDQN,42,228,20520,218195.00,0.4357,0.421285,0.0141
DoubleDQN,42,229,20610,209217.50,0.4332,0.429638,0.0143
DoubleDQN,42,230,20700,216852.50,0.4308,0.434540,0.0143
DoubleDQN,42,231,20790,229765.00,0.4283,0.426167,0.0145
DoubleDQN,42,232,20880,186182.50,0.4258,0.413842,0.0171
DoubleDQN,42,233,20970,225437.50,0.4233,0.418256,0.0161
DoubleDQN,42,234,21060,211932.50,0.4209,0.416309,0.0175
DoubleDQN,42,235,21150,204865.00,0.4184,0.414282,0.0163
DoubleDQN,42,236,21240,230725.00,0.4159,0.407526,0.0169
DoubleDQN,42,237,21330,209660.00,0.4134,0.404715,0.0180
DoubleDQN,42,238,21420,200182.50,0.4110,0.395994,0.0153
DoubleDQN,42,239,21510,244880.00,0.4085,0.413540,0.0155
DoubleDQN,42,240,21600,231032.50,0.4060,0.392143,0.0168
DoubleDQN,42,241,21690,225317.50,0.4035,0.408599,0.0218
DoubleDQN,42,242,21780,214705.00,0.4011,0.387484,0.0174
DoubleDQN,42,243,21870,207032.50,0.3986,0.396559,0.0151
DoubleDQN,42,244,21960,215575.00,0.3961,0.367621,0.0194
DoubleDQN,42,245,22050,202745.00,0.3936,0.390886,0.0169
DoubleDQN,42,246,22140,217115.00,0.3911,0.388555,0.0184
DoubleDQN,42,247,22230,228587.50,0.3887,0.385567,0.0149
DoubleDQN,42,248,22320,178275.00,0.3862,0.394697,0.0140
DoubleDQN,42,249,22410,234990.00,0.3837,0.389614,0.0151
DoubleDQN,42,250,22500,207247.50,0.3812,0.392130,0.0176
DoubleDQN,42,251,22590,239565.00,0.3788,0.367122,0.0176
DoubleDQN,42,252,22680,232200.00,0.3763,0.357333,0.0189
DoubleDQN,42,253,22770,220987.50,0.3738,0.358107,0.0182
DoubleDQN,42,254,22860,224497.50,0.3713,0.351103,0.0172
DoubleDQN,42,255,22950,232402.50,0.3689,0.363770,0.0171
DoubleDQN,42,256,23040,228027.50,0.3664,0.350863,0.0165
DoubleDQN,42,257,23130,230102.50,0.3639,0.365706,0.0177
DoubleDQN,42,258,23220,229020.00,0.3614,0.352489,0.0172
DoubleDQN,42,259,23310,206307.50,0.3590,0.345569,0.0170
DoubleDQN,42,260,23400,236250.00,0.3565,0.352436,0.0187
DoubleDQN,42,261,23490,218880.00,0.3540,0.359965,0.0172
DoubleDQN,42,262,23580,233920.00,0.3516,0.367344,0.0187
DoubleDQN,42,263,23670,227172.50,0.3491,0.359040,0.0155
DoubleDQN,42,264,23760,252182.50,0.3466,0.366001,0.0167
DoubleDQN,42,265,23850,241977.50,0.3441,0.362553,0.0171
DoubleDQN,42,266,23940,226920.00,0.3417,0.366335,0.0162
DoubleDQN,42,267,24030,218952.50,0.3392,0.356704,0.0245
DoubleDQN,42,268,24120,227225.00,0.3367,0.359432,0.0170
DoubleDQN,42,269,24210,235737.50,0.3342,0.370459,0.0169
DoubleDQN,42,270,24300,212257.50,0.3317,0.377530,0.0189
DoubleDQN,42,271,24390,216305.00,0.3293,0.366286,0.0173
DoubleDQN,42,272,24480,238997.50,0.3268,0.369556,0.0244
DoubleDQN,42,273,24570,228105.00,0.3243,0.388281,0.0172
DoubleDQN,42,274,24660,226490.00,0.3218,0.366812,0.0166
DoubleDQN,42,275,24750,233995.00,0.3194,0.357326,0.0242
DoubleDQN,42,276,24840,233165.00,0.3169,0.362361,0.0162
DoubleDQN,42,277,24930,232835.00,0.3144,0.365596,0.0176
DoubleDQN,42,278,25020,225857.50,0.3120,0.353089,0.0173
DoubleDQN,42,279,25110,233875.00,0.3095,0.363705,0.0213
DoubleDQN,42,280,25200,215382.50,0.3070,0.358084,0.0183
DoubleDQN,42,281,25290,248697.50,0.3045,0.363726,0.0171
DoubleDQN,42,282,25380,218927.50,0.3021,0.352001,0.0173
DoubleDQN,42,283,25470,243300.00,0.2996,0.382605,0.0190
DoubleDQN,42,284,25560,226350.00,0.2971,0.348208,0.0179
DoubleDQN,42,285,25650,217330.00,0.2946,0.351143,0.0223
DoubleDQN,42,286,25740,225265.00,0.2922,0.343829,0.0182
DoubleDQN,42,287,25830,220937.50,0.2897,0.348419,0.0172
DoubleDQN,42,288,25920,228910.00,0.2872,0.340538,0.0173
DoubleDQN,42,289,26010,224975.00,0.2847,0.341138,0.0176
DoubleDQN,42,290,26100,230592.50,0.2823,0.337662,0.0168
DoubleDQN,42,291,26190,232620.00,0.2798,0.329564,0.0165
DoubleDQN,42,292,26280,240505.00,0.2773,0.339468,0.0158
DoubleDQN,42,293,26370,238887.50,0.2748,0.338061,0.0264
DoubleDQN,42,294,26460,228885.00,0.2723,0.335695,0.0183
DoubleDQN,42,295,26550,200995.00,0.2699,0.329089,0.0158
DoubleDQN,42,296,26640,219737.50,0.2674,0.338539,0.0158
DoubleDQN,42,297,26730,212535.00,0.2649,0.332369,0.0168
DoubleDQN,42,298,26820,239887.50,0.2624,0.345303,0.0158
DoubleDQN,42,299,26910,236715.00,0.2600,0.338577,0.0161
DoubleDQN,42,300,27000,243005.00,0.2575,0.346417,0.0162
DoubleDQN,42,301,27090,221877.50,0.2550,0.340908,0.0194
DoubleDQN,42,302,27180,230945.00,0.2526,0.357796,0.0175
DoubleDQN,42,303,27270,219827.50,0.2501,0.349421,0.0161
DoubleDQN,42,304,27360,231197.50,0.2476,0.341208,0.0166
DoubleDQN,42,305,27450,231657.50,0.2451,0.332302,0.0168
DoubleDQN,42,306,27540,228192.50,0.2427,0.331633,0.0171
DoubleDQN,42,307,27630,217530.00,0.2402,0.362951,0.0172
DoubleDQN,42,308,27720,213877.50,0.2377,0.340036,0.0157
DoubleDQN,42,309,27810,213990.00,0.2352,0.339448,0.0179
DoubleDQN,42,310,27900,234830.00,0.2328,0.347437,0.0167
DoubleDQN,42,311,27990,227062.50,0.2303,0.332996,0.0153
DoubleDQN,42,312,28080,225162.50,0.2278,0.309071,0.0145
DoubleDQN,42,313,28170,220177.50,0.2253,0.324786,0.0143
DoubleDQN,42,314,28260,232467.50,0.2228,0.315222,0.0144
DoubleDQN,42,315,28350,239517.50,0.2204,0.325625,0.0144
DoubleDQN,42,316,28440,225582.50,0.2179,0.320230,0.0144
DoubleDQN,42,317,28530,236322.50,0.2154,0.318474,0.0188
DoubleDQN,42,318,28620,203462.50,0.2129,0.297416,0.0227
DoubleDQN,42,319,28710,230652.50,0.2105,0.314191,0.0149
DoubleDQN,42,320,28800,228187.50,0.2080,0.295208,0.0171
DoubleDQN,42,321,28890,241362.50,0.2055,0.307983,0.0179
DoubleDQN,42,322,28980,232100.00,0.2030,0.314146,0.0175
DoubleDQN,42,323,29070,241275.00,0.2006,0.331962,0.0166
DoubleDQN,42,324,29160,225397.50,0.1981,0.336352,0.0165
DoubleDQN,42,325,29250,228935.00,0.1956,0.311140,0.0168
DoubleDQN,42,326,29340,220210.00,0.1932,0.310498,0.0160
DoubleDQN,42,327,29430,223212.50,0.1907,0.318939,0.0144
DoubleDQN,42,328,29520,217807.50,0.1882,0.298550,0.0163
DoubleDQN,42,329,29610,236542.50,0.1857,0.314513,0.0166
DoubleDQN,42,330,29700,218525.00,0.1833,0.306560,0.0197
DoubleDQN,42,331,29790,214767.50,0.1808,0.313756,0.0189
DoubleDQN,42,332,29880,222862.50,0.1783,0.308360,0.0167
DoubleDQN,42,333,29970,239772.50,0.1758,0.304729,0.0151
DoubleDQN,42,334,30060,228295.00,0.1734,0.306981,0.0167
DoubleDQN,42,335,30150,224867.50,0.1709,0.286638,0.0151
DoubleDQN,42,336,30240,225312.50,0.1684,0.290917,0.0154
DoubleDQN,42,337,30330,224177.50,0.1659,0.292479,0.0162
DoubleDQN,42,338,30420,229367.50,0.1634,0.293637,0.0145
DoubleDQN,42,339,30510,232060.00,0.1610,0.293154,0.0190
DoubleDQN,42,340,30600,219032.50,0.1585,0.298629,0.0194
DoubleDQN,42,341,30690,228325.00,0.1560,0.293634,0.0150
DoubleDQN,42,342,30780,226982.50,0.1536,0.298156,0.0157
DoubleDQN,42,343,30870,237972.50,0.1511,0.288521,0.0153
DoubleDQN,42,344,30960,220340.00,0.1486,0.290559,0.0161
DoubleDQN,42,345,31050,235272.50,0.1461,0.300357,0.0163
DoubleDQN,42,346,31140,218625.00,0.1437,0.317159,0.0164
DoubleDQN,42,347,31230,227885.00,0.1412,0.311086,0.0163
DoubleDQN,42,348,31320,230957.50,0.1387,0.310572,0.0160
DoubleDQN,42,349,31410,228022.50,0.1362,0.307684,0.0196
DoubleDQN,42,350,31500,234152.50,0.1338,0.278800,0.0189
DoubleDQN,42,351,31590,233205.00,0.1313,0.296265,0.0193
DoubleDQN,42,352,31680,234457.50,0.1288,0.296262,0.0152
DoubleDQN,42,353,31770,232072.50,0.1263,0.292608,0.0159
DoubleDQN,42,354,31860,230015.00,0.1239,0.294936,0.0167
DoubleDQN,42,355,31950,237940.00,0.1214,0.298334,0.0262
DoubleDQN,42,356,32040,226422.50,0.1189,0.286574,0.0156
DoubleDQN,42,357,32130,225427.50,0.1164,0.270317,0.0157
DoubleDQN,42,358,32220,227877.50,0.1139,0.280288,0.0153
DoubleDQN,42,359,32310,250885.00,0.1115,0.285150,0.0172
DoubleDQN,42,360,32400,234867.50,0.1090,0.279495,0.0187
DoubleDQN,42,361,32490,227502.50,0.1065,0.275869,0.0187
DoubleDQN,42,362,32580,232020.00,0.1040,0.278074,0.0202
DoubleDQN,42,363,32670,235875.00,0.1016,0.255104,0.0154
DoubleDQN,42,364,32760,233185.00,0.0991,0.258684,0.0180
DoubleDQN,42,365,32850,231892.50,0.0966,0.276227,0.0174
DoubleDQN,42,366,32940,225917.50,0.0941,0.257113,0.0165
DoubleDQN,42,367,33030,231840.00,0.0917,0.266390,0.0151
DoubleDQN,42,368,33120,229200.00,0.0892,0.272119,0.0148
DoubleDQN,42,369,33210,235930.00,0.0867,0.268210,0.0145
DoubleDQN,42,370,33300,228695.00,0.0842,0.260457,0.0144
DoubleDQN,42,371,33390,229047.50,0.0818,0.266050,0.0145
DoubleDQN,42,372,33480,224557.50,0.0793,0.270534,0.0146
DoubleDQN,42,373,33570,230805.00,0.0768,0.242506,0.0145
DoubleDQN,42,374,33660,238990.00,0.0743,0.258793,0.0145
DoubleDQN,42,375,33750,244177.50,0.0719,0.252131,0.0147
DoubleDQN,42,376,33840,231805.00,0.0694,0.246266,0.0145
DoubleDQN,42,377,33930,216167.50,0.0669,0.255628,0.0146
DoubleDQN,42,378,34020,222102.50,0.0645,0.239716,0.0145
DoubleDQN,42,379,34110,231617.50,0.0620,0.250739,0.0146
DoubleDQN,42,380,34200,239532.50,0.0595,0.240772,0.0145
DoubleDQN,42,381,34290,235657.50,0.0570,0.244592,0.0145
DoubleDQN,42,382,34380,237387.50,0.0546,0.246247,0.0146
DoubleDQN,42,383,34470,240775.00,0.0521,0.251692,0.0168
DoubleDQN,42,384,34560,234412.50,0.0496,0.242493,0.0148
DoubleDQN,42,385,34650,220082.50,0.0471,0.241033,0.0147
DoubleDQN,42,386,34740,234792.50,0.0447,0.245445,0.0146
DoubleDQN,42,387,34830,229867.50,0.0422,0.249872,0.0147
DoubleDQN,42,388,34920,243845.00,0.0397,0.241739,0.0147
DoubleDQN,42,389,35010,234592.50,0.0372,0.236522,0.0147
DoubleDQN,42,390,35100,227410.00,0.0348,0.231859,0.0147
DoubleDQN,42,391,35190,226262.50,0.0323,0.232616,0.0146
DoubleDQN,42,392,35280,248600.00,0.0298,0.226418,0.0146
DoubleDQN,42,393,35370,241867.50,0.0273,0.230729,0.0147
DoubleDQN,42,394,35460,236742.50,0.0249,0.227437,0.0173
DoubleDQN,42,395,35550,247812.50,0.0224,0.215441,0.0152
DoubleDQN,42,396,35640,235480.00,0.0199,0.219102,0.0146
DoubleDQN,42,397,35730,236537.50,0.0174,0.217700,0.0146
DoubleDQN,42,398,35820,233970.00,0.0150,0.230003,0.0146
DoubleDQN,42,399,35910,234397.50,0.0125,0.221192,0.0146
DoubleDQN,42,400,36000,237480.00,0.0100,0.222510,0.0146
DoubleDQN,42,401,36090,235617.50,0.0100,0.214831,0.0239
DoubleDQN,42,402,36180,238142.50,0.0100,0.232851,0.0151
DoubleDQN,42,403,36270,235587.50,0.0100,0.222535,0.0146
DoubleDQN,42,404,36360,234482.50,0.0100,0.217144,0.0146
DoubleDQN,42,405,36450,233505.00,0.0100,0.209714,0.0144
DoubleDQN,42,406,36540,228722.50,0.0100,0.235717,0.0145
DoubleDQN,42,407,36630,223782.50,0.0100,0.240158,0.0146
DoubleDQN,42,408,36720,231190.00,0.0100,0.232883,0.0145
DoubleDQN,42,409,36810,228310.00,0.0100,0.225235,0.0146
DoubleDQN,42,410,36900,224417.50,0.0100,0.223235,0.0146
DoubleDQN,42,411,36990,234627.50,0.0100,0.222000,0.0145
DoubleDQN,42,412,37080,230125.00,0.0100,0.216395,0.0146
DoubleDQN,42,413,37170,228507.50,0.0100,0.223013,0.0145
DoubleDQN,42,414,37260,238415.00,0.0100,0.234929,0.0146
DoubleDQN,42,415,37350,236460.00,0.0100,0.220533,0.0146
DoubleDQN,42,416,37440,227035.00,0.0100,0.219440,0.0146
DoubleDQN,42,417,37530,232837.50,0.0100,0.216650,0.0146
DoubleDQN,42,418,37620,234157.50,0.0100,0.208081,0.0145
DoubleDQN,42,419,37710,227652.50,0.0100,0.214675,0.0146
DoubleDQN,42,420,37800,239570.00,0.0100,0.210641,0.0146
DoubleDQN,42,421,37890,239712.50,0.0100,0.217626,0.0145
DoubleDQN,42,422,37980,233410.00,0.0100,0.207501,0.0145
DoubleDQN,42,423,38070,236255.00,0.0100,0.223448,0.0146
DoubleDQN,42,424,38160,230972.50,0.0100,0.212882,0.0145
DoubleDQN,42,425,38250,224045.00,0.0100,0.211182,0.0146
DoubleDQN,42,426,38340,225917.50,0.0100,0.205453,0.0146
DoubleDQN,42,427,38430,226005.00,0.0100,0.237982,0.0146
DoubleDQN,42,428,38520,244332.50,0.0100,0.199626,0.0145
DoubleDQN,42,429,38610,224400.00,0.0100,0.196216,0.0146
DoubleDQN,42,430,38700,242140.00,0.0100,0.196643,0.0146
DoubleDQN,42,431,38790,239422.50,0.0100,0.188371,0.0145
DoubleDQN,42,432,38880,224400.00,0.0100,0.193387,0.0145
DoubleDQN,42,433,38970,236335.00,0.0100,0.196506,0.0146
DoubleDQN,42,434,39060,235230.00,0.0100,0.199377,0.0145
DoubleDQN,42,435,39150,234850.00,0.0100,0.199169,0.0147
DoubleDQN,42,436,39240,245655.00,0.0100,0.203515,0.0145
DoubleDQN,42,437,39330,237330.00,0.0100,0.199672,0.0177
DoubleDQN,42,438,39420,225290.00,0.0100,0.201044,0.0148
DoubleDQN,42,439,39510,234920.00,0.0100,0.201212,0.0146
DoubleDQN,42,440,39600,244515.00,0.0100,0.187138,0.0146
DoubleDQN,42,441,39690,235735.00,0.0100,0.188768,0.0146
DoubleDQN,42,442,39780,238187.50,0.0100,0.194320,0.0163
DoubleDQN,42,443,39870,233547.50,0.0100,0.186916,0.0152
DoubleDQN,42,444,39960,229745.00,0.0100,0.184670,0.0146
DoubleDQN,42,445,40050,243697.50,0.0100,0.185276,0.0146
DoubleDQN,42,446,40140,239135.00,0.0100,0.177078,0.0145
DoubleDQN,42,447,40230,237355.00,0.0100,0.180918,0.0146
DoubleDQN,42,448,40320,229570.00,0.0100,0.187408,0.0170
DoubleDQN,42,449,40410,232502.50,0.0100,0.184774,0.0147
DoubleDQN,42,450,40500,235870.00,0.0100,0.186109,0.0147
DoubleDQN,42,451,40590,239085.00,0.0100,0.198075,0.0167
DoubleDQN,42,452,40680,231745.00,0.0100,0.193870,0.0157
DoubleDQN,42,453,40770,228780.00,0.0100,0.185101,0.0181
DoubleDQN,42,454,40860,236227.50,0.0100,0.192357,0.0162
DoubleDQN,42,455,40950,227605.00,0.0100,0.194287,0.0144
DoubleDQN,42,456,41040,235500.00,0.0100,0.184709,0.0147
DoubleDQN,42,457,41130,246030.00,0.0100,0.195415,0.0146
DoubleDQN,42,458,41220,238725.00,0.0100,0.182436,0.0146
DoubleDQN,42,459,41310,227885.00,0.0100,0.183542,0.0146
DoubleDQN,42,460,41400,223655.00,0.0100,0.182584,0.0146
DoubleDQN,42,461,41490,245635.00,0.0100,0.190074,0.0146
DoubleDQN,42,462,41580,226515.00,0.0100,0.190502,0.0146
DoubleDQN,42,463,41670,236577.50,0.0100,0.188619,0.0146
DoubleDQN,42,464,41760,233922.50,0.0100,0.200173,0.0146
DoubleDQN,42,465,41850,216525.00,0.0100,0.190545,0.0147
DoubleDQN,42,466,41940,211820.00,0.0100,0.193240,0.0147
DoubleDQN,42,467,42030,226812.50,0.0100,0.184401,0.0147
DoubleDQN,42,468,42120,239097.50,0.0100,0.195027,0.0146
DoubleDQN,42,469,42210,233735.00,0.0100,0.192005,0.0147
DoubleDQN,42,470,42300,222955.00,0.0100,0.188273,0.0146
DoubleDQN,42,471,42390,234367.50,0.0100,0.192793,0.0146
DoubleDQN,42,472,42480,234647.50,0.0100,0.204545,0.0146
DoubleDQN,42,473,42570,230067.50,0.0100,0.184545,0.0146
DoubleDQN,42,474,42660,232325.00,0.0100,0.180200,0.0147
DoubleDQN,42,475,42750,230180.00,0.0100,0.179025,0.0147
DoubleDQN,42,476,42840,238332.50,0.0100,0.184737,0.0146
DoubleDQN,42,477,42930,233145.00,0.0100,0.178118,0.0149
DoubleDQN,42,478,43020,218202.50,0.0100,0.193324,0.0147
DoubleDQN,42,479,43110,228837.50,0.0100,0.205645,0.0148
DoubleDQN,42,480,43200,243372.50,0.0100,0.198555,0.0147
DoubleDQN,42,481,43290,238382.50,0.0100,0.205316,0.0147
DoubleDQN,42,482,43380,231547.50,0.0100,0.206854,0.0147
DoubleDQN,42,483,43470,237527.50,0.0100,0.179521,0.0148
DoubleDQN,42,484,43560,228337.50,0.0100,0.187578,0.0149
DoubleDQN,42,485,43650,224725.00,0.0100,0.187916,0.0167
DoubleDQN,42,486,43740,232335.00,0.0100,0.196892,0.0148
DoubleDQN,42,487,43830,235015.00,0.0100,0.187256,0.0148
DoubleDQN,42,488,43920,247065.00,0.0100,0.184389,0.0159
DoubleDQN,42,489,44010,229347.50,0.0100,0.189165,0.0173
DoubleDQN,42,490,44100,223325.00,0.0100,0.181428,0.0152
DoubleDQN,42,491,44190,239087.50,0.0100,0.175384,0.0148
DoubleDQN,42,492,44280,235187.50,0.0100,0.181031,0.0156
DoubleDQN,42,493,44370,238565.00,0.0100,0.174342,0.0160
DoubleDQN,42,494,44460,227390.00,0.0100,0.178302,0.0155
DoubleDQN,42,495,44550,242727.50,0.0100,0.187516,0.0150
DoubleDQN,42,496,44640,229650.00,0.0100,0.182504,0.0150
DoubleDQN,42,497,44730,233585.00,0.0100,0.181575,0.0153
DoubleDQN,42,498,44820,231847.50,0.0100,0.183836,0.0155
DoubleDQN,42,499,44910,240335.00,0.0100,0.190954,0.0154
DoubleDQN,42,500,45000,242840.00,0.0100,0.182622,0.0154
DoubleDQN,123,1,90,181277.50,0.9975,0.000000,0.0018
DoubleDQN,123,2,180,166555.00,0.9950,0.000000,0.0004
DoubleDQN,123,3,270,97707.50,0.9926,0.000000,0.0004
DoubleDQN,123,4,360,131260.00,0.9901,0.000000,0.0004
DoubleDQN,123,5,450,88877.50,0.9876,0.000000,0.0004
DoubleDQN,123,6,540,132272.50,0.9851,3.476684,0.0080
DoubleDQN,123,7,630,119385.00,0.9827,2.276554,0.0192
DoubleDQN,123,8,720,154372.50,0.9802,1.424006,0.0158
DoubleDQN,123,9,810,136300.00,0.9777,1.371530,0.0172
DoubleDQN,123,10,900,155805.00,0.9752,1.410556,0.0158
DoubleDQN,123,11,990,206880.00,0.9728,1.364847,0.0150
DoubleDQN,123,12,1080,165520.00,0.9703,2.663221,0.0146
DoubleDQN,123,13,1170,155790.00,0.9678,1.218435,0.0146
DoubleDQN,123,14,1260,133847.50,0.9654,1.163268,0.0146
DoubleDQN,123,15,1350,34872.50,0.9629,1.171003,0.0146
DoubleDQN,123,16,1440,187822.50,0.9604,1.126052,0.0172
DoubleDQN,123,17,1530,198560.00,0.9579,1.727774,0.0149
DoubleDQN,123,18,1620,54575.00,0.9555,1.119378,0.0147
DoubleDQN,123,19,1710,143925.00,0.9530,1.014549,0.0147
DoubleDQN,123,20,1800,95190.00,0.9505,0.957981,0.0147
DoubleDQN,123,21,1890,66230.00,0.9480,0.891475,0.0165
DoubleDQN,123,22,1980,164242.50,0.9456,0.872372,0.0151
DoubleDQN,123,23,2070,150785.00,0.9431,1.495165,0.0146
DoubleDQN,123,24,2160,128190.00,0.9406,0.928065,0.0181
DoubleDQN,123,25,2250,182490.00,0.9381,0.867303,0.0149
DoubleDQN,123,26,2340,121382.50,0.9356,0.777896,0.0145
DoubleDQN,123,27,2430,99085.00,0.9332,0.765444,0.0144
DoubleDQN,123,28,2520,129340.00,0.9307,1.143248,0.0144
DoubleDQN,123,29,2610,194260.00,0.9282,1.019695,0.0144
DoubleDQN,123,30,2700,85782.50,0.9257,0.862954,0.0160
DoubleDQN,123,31,2790,144030.00,0.9233,0.828271,0.0147
DoubleDQN,123,32,2880,162030.00,0.9208,0.804877,0.0147
DoubleDQN,123,33,2970,202490.00,0.9183,0.817794,0.0145
DoubleDQN,123,34,3060,132730.00,0.9159,1.185633,0.0145
DoubleDQN,123,35,3150,197712.50,0.9134,0.905881,0.0144
DoubleDQN,123,36,3240,156912.50,0.9109,0.876102,0.0145
DoubleDQN,123,37,3330,110062.50,0.9084,0.832073,0.0144
DoubleDQN,123,38,3420,123415.00,0.9060,0.906421,0.0166
DoubleDQN,123,39,3510,118772.50,0.9035,1.076762,0.0149
DoubleDQN,123,40,3600,159007.50,0.9010,0.984926,0.0144
DoubleDQN,123,41,3690,132830.00,0.8985,0.950257,0.0142
DoubleDQN,123,42,3780,89380.00,0.8961,0.935749,0.0141
DoubleDQN,123,43,3870,146100.00,0.8936,0.938372,0.0143
DoubleDQN,123,44,3960,135587.50,0.8911,0.946380,0.0141
DoubleDQN,123,45,4050,172207.50,0.8886,1.065608,0.0142
DoubleDQN,123,46,4140,97057.50,0.8861,0.833584,0.0142
DoubleDQN,123,47,4230,148462.50,0.8837,0.769271,0.0143
DoubleDQN,123,48,4320,84400.00,0.8812,0.754989,0.0146
DoubleDQN,123,49,4410,160155.00,0.8787,0.738462,0.0145
DoubleDQN,123,50,4500,111447.50,0.8762,0.736800,0.0146
DoubleDQN,123,51,4590,123527.50,0.8738,0.738060,0.0164
DoubleDQN,123,52,4680,186062.50,0.8713,0.638252,0.0150
DoubleDQN,123,53,4770,199325.00,0.8688,0.622970,0.0149
DoubleDQN,123,54,4860,196580.00,0.8663,0.623784,0.0149
DoubleDQN,123,55,4950,112610.00,0.8639,0.594444,0.0173
DoubleDQN,123,56,5040,122225.00,0.8614,0.669771,0.0191
DoubleDQN,123,57,5130,141337.50,0.8589,0.594386,0.0165
DoubleDQN,123,58,5220,147565.00,0.8565,0.580019,0.0154
DoubleDQN,123,59,5310,163112.50,0.8540,0.570409,0.0168
DoubleDQN,123,60,5400,162260.00,0.8515,0.560111,0.0176
DoubleDQN,123,61,5490,170912.50,0.8490,0.562756,0.0177
DoubleDQN,123,62,5580,218737.50,0.8466,0.589338,0.0163
DoubleDQN,123,63,5670,142402.50,0.8441,0.545737,0.0157
DoubleDQN,123,64,5760,137622.50,0.8416,0.543729,0.0157
DoubleDQN,123,65,5850,169917.50,0.8391,0.558034,0.0157
DoubleDQN,123,66,5940,155115.00,0.8367,0.536580,0.0157
DoubleDQN,123,67,6030,174460.00,0.8342,0.568237,0.0179
DoubleDQN,123,68,6120,169820.00,0.8317,0.568714,0.0173
DoubleDQN,123,69,6210,139115.00,0.8292,0.550974,0.0176
DoubleDQN,123,70,6300,163530.00,0.8267,0.568555,0.0191
DoubleDQN,123,71,6390,185420.00,0.8243,0.571821,0.0164
DoubleDQN,123,72,6480,203360.00,0.8218,0.562371,0.0176
DoubleDQN,123,73,6570,189905.00,0.8193,0.573081,0.0176
DoubleDQN,123,74,6660,186862.50,0.8168,0.565166,0.0189
DoubleDQN,123,75,6750,197512.50,0.8144,0.580987,0.0168
DoubleDQN,123,76,6840,155917.50,0.8119,0.575752,0.0161
DoubleDQN,123,77,6930,174195.00,0.8094,0.570915,0.0162
DoubleDQN,123,78,7020,205497.50,0.8070,0.559219,0.0162
DoubleDQN,123,79,7110,174637.50,0.8045,0.589560,0.0162
DoubleDQN,123,80,7200,125767.50,0.8020,0.549414,0.0194
DoubleDQN,123,81,7290,151285.00,0.7995,0.555955,0.0200
DoubleDQN,123,82,7380,152875.00,0.7971,0.569516,0.0195
DoubleDQN,123,83,7470,204452.50,0.7946,0.579866,0.0169
DoubleDQN,123,84,7560,190200.00,0.7921,0.562157,0.0166
DoubleDQN,123,85,7650,198152.50,0.7896,0.554951,0.0208
DoubleDQN,123,86,7740,173722.50,0.7872,0.546366,0.0186
DoubleDQN,123,87,7830,144345.00,0.7847,0.556573,0.0192
DoubleDQN,123,88,7920,165740.00,0.7822,0.558668,0.0166
DoubleDQN,123,89,8010,218525.00,0.7797,0.546244,0.0179
DoubleDQN,123,90,8100,171047.50,0.7772,0.557158,0.0175
DoubleDQN,123,91,8190,152875.00,0.7748,0.572870,0.0207
DoubleDQN,123,92,8280,175490.00,0.7723,0.564777,0.0175
DoubleDQN,123,93,8370,194705.00,0.7698,0.565993,0.0168
DoubleDQN,123,94,8460,204120.00,0.7673,0.556750,0.0166
DoubleDQN,123,95,8550,180582.50,0.7649,0.569401,0.0166
DoubleDQN,123,96,8640,191192.50,0.7624,0.564109,0.0173
DoubleDQN,123,97,8730,179847.50,0.7599,0.549972,0.0199
DoubleDQN,123,98,8820,194062.50,0.7574,0.559426,0.0188
DoubleDQN,123,99,8910,114297.50,0.7550,0.552435,0.0203
DoubleDQN,123,100,9000,202717.50,0.7525,0.553748,0.0175
DoubleDQN,123,101,9090,198257.50,0.7500,0.578541,0.0187
DoubleDQN,123,102,9180,158515.00,0.7475,0.544084,0.0180
DoubleDQN,123,103,9270,187975.00,0.7451,0.532675,0.0184
DoubleDQN,123,104,9360,169182.50,0.7426,0.528181,0.0168
DoubleDQN,123,105,9450,197885.00,0.7401,0.538306,0.0180
DoubleDQN,123,106,9540,168630.00,0.7376,0.570500,0.0171
DoubleDQN,123,107,9630,178217.50,0.7352,0.534080,0.0158
DoubleDQN,123,108,9720,149255.00,0.7327,0.549126,0.0163
DoubleDQN,123,109,9810,180667.50,0.7302,0.538605,0.0174
DoubleDQN,123,110,9900,180900.00,0.7278,0.528400,0.0173
DoubleDQN,123,111,9990,171227.50,0.7253,0.518786,0.0162
DoubleDQN,123,112,10080,215995.00,0.7228,0.529806,0.0158
DoubleDQN,123,113,10170,177612.50,0.7203,0.526759,0.0172
DoubleDQN,123,114,10260,180232.50,0.7179,0.532250,0.0175
DoubleDQN,123,115,10350,219357.50,0.7154,0.521144,0.0169
DoubleDQN,123,116,10440,196892.50,0.7129,0.517609,0.0183
DoubleDQN,123,117,10530,176035.00,0.7104,0.517433,0.0176
DoubleDQN,123,118,10620,148537.50,0.7080,0.527935,0.0173
DoubleDQN,123,119,10710,197700.00,0.7055,0.533037,0.0181
DoubleDQN,123,120,10800,201075.00,0.7030,0.531547,0.0174
DoubleDQN,123,121,10890,227272.50,0.7005,0.493569,0.0158
DoubleDQN,123,122,10980,208122.50,0.6981,0.526936,0.0170
DoubleDQN,123,123,11070,147022.50,0.6956,0.532583,0.0171
DoubleDQN,123,124,11160,184062.50,0.6931,0.524826,0.0158
DoubleDQN,123,125,11250,147802.50,0.6906,0.514667,0.0164
DoubleDQN,123,126,11340,208232.50,0.6882,0.504246,0.0173
DoubleDQN,123,127,11430,171260.00,0.6857,0.501984,0.0159
DoubleDQN,123,128,11520,150957.50,0.6832,0.508647,0.0155
DoubleDQN,123,129,11610,176415.00,0.6807,0.511587,0.0173
DoubleDQN,123,130,11700,192287.50,0.6783,0.508263,0.0169
DoubleDQN,123,131,11790,192015.00,0.6758,0.515252,0.0170
DoubleDQN,123,132,11880,134580.00,0.6733,0.514039,0.0166
DoubleDQN,123,133,11970,138400.00,0.6708,0.521930,0.0159
DoubleDQN,123,134,12060,179307.50,0.6683,0.506632,0.0158
DoubleDQN,123,135,12150,199830.00,0.6659,0.512870,0.0170
DoubleDQN,123,136,12240,225535.00,0.6634,0.542370,0.0156
DoubleDQN,123,137,12330,207332.50,0.6609,0.523816,0.0149
DoubleDQN,123,138,12420,193672.50,0.6584,0.513974,0.0164
DoubleDQN,123,139,12510,214517.50,0.6560,0.533506,0.0156
DoubleDQN,123,140,12600,195400.00,0.6535,0.500811,0.0161
DoubleDQN,123,141,12690,171282.50,0.6510,0.521848,0.0179
DoubleDQN,123,142,12780,206000.00,0.6485,0.507104,0.0181
DoubleDQN,123,143,12870,194372.50,0.6461,0.491591,0.0166
DoubleDQN,123,144,12960,222207.50,0.6436,0.499429,0.0173
DoubleDQN,123,145,13050,199240.00,0.6411,0.523495,0.0173
DoubleDQN,123,146,13140,195702.50,0.6386,0.500644,0.0152
DoubleDQN,123,147,13230,190042.50,0.6362,0.505286,0.0161
DoubleDQN,123,148,13320,174687.50,0.6337,0.508179,0.0164
DoubleDQN,123,149,13410,195817.50,0.6312,0.486573,0.0183
DoubleDQN,123,150,13500,206105.00,0.6288,0.509599,0.0166
DoubleDQN,123,151,13590,204002.50,0.6263,0.510081,0.0174
DoubleDQN,123,152,13680,217985.00,0.6238,0.496294,0.0192
DoubleDQN,123,153,13770,216725.00,0.6213,0.525848,0.0170
DoubleDQN,123,154,13860,214815.00,0.6189,0.490259,0.0167
DoubleDQN,123,155,13950,209517.50,0.6164,0.498708,0.0167
DoubleDQN,123,156,14040,228362.50,0.6139,0.499586,0.0163
DoubleDQN,123,157,14130,199720.00,0.6114,0.481044,0.0163
DoubleDQN,123,158,14220,188260.00,0.6089,0.483408,0.0175
DoubleDQN,123,159,14310,203795.00,0.6065,0.489577,0.0163
DoubleDQN,123,160,14400,230152.50,0.6040,0.497830,0.0163
DoubleDQN,123,161,14490,211965.00,0.6015,0.481066,0.0179
DoubleDQN,123,162,14580,212205.00,0.5990,0.478482,0.0169
DoubleDQN,123,163,14670,204337.50,0.5966,0.464683,0.0171
DoubleDQN,123,164,14760,219215.00,0.5941,0.479340,0.0167
DoubleDQN,123,165,14850,201937.50,0.5916,0.469220,0.0169
DoubleDQN,123,166,14940,207532.50,0.5892,0.476491,0.0177
DoubleDQN,123,167,15030,215967.50,0.5867,0.475602,0.0180
DoubleDQN,123,168,15120,210317.50,0.5842,0.467786,0.0163
DoubleDQN,123,169,15210,210805.00,0.5817,0.472597,0.0174
DoubleDQN,123,170,15300,203810.00,0.5793,0.469578,0.0172
DoubleDQN,123,171,15390,188932.50,0.5768,0.467105,0.0165
DoubleDQN,123,172,15480,222865.00,0.5743,0.487706,0.0164
DoubleDQN,123,173,15570,189095.00,0.5718,0.485527,0.0183
DoubleDQN,123,174,15660,202707.50,0.5694,0.474636,0.0197
DoubleDQN,123,175,15750,211482.50,0.5669,0.495649,0.0171
DoubleDQN,123,176,15840,196795.00,0.5644,0.463087,0.0168
DoubleDQN,123,177,15930,217705.00,0.5619,0.467815,0.0170
DoubleDQN,123,178,16020,231567.50,0.5595,0.476610,0.0180
DoubleDQN,123,179,16110,204060.00,0.5570,0.471918,0.0168
DoubleDQN,123,180,16200,228075.00,0.5545,0.454041,0.0172
DoubleDQN,123,181,16290,232380.00,0.5520,0.471427,0.0177
DoubleDQN,123,182,16380,221742.50,0.5495,0.459927,0.0172
DoubleDQN,123,183,16470,180032.50,0.5471,0.457816,0.0175
DoubleDQN,123,184,16560,189320.00,0.5446,0.477982,0.0158
DoubleDQN,123,185,16650,210417.50,0.5421,0.476973,0.0173
DoubleDQN,123,186,16740,214675.00,0.5396,0.460472,0.0169
DoubleDQN,123,187,16830,221037.50,0.5372,0.461711,0.0164
DoubleDQN,123,188,16920,229800.00,0.5347,0.459313,0.0165
DoubleDQN,123,189,17010,223230.00,0.5322,0.454085,0.0178
DoubleDQN,123,190,17100,221760.00,0.5297,0.465068,0.0180
DoubleDQN,123,191,17190,209062.50,0.5273,0.473953,0.0193
DoubleDQN,123,192,17280,218667.50,0.5248,0.462747,0.0167
DoubleDQN,123,193,17370,243350.00,0.5223,0.473724,0.0150
DoubleDQN,123,194,17460,195887.50,0.5199,0.453620,0.0145
DoubleDQN,123,195,17550,191335.00,0.5174,0.470705,0.0145
DoubleDQN,123,196,17640,213972.50,0.5149,0.461806,0.0145
DoubleDQN,123,197,17730,225767.50,0.5124,0.458022,0.0146
DoubleDQN,123,198,17820,234472.50,0.5100,0.459920,0.0146
DoubleDQN,123,199,17910,225730.00,0.5075,0.459637,0.0149
DoubleDQN,123,200,18000,211642.50,0.5050,0.463622,0.0151
DoubleDQN,123,201,18090,232362.50,0.5025,0.458092,0.0170
DoubleDQN,123,202,18180,244695.00,0.5000,0.458337,0.0235
DoubleDQN,123,203,18270,225767.50,0.4976,0.453097,0.0225
DoubleDQN,123,204,18360,222465.00,0.4951,0.464628,0.0185
DoubleDQN,123,205,18450,204242.50,0.4926,0.467339,0.0156
DoubleDQN,123,206,18540,214565.00,0.4901,0.457651,0.0154
DoubleDQN,123,207,18630,228857.50,0.4877,0.455028,0.0153
DoubleDQN,123,208,18720,237340.00,0.4852,0.456581,0.0165
DoubleDQN,123,209,18810,208017.50,0.4827,0.423963,0.0174
DoubleDQN,123,210,18900,208677.50,0.4802,0.460173,0.0171
DoubleDQN,123,211,18990,234410.00,0.4778,0.447897,0.0180
DoubleDQN,123,212,19080,217825.00,0.4753,0.451638,0.0189
DoubleDQN,123,213,19170,233160.00,0.4728,0.444015,0.0177
DoubleDQN,123,214,19260,233335.00,0.4703,0.441236,0.0188
DoubleDQN,123,215,19350,234845.00,0.4679,0.421169,0.0181
DoubleDQN,123,216,19440,232312.50,0.4654,0.453242,0.0174
DoubleDQN,123,217,19530,222675.00,0.4629,0.458346,0.0169
DoubleDQN,123,218,19620,209037.50,0.4604,0.436603,0.0173
DoubleDQN,123,219,19710,221650.00,0.4580,0.434500,0.0165
DoubleDQN,123,220,19800,228635.00,0.4555,0.424631,0.0180
DoubleDQN,123,221,19890,241700.00,0.4530,0.452835,0.0172
DoubleDQN,123,222,19980,225662.50,0.4506,0.444486,0.0175
DoubleDQN,123,223,20070,207677.50,0.4481,0.429727,0.0167
DoubleDQN,123,224,20160,223072.50,0.4456,0.427699,0.0160
DoubleDQN,123,225,20250,222795.00,0.4431,0.415556,0.0164
DoubleDQN,123,226,20340,197902.50,0.4407,0.411055,0.0158
DoubleDQN,123,227,20430,210937.50,0.4382,0.407856,0.0153
DoubleDQN,123,228,20520,223837.50,0.4357,0.424821,0.0159
DoubleDQN,123,229,20610,214825.00,0.4332,0.417670,0.0174
DoubleDQN,123,230,20700,227027.50,0.4308,0.429877,0.0161
DoubleDQN,123,231,20790,199625.00,0.4283,0.420149,0.0171
DoubleDQN,123,232,20880,220792.50,0.4258,0.426018,0.0161
DoubleDQN,123,233,20970,238357.50,0.4233,0.410468,0.0155
DoubleDQN,123,234,21060,220372.50,0.4209,0.414323,0.0192
DoubleDQN,123,235,21150,235407.50,0.4184,0.416955,0.0165
DoubleDQN,123,236,21240,208277.50,0.4159,0.425791,0.0176
DoubleDQN,123,237,21330,210112.50,0.4134,0.418888,0.0172
DoubleDQN,123,238,21420,216457.50,0.4110,0.422382,0.0167
DoubleDQN,123,239,21510,230065.00,0.4085,0.410549,0.0160
DoubleDQN,123,240,21600,205547.50,0.4060,0.420914,0.0159
DoubleDQN,123,241,21690,190777.50,0.4035,0.422546,0.0163
DoubleDQN,123,242,21780,234860.00,0.4011,0.405382,0.0184
DoubleDQN,123,243,21870,208125.00,0.3986,0.399609,0.0155
DoubleDQN,123,244,21960,239410.00,0.3961,0.400474,0.0232
DoubleDQN,123,245,22050,207677.50,0.3936,0.416943,0.0148
DoubleDQN,123,246,22140,222875.00,0.3911,0.402060,0.0172
DoubleDQN,123,247,22230,235547.50,0.3887,0.391386,0.0154
DoubleDQN,123,248,22320,206180.00,0.3862,0.408673,0.0164
DoubleDQN,123,249,22410,226420.00,0.3837,0.402936,0.0187
DoubleDQN,123,250,22500,204175.00,0.3812,0.401160,0.0147
DoubleDQN,123,251,22590,215337.50,0.3788,0.401349,0.0160
DoubleDQN,123,252,22680,204902.50,0.3763,0.383634,0.0178
DoubleDQN,123,253,22770,230202.50,0.3738,0.408937,0.0170
DoubleDQN,123,254,22860,213657.50,0.3713,0.390531,0.0169
DoubleDQN,123,255,22950,236147.50,0.3689,0.380036,0.0179
DoubleDQN,123,256,23040,200787.50,0.3664,0.388904,0.0161
DoubleDQN,123,257,23130,215435.00,0.3639,0.378214,0.0168
DoubleDQN,123,258,23220,232167.50,0.3614,0.378504,0.0150
DoubleDQN,123,259,23310,225605.00,0.3590,0.378937,0.0166
DoubleDQN,123,260,23400,247837.50,0.3565,0.370580,0.0165
DoubleDQN,123,261,23490,219570.00,0.3540,0.371677,0.0168
DoubleDQN,123,262,23580,224565.00,0.3516,0.386960,0.0204
DoubleDQN,123,263,23670,227855.00,0.3491,0.394757,0.0158
DoubleDQN,123,264,23760,201387.50,0.3466,0.378978,0.0157
DoubleDQN,123,265,23850,232987.50,0.3441,0.380860,0.0167
DoubleDQN,123,266,23940,225390.00,0.3417,0.386637,0.0177
DoubleDQN,123,267,24030,221057.50,0.3392,0.384730,0.0162
DoubleDQN,123,268,24120,242195.00,0.3367,0.380669,0.0160
DoubleDQN,123,269,24210,225250.00,0.3342,0.371521,0.0162
DoubleDQN,123,270,24300,228297.50,0.3317,0.373267,0.0167
DoubleDQN,123,271,24390,201080.00,0.3293,0.365007,0.0173
DoubleDQN,123,272,24480,220997.50,0.3268,0.378910,0.0184
DoubleDQN,123,273,24570,211265.00,0.3243,0.366937,0.0212
DoubleDQN,123,274,24660,215780.00,0.3218,0.366444,0.0151
DoubleDQN,123,275,24750,215690.00,0.3194,0.359687,0.0167
DoubleDQN,123,276,24840,212810.00,0.3169,0.359274,0.0167
DoubleDQN,123,277,24930,206427.50,0.3144,0.345258,0.0172
DoubleDQN,123,278,25020,216187.50,0.3120,0.360080,0.0157
DoubleDQN,123,279,25110,230152.50,0.3095,0.376105,0.0169
DoubleDQN,123,280,25200,224082.50,0.3070,0.360431,0.0161
DoubleDQN,123,281,25290,226420.00,0.3045,0.362647,0.0154
DoubleDQN,123,282,25380,226245.00,0.3021,0.359476,0.0152
DoubleDQN,123,283,25470,226130.00,0.2996,0.348415,0.0220
DoubleDQN,123,284,25560,232232.50,0.2971,0.340239,0.0182
DoubleDQN,123,285,25650,220165.00,0.2946,0.341886,0.0161
DoubleDQN,123,286,25740,213965.00,0.2922,0.333011,0.0146
DoubleDQN,123,287,25830,212355.00,0.2897,0.349895,0.0170
DoubleDQN,123,288,25920,219267.50,0.2872,0.343546,0.0164
DoubleDQN,123,289,26010,217490.00,0.2847,0.331636,0.0243
DoubleDQN,123,290,26100,227260.00,0.2823,0.344602,0.0155
DoubleDQN,123,291,26190,234607.50,0.2798,0.330939,0.0170
DoubleDQN,123,292,26280,226575.00,0.2773,0.327612,0.0211
DoubleDQN,123,293,26370,216822.50,0.2748,0.356735,0.0173
DoubleDQN,123,294,26460,229572.50,0.2723,0.338104,0.0155
DoubleDQN,123,295,26550,219585.00,0.2699,0.367479,0.0168
DoubleDQN,123,296,26640,212612.50,0.2674,0.345502,0.0158
DoubleDQN,123,297,26730,217770.00,0.2649,0.354388,0.0192
DoubleDQN,123,298,26820,223152.50,0.2624,0.336986,0.0164
DoubleDQN,123,299,26910,219392.50,0.2600,0.340437,0.0154
DoubleDQN,123,300,27000,211955.00,0.2575,0.366670,0.0169
DoubleDQN,123,301,27090,223540.00,0.2550,0.332233,0.0196
DoubleDQN,123,302,27180,240730.00,0.2526,0.339513,0.0162
DoubleDQN,123,303,27270,237125.00,0.2501,0.344636,0.0156
DoubleDQN,123,304,27360,229177.50,0.2476,0.331184,0.0164
DoubleDQN,123,305,27450,226627.50,0.2451,0.325830,0.0251
DoubleDQN,123,306,27540,225240.00,0.2427,0.328988,0.0797
DoubleDQN,123,307,27630,233857.50,0.2402,0.326497,0.0211
DoubleDQN,123,308,27720,222157.50,0.2377,0.306104,0.0145
DoubleDQN,123,309,27810,224182.50,0.2352,0.319119,0.0141
DoubleDQN,123,310,27900,224535.00,0.2328,0.316274,0.0149
DoubleDQN,123,311,27990,229437.50,0.2303,0.323911,0.0174
DoubleDQN,123,312,28080,215555.00,0.2278,0.300964,0.0152
DoubleDQN,123,313,28170,239370.00,0.2253,0.317179,0.0153
DoubleDQN,123,314,28260,237247.50,0.2228,0.306751,0.0252
DoubleDQN,123,315,28350,229560.00,0.2204,0.308467,0.0160
DoubleDQN,123,316,28440,219107.50,0.2179,0.301456,0.0167
DoubleDQN,123,317,28530,233210.00,0.2154,0.312680,0.0158
DoubleDQN,123,318,28620,224000.00,0.2129,0.297163,0.0169
DoubleDQN,123,319,28710,236407.50,0.2105,0.300887,0.0167
DoubleDQN,123,320,28800,235040.00,0.2080,0.313181,0.0208
DoubleDQN,123,321,28890,221495.00,0.2055,0.300121,0.0170
DoubleDQN,123,322,28980,239162.50,0.2030,0.295171,0.0163
DoubleDQN,123,323,29070,221055.00,0.2006,0.302957,0.0156
DoubleDQN,123,324,29160,244125.00,0.1981,0.277498,0.0145
DoubleDQN,123,325,29250,233680.00,0.1956,0.289239,0.0152
DoubleDQN,123,326,29340,249442.50,0.1932,0.280235,0.0146
DoubleDQN,123,327,29430,232065.00,0.1907,0.278719,0.0150
DoubleDQN,123,328,29520,217812.50,0.1882,0.280903,0.0150
DoubleDQN,123,329,29610,235922.50,0.1857,0.293237,0.0164
DoubleDQN,123,330,29700,238700.00,0.1833,0.286296,0.0154
DoubleDQN,123,331,29790,216745.00,0.1808,0.274032,0.0149
DoubleDQN,123,332,29880,229177.50,0.1783,0.275933,0.0158
DoubleDQN,123,333,29970,228965.00,0.1758,0.281018,0.0160
DoubleDQN,123,334,30060,232947.50,0.1734,0.288057,0.0152
DoubleDQN,123,335,30150,225092.50,0.1709,0.285035,0.0176
DoubleDQN,123,336,30240,237060.00,0.1684,0.282034,0.0159
DoubleDQN,123,337,30330,237340.00,0.1659,0.283703,0.0161
DoubleDQN,123,338,30420,231620.00,0.1634,0.277678,0.0167
DoubleDQN,123,339,30510,222322.50,0.1610,0.275748,0.0149
DoubleDQN,123,340,30600,234617.50,0.1585,0.290161,0.0151
DoubleDQN,123,341,30690,217992.50,0.1560,0.277509,0.0173
DoubleDQN,123,342,30780,238177.50,0.1536,0.289158,0.0148
DoubleDQN,123,343,30870,229987.50,0.1511,0.289381,0.0148
DoubleDQN,123,344,30960,229772.50,0.1486,0.300111,0.0151
DoubleDQN,123,345,31050,220527.50,0.1461,0.287770,0.0159
DoubleDQN,123,346,31140,230095.00,0.1437,0.279578,0.0152
DoubleDQN,123,347,31230,237407.50,0.1412,0.289423,0.0203
DoubleDQN,123,348,31320,218057.50,0.1387,0.271518,0.0213
DoubleDQN,123,349,31410,225440.00,0.1362,0.286715,0.0224
DoubleDQN,123,350,31500,221260.00,0.1338,0.274110,0.0152
DoubleDQN,123,351,31590,235977.50,0.1313,0.286009,0.0182
DoubleDQN,123,352,31680,226235.00,0.1288,0.290839,0.0156
DoubleDQN,123,353,31770,230062.50,0.1263,0.295008,0.0151
DoubleDQN,123,354,31860,230447.50,0.1239,0.277651,0.0180
DoubleDQN,123,355,31950,229570.00,0.1214,0.289079,0.0167
DoubleDQN,123,356,32040,220795.00,0.1189,0.293143,0.0164
DoubleDQN,123,357,32130,237202.50,0.1164,0.263930,0.0174
DoubleDQN,123,358,32220,226245.00,0.1139,0.262121,0.0180
DoubleDQN,123,359,32310,229275.00,0.1115,0.262458,0.0151
DoubleDQN,123,360,32400,233227.50,0.1090,0.266220,0.0146
DoubleDQN,123,361,32490,230702.50,0.1065,0.255252,0.0152
DoubleDQN,123,362,32580,231170.00,0.1040,0.252816,0.0155
DoubleDQN,123,363,32670,239562.50,0.1016,0.261330,0.0256
DoubleDQN,123,364,32760,231797.50,0.0991,0.261278,0.0204
DoubleDQN,123,365,32850,227942.50,0.0966,0.258478,0.0188
DoubleDQN,123,366,32940,236647.50,0.0941,0.247627,0.0172
DoubleDQN,123,367,33030,231440.00,0.0917,0.253639,0.0167
DoubleDQN,123,368,33120,233737.50,0.0892,0.244086,0.0248
DoubleDQN,123,369,33210,224597.50,0.0867,0.248346,0.0160
DoubleDQN,123,370,33300,241285.00,0.0842,0.252455,0.0187
DoubleDQN,123,371,33390,237910.00,0.0818,0.241261,0.0181
DoubleDQN,123,372,33480,235907.50,0.0793,0.233478,0.0211
DoubleDQN,123,373,33570,239860.00,0.0768,0.255821,0.0177
DoubleDQN,123,374,33660,237595.00,0.0743,0.255666,0.0160
DoubleDQN,123,375,33750,224497.50,0.0719,0.245184,0.0176
DoubleDQN,123,376,33840,234367.50,0.0694,0.237724,0.0176
DoubleDQN,123,377,33930,232492.50,0.0669,0.257534,0.0172
DoubleDQN,123,378,34020,236375.00,0.0645,0.246750,0.0172
DoubleDQN,123,379,34110,241342.50,0.0620,0.228619,0.0198
DoubleDQN,123,380,34200,226170.00,0.0595,0.233990,0.0168
DoubleDQN,123,381,34290,237777.50,0.0570,0.243996,0.0223
DoubleDQN,123,382,34380,240007.50,0.0546,0.231879,0.0178
DoubleDQN,123,383,34470,237037.50,0.0521,0.233282,0.0175
DoubleDQN,123,384,34560,241180.00,0.0496,0.261423,0.0177
DoubleDQN,123,385,34650,234265.00,0.0471,0.234624,0.0259
DoubleDQN,123,386,34740,224072.50,0.0447,0.238697,0.0188
DoubleDQN,123,387,34830,235427.50,0.0422,0.235622,0.0166
DoubleDQN,123,388,34920,226255.00,0.0397,0.233315,0.0176
DoubleDQN,123,389,35010,232575.00,0.0372,0.246551,0.0170
DoubleDQN,123,390,35100,223580.00,0.0348,0.229161,0.0179
DoubleDQN,123,391,35190,240742.50,0.0323,0.225861,0.0171
DoubleDQN,123,392,35280,237740.00,0.0298,0.240893,0.0168
DoubleDQN,123,393,35370,234042.50,0.0273,0.221057,0.0166
DoubleDQN,123,394,35460,228050.00,0.0249,0.228700,0.0170
DoubleDQN,123,395,35550,231957.50,0.0224,0.216678,0.0197
DoubleDQN,123,396,35640,242672.50,0.0199,0.230342,0.0166
DoubleDQN,123,397,35730,247085.00,0.0174,0.216901,0.0176
DoubleDQN,123,398,35820,234440.00,0.0150,0.228473,0.0187
DoubleDQN,123,399,35910,237367.50,0.0125,0.222714,0.0195
DoubleDQN,123,400,36000,232660.00,0.0100,0.227436,0.0224
DoubleDQN,123,401,36090,236420.00,0.0100,0.211761,0.0172
DoubleDQN,123,402,36180,233322.50,0.0100,0.207362,0.0165
DoubleDQN,123,403,36270,243395.00,0.0100,0.211982,0.0161
DoubleDQN,123,404,36360,235762.50,0.0100,0.210153,0.0169
DoubleDQN,123,405,36450,238387.50,0.0100,0.211651,0.0168
DoubleDQN,123,406,36540,228087.50,0.0100,0.214270,0.0166
DoubleDQN,123,407,36630,233272.50,0.0100,0.205973,0.0163
DoubleDQN,123,408,36720,225607.50,0.0100,0.208172,0.0244
DoubleDQN,123,409,36810,238540.00,0.0100,0.214150,0.0186
DoubleDQN,123,410,36900,230320.00,0.0100,0.213100,0.0180
DoubleDQN,123,411,36990,236337.50,0.0100,0.203455,0.0185
DoubleDQN,123,412,37080,247792.50,0.0100,0.219814,0.0172
DoubleDQN,123,413,37170,252887.50,0.0100,0.209593,0.0180
DoubleDQN,123,414,37260,240472.50,0.0100,0.224100,0.0176
DoubleDQN,123,415,37350,229750.00,0.0100,0.208987,0.0174
DoubleDQN,123,416,37440,241657.50,0.0100,0.201074,0.0169
DoubleDQN,123,417,37530,241177.50,0.0100,0.223963,0.0172
DoubleDQN,123,418,37620,233762.50,0.0100,0.213359,0.0255
DoubleDQN,123,419,37710,220867.50,0.0100,0.207806,0.0183
DoubleDQN,123,420,37800,242432.50,0.0100,0.212556,0.0142
DoubleDQN,123,421,37890,236522.50,0.0100,0.210892,0.0148
DoubleDQN,123,422,37980,225835.00,0.0100,0.213315,0.0164
DoubleDQN,123,423,38070,234610.00,0.0100,0.206713,0.0152
DoubleDQN,123,424,38160,235132.50,0.0100,0.219913,0.0152
DoubleDQN,123,425,38250,230520.00,0.0100,0.208995,0.0167
DoubleDQN,123,426,38340,241000.00,0.0100,0.208773,0.0152
DoubleDQN,123,427,38430,232105.00,0.0100,0.213835,0.0154
DoubleDQN,123,428,38520,234457.50,0.0100,0.212714,0.0162
DoubleDQN,123,429,38610,230612.50,0.0100,0.214865,0.0156
DoubleDQN,123,430,38700,237575.00,0.0100,0.215526,0.0164
DoubleDQN,123,431,38790,240177.50,0.0100,0.208295,0.0153
DoubleDQN,123,432,38880,230892.50,0.0100,0.213560,0.0160
DoubleDQN,123,433,38970,239545.00,0.0100,0.204248,0.0154
DoubleDQN,123,434,39060,241977.50,0.0100,0.202520,0.0181
DoubleDQN,123,435,39150,228522.50,0.0100,0.213550,0.0169
DoubleDQN,123,436,39240,237397.50,0.0100,0.207808,0.0158
DoubleDQN,123,437,39330,235840.00,0.0100,0.189195,0.0162
DoubleDQN,123,438,39420,249152.50,0.0100,0.197106,0.0165
DoubleDQN,123,439,39510,236125.00,0.0100,0.203576,0.0146
DoubleDQN,123,440,39600,231322.50,0.0100,0.189766,0.0155
DoubleDQN,123,441,39690,240582.50,0.0100,0.196741,0.0161
DoubleDQN,123,442,39780,220957.50,0.0100,0.195094,0.0158
DoubleDQN,123,443,39870,235362.50,0.0100,0.187994,0.0170
DoubleDQN,123,444,39960,234860.00,0.0100,0.195375,0.0165
DoubleDQN,123,445,40050,213465.00,0.0100,0.220265,0.0150
DoubleDQN,123,446,40140,237417.50,0.0100,0.205288,0.0155
DoubleDQN,123,447,40230,223777.50,0.0100,0.209676,0.0168
DoubleDQN,123,448,40320,230517.50,0.0100,0.215888,0.0158
DoubleDQN,123,449,40410,235522.50,0.0100,0.215459,0.0168
DoubleDQN,123,450,40500,231945.00,0.0100,0.229135,0.0151
DoubleDQN,123,451,40590,228422.50,0.0100,0.199037,0.0162
DoubleDQN,123,452,40680,225405.00,0.0100,0.206950,0.0161
DoubleDQN,123,453,40770,234442.50,0.0100,0.201556,0.0156
DoubleDQN,123,454,40860,239335.00,0.0100,0.206897,0.0155
DoubleDQN,123,455,40950,241210.00,0.0100,0.205931,0.0146
DoubleDQN,123,456,41040,242587.50,0.0100,0.206031,0.0162
DoubleDQN,123,457,41130,231470.00,0.0100,0.200499,0.0154
DoubleDQN,123,458,41220,223390.00,0.0100,0.201243,0.0173
DoubleDQN,123,459,41310,229232.50,0.0100,0.215466,0.0198
DoubleDQN,123,460,41400,232265.00,0.0100,0.212560,0.0147
DoubleDQN,123,461,41490,226512.50,0.0100,0.201354,0.0149
DoubleDQN,123,462,41580,227377.50,0.0100,0.197592,0.0165
DoubleDQN,123,463,41670,233075.00,0.0100,0.200267,0.0161
DoubleDQN,123,464,41760,237517.50,0.0100,0.207977,0.0158
DoubleDQN,123,465,41850,229110.00,0.0100,0.194312,0.0173
DoubleDQN,123,466,41940,238915.00,0.0100,0.197161,0.0151
DoubleDQN,123,467,42030,245767.50,0.0100,0.195304,0.0165
DoubleDQN,123,468,42120,242575.00,0.0100,0.197486,0.0149
DoubleDQN,123,469,42210,229055.00,0.0100,0.195683,0.0158
DoubleDQN,123,470,42300,240285.00,0.0100,0.187576,0.0162
DoubleDQN,123,471,42390,233172.50,0.0100,0.195592,0.0155
DoubleDQN,123,472,42480,238055.00,0.0100,0.184675,0.0172
DoubleDQN,123,473,42570,232662.50,0.0100,0.188686,0.0165
DoubleDQN,123,474,42660,229972.50,0.0100,0.188803,0.0155
DoubleDQN,123,475,42750,221092.50,0.0100,0.209048,0.0153
DoubleDQN,123,476,42840,242347.50,0.0100,0.211566,0.0152
DoubleDQN,123,477,42930,236230.00,0.0100,0.207907,0.0165
DoubleDQN,123,478,43020,228940.00,0.0100,0.193553,0.0157
DoubleDQN,123,479,43110,228667.50,0.0100,0.201250,0.0148
DoubleDQN,123,480,43200,223990.00,0.0100,0.197564,0.0168
DoubleDQN,123,481,43290,234937.50,0.0100,0.198548,0.0166
DoubleDQN,123,482,43380,229380.00,0.0100,0.201967,0.0169
DoubleDQN,123,483,43470,247080.00,0.0100,0.203059,0.0147
DoubleDQN,123,484,43560,230280.00,0.0100,0.195220,0.0161
DoubleDQN,123,485,43650,233745.00,0.0100,0.198734,0.0148
DoubleDQN,123,486,43740,233467.50,0.0100,0.193611,0.0150
DoubleDQN,123,487,43830,232247.50,0.0100,0.196408,0.0151
DoubleDQN,123,488,43920,237195.00,0.0100,0.197702,0.0158
DoubleDQN,123,489,44010,226045.00,0.0100,0.192959,0.0159
DoubleDQN,123,490,44100,237037.50,0.0100,0.179504,0.0164
DoubleDQN,123,491,44190,230840.00,0.0100,0.177570,0.0160
DoubleDQN,123,492,44280,227055.00,0.0100,0.181219,0.0152
DoubleDQN,123,493,44370,233085.00,0.0100,0.190405,0.0163
DoubleDQN,123,494,44460,244202.50,0.0100,0.182082,0.0160
DoubleDQN,123,495,44550,232580.00,0.0100,0.191143,0.0167
DoubleDQN,123,496,44640,229512.50,0.0100,0.179544,0.0152
DoubleDQN,123,497,44730,232555.00,0.0100,0.192570,0.0158
DoubleDQN,123,498,44820,237830.00,0.0100,0.195561,0.0167
DoubleDQN,123,499,44910,234937.50,0.0100,0.186315,0.0166
DoubleDQN,123,500,45000,229020.00,0.0100,0.189913,0.0153
DoubleDQN,456,1,90,109257.50,0.9975,0.000000,0.0004
DoubleDQN,456,2,180,131665.00,0.9950,0.000000,0.0004
DoubleDQN,456,3,270,113892.50,0.9926,0.000000,0.0004
DoubleDQN,456,4,360,84235.00,0.9901,0.000000,0.0004
DoubleDQN,456,5,450,109430.00,0.9876,0.000000,0.0004
DoubleDQN,456,6,540,91870.00,0.9851,3.430239,0.0097
DoubleDQN,456,7,630,78872.50,0.9827,2.061390,0.0159
DoubleDQN,456,8,720,105830.00,0.9802,1.306941,0.0149
DoubleDQN,456,9,810,102612.50,0.9777,1.310063,0.0151
DoubleDQN,456,10,900,97242.50,0.9752,1.246689,0.0139
DoubleDQN,456,11,990,106592.50,0.9728,1.214785,0.0132
DoubleDQN,456,12,1080,87947.50,0.9703,2.719944,0.0160
DoubleDQN,456,13,1170,18537.50,0.9678,1.088104,0.0147
DoubleDQN,456,14,1260,151970.00,0.9654,1.073019,0.0142
DoubleDQN,456,15,1350,189560.00,0.9629,1.092733,0.0146
DoubleDQN,456,16,1440,150087.50,0.9604,1.040093,0.0160
DoubleDQN,456,17,1530,100390.00,0.9579,1.693955,0.0161
DoubleDQN,456,18,1620,98020.00,0.9555,1.094914,0.0149
DoubleDQN,456,19,1710,125970.00,0.9530,1.030865,0.0146
DoubleDQN,456,20,1800,138237.50,0.9505,1.008112,0.0138
DoubleDQN,456,21,1890,198237.50,0.9480,0.981312,0.0140
DoubleDQN,456,22,1980,120390.00,0.9456,0.996724,0.0153
DoubleDQN,456,23,2070,124210.00,0.9431,1.546214,0.0161
DoubleDQN,456,24,2160,87407.50,0.9406,0.995007,0.0155
DoubleDQN,456,25,2250,124272.50,0.9381,0.947972,0.0153
DoubleDQN,456,26,2340,160682.50,0.9356,0.918246,0.0146
DoubleDQN,456,27,2430,98947.50,0.9332,0.915393,0.0157
DoubleDQN,456,28,2520,151432.50,0.9307,1.273788,0.0157
DoubleDQN,456,29,2610,113885.00,0.9282,1.029414,0.0168
DoubleDQN,456,30,2700,134367.50,0.9257,0.934344,0.0148
DoubleDQN,456,31,2790,166550.00,0.9233,0.876431,0.0161
DoubleDQN,456,32,2880,162497.50,0.9208,0.858989,0.0146
DoubleDQN,456,33,2970,162800.00,0.9183,0.838161,0.0158
DoubleDQN,456,34,3060,185577.50,0.9159,1.278988,0.0153
DoubleDQN,456,35,3150,97722.50,0.9134,0.967872,0.0141
DoubleDQN,456,36,3240,155545.00,0.9109,0.924277,0.0172
DoubleDQN,456,37,3330,149570.00,0.9084,0.905373,0.0149
DoubleDQN,456,38,3420,131772.50,0.9060,0.857513,0.0152
DoubleDQN,456,39,3510,133742.50,0.9035,1.089600,0.0154
DoubleDQN,456,40,3600,150022.50,0.9010,1.123558,0.0156
DoubleDQN,456,41,3690,189455.00,0.8985,0.965788,0.0158
DoubleDQN,456,42,3780,131445.00,0.8961,0.919957,0.0163
DoubleDQN,456,43,3870,154455.00,0.8936,0.905897,0.0146
DoubleDQN,456,44,3960,108667.50,0.8911,0.887205,0.0159
DoubleDQN,456,45,4050,131737.50,0.8886,1.211556,0.0145
DoubleDQN,456,46,4140,164087.50,0.8861,1.019568,0.0142
DoubleDQN,456,47,4230,189430.00,0.8837,1.026180,0.0142
DoubleDQN,456,48,4320,71290.00,0.8812,1.029684,0.0141
DoubleDQN,456,49,4410,170215.00,0.8787,1.008343,0.0143
DoubleDQN,456,50,4500,137572.50,0.8762,1.014848,0.0143
DoubleDQN,456,51,4590,112197.50,0.8738,1.203413,0.0173
DoubleDQN,456,52,4680,137090.00,0.8713,0.997415,0.0149
DoubleDQN,456,53,4770,142420.00,0.8688,0.945216,0.0147
DoubleDQN,456,54,4860,168150.00,0.8663,0.932228,0.0162
DoubleDQN,456,55,4950,137880.00,0.8639,0.920237,0.0152
DoubleDQN,456,56,5040,161780.00,0.8614,1.158512,0.0157
DoubleDQN,456,57,5130,193202.50,0.8589,0.883011,0.0171
DoubleDQN,456,58,5220,187550.00,0.8565,0.897874,0.0171
DoubleDQN,456,59,5310,224445.00,0.8540,0.850107,0.0153
DoubleDQN,456,60,5400,186597.50,0.8515,0.845520,0.0150
DoubleDQN,456,61,5490,208857.50,0.8490,0.839347,0.0142
DoubleDQN,456,62,5580,204292.50,0.8466,0.781506,0.0141
DoubleDQN,456,63,5670,177012.50,0.8441,0.663380,0.0142
DoubleDQN,456,64,5760,156340.00,0.8416,0.642961,0.0165
DoubleDQN,456,65,5850,130870.00,0.8391,0.647505,0.0163
DoubleDQN,456,66,5940,155642.50,0.8367,0.641237,0.0146
DoubleDQN,456,67,6030,176972.50,0.8342,0.657801,0.0162
DoubleDQN,456,68,6120,210325.00,0.8317,0.608585,0.0152
DoubleDQN,456,69,6210,133847.50,0.8292,0.577479,0.0150
DoubleDQN,456,70,6300,220290.00,0.8267,0.544835,0.0147
DoubleDQN,456,71,6390,161205.00,0.8243,0.550912,0.0140
DoubleDQN,456,72,6480,208567.50,0.8218,0.571830,0.0137
DoubleDQN,456,73,6570,168022.50,0.8193,0.574109,0.0139
DoubleDQN,456,74,6660,79005.00,0.8168,0.560686,0.0138
DoubleDQN,456,75,6750,107075.00,0.8144,0.557716,0.0142
DoubleDQN,456,76,6840,182992.50,0.8119,0.547465,0.0139
DoubleDQN,456,77,6930,155377.50,0.8094,0.559453,0.0166
DoubleDQN,456,78,7020,185990.00,0.8070,0.574964,0.0145
DoubleDQN,456,79,7110,183857.50,0.8045,0.576902,0.0166
DoubleDQN,456,80,7200,174492.50,0.8020,0.567070,0.0155
DoubleDQN,456,81,7290,197702.50,0.7995,0.558887,0.0170
DoubleDQN,456,82,7380,191385.00,0.7971,0.541120,0.0146
DoubleDQN,456,83,7470,128257.50,0.7946,0.561253,0.0150
DoubleDQN,456,84,7560,118962.50,0.7921,0.579333,0.0145
DoubleDQN,456,85,7650,79310.00,0.7896,0.575103,0.0162
DoubleDQN,456,86,7740,194960.00,0.7872,0.566197,0.0148
DoubleDQN,456,87,7830,136050.00,0.7847,0.590749,0.0166
DoubleDQN,456,88,7920,153745.00,0.7822,0.558306,0.0153
DoubleDQN,456,89,8010,185707.50,0.7797,0.563044,0.0155
DoubleDQN,456,90,8100,147002.50,0.7772,0.565220,0.0155
DoubleDQN,456,91,8190,213712.50,0.7748,0.555250,0.0153
DoubleDQN,456,92,8280,195147.50,0.7723,0.581994,0.0155
DoubleDQN,456,93,8370,137142.50,0.7698,0.571506,0.0176
DoubleDQN,456,94,8460,177817.50,0.7673,0.556966,0.0152
DoubleDQN,456,95,8550,195292.50,0.7649,0.553279,0.0157
DoubleDQN,456,96,8640,138722.50,0.7624,0.550941,0.0156
DoubleDQN,456,97,8730,183325.00,0.7599,0.573255,0.0156
DoubleDQN,456,98,8820,149805.00,0.7574,0.549604,0.0167
DoubleDQN,456,99,8910,189237.50,0.7550,0.551888,0.0155
DoubleDQN,456,100,9000,184695.00,0.7525,0.548337,0.0149
DoubleDQN,456,101,9090,182792.50,0.7500,0.556475,0.0162
DoubleDQN,456,102,9180,183597.50,0.7475,0.549722,0.0179
DoubleDQN,456,103,9270,169370.00,0.7451,0.537279,0.0158
DoubleDQN,456,104,9360,201485.00,0.7426,0.549101,0.0149
DoubleDQN,456,105,9450,145187.50,0.7401,0.552336,0.0147
DoubleDQN,456,106,9540,202892.50,0.7376,0.547539,0.0145
DoubleDQN,456,107,9630,195472.50,0.7352,0.534309,0.0169
DoubleDQN,456,108,9720,223580.00,0.7327,0.530413,0.0169
DoubleDQN,456,109,9810,182792.50,0.7302,0.548033,0.0153
DoubleDQN,456,110,9900,216407.50,0.7278,0.537621,0.0164
DoubleDQN,456,111,9990,175820.00,0.7253,0.532137,0.0154
DoubleDQN,456,112,10080,191417.50,0.7228,0.552331,0.0168
DoubleDQN,456,113,10170,233172.50,0.7203,0.548849,0.0162
DoubleDQN,456,114,10260,174500.00,0.7179,0.524613,0.0150
DoubleDQN,456,115,10350,191400.00,0.7154,0.558751,0.0157
DoubleDQN,456,116,10440,151785.00,0.7129,0.545317,0.0160
DoubleDQN,456,117,10530,210400.00,0.7104,0.545339,0.0147
DoubleDQN,456,118,10620,201670.00,0.7080,0.541080,0.0145
DoubleDQN,456,119,10710,179295.00,0.7055,0.548584,0.0168
DoubleDQN,456,120,10800,210027.50,0.7030,0.545118,0.0155
DoubleDQN,456,121,10890,236375.00,0.7005,0.540958,0.0161
DoubleDQN,456,122,10980,195637.50,0.6981,0.544481,0.0156
DoubleDQN,456,123,11070,203470.00,0.6956,0.570515,0.0155
DoubleDQN,456,124,11160,157332.50,0.6931,0.553220,0.0159
DoubleDQN,456,125,11250,213525.00,0.6906,0.544851,0.0175
DoubleDQN,456,126,11340,195402.50,0.6882,0.550409,0.0142
DoubleDQN,456,127,11430,192502.50,0.6857,0.541698,0.0160
DoubleDQN,456,128,11520,185460.00,0.6832,0.538583,0.0163
DoubleDQN,456,129,11610,192825.00,0.6807,0.534794,0.0164
DoubleDQN,456,130,11700,172767.50,0.6783,0.541608,0.0148
DoubleDQN,456,131,11790,169815.00,0.6758,0.530933,0.0166
DoubleDQN,456,132,11880,163452.50,0.6733,0.520073,0.0157
DoubleDQN,456,133,11970,173002.50,0.6708,0.547999,0.0234
DoubleDQN,456,134,12060,191515.00,0.6683,0.544942,0.0163
DoubleDQN,456,135,12150,178995.00,0.6659,0.543605,0.0152
DoubleDQN,456,136,12240,218312.50,0.6634,0.524561,0.0139
DoubleDQN,456,137,12330,194505.00,0.6609,0.545107,0.0172
DoubleDQN,456,138,12420,201032.50,0.6584,0.525505,0.0146
DoubleDQN,456,139,12510,209492.50,0.6560,0.527914,0.0147
DoubleDQN,456,140,12600,181577.50,0.6535,0.542375,0.0159
DoubleDQN,456,141,12690,204457.50,0.6510,0.530475,0.0148
DoubleDQN,456,142,12780,214437.50,0.6485,0.540853,0.0159
DoubleDQN,456,143,12870,194147.50,0.6461,0.540065,0.0171
DoubleDQN,456,144,12960,171350.00,0.6436,0.541069,0.0159
DoubleDQN,456,145,13050,194302.50,0.6411,0.522609,0.0156
DoubleDQN,456,146,13140,183827.50,0.6386,0.526037,0.0162
DoubleDQN,456,147,13230,204912.50,0.6362,0.529105,0.0155
DoubleDQN,456,148,13320,195005.00,0.6337,0.518206,0.0156
DoubleDQN,456,149,13410,181835.00,0.6312,0.512668,0.0169
DoubleDQN,456,150,13500,210087.50,0.6288,0.515857,0.0152
DoubleDQN,456,151,13590,197905.00,0.6263,0.509278,0.0168
DoubleDQN,456,152,13680,208377.50,0.6238,0.523121,0.0326
DoubleDQN,456,153,13770,171322.50,0.6213,0.508154,0.0237
DoubleDQN,456,154,13860,153415.00,0.6189,0.495080,0.0154
DoubleDQN,456,155,13950,207737.50,0.6164,0.517399,0.0150
DoubleDQN,456,156,14040,197107.50,0.6139,0.491814,0.0150
DoubleDQN,456,157,14130,201250.00,0.6114,0.502248,0.0148
DoubleDQN,456,158,14220,216137.50,0.6089,0.509881,0.0166
DoubleDQN,456,159,14310,226845.00,0.6065,0.508904,0.0153
DoubleDQN,456,160,14400,204757.50,0.6040,0.527434,0.0161
DoubleDQN,456,161,14490,203377.50,0.6015,0.510718,0.0176
DoubleDQN,456,162,14580,220790.00,0.5990,0.509340,0.0166
DoubleDQN,456,163,14670,173990.00,0.5966,0.508398,0.0160
DoubleDQN,456,164,14760,176135.00,0.5941,0.527580,0.0163
DoubleDQN,456,165,14850,172747.50,0.5916,0.517333,0.0162
DoubleDQN,456,166,14940,214310.00,0.5892,0.518832,0.0160
DoubleDQN,456,167,15030,216035.00,0.5867,0.519561,0.0172
DoubleDQN,456,168,15120,216735.00,0.5842,0.479548,0.0155
DoubleDQN,456,169,15210,234087.50,0.5817,0.515589,0.0157
DoubleDQN,456,170,15300,221225.00,0.5793,0.514729,0.0173
DoubleDQN,456,171,15390,233482.50,0.5768,0.486945,0.0159
DoubleDQN,456,172,15480,200542.50,0.5743,0.499166,0.0172
DoubleDQN,456,173,15570,158215.00,0.5718,0.505659,0.0168
DoubleDQN,456,174,15660,160577.50,0.5694,0.505896,0.0162
DoubleDQN,456,175,15750,206752.50,0.5669,0.493630,0.0163
DoubleDQN,456,176,15840,210000.00,0.5644,0.492558,0.0157
DoubleDQN,456,177,15930,174312.50,0.5619,0.493562,0.0153
DoubleDQN,456,178,16020,218807.50,0.5595,0.498171,0.0154
DoubleDQN,456,179,16110,219602.50,0.5570,0.503049,0.0154
DoubleDQN,456,180,16200,228845.00,0.5545,0.487754,0.0164
DoubleDQN,456,181,16290,222195.00,0.5520,0.496122,0.0155
DoubleDQN,456,182,16380,236572.50,0.5495,0.472222,0.0151
DoubleDQN,456,183,16470,254522.50,0.5471,0.490150,0.0147
DoubleDQN,456,184,16560,192467.50,0.5446,0.482275,0.0147
DoubleDQN,456,185,16650,218755.00,0.5421,0.500508,0.0146
DoubleDQN,456,186,16740,200525.00,0.5396,0.488676,0.0146
DoubleDQN,456,187,16830,233145.00,0.5372,0.482729,0.0145
DoubleDQN,456,188,16920,233537.50,0.5347,0.481153,0.0146
DoubleDQN,456,189,17010,201037.50,0.5322,0.471304,0.0146
DoubleDQN,456,190,17100,200332.50,0.5297,0.477348,0.0146
DoubleDQN,456,191,17190,206862.50,0.5273,0.483053,0.0147
DoubleDQN,456,192,17280,230220.00,0.5248,0.477363,0.0147
DoubleDQN,456,193,17370,201657.50,0.5223,0.483273,0.0147
DoubleDQN,456,194,17460,231635.00,0.5199,0.494984,0.0147
DoubleDQN,456,195,17550,208762.50,0.5174,0.478883,0.0147
DoubleDQN,456,196,17640,202240.00,0.5149,0.476054,0.0147
DoubleDQN,456,197,17730,185005.00,0.5124,0.485611,0.0146
DoubleDQN,456,198,17820,215267.50,0.5100,0.485949,0.0147
DoubleDQN,456,199,17910,218582.50,0.5075,0.492113,0.0147
DoubleDQN,456,200,18000,206950.00,0.5050,0.484859,0.0149
DoubleDQN,456,201,18090,191642.50,0.5025,0.490010,0.0161
DoubleDQN,456,202,18180,214295.00,0.5000,0.485632,0.0148
DoubleDQN,456,203,18270,231130.00,0.4976,0.472429,0.0146
DoubleDQN,456,204,18360,203210.00,0.4951,0.482259,0.0143
DoubleDQN,456,205,18450,220740.00,0.4926,0.483431,0.0144
DoubleDQN,456,206,18540,209810.00,0.4901,0.472120,0.0144
DoubleDQN,456,207,18630,200052.50,0.4877,0.486246,0.0143
DoubleDQN,456,208,18720,231182.50,0.4852,0.476475,0.0142
DoubleDQN,456,209,18810,198710.00,0.4827,0.476485,0.0144
DoubleDQN,456,210,18900,210532.50,0.4802,0.488166,0.0142
DoubleDQN,456,211,18990,229680.00,0.4778,0.470131,0.0143
DoubleDQN,456,212,19080,215657.50,0.4753,0.493066,0.0143
DoubleDQN,456,213,19170,219085.00,0.4728,0.468547,0.0165
DoubleDQN,456,214,19260,207360.00,0.4703,0.479970,0.0149
DoubleDQN,456,215,19350,214707.50,0.4679,0.484114,0.0146
DoubleDQN,456,216,19440,207730.00,0.4654,0.470139,0.0147
DoubleDQN,456,217,19530,196330.00,0.4629,0.469965,0.0152
DoubleDQN,456,218,19620,228675.00,0.4604,0.465988,0.0145
DoubleDQN,456,219,19710,237390.00,0.4580,0.476805,0.0143
DoubleDQN,456,220,19800,212617.50,0.4555,0.478016,0.0142
DoubleDQN,456,221,19890,235487.50,0.4530,0.472238,0.0142
DoubleDQN,456,222,19980,200742.50,0.4506,0.492054,0.0141
DoubleDQN,456,223,20070,240285.00,0.4481,0.453411,0.0158
DoubleDQN,456,224,20160,201057.50,0.4456,0.448796,0.0158
DoubleDQN,456,225,20250,212030.00,0.4431,0.438940,0.0161
DoubleDQN,456,226,20340,212530.00,0.4407,0.453682,0.0174
DoubleDQN,456,227,20430,227035.00,0.4382,0.449046,0.0154
DoubleDQN,456,228,20520,215287.50,0.4357,0.450080,0.0152
DoubleDQN,456,229,20610,215187.50,0.4332,0.441381,0.0148
DoubleDQN,456,230,20700,214052.50,0.4308,0.439244,0.0149
DoubleDQN,456,231,20790,232425.00,0.4283,0.457305,0.0148
DoubleDQN,456,232,20880,220180.00,0.4258,0.439826,0.0148
DoubleDQN,456,233,20970,229922.50,0.4233,0.433540,0.0148
DoubleDQN,456,234,21060,220057.50,0.4209,0.434808,0.0167
DoubleDQN,456,235,21150,227935.00,0.4184,0.421544,0.0154
DoubleDQN,456,236,21240,233310.00,0.4159,0.419629,0.0148
DoubleDQN,456,237,21330,222605.00,0.4134,0.423211,0.0146
DoubleDQN,456,238,21420,222252.50,0.4110,0.439200,0.0147
DoubleDQN,456,239,21510,213917.50,0.4085,0.424237,0.0147
DoubleDQN,456,240,21600,230195.00,0.4060,0.422104,0.0146
DoubleDQN,456,241,21690,215805.00,0.4035,0.411187,0.0147
DoubleDQN,456,242,21780,218897.50,0.4011,0.413871,0.0148
DoubleDQN,456,243,21870,216050.00,0.3986,0.419733,0.0147
DoubleDQN,456,244,21960,214817.50,0.3961,0.419619,0.0149
DoubleDQN,456,245,22050,236962.50,0.3936,0.417189,0.0173
DoubleDQN,456,246,22140,233077.50,0.3911,0.425459,0.0143
DoubleDQN,456,247,22230,228770.00,0.3887,0.416976,0.0141
DoubleDQN,456,248,22320,225767.50,0.3862,0.394298,0.0140
DoubleDQN,456,249,22410,223095.00,0.3837,0.410928,0.0141
DoubleDQN,456,250,22500,230360.00,0.3812,0.415681,0.0141
DoubleDQN,456,251,22590,206155.00,0.3788,0.415952,0.0174
DoubleDQN,456,252,22680,215890.00,0.3763,0.407460,0.0158
DoubleDQN,456,253,22770,248712.50,0.3738,0.411203,0.0149
DoubleDQN,456,254,22860,225850.00,0.3713,0.398205,0.0168
DoubleDQN,456,255,22950,204055.00,0.3689,0.400636,0.0159
DoubleDQN,456,256,23040,207155.00,0.3664,0.414683,0.0149
DoubleDQN,456,257,23130,231865.00,0.3639,0.415967,0.0172
DoubleDQN,456,258,23220,220597.50,0.3614,0.407561,0.0147
DoubleDQN,456,259,23310,226402.50,0.3590,0.423022,0.0144
DoubleDQN,456,260,23400,222875.00,0.3565,0.420018,0.0144
DoubleDQN,456,261,23490,220112.50,0.3540,0.415222,0.0144
DoubleDQN,456,262,23580,244345.00,0.3516,0.412839,0.0144
DoubleDQN,456,263,23670,211257.50,0.3491,0.401535,0.0144
DoubleDQN,456,264,23760,221565.00,0.3466,0.393083,0.0144
DoubleDQN,456,265,23850,212692.50,0.3441,0.395992,0.0144
DoubleDQN,456,266,23940,238645.00,0.3417,0.389026,0.0144
DoubleDQN,456,267,24030,226532.50,0.3392,0.400841,0.0168
DoubleDQN,456,268,24120,230147.50,0.3367,0.407457,0.0149
DoubleDQN,456,269,24210,211812.50,0.3342,0.401095,0.0164
DoubleDQN,456,270,24300,219472.50,0.3317,0.379255,0.0150
DoubleDQN,456,271,24390,240282.50,0.3293,0.404187,0.0148
DoubleDQN,456,272,24480,231685.00,0.3268,0.392693,0.0148
DoubleDQN,456,273,24570,222582.50,0.3243,0.381484,0.0147
DoubleDQN,456,274,24660,236642.50,0.3218,0.398852,0.0147
DoubleDQN,456,275,24750,236035.00,0.3194,0.381520,0.0147
DoubleDQN,456,276,24840,230637.50,0.3169,0.375080,0.0148
DoubleDQN,456,277,24930,233245.00,0.3144,0.387926,0.0169
DoubleDQN,456,278,25020,231240.00,0.3120,0.387331,0.0143
DoubleDQN,456,279,25110,235235.00,0.3095,0.409002,0.0148
DoubleDQN,456,280,25200,241620.00,0.3070,0.398679,0.0143
DoubleDQN,456,281,25290,246495.00,0.3045,0.382553,0.0141
DoubleDQN,456,282,25380,237625.00,0.3021,0.395934,0.0141
DoubleDQN,456,283,25470,245357.50,0.2996,0.380293,0.0141
DoubleDQN,456,284,25560,218357.50,0.2971,0.367896,0.0143
DoubleDQN,456,285,25650,232315.00,0.2946,0.367858,0.0143
DoubleDQN,456,286,25740,221557.50,0.2922,0.371673,0.0144
DoubleDQN,456,287,25830,243812.50,0.2897,0.389933,0.0144
DoubleDQN,456,288,25920,223512.50,0.2872,0.376117,0.0144
DoubleDQN,456,289,26010,238162.50,0.2847,0.368414,0.0143
DoubleDQN,456,290,26100,224970.00,0.2823,0.396351,0.0142
DoubleDQN,456,291,26190,232470.00,0.2798,0.383037,0.0144
DoubleDQN,456,292,26280,223877.50,0.2773,0.376557,0.0144
DoubleDQN,456,293,26370,243145.00,0.2748,0.383643,0.0143
DoubleDQN,456,294,26460,203890.00,0.2723,0.366373,0.0144
DoubleDQN,456,295,26550,221100.00,0.2699,0.386219,0.0153
DoubleDQN,456,296,26640,252067.50,0.2674,0.366468,0.0147
DoubleDQN,456,297,26730,241245.00,0.2649,0.356492,0.0145
DoubleDQN,456,298,26820,234687.50,0.2624,0.345232,0.0145
DoubleDQN,456,299,26910,238267.50,0.2600,0.375125,0.0166
DoubleDQN,456,300,27000,231730.00,0.2575,0.356060,0.0147
DoubleDQN,456,301,27090,236312.50,0.2550,0.367240,0.0159
DoubleDQN,456,302,27180,234707.50,0.2526,0.365424,0.0150
DoubleDQN,456,303,27270,229472.50,0.2501,0.353531,0.0148
DoubleDQN,456,304,27360,222812.50,0.2476,0.353329,0.0149
DoubleDQN,456,305,27450,222550.00,0.2451,0.365344,0.0154
DoubleDQN,456,306,27540,226347.50,0.2427,0.381061,0.0155
DoubleDQN,456,307,27630,226645.00,0.2402,0.352479,0.0152
DoubleDQN,456,308,27720,237855.00,0.2377,0.359078,0.0151
DoubleDQN,456,309,27810,237137.50,0.2352,0.352425,0.0150
DoubleDQN,456,310,27900,230532.50,0.2328,0.345702,0.0151
DoubleDQN,456,311,27990,246635.00,0.2303,0.361510,0.0150
DoubleDQN,456,312,28080,226247.50,0.2278,0.333546,0.0151
DoubleDQN,456,313,28170,239760.00,0.2253,0.340837,0.0151
DoubleDQN,456,314,28260,232180.00,0.2228,0.345668,0.0152
DoubleDQN,456,315,28350,241622.50,0.2204,0.339485,0.0151
DoubleDQN,456,316,28440,234102.50,0.2179,0.337006,0.0151
DoubleDQN,456,317,28530,231502.50,0.2154,0.337695,0.0172
DoubleDQN,456,318,28620,238995.00,0.2129,0.332763,0.0147
DoubleDQN,456,319,28710,228010.00,0.2105,0.328243,0.0145
DoubleDQN,456,320,28800,220527.50,0.2080,0.322946,0.0145
DoubleDQN,456,321,28890,241502.50,0.2055,0.335542,0.0145
DoubleDQN,456,322,28980,239665.00,0.2030,0.327426,0.0144
DoubleDQN,456,323,29070,231632.50,0.2006,0.347527,0.0144
DoubleDQN,456,324,29160,238792.50,0.1981,0.350204,0.0144
DoubleDQN,456,325,29250,241175.00,0.1956,0.341779,0.0145
DoubleDQN,456,326,29340,222422.50,0.1932,0.341392,0.0144
DoubleDQN,456,327,29430,227975.00,0.1907,0.323086,0.0145
DoubleDQN,456,328,29520,230235.00,0.1882,0.333827,0.0145
DoubleDQN,456,329,29610,225405.00,0.1857,0.345613,0.0144
DoubleDQN,456,330,29700,241032.50,0.1833,0.343634,0.0144
DoubleDQN,456,331,29790,229380.00,0.1808,0.346873,0.0146
DoubleDQN,456,332,29880,231325.00,0.1783,0.347595,0.0145
DoubleDQN,456,333,29970,221455.00,0.1758,0.332735,0.0144
DoubleDQN,456,334,30060,229315.00,0.1734,0.333237,0.0144
DoubleDQN,456,335,30150,229577.50,0.1709,0.333087,0.0149
DoubleDQN,456,336,30240,220555.00,0.1684,0.334065,0.0146
DoubleDQN,456,337,30330,249377.50,0.1659,0.330170,0.0145
DoubleDQN,456,338,30420,239742.50,0.1634,0.328152,0.0144
DoubleDQN,456,339,30510,245962.50,0.1610,0.329193,0.0146
DoubleDQN,456,340,30600,244537.50,0.1585,0.311294,0.0145
DoubleDQN,456,341,30690,250047.50,0.1560,0.309179,0.0146
DoubleDQN,456,342,30780,230937.50,0.1536,0.321501,0.0145
DoubleDQN,456,343,30870,239852.50,0.1511,0.319539,0.0145
DoubleDQN,456,344,30960,224242.50,0.1486,0.318612,0.0146
DoubleDQN,456,345,31050,229880.00,0.1461,0.312773,0.0144
DoubleDQN,456,346,31140,228947.50,0.1437,0.306327,0.0145
DoubleDQN,456,347,31230,242695.00,0.1412,0.329460,0.0145
DoubleDQN,456,348,31320,223457.50,0.1387,0.309171,0.0146
DoubleDQN,456,349,31410,249092.50,0.1362,0.320519,0.0146
DoubleDQN,456,350,31500,236772.50,0.1338,0.315927,0.0145
DoubleDQN,456,351,31590,227742.50,0.1313,0.294774,0.0172
DoubleDQN,456,352,31680,239325.00,0.1288,0.297020,0.0148
DoubleDQN,456,353,31770,233792.50,0.1263,0.303507,0.0146
DoubleDQN,456,354,31860,235190.00,0.1239,0.306653,0.0146
DoubleDQN,456,355,31950,228335.00,0.1214,0.305417,0.0146
DoubleDQN,456,356,32040,234095.00,0.1189,0.295315,0.0147
DoubleDQN,456,357,32130,232185.00,0.1164,0.313204,0.0145
DoubleDQN,456,358,32220,229735.00,0.1139,0.302699,0.0145
DoubleDQN,456,359,32310,222300.00,0.1115,0.295054,0.0146
DoubleDQN,456,360,32400,243862.50,0.1090,0.301681,0.0145
DoubleDQN,456,361,32490,237580.00,0.1065,0.292203,0.0145
DoubleDQN,456,362,32580,223167.50,0.1040,0.310430,0.0144
DoubleDQN,456,363,32670,235912.50,0.1016,0.302076,0.0145
DoubleDQN,456,364,32760,222010.00,0.0991,0.307038,0.0145
DoubleDQN,456,365,32850,238040.00,0.0966,0.306533,0.0145
DoubleDQN,456,366,32940,235650.00,0.0941,0.295021,0.0146
DoubleDQN,456,367,33030,253342.50,0.0917,0.298721,0.0146
DoubleDQN,456,368,33120,239890.00,0.0892,0.289322,0.0146
DoubleDQN,456,369,33210,234895.00,0.0867,0.290477,0.0145
DoubleDQN,456,370,33300,236927.50,0.0842,0.287068,0.0168
DoubleDQN,456,371,33390,246025.00,0.0818,0.293843,0.0155
DoubleDQN,456,372,33480,239260.00,0.0793,0.295772,0.0153
DoubleDQN,456,373,33570,241287.50,0.0768,0.315498,0.0152
DoubleDQN,456,374,33660,229382.50,0.0743,0.308473,0.0152
DoubleDQN,456,375,33750,232402.50,0.0719,0.312952,0.0152
DoubleDQN,456,376,33840,235355.00,0.0694,0.300609,0.0193
DoubleDQN,456,377,33930,240167.50,0.0669,0.309706,0.0161
DoubleDQN,456,378,34020,235532.50,0.0645,0.296794,0.0153
DoubleDQN,456,379,34110,232212.50,0.0620,0.271395,0.0152
DoubleDQN,456,380,34200,226862.50,0.0595,0.265016,0.0152
DoubleDQN,456,381,34290,238545.00,0.0570,0.275770,0.0169
DoubleDQN,456,382,34380,220297.50,0.0546,0.278238,0.0144
DoubleDQN,456,383,34470,225880.00,0.0521,0.270741,0.0143
DoubleDQN,456,384,34560,241752.50,0.0496,0.284297,0.0143
DoubleDQN,456,385,34650,233985.00,0.0471,0.280909,0.0144
DoubleDQN,456,386,34740,221790.00,0.0447,0.272494,0.0144
DoubleDQN,456,387,34830,253540.00,0.0422,0.268654,0.0143
DoubleDQN,456,388,34920,252462.50,0.0397,0.268587,0.0143
DoubleDQN,456,389,35010,231715.00,0.0372,0.284599,0.0144
DoubleDQN,456,390,35100,232702.50,0.0348,0.262413,0.0144
DoubleDQN,456,391,35190,222697.50,0.0323,0.268810,0.0144
DoubleDQN,456,392,35280,232125.00,0.0298,0.262897,0.0145
DoubleDQN,456,393,35370,239062.50,0.0273,0.283770,0.0144
DoubleDQN,456,394,35460,243947.50,0.0249,0.271229,0.0144
DoubleDQN,456,395,35550,239617.50,0.0224,0.260219,0.0144
DoubleDQN,456,396,35640,233512.50,0.0199,0.250398,0.0145
DoubleDQN,456,397,35730,223022.50,0.0174,0.254256,0.0146
DoubleDQN,456,398,35820,234305.00,0.0150,0.260399,0.0319
DoubleDQN,456,399,35910,231085.00,0.0125,0.253589,0.0162
DoubleDQN,456,400,36000,244802.50,0.0100,0.252178,0.0146
DoubleDQN,456,401,36090,232450.00,0.0100,0.259580,0.0177
DoubleDQN,456,402,36180,244637.50,0.0100,0.256421,0.0149
DoubleDQN,456,403,36270,233252.50,0.0100,0.244426,0.0187
DoubleDQN,456,404,36360,240720.00,0.0100,0.255743,0.0172
DoubleDQN,456,405,36450,231150.00,0.0100,0.254488,0.0158
DoubleDQN,456,406,36540,248005.00,0.0100,0.242801,0.0152
DoubleDQN,456,407,36630,247810.00,0.0100,0.253914,0.0147
DoubleDQN,456,408,36720,234437.50,0.0100,0.262793,0.0146
DoubleDQN,456,409,36810,246980.00,0.0100,0.252392,0.0146
DoubleDQN,456,410,36900,239812.50,0.0100,0.248955,0.0145
DoubleDQN,456,411,36990,245805.00,0.0100,0.242936,0.0146
DoubleDQN,456,412,37080,220397.50,0.0100,0.277408,0.0148
DoubleDQN,456,413,37170,229940.00,0.0100,0.268082,0.0150
DoubleDQN,456,414,37260,242417.50,0.0100,0.272795,0.0148
DoubleDQN,456,415,37350,238475.00,0.0100,0.259720,0.0147
DoubleDQN,456,416,37440,243615.00,0.0100,0.261753,0.0145
DoubleDQN,456,417,37530,227837.50,0.0100,0.286434,0.0146
DoubleDQN,456,418,37620,238957.50,0.0100,0.268605,0.0144
DoubleDQN,456,419,37710,234645.00,0.0100,0.267879,0.0171
DoubleDQN,456,420,37800,240077.50,0.0100,0.259209,0.0157
DoubleDQN,456,421,37890,231220.00,0.0100,0.269275,0.0147
DoubleDQN,456,422,37980,228787.50,0.0100,0.261893,0.0146
DoubleDQN,456,423,38070,232582.50,0.0100,0.254622,0.0146
DoubleDQN,456,424,38160,245955.00,0.0100,0.249313,0.0146
DoubleDQN,456,425,38250,237172.50,0.0100,0.264069,0.0146
DoubleDQN,456,426,38340,236797.50,0.0100,0.252989,0.0145
DoubleDQN,456,427,38430,239175.00,0.0100,0.252204,0.0145
DoubleDQN,456,428,38520,239155.00,0.0100,0.270007,0.0145
DoubleDQN,456,429,38610,242497.50,0.0100,0.266987,0.0145
DoubleDQN,456,430,38700,245112.50,0.0100,0.257589,0.0145
DoubleDQN,456,431,38790,242235.00,0.0100,0.276541,0.0146
DoubleDQN,456,432,38880,215890.00,0.0100,0.263052,0.0181
DoubleDQN,456,433,38970,234192.50,0.0100,0.267385,0.0156
DoubleDQN,456,434,39060,229302.50,0.0100,0.268488,0.0162
DoubleDQN,456,435,39150,226525.00,0.0100,0.256214,0.0153
DoubleDQN,456,436,39240,235595.00,0.0100,0.256522,0.0152
DoubleDQN,456,437,39330,237812.50,0.0100,0.251370,0.0167
DoubleDQN,456,438,39420,231967.50,0.0100,0.256693,0.0147
DoubleDQN,456,439,39510,246530.00,0.0100,0.262757,0.0146
DoubleDQN,456,440,39600,244507.50,0.0100,0.243355,0.0145
DoubleDQN,456,441,39690,229622.50,0.0100,0.233677,0.0150
DoubleDQN,456,442,39780,250267.50,0.0100,0.241177,0.0147
DoubleDQN,456,443,39870,238390.00,0.0100,0.234644,0.0146
DoubleDQN,456,444,39960,241847.50,0.0100,0.228289,0.0145
DoubleDQN,456,445,40050,239155.00,0.0100,0.268323,0.0146
DoubleDQN,456,446,40140,236692.50,0.0100,0.250717,0.0183
DoubleDQN,456,447,40230,226002.50,0.0100,0.270269,0.0153
DoubleDQN,456,448,40320,244605.00,0.0100,0.271486,0.0146
DoubleDQN,456,449,40410,237450.00,0.0100,0.259016,0.0146
DoubleDQN,456,450,40500,238640.00,0.0100,0.269764,0.0143
DoubleDQN,456,451,40590,240267.50,0.0100,0.237131,0.0165
DoubleDQN,456,452,40680,240707.50,0.0100,0.252176,0.0153
DoubleDQN,456,453,40770,247560.00,0.0100,0.242706,0.0161
DoubleDQN,456,454,40860,237027.50,0.0100,0.255592,0.0149
DoubleDQN,456,455,40950,246945.00,0.0100,0.245334,0.0146
DoubleDQN,456,456,41040,243512.50,0.0100,0.260665,0.0145
DoubleDQN,456,457,41130,236035.00,0.0100,0.280508,0.0145
DoubleDQN,456,458,41220,226825.00,0.0100,0.265712,0.0145
DoubleDQN,456,459,41310,235030.00,0.0100,0.277665,0.0145
DoubleDQN,456,460,41400,235702.50,0.0100,0.276701,0.0145
DoubleDQN,456,461,41490,246057.50,0.0100,0.264871,0.0145
DoubleDQN,456,462,41580,228075.00,0.0100,0.250788,0.0162
DoubleDQN,456,463,41670,234120.00,0.0100,0.253436,0.0168
DoubleDQN,456,464,41760,238007.50,0.0100,0.253627,0.0159
DoubleDQN,456,465,41850,226347.50,0.0100,0.254529,0.0181
DoubleDQN,456,466,41940,234737.50,0.0100,0.251491,0.0160
DoubleDQN,456,467,42030,232822.50,0.0100,0.251297,0.0172
DoubleDQN,456,468,42120,228715.00,0.0100,0.250969,0.0219
DoubleDQN,456,469,42210,226662.50,0.0100,0.245716,0.0186
DoubleDQN,456,470,42300,239020.00,0.0100,0.246204,0.0157
DoubleDQN,456,471,42390,236332.50,0.0100,0.241909,0.0173
DoubleDQN,456,472,42480,227082.50,0.0100,0.253562,0.0167
DoubleDQN,456,473,42570,236832.50,0.0100,0.268162,0.0176
DoubleDQN,456,474,42660,237725.00,0.0100,0.272902,0.0169
DoubleDQN,456,475,42750,225295.00,0.0100,0.263201,0.0186
DoubleDQN,456,476,42840,234637.50,0.0100,0.264961,0.0186
DoubleDQN,456,477,42930,216652.50,0.0100,0.260103,0.0184
DoubleDQN,456,478,43020,233680.00,0.0100,0.257876,0.0211
DoubleDQN,456,479,43110,233640.00,0.0100,0.244867,0.0191
DoubleDQN,456,480,43200,235630.00,0.0100,0.230954,0.0169
DoubleDQN,456,481,43290,228122.50,0.0100,0.242471,0.0171
DoubleDQN,456,482,43380,236557.50,0.0100,0.242340,0.0247
DoubleDQN,456,483,43470,228775.00,0.0100,0.250751,0.0168
DoubleDQN,456,484,43560,228977.50,0.0100,0.249733,0.0176
DoubleDQN,456,485,43650,236935.00,0.0100,0.249749,0.0183
DoubleDQN,456,486,43740,238485.00,0.0100,0.250600,0.0175
DoubleDQN,456,487,43830,229210.00,0.0100,0.258882,0.0201
DoubleDQN,456,488,43920,218405.00,0.0100,0.262601,0.0181
DoubleDQN,456,489,44010,229890.00,0.0100,0.240987,0.0168
DoubleDQN,456,490,44100,235925.00,0.0100,0.228655,0.0162
DoubleDQN,456,491,44190,231330.00,0.0100,0.232811,0.0192
DoubleDQN,456,492,44280,236790.00,0.0100,0.237355,0.0170
DoubleDQN,456,493,44370,235780.00,0.0100,0.236808,0.0172
DoubleDQN,456,494,44460,238172.50,0.0100,0.240421,0.0195
DoubleDQN,456,495,44550,231580.00,0.0100,0.232960,0.0177
DoubleDQN,456,496,44640,229905.00,0.0100,0.235739,0.0173
DoubleDQN,456,497,44730,223360.00,0.0100,0.241935,0.0169
DoubleDQN,456,498,44820,231290.00,0.0100,0.234657,0.0168
DoubleDQN,456,499,44910,241430.00,0.0100,0.229560,0.0174
DoubleDQN,456,500,45000,219252.50,0.0100,0.229121,0.0183
DoubleDQN,789,1,90,50575.00,0.9975,0.000000,0.0006
DoubleDQN,789,2,180,125687.50,0.9950,0.000000,0.0006
DoubleDQN,789,3,270,122992.50,0.9926,0.000000,0.0004
DoubleDQN,789,4,360,137680.00,0.9901,0.000000,0.0008
DoubleDQN,789,5,450,120840.00,0.9876,0.000000,0.0015
DoubleDQN,789,6,540,195545.00,0.9851,3.942231,0.0082
DoubleDQN,789,7,630,122290.00,0.9827,2.697427,0.0166
DoubleDQN,789,8,720,78725.00,0.9802,1.693298,0.0154
DoubleDQN,789,9,810,171797.50,0.9777,1.441385,0.0160
DoubleDQN,789,10,900,148972.50,0.9752,1.341508,0.0169
DoubleDQN,789,11,990,118482.50,0.9728,1.276816,0.0156
DoubleDQN,789,12,1080,136322.50,0.9703,3.098838,0.0158
DoubleDQN,789,13,1170,174767.50,0.9678,1.188895,0.0159
DoubleDQN,789,14,1260,84555.00,0.9654,1.117129,0.0160
DoubleDQN,789,15,1350,104605.00,0.9629,1.013016,0.0165
DoubleDQN,789,16,1440,181787.50,0.9604,0.993337,0.0158
DoubleDQN,789,17,1530,130002.50,0.9579,1.789584,0.0162
DoubleDQN,789,18,1620,162775.00,0.9555,1.096479,0.0217
DoubleDQN,789,19,1710,154075.00,0.9530,1.008037,0.0182
DoubleDQN,789,20,1800,119120.00,0.9505,0.904757,0.0161
DoubleDQN,789,21,1890,192397.50,0.9480,0.887303,0.0245
DoubleDQN,789,22,1980,111780.00,0.9456,0.877212,0.0169
DoubleDQN,789,23,2070,125912.50,0.9431,1.583662,0.0163
DoubleDQN,789,24,2160,151557.50,0.9406,1.014342,0.0184
DoubleDQN,789,25,2250,83585.00,0.9381,0.954932,0.0201
DoubleDQN,789,26,2340,90005.00,0.9356,0.914633,0.0176
DoubleDQN,789,27,2430,80212.50,0.9332,0.863249,0.0178
DoubleDQN,789,28,2520,33712.50,0.9307,1.289285,0.0162
DoubleDQN,789,29,2610,156285.00,0.9282,1.138283,0.0159
DoubleDQN,789,30,2700,151357.50,0.9257,1.027725,0.0162
DoubleDQN,789,31,2790,180572.50,0.9233,0.989116,0.0162
DoubleDQN,789,32,2880,95690.00,0.9208,0.974678,0.0172
DoubleDQN,789,33,2970,120515.00,0.9183,1.030209,0.0167
DoubleDQN,789,34,3060,120095.00,0.9159,1.399447,0.0157
DoubleDQN,789,35,3150,165477.50,0.9134,1.010365,0.0171
DoubleDQN,789,36,3240,183192.50,0.9109,1.008295,0.0187
DoubleDQN,789,37,3330,93092.50,0.9084,0.997087,0.0188
DoubleDQN,789,38,3420,122435.00,0.9060,0.996892,0.0187
DoubleDQN,789,39,3510,97215.00,0.9035,1.272222,0.0173
DoubleDQN,789,40,3600,95762.50,0.9010,1.105303,0.0162
DoubleDQN,789,41,3690,162275.00,0.8985,0.941022,0.0170
DoubleDQN,789,42,3780,139652.50,0.8961,0.918757,0.0169
DoubleDQN,789,43,3870,105840.00,0.8936,0.922491,0.0165
DoubleDQN,789,44,3960,126865.00,0.8911,0.886785,0.0177
DoubleDQN,789,45,4050,200790.00,0.8886,1.142253,0.0171
DoubleDQN,789,46,4140,147920.00,0.8861,0.812495,0.0166
DoubleDQN,789,47,4230,166515.00,0.8837,0.786524,0.0164
DoubleDQN,789,48,4320,138807.50,0.8812,0.784949,0.0166
DoubleDQN,789,49,4410,132607.50,0.8787,0.776377,0.0180
DoubleDQN,789,50,4500,131625.00,0.8762,0.792288,0.0174
DoubleDQN,789,51,4590,189047.50,0.8738,0.795470,0.0169
DoubleDQN,789,52,4680,182220.00,0.8713,0.687563,0.0172
DoubleDQN,789,53,4770,90962.50,0.8688,0.660972,0.0156
DoubleDQN,789,54,4860,170372.50,0.8663,0.634998,0.0159
DoubleDQN,789,55,4950,131745.00,0.8639,0.597659,0.0166
DoubleDQN,789,56,5040,104237.50,0.8614,0.672382,0.0171
DoubleDQN,789,57,5130,150737.50,0.8589,0.571082,0.0164
DoubleDQN,789,58,5220,201777.50,0.8565,0.564599,0.0171
DoubleDQN,789,59,5310,192282.50,0.8540,0.556614,0.0215
DoubleDQN,789,60,5400,132312.50,0.8515,0.545491,0.0180
DoubleDQN,789,61,5490,176867.50,0.8490,0.556980,0.0251
DoubleDQN,789,62,5580,114052.50,0.8466,0.585077,0.0162
DoubleDQN,789,63,5670,157220.00,0.8441,0.585760,0.0159
DoubleDQN,789,64,5760,171570.00,0.8416,0.583555,0.0172
DoubleDQN,789,65,5850,173462.50,0.8391,0.569192,0.0177
DoubleDQN,789,66,5940,177432.50,0.8367,0.566061,0.0166
DoubleDQN,789,67,6030,179785.00,0.8342,0.597595,0.0231
DoubleDQN,789,68,6120,200050.00,0.8317,0.608164,0.0210
DoubleDQN,789,69,6210,195932.50,0.8292,0.590349,0.0173
DoubleDQN,789,70,6300,185950.00,0.8267,0.578414,0.0212
DoubleDQN,789,71,6390,144305.00,0.8243,0.592240,0.0209
DoubleDQN,789,72,6480,144832.50,0.8218,0.592463,0.0164
DoubleDQN,789,73,6570,181662.50,0.8193,0.603132,0.0167
DoubleDQN,789,74,6660,84705.00,0.8168,0.601655,0.0247
DoubleDQN,789,75,6750,103325.00,0.8144,0.595065,0.0174
DoubleDQN,789,76,6840,189277.50,0.8119,0.581339,0.0194
DoubleDQN,789,77,6930,170810.00,0.8094,0.584859,0.0225
DoubleDQN,789,78,7020,169085.00,0.8070,0.593254,0.0185
DoubleDQN,789,79,7110,188332.50,0.8045,0.576823,0.0200
DoubleDQN,789,80,7200,173732.50,0.8020,0.574868,0.0169
DoubleDQN,789,81,7290,202792.50,0.7995,0.581983,0.0163
DoubleDQN,789,82,7380,184992.50,0.7971,0.584921,0.0171
DoubleDQN,789,83,7470,166307.50,0.7946,0.555715,0.0187
DoubleDQN,789,84,7560,179930.00,0.7921,0.597741,0.0221
DoubleDQN,789,85,7650,168302.50,0.7896,0.568466,0.0164
DoubleDQN,789,86,7740,176102.50,0.7872,0.564665,0.0177
DoubleDQN,789,87,7830,180822.50,0.7847,0.563990,0.0170
DoubleDQN,789,88,7920,184810.00,0.7822,0.573080,0.0171
DoubleDQN,789,89,8010,199722.50,0.7797,0.587976,0.0245
DoubleDQN,789,90,8100,175315.00,0.7772,0.568142,0.0169
DoubleDQN,789,91,8190,81982.50,0.7748,0.565315,0.0208
DoubleDQN,789,92,8280,142347.50,0.7723,0.533438,0.0190
DoubleDQN,789,93,8370,206497.50,0.7698,0.560104,0.0163
DoubleDQN,789,94,8460,164767.50,0.7673,0.572525,0.0171
DoubleDQN,789,95,8550,200830.00,0.7649,0.566158,0.0170
DoubleDQN,789,96,8640,154690.00,0.7624,0.550545,0.0160
DoubleDQN,789,97,8730,214720.00,0.7599,0.557045,0.0180
DoubleDQN,789,98,8820,134650.00,0.7574,0.548756,0.0165
DoubleDQN,789,99,8910,212842.50,0.7550,0.537349,0.0162
DoubleDQN,789,100,9000,171912.50,0.7525,0.550466,0.0162
DoubleDQN,789,101,9090,200312.50,0.7500,0.581293,0.0241
DoubleDQN,789,102,9180,146042.50,0.7475,0.543941,0.0174
DoubleDQN,789,103,9270,214880.00,0.7451,0.557420,0.0163
DoubleDQN,789,104,9360,130807.50,0.7426,0.552646,0.0163
DoubleDQN,789,105,9450,174937.50,0.7401,0.569758,0.0196
DoubleDQN,789,106,9540,193565.00,0.7376,0.544927,0.0164
DoubleDQN,789,107,9630,151287.50,0.7352,0.543605,0.0180
DoubleDQN,789,108,9720,175900.00,0.7327,0.535965,0.0165
DoubleDQN,789,109,9810,214955.00,0.7302,0.536687,0.0167
DoubleDQN,789,110,9900,173585.00,0.7278,0.537000,0.0171
DoubleDQN,789,111,9990,190132.50,0.7253,0.531574,0.0161
DoubleDQN,789,112,10080,179672.50,0.7228,0.562503,0.0161
DoubleDQN,789,113,10170,201602.50,0.7203,0.530387,0.0178
DoubleDQN,789,114,10260,198330.00,0.7179,0.539861,0.0166
DoubleDQN,789,115,10350,203092.50,0.7154,0.529991,0.0172
DoubleDQN,789,116,10440,169150.00,0.7129,0.535845,0.0173
DoubleDQN,789,117,10530,210177.50,0.7104,0.541666,0.0241
DoubleDQN,789,118,10620,198417.50,0.7080,0.558783,0.0166
DoubleDQN,789,119,10710,196935.00,0.7055,0.526771,0.0303
DoubleDQN,789,120,10800,189162.50,0.7030,0.529568,0.0215
DoubleDQN,789,121,10890,184850.00,0.7005,0.537735,0.0158
DoubleDQN,789,122,10980,207492.50,0.6981,0.532646,0.0156
DoubleDQN,789,123,11070,207822.50,0.6956,0.554108,0.0162
DoubleDQN,789,124,11160,200357.50,0.6931,0.538216,0.0163
DoubleDQN,789,125,11250,205345.00,0.6906,0.520339,0.0165
DoubleDQN,789,126,11340,160820.00,0.6882,0.526982,0.0175
DoubleDQN,789,127,11430,172885.00,0.6857,0.542649,0.0171
DoubleDQN,789,128,11520,219942.50,0.6832,0.521833,0.0165
DoubleDQN,789,129,11610,182782.50,0.6807,0.514122,0.0181
DoubleDQN,789,130,11700,218495.00,0.6783,0.508963,0.0165
DoubleDQN,789,131,11790,190817.50,0.6758,0.512239,0.0168
DoubleDQN,789,132,11880,238000.00,0.6733,0.529240,0.0180
DoubleDQN,789,133,11970,171957.50,0.6708,0.518289,0.0180
DoubleDQN,789,134,12060,225157.50,0.6683,0.512856,0.0181
DoubleDQN,789,135,12150,215392.50,0.6659,0.514902,0.0169
DoubleDQN,789,136,12240,199530.00,0.6634,0.510297,0.0163
DoubleDQN,789,137,12330,226147.50,0.6609,0.535001,0.0169
DoubleDQN,789,138,12420,220910.00,0.6584,0.533996,0.0182
DoubleDQN,789,139,12510,195362.50,0.6560,0.504686,0.0161
DoubleDQN,789,140,12600,223777.50,0.6535,0.519105,0.0176
DoubleDQN,789,141,12690,174602.50,0.6510,0.530383,0.0166
DoubleDQN,789,142,12780,218692.50,0.6485,0.504699,0.0174
DoubleDQN,789,143,12870,189390.00,0.6461,0.517426,0.0172
DoubleDQN,789,144,12960,175347.50,0.6436,0.512584,0.0170
DoubleDQN,789,145,13050,196110.00,0.6411,0.524277,0.0177
DoubleDQN,789,146,13140,202887.50,0.6386,0.527628,0.0184
DoubleDQN,789,147,13230,210260.00,0.6362,0.513009,0.0165
DoubleDQN,789,148,13320,206415.00,0.6337,0.531343,0.0158
DoubleDQN,789,149,13410,211982.50,0.6312,0.514377,0.0191
DoubleDQN,789,150,13500,226292.50,0.6288,0.519390,0.0168
DoubleDQN,789,151,13590,209160.00,0.6263,0.523247,0.0182
DoubleDQN,789,152,13680,185617.50,0.6238,0.506093,0.0184
DoubleDQN,789,153,13770,216635.00,0.6213,0.505500,0.0183
DoubleDQN,789,154,13860,211360.00,0.6189,0.524117,0.0169
DoubleDQN,789,155,13950,189785.00,0.6164,0.507754,0.0172
DoubleDQN,789,156,14040,187177.50,0.6139,0.498965,0.0173
DoubleDQN,789,157,14130,211750.00,0.6114,0.489022,0.0162
DoubleDQN,789,158,14220,199997.50,0.6089,0.495486,0.0163
DoubleDQN,789,159,14310,185270.00,0.6065,0.496697,0.0168
DoubleDQN,789,160,14400,228055.00,0.6040,0.507611,0.0174
DoubleDQN,789,161,14490,224755.00,0.6015,0.494164,0.0172
DoubleDQN,789,162,14580,175000.00,0.5990,0.493236,0.0167
DoubleDQN,789,163,14670,196040.00,0.5966,0.488342,0.0176
DoubleDQN,789,164,14760,202700.00,0.5941,0.488439,0.0167
DoubleDQN,789,165,14850,180207.50,0.5916,0.490809,0.0257
DoubleDQN,789,166,14940,181155.00,0.5892,0.500432,0.0176
DoubleDQN,789,167,15030,202885.00,0.5867,0.514657,0.0172
DoubleDQN,789,168,15120,221462.50,0.5842,0.505225,0.0215
DoubleDQN,789,169,15210,213985.00,0.5817,0.507743,0.0187
DoubleDQN,789,170,15300,212937.50,0.5793,0.522626,0.0165
DoubleDQN,789,171,15390,187692.50,0.5768,0.508498,0.0165
DoubleDQN,789,172,15480,190380.00,0.5743,0.515751,0.0171
DoubleDQN,789,173,15570,225677.50,0.5718,0.508420,0.0167
DoubleDQN,789,174,15660,221687.50,0.5694,0.508004,0.0193
DoubleDQN,789,175,15750,177180.00,0.5669,0.505839,0.0197
DoubleDQN,789,176,15840,208032.50,0.5644,0.493868,0.0219
DoubleDQN,789,177,15930,222722.50,0.5619,0.496151,0.0178
DoubleDQN,789,178,16020,208090.00,0.5595,0.500394,0.0165
DoubleDQN,789,179,16110,198055.00,0.5570,0.488798,0.0163
DoubleDQN,789,180,16200,204985.00,0.5545,0.476584,0.0182
DoubleDQN,789,181,16290,216662.50,0.5520,0.485418,0.0167
DoubleDQN,789,182,16380,218822.50,0.5495,0.476030,0.0173
DoubleDQN,789,183,16470,216047.50,0.5471,0.478376,0.0167
DoubleDQN,789,184,16560,227682.50,0.5446,0.494657,0.0173
DoubleDQN,789,185,16650,217947.50,0.5421,0.510535,0.0260
DoubleDQN,789,186,16740,205907.50,0.5396,0.478259,0.0170
DoubleDQN,789,187,16830,220735.00,0.5372,0.496458,0.0208
DoubleDQN,789,188,16920,243985.00,0.5347,0.491923,0.0186
DoubleDQN,789,189,17010,202435.00,0.5322,0.478416,0.0172
DoubleDQN,789,190,17100,206877.50,0.5297,0.481109,0.0168
DoubleDQN,789,191,17190,207855.00,0.5273,0.460048,0.0168
DoubleDQN,789,192,17280,222300.00,0.5248,0.474406,0.0177
DoubleDQN,789,193,17370,182942.50,0.5223,0.490820,0.0168
DoubleDQN,789,194,17460,206805.00,0.5199,0.478264,0.0176
DoubleDQN,789,195,17550,188345.00,0.5174,0.478785,0.0203
DoubleDQN,789,196,17640,229517.50,0.5149,0.463844,0.0175
DoubleDQN,789,197,17730,202085.00,0.5124,0.475987,0.0164
DoubleDQN,789,198,17820,213607.50,0.5100,0.467277,0.0180
DoubleDQN,789,199,17910,227435.00,0.5075,0.498566,0.0172
DoubleDQN,789,200,18000,187902.50,0.5050,0.483509,0.0166
DoubleDQN,789,201,18090,194095.00,0.5025,0.504800,0.0256
DoubleDQN,789,202,18180,220775.00,0.5000,0.475526,0.0240
DoubleDQN,789,203,18270,222537.50,0.4976,0.475051,0.0196
DoubleDQN,789,204,18360,221347.50,0.4951,0.476557,0.0158
DoubleDQN,789,205,18450,237322.50,0.4926,0.475787,0.0160
DoubleDQN,789,206,18540,220167.50,0.4901,0.471621,0.0160
DoubleDQN,789,207,18630,245432.50,0.4877,0.475980,0.0183
DoubleDQN,789,208,18720,231035.00,0.4852,0.468226,0.0248
DoubleDQN,789,209,18810,220750.00,0.4827,0.458357,0.0164
DoubleDQN,789,210,18900,224105.00,0.4802,0.452735,0.0179
DoubleDQN,789,211,18990,205442.50,0.4778,0.477261,0.0174
DoubleDQN,789,212,19080,221730.00,0.4753,0.484223,0.0172
DoubleDQN,789,213,19170,243577.50,0.4728,0.460865,0.0177
DoubleDQN,789,214,19260,232310.00,0.4703,0.463209,0.0175
DoubleDQN,789,215,19350,218322.50,0.4679,0.452744,0.0162
DoubleDQN,789,216,19440,222090.00,0.4654,0.473808,0.0169
DoubleDQN,789,217,19530,221300.00,0.4629,0.467373,0.0172
DoubleDQN,789,218,19620,196725.00,0.4604,0.450880,0.0174
DoubleDQN,789,219,19710,239007.50,0.4580,0.451100,0.0164
DoubleDQN,789,220,19800,222657.50,0.4555,0.460294,0.0178
DoubleDQN,789,221,19890,201077.50,0.4530,0.462536,0.0177
DoubleDQN,789,222,19980,224447.50,0.4506,0.457795,0.0165
DoubleDQN,789,223,20070,223885.00,0.4481,0.465483,0.0164
DoubleDQN,789,224,20160,218340.00,0.4456,0.471974,0.0171
DoubleDQN,789,225,20250,203622.50,0.4431,0.482447,0.0161
DoubleDQN,789,226,20340,186137.50,0.4407,0.475036,0.0167
DoubleDQN,789,227,20430,202995.00,0.4382,0.461930,0.0178
DoubleDQN,789,228,20520,207032.50,0.4357,0.469106,0.0171
DoubleDQN,789,229,20610,227962.50,0.4332,0.447113,0.0176
DoubleDQN,789,230,20700,236885.00,0.4308,0.446786,0.0168
DoubleDQN,789,231,20790,203467.50,0.4283,0.438372,0.0180
DoubleDQN,789,232,20880,222230.00,0.4258,0.443320,0.0182
DoubleDQN,789,233,20970,227475.00,0.4233,0.440270,0.0188
DoubleDQN,789,234,21060,208407.50,0.4209,0.454589,0.0187
DoubleDQN,789,235,21150,206530.00,0.4184,0.458665,0.0164
DoubleDQN,789,236,21240,230150.00,0.4159,0.445089,0.0167
DoubleDQN,789,237,21330,225197.50,0.4134,0.459035,0.0179
DoubleDQN,789,238,21420,231192.50,0.4110,0.434458,0.0167
DoubleDQN,789,239,21510,207757.50,0.4085,0.441188,0.0230
DoubleDQN,789,240,21600,217472.50,0.4060,0.448251,0.0184
DoubleDQN,789,241,21690,230835.00,0.4035,0.425316,0.0167
DoubleDQN,789,242,21780,224547.50,0.4011,0.454973,0.0175
DoubleDQN,789,243,21870,222390.00,0.3986,0.440219,0.0199
DoubleDQN,789,244,21960,239587.50,0.3961,0.442743,0.0176
DoubleDQN,789,245,22050,212935.00,0.3936,0.428294,0.0184
DoubleDQN,789,246,22140,230615.00,0.3911,0.416384,0.0161
DoubleDQN,789,247,22230,221175.00,0.3887,0.423347,0.0180
DoubleDQN,789,248,22320,219737.50,0.3862,0.421392,0.0167
DoubleDQN,789,249,22410,213515.00,0.3837,0.420474,0.0186
DoubleDQN,789,250,22500,207177.50,0.3812,0.429579,0.0167
DoubleDQN,789,251,22590,219150.00,0.3788,0.415617,0.0191
DoubleDQN,789,252,22680,219572.50,0.3763,0.415484,0.0191
DoubleDQN,789,253,22770,231365.00,0.3738,0.413006,0.0163
DoubleDQN,789,254,22860,241245.00,0.3713,0.402263,0.0165
DoubleDQN,789,255,22950,235027.50,0.3689,0.410530,0.0174
DoubleDQN,789,256,23040,242460.00,0.3664,0.417878,0.0252
DoubleDQN,789,257,23130,210230.00,0.3639,0.423616,0.0177
DoubleDQN,789,258,23220,202447.50,0.3614,0.407378,0.0171
DoubleDQN,789,259,23310,233827.50,0.3590,0.417304,0.0168
DoubleDQN,789,260,23400,217915.00,0.3565,0.417792,0.0173
DoubleDQN,789,261,23490,220962.50,0.3540,0.430848,0.0177
DoubleDQN,789,262,23580,220182.50,0.3516,0.411509,0.0178
DoubleDQN,789,263,23670,229687.50,0.3491,0.398866,0.0166
DoubleDQN,789,264,23760,242777.50,0.3466,0.406434,0.0169
DoubleDQN,789,265,23850,222110.00,0.3441,0.389360,0.0190
DoubleDQN,789,266,23940,231172.50,0.3417,0.391820,0.0257
DoubleDQN,789,267,24030,227640.00,0.3392,0.374467,0.0162
DoubleDQN,789,268,24120,241965.00,0.3367,0.388947,0.0185
DoubleDQN,789,269,24210,225400.00,0.3342,0.378015,0.0179
DoubleDQN,789,270,24300,244487.50,0.3317,0.384705,0.0164
DoubleDQN,789,271,24390,201567.50,0.3293,0.380809,0.0222
DoubleDQN,789,272,24480,218620.00,0.3268,0.379077,0.0175
DoubleDQN,789,273,24570,237330.00,0.3243,0.370405,0.0166
DoubleDQN,789,274,24660,222165.00,0.3218,0.373835,0.0277
DoubleDQN,789,275,24750,247552.50,0.3194,0.370897,0.0166
DoubleDQN,789,276,24840,220187.50,0.3169,0.379664,0.0171
DoubleDQN,789,277,24930,217155.00,0.3144,0.371697,0.0177
DoubleDQN,789,278,25020,226425.00,0.3120,0.381768,0.0187
DoubleDQN,789,279,25110,236512.50,0.3095,0.376930,0.0181
DoubleDQN,789,280,25200,222540.00,0.3070,0.370479,0.0193
DoubleDQN,789,281,25290,236330.00,0.3045,0.391401,0.0185
DoubleDQN,789,282,25380,231440.00,0.3021,0.369516,0.0162
DoubleDQN,789,283,25470,233282.50,0.2996,0.375056,0.0163
DoubleDQN,789,284,25560,226637.50,0.2971,0.379569,0.0170
DoubleDQN,789,285,25650,225085.00,0.2946,0.371300,0.0176
DoubleDQN,789,286,25740,231437.50,0.2922,0.377159,0.0175
DoubleDQN,789,287,25830,238852.50,0.2897,0.361299,0.0177
DoubleDQN,789,288,25920,225100.00,0.2872,0.379727,0.0185
DoubleDQN,789,289,26010,233772.50,0.2847,0.379460,0.0180
DoubleDQN,789,290,26100,227917.50,0.2823,0.357245,0.0179
DoubleDQN,789,291,26190,232395.00,0.2798,0.362875,0.0249
DoubleDQN,789,292,26280,231370.00,0.2773,0.365769,0.0187
DoubleDQN,789,293,26370,224090.00,0.2748,0.370064,0.0177
DoubleDQN,789,294,26460,238382.50,0.2723,0.362948,0.0166
DoubleDQN,789,295,26550,240327.50,0.2699,0.353699,0.0179
DoubleDQN,789,296,26640,228772.50,0.2674,0.351506,0.0210
DoubleDQN,789,297,26730,235005.00,0.2649,0.342422,0.0155
DoubleDQN,789,298,26820,215722.50,0.2624,0.338369,0.0195
DoubleDQN,789,299,26910,237737.50,0.2600,0.345835,0.0182
DoubleDQN,789,300,27000,209537.50,0.2575,0.355964,0.0166
DoubleDQN,789,301,27090,235310.00,0.2550,0.353388,0.0173
DoubleDQN,789,302,27180,220290.00,0.2526,0.338569,0.0207
DoubleDQN,789,303,27270,250535.00,0.2501,0.352023,0.0172
DoubleDQN,789,304,27360,222465.00,0.2476,0.353577,0.0195
DoubleDQN,789,305,27450,235257.50,0.2451,0.349378,0.0186
DoubleDQN,789,306,27540,236335.00,0.2427,0.361893,0.0175
DoubleDQN,789,307,27630,228212.50,0.2402,0.353272,0.0181
DoubleDQN,789,308,27720,225527.50,0.2377,0.345600,0.0249
DoubleDQN,789,309,27810,225347.50,0.2352,0.348389,0.0164
DoubleDQN,789,310,27900,219995.00,0.2328,0.343424,0.0169
DoubleDQN,789,311,27990,222775.00,0.2303,0.342460,0.0162
DoubleDQN,789,312,28080,234357.50,0.2278,0.349731,0.0218
DoubleDQN,789,313,28170,223322.50,0.2253,0.345384,0.0187
DoubleDQN,789,314,28260,239975.00,0.2228,0.356378,0.0175
DoubleDQN,789,315,28350,250850.00,0.2204,0.338027,0.0173
DoubleDQN,789,316,28440,217160.00,0.2179,0.338522,0.0261
DoubleDQN,789,317,28530,229352.50,0.2154,0.329008,0.0181
DoubleDQN,789,318,28620,225935.00,0.2129,0.326075,0.0162
DoubleDQN,789,319,28710,239015.00,0.2105,0.347622,0.0167
DoubleDQN,789,320,28800,237215.00,0.2080,0.333405,0.0182
DoubleDQN,789,321,28890,228150.00,0.2055,0.331859,0.0176
DoubleDQN,789,322,28980,224930.00,0.2030,0.342019,0.0281
DoubleDQN,789,323,29070,225510.00,0.2006,0.344080,0.0191
DoubleDQN,789,324,29160,217267.50,0.1981,0.329570,0.0151
DoubleDQN,789,325,29250,213625.00,0.1956,0.339590,0.0171
DoubleDQN,789,326,29340,221565.00,0.1932,0.333491,0.0177
DoubleDQN,789,327,29430,226052.50,0.1907,0.337290,0.0179
DoubleDQN,789,328,29520,220367.50,0.1882,0.337191,0.0172
DoubleDQN,789,329,29610,231112.50,0.1857,0.315661,0.0173
DoubleDQN,789,330,29700,220932.50,0.1833,0.324548,0.0178
DoubleDQN,789,331,29790,223580.00,0.1808,0.324492,0.0164
DoubleDQN,789,332,29880,222602.50,0.1783,0.311590,0.0253
DoubleDQN,789,333,29970,238430.00,0.1758,0.312694,0.0175
DoubleDQN,789,334,30060,247322.50,0.1734,0.302927,0.0175
DoubleDQN,789,335,30150,243985.00,0.1709,0.310556,0.0170
DoubleDQN,789,336,30240,225840.00,0.1684,0.298536,0.0175
DoubleDQN,789,337,30330,225395.00,0.1659,0.293740,0.0183
DoubleDQN,789,338,30420,205852.50,0.1634,0.305477,0.0168
DoubleDQN,789,339,30510,226665.00,0.1610,0.294731,0.0184
DoubleDQN,789,340,30600,221975.00,0.1585,0.310542,0.0180
DoubleDQN,789,341,30690,235940.00,0.1560,0.308146,0.0180
DoubleDQN,789,342,30780,236952.50,0.1536,0.297747,0.0169
DoubleDQN,789,343,30870,253215.00,0.1511,0.304687,0.0193
DoubleDQN,789,344,30960,232172.50,0.1486,0.298568,0.0175
DoubleDQN,789,345,31050,237267.50,0.1461,0.282909,0.0171
DoubleDQN,789,346,31140,235117.50,0.1437,0.299152,0.0169
DoubleDQN,789,347,31230,226160.00,0.1412,0.298487,0.0178
DoubleDQN,789,348,31320,229065.00,0.1387,0.292041,0.0168
DoubleDQN,789,349,31410,233787.50,0.1362,0.302732,0.0185
DoubleDQN,789,350,31500,243435.00,0.1338,0.288670,0.0169
DoubleDQN,789,351,31590,224860.00,0.1313,0.341294,0.0242
DoubleDQN,789,352,31680,227812.50,0.1288,0.332601,0.0164
DoubleDQN,789,353,31770,226465.00,0.1263,0.322527,0.0164
DoubleDQN,789,354,31860,234927.50,0.1239,0.319401,0.0174
DoubleDQN,789,355,31950,233310.00,0.1214,0.323544,0.0174
DoubleDQN,789,356,32040,233370.00,0.1189,0.313501,0.0162
DoubleDQN,789,357,32130,231705.00,0.1164,0.313746,0.0182
DoubleDQN,789,358,32220,235077.50,0.1139,0.324747,0.0159
DoubleDQN,789,359,32310,222887.50,0.1115,0.305505,0.0180
DoubleDQN,789,360,32400,235805.00,0.1090,0.308393,0.0164
DoubleDQN,789,361,32490,240555.00,0.1065,0.308916,0.0171
DoubleDQN,789,362,32580,224970.00,0.1040,0.321538,0.0182
DoubleDQN,789,363,32670,239822.50,0.1016,0.316813,0.0179
DoubleDQN,789,364,32760,239455.00,0.0991,0.323160,0.0167
DoubleDQN,789,365,32850,238152.50,0.0966,0.306771,0.0176
DoubleDQN,789,366,32940,222002.50,0.0941,0.310283,0.0187
DoubleDQN,789,367,33030,240097.50,0.0917,0.307175,0.0233
DoubleDQN,789,368,33120,239125.00,0.0892,0.314220,0.0187
DoubleDQN,789,369,33210,235405.00,0.0867,0.317180,0.0184
DoubleDQN,789,370,33300,237612.50,0.0842,0.308993,0.0199
DoubleDQN,789,371,33390,228422.50,0.0818,0.295240,0.0206
DoubleDQN,789,372,33480,223025.00,0.0793,0.305783,0.0162
DoubleDQN,789,373,33570,234285.00,0.0768,0.318064,0.0182
DoubleDQN,789,374,33660,237982.50,0.0743,0.301363,0.0178
DoubleDQN,789,375,33750,243800.00,0.0719,0.305286,0.0168
DoubleDQN,789,376,33840,232740.00,0.0694,0.308102,0.0170
DoubleDQN,789,377,33930,222522.50,0.0669,0.319253,0.0183
DoubleDQN,789,378,34020,235235.00,0.0645,0.311984,0.0254
DoubleDQN,789,379,34110,240192.50,0.0620,0.305090,0.0169
DoubleDQN,789,380,34200,213050.00,0.0595,0.299932,0.0170
DoubleDQN,789,381,34290,230162.50,0.0570,0.303740,0.0223
DoubleDQN,789,382,34380,231642.50,0.0546,0.301589,0.0196
DoubleDQN,789,383,34470,239090.00,0.0521,0.304186,0.0163
DoubleDQN,789,384,34560,221382.50,0.0496,0.296293,0.0176
DoubleDQN,789,385,34650,239020.00,0.0471,0.292303,0.0169
DoubleDQN,789,386,34740,245350.00,0.0447,0.294494,0.0171
DoubleDQN,789,387,34830,247207.50,0.0422,0.294699,0.0178
DoubleDQN,789,388,34920,244445.00,0.0397,0.293123,0.0164
DoubleDQN,789,389,35010,230272.50,0.0372,0.287304,0.0172
DoubleDQN,789,390,35100,233615.00,0.0348,0.284309,0.0174
DoubleDQN,789,391,35190,236425.00,0.0323,0.276716,0.0187
DoubleDQN,789,392,35280,236910.00,0.0298,0.283051,0.0224
DoubleDQN,789,393,35370,243765.00,0.0273,0.287999,0.0182
DoubleDQN,789,394,35460,234262.50,0.0249,0.273384,0.0184
DoubleDQN,789,395,35550,240397.50,0.0224,0.268421,0.0174
DoubleDQN,789,396,35640,231147.50,0.0199,0.271334,0.0168
DoubleDQN,789,397,35730,234695.00,0.0174,0.283730,0.0171
DoubleDQN,789,398,35820,246282.50,0.0150,0.266679,0.0170
DoubleDQN,789,399,35910,237880.00,0.0125,0.272325,0.0173
DoubleDQN,789,400,36000,234265.00,0.0100,0.272867,0.0165
DoubleDQN,789,401,36090,241837.50,0.0100,0.276571,0.0173
DoubleDQN,789,402,36180,228267.50,0.0100,0.270796,0.0174
DoubleDQN,789,403,36270,245305.00,0.0100,0.274263,0.0167
DoubleDQN,789,404,36360,236047.50,0.0100,0.266180,0.0169
DoubleDQN,789,405,36450,227677.50,0.0100,0.272173,0.0172
DoubleDQN,789,406,36540,227135.00,0.0100,0.269278,0.0166
DoubleDQN,789,407,36630,238592.50,0.0100,0.259276,0.0169
DoubleDQN,789,408,36720,233027.50,0.0100,0.271092,0.0178
DoubleDQN,789,409,36810,234540.00,0.0100,0.272235,0.0168
DoubleDQN,789,410,36900,243115.00,0.0100,0.262757,0.0188
DoubleDQN,789,411,36990,244582.50,0.0100,0.264680,0.0237
DoubleDQN,789,412,37080,236737.50,0.0100,0.260292,0.0186
DoubleDQN,789,413,37170,243525.00,0.0100,0.256624,0.0225
DoubleDQN,789,414,37260,243325.00,0.0100,0.261843,0.0168
DoubleDQN,789,415,37350,224955.00,0.0100,0.262583,0.0170
DoubleDQN,789,416,37440,230985.00,0.0100,0.257091,0.0167
DoubleDQN,789,417,37530,243857.50,0.0100,0.268338,0.0171
DoubleDQN,789,418,37620,225467.50,0.0100,0.259677,0.0172
DoubleDQN,789,419,37710,228652.50,0.0100,0.253393,0.0174
DoubleDQN,789,420,37800,244935.00,0.0100,0.250751,0.0179
DoubleDQN,789,421,37890,230600.00,0.0100,0.249299,0.0176
DoubleDQN,789,422,37980,231965.00,0.0100,0.250052,0.0164
DoubleDQN,789,423,38070,238425.00,0.0100,0.235023,0.0182
DoubleDQN,789,424,38160,232285.00,0.0100,0.235489,0.0196
DoubleDQN,789,425,38250,245760.00,0.0100,0.247681,0.0169
DoubleDQN,789,426,38340,236315.00,0.0100,0.243493,0.0178
DoubleDQN,789,427,38430,231590.00,0.0100,0.242763,0.0170
DoubleDQN,789,428,38520,229562.50,0.0100,0.238195,0.0169
DoubleDQN,789,429,38610,243030.00,0.0100,0.253430,0.0179
DoubleDQN,789,430,38700,241615.00,0.0100,0.239844,0.0170
DoubleDQN,789,431,38790,239742.50,0.0100,0.239942,0.0171
DoubleDQN,789,432,38880,236975.00,0.0100,0.239325,0.0169
DoubleDQN,789,433,38970,223385.00,0.0100,0.244813,0.0171
DoubleDQN,789,434,39060,234180.00,0.0100,0.246519,0.0192
DoubleDQN,789,435,39150,234930.00,0.0100,0.235868,0.0168
DoubleDQN,789,436,39240,235530.00,0.0100,0.243552,0.0184
DoubleDQN,789,437,39330,233735.00,0.0100,0.250150,0.0171
DoubleDQN,789,438,39420,223585.00,0.0100,0.239515,0.0173
DoubleDQN,789,439,39510,233805.00,0.0100,0.245746,0.0177
DoubleDQN,789,440,39600,238612.50,0.0100,0.254474,0.0183
DoubleDQN,789,441,39690,235237.50,0.0100,0.262049,0.0175
DoubleDQN,789,442,39780,234460.00,0.0100,0.248196,0.0160
DoubleDQN,789,443,39870,238075.00,0.0100,0.258426,0.0179
DoubleDQN,789,444,39960,240652.50,0.0100,0.251371,0.0171
DoubleDQN,789,445,40050,240207.50,0.0100,0.244378,0.0177
DoubleDQN,789,446,40140,242947.50,0.0100,0.243021,0.0168
DoubleDQN,789,447,40230,227135.00,0.0100,0.251277,0.0167
DoubleDQN,789,448,40320,235270.00,0.0100,0.237816,0.0173
DoubleDQN,789,449,40410,231952.50,0.0100,0.242306,0.0181
DoubleDQN,789,450,40500,240542.50,0.0100,0.246149,0.0165
DoubleDQN,789,451,40590,229192.50,0.0100,0.261272,0.0169
DoubleDQN,789,452,40680,224180.00,0.0100,0.249227,0.0192
DoubleDQN,789,453,40770,221462.50,0.0100,0.262883,0.0173
DoubleDQN,789,454,40860,245365.00,0.0100,0.247622,0.0175
DoubleDQN,789,455,40950,226467.50,0.0100,0.260533,0.0171
DoubleDQN,789,456,41040,235977.50,0.0100,0.247528,0.0182
DoubleDQN,789,457,41130,237990.00,0.0100,0.236571,0.0265
DoubleDQN,789,458,41220,233147.50,0.0100,0.237230,0.0223
DoubleDQN,789,459,41310,236457.50,0.0100,0.237839,0.0295
DoubleDQN,789,460,41400,227015.00,0.0100,0.241289,0.0142
DoubleDQN,789,461,41490,226775.00,0.0100,0.228948,0.0142
DoubleDQN,789,462,41580,246062.50,0.0100,0.255311,0.0142
DoubleDQN,789,463,41670,238382.50,0.0100,0.247580,0.0141
DoubleDQN,789,464,41760,236640.00,0.0100,0.250829,0.0142
DoubleDQN,789,465,41850,235947.50,0.0100,0.248679,0.0143
DoubleDQN,789,466,41940,229967.50,0.0100,0.247263,0.0143
DoubleDQN,789,467,42030,244535.00,0.0100,0.248261,0.0144
DoubleDQN,789,468,42120,227202.50,0.0100,0.251357,0.0143
DoubleDQN,789,469,42210,229870.00,0.0100,0.252892,0.0144
DoubleDQN,789,470,42300,238805.00,0.0100,0.256957,0.0143
DoubleDQN,789,471,42390,239510.00,0.0100,0.266806,0.0144
DoubleDQN,789,472,42480,229765.00,0.0100,0.267973,0.0144
DoubleDQN,789,473,42570,231407.50,0.0100,0.254435,0.0144
DoubleDQN,789,474,42660,232580.00,0.0100,0.256729,0.0144
DoubleDQN,789,475,42750,240340.00,0.0100,0.258106,0.0145
DoubleDQN,789,476,42840,232470.00,0.0100,0.251167,0.0144
DoubleDQN,789,477,42930,236777.50,0.0100,0.269841,0.0145
DoubleDQN,789,478,43020,232112.50,0.0100,0.248610,0.0144
DoubleDQN,789,479,43110,230642.50,0.0100,0.265454,0.0144
DoubleDQN,789,480,43200,238290.00,0.0100,0.262740,0.0144
DoubleDQN,789,481,43290,233115.00,0.0100,0.258937,0.0144
DoubleDQN,789,482,43380,230005.00,0.0100,0.263444,0.0149
DoubleDQN,789,483,43470,239422.50,0.0100,0.262742,0.0145
DoubleDQN,789,484,43560,240332.50,0.0100,0.257761,0.0148
DoubleDQN,789,485,43650,242345.00,0.0100,0.248097,0.0149
DoubleDQN,789,486,43740,237017.50,0.0100,0.242596,0.0148
DoubleDQN,789,487,43830,238582.50,0.0100,0.249363,0.0153
DoubleDQN,789,488,43920,239210.00,0.0100,0.240613,0.0152
DoubleDQN,789,489,44010,236355.00,0.0100,0.240028,0.0163
DoubleDQN,789,490,44100,230102.50,0.0100,0.232999,0.0153
DoubleDQN,789,491,44190,223700.00,0.0100,0.244246,0.0144
DoubleDQN,789,492,44280,230807.50,0.0100,0.242624,0.0146
DoubleDQN,789,493,44370,231365.00,0.0100,0.225964,0.0155
DoubleDQN,789,494,44460,239350.00,0.0100,0.243231,0.0151
DoubleDQN,789,495,44550,227107.50,0.0100,0.242581,0.0146
DoubleDQN,789,496,44640,228395.00,0.0100,0.242710,0.0144
DoubleDQN,789,497,44730,238695.00,0.0100,0.236653,0.0145
DoubleDQN,789,498,44820,235580.00,0.0100,0.235500,0.0144
DoubleDQN,789,499,44910,228140.00,0.0100,0.230180,0.0144
DoubleDQN,789,500,45000,223535.00,0.0100,0.226084,0.0145
DoubleDQN,1024,1,90,148332.50,0.9975,0.000000,0.0019
DoubleDQN,1024,2,180,140762.50,0.9950,0.000000,0.0006
DoubleDQN,1024,3,270,75565.00,0.9926,0.000000,0.0004
DoubleDQN,1024,4,360,130622.50,0.9901,0.000000,0.0004
DoubleDQN,1024,5,450,123907.50,0.9876,0.000000,0.0006
DoubleDQN,1024,6,540,125667.50,0.9851,3.897014,0.0074
DoubleDQN,1024,7,630,185382.50,0.9827,2.714320,0.0199
DoubleDQN,1024,8,720,111060.00,0.9802,1.504720,0.0138
DoubleDQN,1024,9,810,144952.50,0.9777,1.338743,0.0140
DoubleDQN,1024,10,900,93380.00,0.9752,1.270487,0.0138
DoubleDQN,1024,11,990,126257.50,0.9728,1.259312,0.0137
DoubleDQN,1024,12,1080,118702.50,0.9703,2.609406,0.0152
DoubleDQN,1024,13,1170,95700.00,0.9678,1.102116,0.0130
DoubleDQN,1024,14,1260,163445.00,0.9654,1.083333,0.0133
DoubleDQN,1024,15,1350,108060.00,0.9629,1.042011,0.0158
DoubleDQN,1024,16,1440,54402.50,0.9604,1.019869,0.0156
DoubleDQN,1024,17,1530,142347.50,0.9579,1.714057,0.0151
DoubleDQN,1024,18,1620,116232.50,0.9555,1.010399,0.0144
DoubleDQN,1024,19,1710,105785.00,0.9530,0.920293,0.0145
DoubleDQN,1024,20,1800,112262.50,0.9505,0.912796,0.0151
DoubleDQN,1024,21,1890,141397.50,0.9480,0.837830,0.0153
DoubleDQN,1024,22,1980,-23490.00,0.9456,0.857783,0.0157
DoubleDQN,1024,23,2070,158445.00,0.9431,1.504985,0.0139
DoubleDQN,1024,24,2160,218100.00,0.9406,0.929524,0.0136
DoubleDQN,1024,25,2250,195167.50,0.9381,0.876157,0.0139
DoubleDQN,1024,26,2340,169555.00,0.9356,0.856454,0.0165
DoubleDQN,1024,27,2430,158785.00,0.9332,0.823580,0.0162
DoubleDQN,1024,28,2520,173982.50,0.9307,1.299088,0.0143
DoubleDQN,1024,29,2610,131112.50,0.9282,0.989668,0.0144
DoubleDQN,1024,30,2700,153755.00,0.9257,0.859956,0.0146
DoubleDQN,1024,31,2790,123935.00,0.9233,0.834800,0.0149
DoubleDQN,1024,32,2880,56565.00,0.9208,0.797655,0.0178
DoubleDQN,1024,33,2970,184397.50,0.9183,0.790294,0.0146
DoubleDQN,1024,34,3060,129132.50,0.9159,1.245493,0.0178
DoubleDQN,1024,35,3150,170232.50,0.9134,0.885392,0.0163
DoubleDQN,1024,36,3240,122182.50,0.9109,0.848538,0.0149
DoubleDQN,1024,37,3330,115187.50,0.9084,0.846077,0.0137
DoubleDQN,1024,38,3420,188657.50,0.9060,0.832698,0.0161
DoubleDQN,1024,39,3510,50325.00,0.9035,1.044875,0.0134
DoubleDQN,1024,40,3600,154167.50,0.9010,1.019839,0.0151
DoubleDQN,1024,41,3690,113270.00,0.8985,0.892084,0.0158
DoubleDQN,1024,42,3780,157227.50,0.8961,0.888246,0.0151
DoubleDQN,1024,43,3870,86432.50,0.8936,0.871262,0.0148
DoubleDQN,1024,44,3960,142327.50,0.8911,0.867000,0.0162
DoubleDQN,1024,45,4050,205280.00,0.8886,1.087632,0.0194
DoubleDQN,1024,46,4140,116007.50,0.8861,0.949098,0.0164
DoubleDQN,1024,47,4230,154502.50,0.8837,0.910660,0.0154
DoubleDQN,1024,48,4320,141555.00,0.8812,0.903132,0.0155
DoubleDQN,1024,49,4410,196317.50,0.8787,0.871095,0.0151
DoubleDQN,1024,50,4500,164375.00,0.8762,0.897212,0.0152
DoubleDQN,1024,51,4590,151885.00,0.8738,0.893031,0.0170
DoubleDQN,1024,52,4680,133947.50,0.8713,0.754300,0.0187
DoubleDQN,1024,53,4770,137832.50,0.8688,0.733864,0.0158
DoubleDQN,1024,54,4860,172682.50,0.8663,0.713287,0.0155
DoubleDQN,1024,55,4950,179562.50,0.8639,0.714940,0.0146
DoubleDQN,1024,56,5040,176690.00,0.8614,0.749226,0.0147
DoubleDQN,1024,57,5130,180510.00,0.8589,0.668856,0.0189
DoubleDQN,1024,58,5220,179770.00,0.8565,0.628356,0.0194
DoubleDQN,1024,59,5310,156252.50,0.8540,0.631617,0.0157
DoubleDQN,1024,60,5400,150355.00,0.8515,0.619636,0.0147
DoubleDQN,1024,61,5490,243680.00,0.8490,0.626361,0.0159
DoubleDQN,1024,62,5580,146820.00,0.8466,0.634477,0.0146
DoubleDQN,1024,63,5670,163647.50,0.8441,0.595498,0.0167
DoubleDQN,1024,64,5760,52332.50,0.8416,0.596969,0.0169
DoubleDQN,1024,65,5850,181540.00,0.8391,0.600760,0.0156
DoubleDQN,1024,66,5940,209587.50,0.8367,0.573875,0.0151
DoubleDQN,1024,67,6030,171860.00,0.8342,0.587382,0.0163
DoubleDQN,1024,68,6120,154320.00,0.8317,0.596220,0.0139
DoubleDQN,1024,69,6210,190217.50,0.8292,0.573320,0.0142
DoubleDQN,1024,70,6300,188580.00,0.8267,0.575658,0.0145
DoubleDQN,1024,71,6390,146320.00,0.8243,0.561936,0.0175
DoubleDQN,1024,72,6480,129537.50,0.8218,0.571811,0.0149
DoubleDQN,1024,73,6570,134322.50,0.8193,0.611321,0.0162
DoubleDQN,1024,74,6660,185250.00,0.8168,0.555043,0.0252
DoubleDQN,1024,75,6750,191895.00,0.8144,0.562957,0.0184
DoubleDQN,1024,76,6840,175947.50,0.8119,0.550127,0.0196
DoubleDQN,1024,77,6930,104997.50,0.8094,0.558791,0.0152
DoubleDQN,1024,78,7020,120735.00,0.8070,0.584460,0.0165
DoubleDQN,1024,79,7110,164240.00,0.8045,0.528174,0.0144
DoubleDQN,1024,80,7200,141295.00,0.8020,0.561819,0.0167
DoubleDQN,1024,81,7290,149267.50,0.7995,0.548147,0.0171
DoubleDQN,1024,82,7380,194052.50,0.7971,0.547546,0.0154
DoubleDQN,1024,83,7470,200767.50,0.7946,0.554883,0.0159
DoubleDQN,1024,84,7560,162227.50,0.7921,0.559829,0.0183
DoubleDQN,1024,85,7650,185207.50,0.7896,0.551011,0.0200
DoubleDQN,1024,86,7740,179400.00,0.7872,0.534131,0.0149
DoubleDQN,1024,87,7830,172970.00,0.7847,0.549744,0.0162
DoubleDQN,1024,88,7920,146415.00,0.7822,0.535953,0.0170
DoubleDQN,1024,89,8010,183820.00,0.7797,0.546666,0.0166
DoubleDQN,1024,90,8100,209047.50,0.7772,0.543661,0.0166
DoubleDQN,1024,91,8190,185710.00,0.7748,0.531683,0.0176
DoubleDQN,1024,92,8280,180145.00,0.7723,0.536572,0.0142
DoubleDQN,1024,93,8370,163777.50,0.7698,0.536617,0.0150
DoubleDQN,1024,94,8460,186595.00,0.7673,0.541839,0.0163
DoubleDQN,1024,95,8550,173190.00,0.7649,0.556885,0.0154
DoubleDQN,1024,96,8640,187390.00,0.7624,0.526845,0.0152
DoubleDQN,1024,97,8730,148025.00,0.7599,0.523461,0.0165
DoubleDQN,1024,98,8820,160597.50,0.7574,0.530747,0.0225
DoubleDQN,1024,99,8910,155055.00,0.7550,0.531567,0.0157
DoubleDQN,1024,100,9000,140397.50,0.7525,0.560859,0.0147
DoubleDQN,1024,101,9090,227920.00,0.7500,0.511985,0.0152
DoubleDQN,1024,102,9180,164672.50,0.7475,0.529960,0.0161
DoubleDQN,1024,103,9270,177620.00,0.7451,0.539101,0.0149
DoubleDQN,1024,104,9360,151762.50,0.7426,0.523088,0.0154
DoubleDQN,1024,105,9450,189100.00,0.7401,0.528860,0.0137
DoubleDQN,1024,106,9540,208860.00,0.7376,0.509076,0.0161
DoubleDQN,1024,107,9630,180150.00,0.7352,0.523757,0.0149
DoubleDQN,1024,108,9720,175032.50,0.7327,0.520744,0.0161
DoubleDQN,1024,109,9810,184695.00,0.7302,0.525306,0.0164
DoubleDQN,1024,110,9900,112955.00,0.7278,0.522059,0.0162
DoubleDQN,1024,111,9990,223145.00,0.7253,0.532855,0.0169
DoubleDQN,1024,112,10080,198045.00,0.7228,0.533919,0.0172
DoubleDQN,1024,113,10170,152495.00,0.7203,0.536286,0.0175
DoubleDQN,1024,114,10260,204805.00,0.7179,0.519852,0.0155
DoubleDQN,1024,115,10350,115457.50,0.7154,0.529244,0.0163
DoubleDQN,1024,116,10440,188325.00,0.7129,0.520600,0.0162
DoubleDQN,1024,117,10530,143452.50,0.7104,0.531476,0.0169
DoubleDQN,1024,118,10620,157610.00,0.7080,0.532671,0.0185
DoubleDQN,1024,119,10710,201432.50,0.7055,0.531104,0.0158
DoubleDQN,1024,120,10800,205170.00,0.7030,0.518032,0.0149
DoubleDQN,1024,121,10890,236922.50,0.7005,0.521188,0.0155
DoubleDQN,1024,122,10980,180255.00,0.6981,0.532100,0.0157
DoubleDQN,1024,123,11070,190257.50,0.6956,0.534448,0.0174
DoubleDQN,1024,124,11160,195912.50,0.6931,0.536917,0.0150
DoubleDQN,1024,125,11250,210787.50,0.6906,0.513849,0.0151
DoubleDQN,1024,126,11340,178595.00,0.6882,0.527795,0.0180
DoubleDQN,1024,127,11430,139562.50,0.6857,0.531360,0.0159
DoubleDQN,1024,128,11520,206617.50,0.6832,0.540503,0.0154
DoubleDQN,1024,129,11610,199290.00,0.6807,0.526351,0.0156
DoubleDQN,1024,130,11700,186210.00,0.6783,0.528698,0.0160
DoubleDQN,1024,131,11790,184907.50,0.6758,0.533071,0.0165
DoubleDQN,1024,132,11880,217722.50,0.6733,0.516325,0.0165
DoubleDQN,1024,133,11970,218667.50,0.6708,0.517498,0.0150
DoubleDQN,1024,134,12060,207885.00,0.6683,0.541477,0.0164
DoubleDQN,1024,135,12150,142590.00,0.6659,0.520415,0.0147
DoubleDQN,1024,136,12240,188487.50,0.6634,0.528555,0.0171
DoubleDQN,1024,137,12330,177187.50,0.6609,0.530755,0.0157
DoubleDQN,1024,138,12420,216345.00,0.6584,0.530330,0.0136
DoubleDQN,1024,139,12510,235977.50,0.6560,0.530060,0.0141
DoubleDQN,1024,140,12600,167672.50,0.6535,0.525567,0.0140
DoubleDQN,1024,141,12690,188890.00,0.6510,0.518523,0.0142
DoubleDQN,1024,142,12780,200545.00,0.6485,0.543263,0.0139
DoubleDQN,1024,143,12870,202145.00,0.6461,0.542663,0.0162
DoubleDQN,1024,144,12960,227900.00,0.6436,0.511459,0.0152
DoubleDQN,1024,145,13050,217065.00,0.6411,0.532033,0.0156
DoubleDQN,1024,146,13140,213402.50,0.6386,0.527353,0.0159
DoubleDQN,1024,147,13230,178097.50,0.6362,0.513204,0.0161
DoubleDQN,1024,148,13320,209287.50,0.6337,0.513033,0.0143
DoubleDQN,1024,149,13410,206695.00,0.6312,0.510233,0.0145
DoubleDQN,1024,150,13500,199522.50,0.6288,0.521169,0.0160
DoubleDQN,1024,151,13590,217767.50,0.6263,0.518779,0.0198
DoubleDQN,1024,152,13680,192947.50,0.6238,0.503472,0.0179
DoubleDQN,1024,153,13770,137640.00,0.6213,0.528235,0.0158
DoubleDQN,1024,154,13860,178567.50,0.6189,0.510625,0.0162
DoubleDQN,1024,155,13950,235577.50,0.6164,0.517078,0.0146
DoubleDQN,1024,156,14040,205622.50,0.6139,0.520852,0.0152
DoubleDQN,1024,157,14130,225455.00,0.6114,0.520979,0.0147
DoubleDQN,1024,158,14220,183325.00,0.6089,0.511781,0.0153
DoubleDQN,1024,159,14310,228215.00,0.6065,0.502296,0.0167
DoubleDQN,1024,160,14400,189335.00,0.6040,0.502864,0.0165
DoubleDQN,1024,161,14490,201175.00,0.6015,0.494969,0.0153
DoubleDQN,1024,162,14580,206497.50,0.5990,0.524828,0.0157
DoubleDQN,1024,163,14670,202085.00,0.5966,0.503191,0.0145
DoubleDQN,1024,164,14760,228090.00,0.5941,0.505522,0.0156
DoubleDQN,1024,165,14850,184295.00,0.5916,0.495895,0.0174
DoubleDQN,1024,166,14940,219847.50,0.5892,0.494345,0.0157
DoubleDQN,1024,167,15030,215885.00,0.5867,0.500495,0.0152
DoubleDQN,1024,168,15120,229725.00,0.5842,0.491156,0.0154
DoubleDQN,1024,169,15210,231207.50,0.5817,0.500985,0.0173
DoubleDQN,1024,170,15300,224107.50,0.5793,0.477383,0.0160
DoubleDQN,1024,171,15390,197300.00,0.5768,0.496546,0.0171
DoubleDQN,1024,172,15480,215802.50,0.5743,0.481154,0.0197
DoubleDQN,1024,173,15570,216257.50,0.5718,0.489034,0.0182
DoubleDQN,1024,174,15660,208842.50,0.5694,0.490246,0.0155
DoubleDQN,1024,175,15750,211060.00,0.5669,0.506017,0.0142
DoubleDQN,1024,176,15840,212320.00,0.5644,0.485166,0.0159
DoubleDQN,1024,177,15930,254245.00,0.5619,0.479956,0.0172
DoubleDQN,1024,178,16020,179705.00,0.5595,0.477751,0.0143
DoubleDQN,1024,179,16110,202757.50,0.5570,0.471565,0.0173
DoubleDQN,1024,180,16200,209950.00,0.5545,0.475784,0.0158
DoubleDQN,1024,181,16290,197925.00,0.5520,0.473259,0.0175
DoubleDQN,1024,182,16380,209677.50,0.5495,0.479176,0.0156
DoubleDQN,1024,183,16470,206807.50,0.5471,0.477623,0.0151
DoubleDQN,1024,184,16560,205737.50,0.5446,0.473845,0.0151
DoubleDQN,1024,185,16650,216435.00,0.5421,0.475153,0.0146
DoubleDQN,1024,186,16740,212237.50,0.5396,0.482460,0.0153
DoubleDQN,1024,187,16830,184605.00,0.5372,0.501022,0.0156
DoubleDQN,1024,188,16920,204022.50,0.5347,0.482682,0.0158
DoubleDQN,1024,189,17010,189562.50,0.5322,0.468162,0.0155
DoubleDQN,1024,190,17100,231040.00,0.5297,0.493963,0.0155
DoubleDQN,1024,191,17190,218485.00,0.5273,0.476745,0.0157
DoubleDQN,1024,192,17280,239525.00,0.5248,0.476974,0.0153
DoubleDQN,1024,193,17370,230325.00,0.5223,0.471290,0.0160
DoubleDQN,1024,194,17460,223772.50,0.5199,0.468019,0.0154
DoubleDQN,1024,195,17550,231970.00,0.5174,0.474931,0.0176
DoubleDQN,1024,196,17640,197932.50,0.5149,0.486659,0.0155
DoubleDQN,1024,197,17730,201117.50,0.5124,0.479828,0.0176
DoubleDQN,1024,198,17820,211160.00,0.5100,0.467112,0.0153
DoubleDQN,1024,199,17910,213687.50,0.5075,0.461631,0.0226
DoubleDQN,1024,200,18000,204437.50,0.5050,0.481472,0.0178
DoubleDQN,1024,201,18090,230710.00,0.5025,0.474826,0.0187
DoubleDQN,1024,202,18180,214127.50,0.5000,0.474955,0.0185
DoubleDQN,1024,203,18270,227285.00,0.4976,0.462272,0.0161
DoubleDQN,1024,204,18360,206827.50,0.4951,0.449145,0.0178
DoubleDQN,1024,205,18450,237165.00,0.4926,0.452769,0.0175
DoubleDQN,1024,206,18540,203090.00,0.4901,0.444720,0.0171
DoubleDQN,1024,207,18630,217742.50,0.4877,0.460909,0.0152
DoubleDQN,1024,208,18720,200482.50,0.4852,0.462650,0.0175
DoubleDQN,1024,209,18810,208200.00,0.4827,0.444249,0.0150
DoubleDQN,1024,210,18900,234440.00,0.4802,0.451379,0.0170
DoubleDQN,1024,211,18990,220922.50,0.4778,0.451476,0.0167
DoubleDQN,1024,212,19080,226167.50,0.4753,0.451742,0.0168
DoubleDQN,1024,213,19170,222405.00,0.4728,0.447643,0.0144
DoubleDQN,1024,214,19260,215567.50,0.4703,0.450285,0.0171
DoubleDQN,1024,215,19350,213732.50,0.4679,0.441906,0.0138
DoubleDQN,1024,216,19440,223697.50,0.4654,0.455595,0.0140
DoubleDQN,1024,217,19530,217580.00,0.4629,0.458577,0.0159
DoubleDQN,1024,218,19620,214697.50,0.4604,0.448642,0.0164
DoubleDQN,1024,219,19710,236797.50,0.4580,0.464178,0.0261
DoubleDQN,1024,220,19800,228012.50,0.4555,0.458248,0.0161
DoubleDQN,1024,221,19890,207190.00,0.4530,0.450495,0.0156
DoubleDQN,1024,222,19980,217460.00,0.4506,0.435923,0.0155
DoubleDQN,1024,223,20070,220217.50,0.4481,0.458575,0.0162
DoubleDQN,1024,224,20160,231207.50,0.4456,0.435996,0.0171
DoubleDQN,1024,225,20250,228607.50,0.4431,0.441754,0.0169
DoubleDQN,1024,226,20340,236602.50,0.4407,0.463749,0.0156
DoubleDQN,1024,227,20430,226512.50,0.4382,0.438233,0.0153
DoubleDQN,1024,228,20520,229872.50,0.4357,0.445745,0.0153
DoubleDQN,1024,229,20610,235485.00,0.4332,0.460429,0.0155
DoubleDQN,1024,230,20700,216915.00,0.4308,0.457700,0.0150
DoubleDQN,1024,231,20790,217610.00,0.4283,0.448099,0.0213
DoubleDQN,1024,232,20880,212355.00,0.4258,0.439148,0.0209
DoubleDQN,1024,233,20970,223417.50,0.4233,0.444765,0.0154
DoubleDQN,1024,234,21060,220092.50,0.4209,0.457654,0.0156
DoubleDQN,1024,235,21150,239867.50,0.4184,0.452395,0.0149
DoubleDQN,1024,236,21240,202510.00,0.4159,0.456920,0.0155
DoubleDQN,1024,237,21330,238510.00,0.4134,0.452923,0.0166
DoubleDQN,1024,238,21420,237680.00,0.4110,0.451421,0.0153
DoubleDQN,1024,239,21510,191915.00,0.4085,0.438197,0.0173
DoubleDQN,1024,240,21600,233017.50,0.4060,0.460520,0.0150
DoubleDQN,1024,241,21690,211965.00,0.4035,0.451283,0.0177
DoubleDQN,1024,242,21780,221152.50,0.4011,0.434560,0.0149
DoubleDQN,1024,243,21870,226372.50,0.3986,0.446942,0.0150
DoubleDQN,1024,244,21960,230827.50,0.3961,0.423358,0.0165
DoubleDQN,1024,245,22050,215977.50,0.3936,0.432632,0.0152
DoubleDQN,1024,246,22140,240847.50,0.3911,0.409276,0.0164
DoubleDQN,1024,247,22230,226532.50,0.3887,0.425766,0.0170
DoubleDQN,1024,248,22320,211105.00,0.3862,0.422151,0.0162
DoubleDQN,1024,249,22410,203970.00,0.3837,0.420267,0.0153
DoubleDQN,1024,250,22500,234562.50,0.3812,0.431243,0.0181
DoubleDQN,1024,251,22590,225440.00,0.3788,0.419856,0.0159
DoubleDQN,1024,252,22680,224627.50,0.3763,0.417046,0.0200
DoubleDQN,1024,253,22770,232870.00,0.3738,0.438947,0.0178
DoubleDQN,1024,254,22860,217042.50,0.3713,0.424500,0.0157
DoubleDQN,1024,255,22950,228100.00,0.3689,0.437177,0.0166
DoubleDQN,1024,256,23040,225712.50,0.3664,0.418613,0.0168
DoubleDQN,1024,257,23130,235090.00,0.3639,0.436801,0.0153
DoubleDQN,1024,258,23220,227532.50,0.3614,0.428195,0.0167
DoubleDQN,1024,259,23310,235420.00,0.3590,0.433173,0.0162
DoubleDQN,1024,260,23400,222255.00,0.3565,0.417369,0.0187
DoubleDQN,1024,261,23490,210590.00,0.3540,0.413775,0.0161
DoubleDQN,1024,262,23580,212492.50,0.3516,0.431496,0.0150
DoubleDQN,1024,263,23670,219217.50,0.3491,0.415535,0.0176
DoubleDQN,1024,264,23760,234715.00,0.3466,0.413410,0.0174
DoubleDQN,1024,265,23850,234117.50,0.3441,0.402239,0.0169
DoubleDQN,1024,266,23940,221637.50,0.3417,0.416600,0.0141
DoubleDQN,1024,267,24030,232015.00,0.3392,0.419742,0.0151
DoubleDQN,1024,268,24120,220510.00,0.3367,0.414907,0.0145
DoubleDQN,1024,269,24210,218867.50,0.3342,0.417944,0.0146
DoubleDQN,1024,270,24300,213432.50,0.3317,0.410130,0.0170
DoubleDQN,1024,271,24390,242112.50,0.3293,0.422060,0.0167
DoubleDQN,1024,272,24480,211032.50,0.3268,0.415295,0.0166
DoubleDQN,1024,273,24570,213355.00,0.3243,0.403833,0.0166
DoubleDQN,1024,274,24660,234240.00,0.3218,0.395854,0.0150
DoubleDQN,1024,275,24750,247587.50,0.3194,0.381136,0.0144
DoubleDQN,1024,276,24840,227112.50,0.3169,0.398230,0.0175
DoubleDQN,1024,277,24930,215357.50,0.3144,0.391054,0.0154
DoubleDQN,1024,278,25020,231810.00,0.3120,0.413433,0.0164
DoubleDQN,1024,279,25110,227185.00,0.3095,0.404756,0.0155
DoubleDQN,1024,280,25200,225782.50,0.3070,0.368771,0.0158
DoubleDQN,1024,281,25290,232690.00,0.3045,0.381096,0.0203
DoubleDQN,1024,282,25380,217555.00,0.3021,0.370207,0.0184
DoubleDQN,1024,283,25470,229235.00,0.2996,0.385728,0.0152
DoubleDQN,1024,284,25560,231247.50,0.2971,0.383707,0.0160
DoubleDQN,1024,285,25650,208962.50,0.2946,0.388113,0.0152
DoubleDQN,1024,286,25740,243295.00,0.2922,0.375712,0.0165
DoubleDQN,1024,287,25830,238302.50,0.2897,0.376226,0.0174
DoubleDQN,1024,288,25920,226757.50,0.2872,0.374336,0.0181
DoubleDQN,1024,289,26010,221685.00,0.2847,0.373933,0.0156
DoubleDQN,1024,290,26100,211575.00,0.2823,0.385141,0.0161
DoubleDQN,1024,291,26190,214162.50,0.2798,0.378908,0.0166
DoubleDQN,1024,292,26280,221310.00,0.2773,0.373933,0.0162
DoubleDQN,1024,293,26370,218525.00,0.2748,0.381022,0.0161
DoubleDQN,1024,294,26460,232605.00,0.2723,0.372975,0.0167
DoubleDQN,1024,295,26550,227250.00,0.2699,0.398036,0.0157
DoubleDQN,1024,296,26640,222152.50,0.2674,0.385719,0.0150
DoubleDQN,1024,297,26730,229737.50,0.2649,0.381671,0.0170
DoubleDQN,1024,298,26820,233172.50,0.2624,0.388053,0.0169
DoubleDQN,1024,299,26910,207625.00,0.2600,0.375119,0.0156
DoubleDQN,1024,300,27000,231495.00,0.2575,0.384211,0.0163
DoubleDQN,1024,301,27090,216335.00,0.2550,0.376316,0.0176
DoubleDQN,1024,302,27180,228487.50,0.2526,0.379874,0.0167
DoubleDQN,1024,303,27270,234627.50,0.2501,0.384646,0.0171
DoubleDQN,1024,304,27360,208100.00,0.2476,0.365525,0.0155
DoubleDQN,1024,305,27450,226735.00,0.2451,0.373518,0.0170
DoubleDQN,1024,306,27540,226190.00,0.2427,0.381679,0.0153
DoubleDQN,1024,307,27630,219150.00,0.2402,0.361650,0.0175
DoubleDQN,1024,308,27720,226612.50,0.2377,0.359034,0.0163
DoubleDQN,1024,309,27810,235587.50,0.2352,0.358643,0.0157
DoubleDQN,1024,310,27900,235367.50,0.2328,0.363964,0.0157
DoubleDQN,1024,311,27990,225350.00,0.2303,0.349121,0.0151
DoubleDQN,1024,312,28080,219100.00,0.2278,0.359780,0.0154
DoubleDQN,1024,313,28170,224685.00,0.2253,0.357165,0.0169
DoubleDQN,1024,314,28260,229630.00,0.2228,0.363553,0.0175
DoubleDQN,1024,315,28350,226095.00,0.2204,0.362383,0.0150
DoubleDQN,1024,316,28440,232575.00,0.2179,0.337684,0.0156
DoubleDQN,1024,317,28530,215605.00,0.2154,0.337417,0.0178
DoubleDQN,1024,318,28620,230875.00,0.2129,0.339139,0.0160
DoubleDQN,1024,319,28710,221465.00,0.2105,0.341399,0.0142
DoubleDQN,1024,320,28800,232412.50,0.2080,0.321113,0.0146
DoubleDQN,1024,321,28890,228112.50,0.2055,0.341487,0.0147
DoubleDQN,1024,322,28980,235900.00,0.2030,0.323923,0.0148
DoubleDQN,1024,323,29070,236737.50,0.2006,0.329605,0.0153
DoubleDQN,1024,324,29160,205852.50,0.1981,0.320776,0.0166
DoubleDQN,1024,325,29250,244105.00,0.1956,0.311020,0.0165
DoubleDQN,1024,326,29340,238955.00,0.1932,0.309887,0.0168
DoubleDQN,1024,327,29430,224875.00,0.1907,0.307807,0.0164
DoubleDQN,1024,328,29520,230740.00,0.1882,0.316252,0.0178
DoubleDQN,1024,329,29610,245977.50,0.1857,0.298780,0.0163
DoubleDQN,1024,330,29700,218962.50,0.1833,0.313389,0.0159
DoubleDQN,1024,331,29790,240692.50,0.1808,0.314449,0.0163
DoubleDQN,1024,332,29880,244412.50,0.1783,0.296847,0.0156
DoubleDQN,1024,333,29970,225505.00,0.1758,0.292873,0.0150
DoubleDQN,1024,334,30060,238692.50,0.1734,0.310487,0.0150
DoubleDQN,1024,335,30150,228945.00,0.1709,0.291771,0.0169
DoubleDQN,1024,336,30240,237955.00,0.1684,0.297850,0.0156
DoubleDQN,1024,337,30330,241057.50,0.1659,0.297386,0.0181
DoubleDQN,1024,338,30420,240515.00,0.1634,0.287286,0.0163
DoubleDQN,1024,339,30510,228562.50,0.1610,0.295443,0.0147
DoubleDQN,1024,340,30600,214175.00,0.1585,0.286058,0.0159
DoubleDQN,1024,341,30690,224515.00,0.1560,0.294781,0.0167
DoubleDQN,1024,342,30780,231617.50,0.1536,0.289397,0.0152
DoubleDQN,1024,343,30870,232087.50,0.1511,0.286235,0.0172
DoubleDQN,1024,344,30960,245765.00,0.1486,0.287286,0.0204
DoubleDQN,1024,345,31050,235785.00,0.1461,0.291629,0.0165
DoubleDQN,1024,346,31140,234177.50,0.1437,0.273914,0.0170
DoubleDQN,1024,347,31230,235265.00,0.1412,0.290140,0.0157
DoubleDQN,1024,348,31320,221897.50,0.1387,0.280531,0.0154
DoubleDQN,1024,349,31410,229687.50,0.1362,0.281197,0.0163
DoubleDQN,1024,350,31500,237925.00,0.1338,0.283166,0.0161
DoubleDQN,1024,351,31590,241355.00,0.1313,0.305476,0.0232
DoubleDQN,1024,352,31680,225927.50,0.1288,0.285326,0.0159
DoubleDQN,1024,353,31770,226755.00,0.1263,0.282983,0.0148
DoubleDQN,1024,354,31860,238560.00,0.1239,0.269951,0.0176
DoubleDQN,1024,355,31950,242440.00,0.1214,0.285463,0.0168
DoubleDQN,1024,356,32040,223772.50,0.1189,0.296631,0.0164
DoubleDQN,1024,357,32130,224647.50,0.1164,0.279109,0.0155
DoubleDQN,1024,358,32220,230780.00,0.1139,0.274614,0.0168
DoubleDQN,1024,359,32310,234077.50,0.1115,0.286786,0.0165
DoubleDQN,1024,360,32400,222650.00,0.1090,0.274321,0.0168
DoubleDQN,1024,361,32490,226332.50,0.1065,0.271782,0.0259
DoubleDQN,1024,362,32580,218142.50,0.1040,0.276335,0.0205
DoubleDQN,1024,363,32670,226415.00,0.1016,0.275920,0.0196
DoubleDQN,1024,364,32760,239890.00,0.0991,0.276977,0.0171
DoubleDQN,1024,365,32850,233450.00,0.0966,0.269150,0.0173
DoubleDQN,1024,366,32940,239395.00,0.0941,0.283537,0.0153
DoubleDQN,1024,367,33030,221187.50,0.0917,0.276864,0.0159
DoubleDQN,1024,368,33120,228760.00,0.0892,0.261793,0.0153
DoubleDQN,1024,369,33210,233757.50,0.0867,0.270916,0.0160
DoubleDQN,1024,370,33300,237942.50,0.0842,0.256682,0.0157
DoubleDQN,1024,371,33390,229280.00,0.0818,0.264146,0.0155
DoubleDQN,1024,372,33480,228592.50,0.0793,0.269953,0.0174
DoubleDQN,1024,373,33570,244927.50,0.0768,0.268557,0.0154
DoubleDQN,1024,374,33660,225810.00,0.0743,0.251317,0.0159
DoubleDQN,1024,375,33750,240925.00,0.0719,0.252896,0.0162
DoubleDQN,1024,376,33840,224067.50,0.0694,0.251064,0.0148
DoubleDQN,1024,377,33930,236000.00,0.0669,0.256294,0.0148
DoubleDQN,1024,378,34020,229857.50,0.0645,0.241203,0.0148
DoubleDQN,1024,379,34110,234540.00,0.0620,0.250680,0.0148
DoubleDQN,1024,380,34200,223955.00,0.0595,0.243035,0.0149
DoubleDQN,1024,381,34290,232947.50,0.0570,0.248175,0.0149
DoubleDQN,1024,382,34380,238582.50,0.0546,0.260486,0.0168
DoubleDQN,1024,383,34470,248092.50,0.0521,0.247355,0.0152
DoubleDQN,1024,384,34560,224815.00,0.0496,0.255405,0.0151
DoubleDQN,1024,385,34650,229565.00,0.0471,0.244574,0.0150
DoubleDQN,1024,386,34740,222745.00,0.0447,0.249822,0.0149
DoubleDQN,1024,387,34830,225927.50,0.0422,0.255028,0.0164
DoubleDQN,1024,388,34920,222950.00,0.0397,0.250018,0.0153
DoubleDQN,1024,389,35010,229920.00,0.0372,0.257438,0.0151
DoubleDQN,1024,390,35100,235072.50,0.0348,0.250355,0.0150
DoubleDQN,1024,391,35190,231632.50,0.0323,0.259270,0.0151
DoubleDQN,1024,392,35280,240967.50,0.0298,0.273563,0.0151
DoubleDQN,1024,393,35370,215255.00,0.0273,0.258594,0.0151
DoubleDQN,1024,394,35460,226577.50,0.0249,0.268142,0.0150
DoubleDQN,1024,395,35550,246370.00,0.0224,0.244393,0.0150
DoubleDQN,1024,396,35640,249740.00,0.0199,0.250793,0.0152
DoubleDQN,1024,397,35730,233677.50,0.0174,0.245998,0.0151
DoubleDQN,1024,398,35820,241757.50,0.0150,0.240697,0.0150
DoubleDQN,1024,399,35910,237455.00,0.0125,0.245625,0.0150
DoubleDQN,1024,400,36000,224980.00,0.0100,0.241942,0.0150
DoubleDQN,1024,401,36090,223832.50,0.0100,0.255318,0.0173
DoubleDQN,1024,402,36180,231745.00,0.0100,0.251239,0.0152
DoubleDQN,1024,403,36270,234187.50,0.0100,0.242299,0.0150
DoubleDQN,1024,404,36360,240952.50,0.0100,0.237695,0.0150
DoubleDQN,1024,405,36450,232465.00,0.0100,0.252010,0.0150
DoubleDQN,1024,406,36540,218592.50,0.0100,0.241763,0.0150
DoubleDQN,1024,407,36630,227675.00,0.0100,0.231294,0.0150
DoubleDQN,1024,408,36720,246297.50,0.0100,0.241337,0.0151
DoubleDQN,1024,409,36810,230282.50,0.0100,0.241122,0.0150
DoubleDQN,1024,410,36900,227927.50,0.0100,0.226185,0.0149
DoubleDQN,1024,411,36990,232365.00,0.0100,0.237512,0.0150
DoubleDQN,1024,412,37080,218732.50,0.0100,0.232274,0.0150
DoubleDQN,1024,413,37170,251370.00,0.0100,0.224133,0.0150
DoubleDQN,1024,414,37260,244762.50,0.0100,0.229468,0.0171
DoubleDQN,1024,415,37350,228030.00,0.0100,0.227558,0.0140
DoubleDQN,1024,416,37440,232950.00,0.0100,0.231016,0.0142
DoubleDQN,1024,417,37530,229422.50,0.0100,0.221711,0.0145
DoubleDQN,1024,418,37620,231770.00,0.0100,0.218140,0.0143
DoubleDQN,1024,419,37710,232450.00,0.0100,0.225000,0.0143
DoubleDQN,1024,420,37800,233667.50,0.0100,0.204520,0.0143
DoubleDQN,1024,421,37890,238815.00,0.0100,0.216849,0.0144
DoubleDQN,1024,422,37980,229675.00,0.0100,0.212614,0.0144
DoubleDQN,1024,423,38070,229477.50,0.0100,0.212054,0.0145
DoubleDQN,1024,424,38160,230657.50,0.0100,0.214311,0.0144
DoubleDQN,1024,425,38250,237287.50,0.0100,0.214441,0.0146
DoubleDQN,1024,426,38340,224045.00,0.0100,0.213753,0.0145
DoubleDQN,1024,427,38430,241455.00,0.0100,0.215945,0.0146
DoubleDQN,1024,428,38520,241967.50,0.0100,0.214719,0.0145
DoubleDQN,1024,429,38610,236052.50,0.0100,0.216235,0.0147
DoubleDQN,1024,430,38700,250642.50,0.0100,0.212451,0.0145
DoubleDQN,1024,431,38790,233477.50,0.0100,0.213240,0.0146
DoubleDQN,1024,432,38880,236882.50,0.0100,0.206530,0.0146
DoubleDQN,1024,433,38970,220515.00,0.0100,0.215215,0.0146
DoubleDQN,1024,434,39060,241615.00,0.0100,0.207171,0.0145
DoubleDQN,1024,435,39150,222355.00,0.0100,0.201515,0.0173
DoubleDQN,1024,436,39240,234447.50,0.0100,0.195686,0.0145
DoubleDQN,1024,437,39330,230240.00,0.0100,0.201435,0.0147
DoubleDQN,1024,438,39420,231860.00,0.0100,0.194577,0.0147
DoubleDQN,1024,439,39510,235732.50,0.0100,0.204663,0.0148
DoubleDQN,1024,440,39600,231810.00,0.0100,0.197917,0.0148
DoubleDQN,1024,441,39690,236917.50,0.0100,0.205976,0.0149
DoubleDQN,1024,442,39780,237705.00,0.0100,0.196672,0.0149
DoubleDQN,1024,443,39870,228995.00,0.0100,0.196727,0.0149
DoubleDQN,1024,444,39960,242417.50,0.0100,0.186889,0.0155
DoubleDQN,1024,445,40050,235627.50,0.0100,0.197866,0.0150
DoubleDQN,1024,446,40140,225637.50,0.0100,0.194131,0.0150
DoubleDQN,1024,447,40230,228550.00,0.0100,0.212671,0.0150
DoubleDQN,1024,448,40320,236292.50,0.0100,0.202923,0.0149
DoubleDQN,1024,449,40410,220577.50,0.0100,0.208343,0.0150
DoubleDQN,1024,450,40500,229450.00,0.0100,0.208465,0.0149
DoubleDQN,1024,451,40590,251432.50,0.0100,0.210677,0.0150
DoubleDQN,1024,452,40680,239505.00,0.0100,0.206184,0.0148
DoubleDQN,1024,453,40770,234175.00,0.0100,0.216054,0.0147
DoubleDQN,1024,454,40860,231150.00,0.0100,0.207914,0.0163
DoubleDQN,1024,455,40950,233845.00,0.0100,0.220536,0.0156
DoubleDQN,1024,456,41040,234027.50,0.0100,0.206976,0.0154
DoubleDQN,1024,457,41130,241170.00,0.0100,0.198626,0.0151
DoubleDQN,1024,458,41220,245357.50,0.0100,0.206102,0.0149
DoubleDQN,1024,459,41310,248242.50,0.0100,0.206206,0.0150
DoubleDQN,1024,460,41400,243215.00,0.0100,0.208669,0.0149
DoubleDQN,1024,461,41490,225450.00,0.0100,0.204552,0.0179
DoubleDQN,1024,462,41580,238372.50,0.0100,0.216235,0.0140
DoubleDQN,1024,463,41670,223415.00,0.0100,0.222205,0.0143
DoubleDQN,1024,464,41760,237325.00,0.0100,0.208813,0.0143
DoubleDQN,1024,465,41850,227442.50,0.0100,0.208842,0.0146
DoubleDQN,1024,466,41940,224855.00,0.0100,0.217926,0.0144
DoubleDQN,1024,467,42030,227932.50,0.0100,0.219751,0.0144
DoubleDQN,1024,468,42120,230947.50,0.0100,0.214112,0.0144
DoubleDQN,1024,469,42210,229690.00,0.0100,0.215463,0.0144
DoubleDQN,1024,470,42300,243845.00,0.0100,0.236223,0.0144
DoubleDQN,1024,471,42390,226772.50,0.0100,0.223697,0.0145
DoubleDQN,1024,472,42480,221800.00,0.0100,0.214929,0.0145
DoubleDQN,1024,473,42570,254522.50,0.0100,0.202929,0.0146
DoubleDQN,1024,474,42660,220170.00,0.0100,0.193321,0.0149
DoubleDQN,1024,475,42750,231185.00,0.0100,0.195144,0.0148
DoubleDQN,1024,476,42840,246117.50,0.0100,0.215556,0.0145
DoubleDQN,1024,477,42930,230745.00,0.0100,0.193105,0.0146
DoubleDQN,1024,478,43020,238490.00,0.0100,0.209714,0.0144
DoubleDQN,1024,479,43110,245640.00,0.0100,0.186968,0.0145
DoubleDQN,1024,480,43200,222150.00,0.0100,0.198525,0.0145
DoubleDQN,1024,481,43290,233795.00,0.0100,0.199050,0.0145
DoubleDQN,1024,482,43380,229987.50,0.0100,0.195097,0.0146
DoubleDQN,1024,483,43470,229362.50,0.0100,0.205487,0.0146
DoubleDQN,1024,484,43560,231382.50,0.0100,0.184285,0.0146
DoubleDQN,1024,485,43650,232490.00,0.0100,0.182711,0.0146
DoubleDQN,1024,486,43740,228832.50,0.0100,0.178293,0.0145
DoubleDQN,1024,487,43830,238992.50,0.0100,0.187272,0.0146
DoubleDQN,1024,488,43920,245397.50,0.0100,0.190141,0.0145
DoubleDQN,1024,489,44010,233802.50,0.0100,0.188853,0.0145
DoubleDQN,1024,490,44100,225907.50,0.0100,0.199361,0.0146
DoubleDQN,1024,491,44190,240310.00,0.0100,0.201966,0.0145
DoubleDQN,1024,492,44280,223690.00,0.0100,0.194932,0.0146
DoubleDQN,1024,493,44370,219635.00,0.0100,0.199900,0.0145
DoubleDQN,1024,494,44460,231717.50,0.0100,0.203340,0.0145
DoubleDQN,1024,495,44550,228632.50,0.0100,0.205580,0.0145
DoubleDQN,1024,496,44640,239045.00,0.0100,0.201974,0.0145
DoubleDQN,1024,497,44730,248127.50,0.0100,0.216435,0.0145
DoubleDQN,1024,498,44820,232632.50,0.0100,0.210450,0.0146
DoubleDQN,1024,499,44910,237350.00,0.0100,0.205608,0.0147
DoubleDQN,1024,500,45000,233235.00,0.0100,0.212857,0.0146
