policy,seed,episode,total_steps,reward,epsilon,loss,duration_sec
DQN,42,1,90,278247.50,0.9975,0.000000,0.0004
DQN,42,2,180,248642.50,0.9950,0.000000,0.0004
DQN,42,3,270,205057.50,0.9926,0.000000,0.0004
DQN,42,4,360,230425.00,0.9901,0.000000,0.0004
DQN,42,5,450,227717.50,0.9876,0.000000,0.0004
DQN,42,6,540,187887.50,0.9851,4.714396,0.0060
DQN,42,7,630,206567.50,0.9827,3.962461,0.0146
DQN,42,8,720,251757.50,0.9802,2.638239,0.0123
DQN,42,9,810,168845.00,0.9777,2.511874,0.0128
DQN,42,10,900,195737.50,0.9752,2.363420,0.0129
DQN,42,11,990,206540.00,0.9728,2.264462,0.0130
DQN,42,12,1080,196895.00,0.9703,3.439975,0.0130
DQN,42,13,1170,260642.50,0.9678,2.035670,0.0130
DQN,42,14,1260,221920.00,0.9654,1.818221,0.0130
DQN,42,15,1350,176670.00,0.9629,1.537294,0.0187
DQN,42,16,1440,182637.50,0.9604,1.316581,0.0131
DQN,42,17,1530,169555.00,0.9579,1.940004,0.0133
DQN,42,18,1620,203592.50,0.9555,1.500596,0.0134
DQN,42,19,1710,256862.50,0.9530,1.179232,0.0134
DQN,42,20,1800,241292.50,0.9505,1.069057,0.0133
DQN,42,21,1890,267437.50,0.9480,0.988041,0.0134
DQN,42,22,1980,209022.50,0.9456,0.996167,0.0134
DQN,42,23,2070,163585.00,0.9431,2.069600,0.0134
DQN,42,24,2160,205865.00,0.9406,1.256873,0.0134
DQN,42,25,2250,194125.00,0.9381,1.086898,0.0135
DQN,42,26,2340,230572.50,0.9356,1.022411,0.0134
DQN,42,27,2430,260180.00,0.9332,0.956393,0.0134
DQN,42,28,2520,226467.50,0.9307,1.316637,0.0135
DQN,42,29,2610,226992.50,0.9282,1.260590,0.0136
DQN,42,30,2700,181347.50,0.9257,1.099987,0.0134
DQN,42,31,2790,222087.50,0.9233,1.063821,0.0134
DQN,42,32,2880,201587.50,0.9208,0.998801,0.0135
DQN,42,33,2970,190152.50,0.9183,0.970634,0.0134
DQN,42,34,3060,231615.00,0.9159,1.416833,0.0135
DQN,42,35,3150,244175.00,0.9134,1.056837,0.0134
DQN,42,36,3240,248847.50,0.9109,0.970725,0.0134
DQN,42,37,3330,276437.50,0.9084,0.924936,0.0135
DQN,42,38,3420,233525.00,0.9060,0.932024,0.0134
DQN,42,39,3510,224547.50,0.9035,1.001289,0.0135
DQN,42,40,3600,246942.50,0.9010,0.738915,0.0134
DQN,42,41,3690,249045.00,0.8985,0.670605,0.0135
DQN,42,42,3780,263455.00,0.8961,0.649674,0.0134
DQN,42,43,3870,237265.00,0.8936,0.667234,0.0135
DQN,42,44,3960,286700.00,0.8911,0.648570,0.0135
DQN,42,45,4050,243337.50,0.8886,0.734861,0.0135
DQN,42,46,4140,241072.50,0.8861,0.566250,0.0135
DQN,42,47,4230,264785.00,0.8837,0.570516,0.0135
DQN,42,48,4320,243860.00,0.8812,0.545163,0.0134
DQN,42,49,4410,251195.00,0.8787,0.549175,0.0135
DQN,42,50,4500,239690.00,0.8762,0.546550,0.0135
DQN,42,51,4590,256625.00,0.8738,0.602830,0.0147
DQN,42,52,4680,205480.00,0.8713,0.523745,0.0140
DQN,42,53,4770,225280.00,0.8688,0.506888,0.0136
DQN,42,54,4860,252077.50,0.8663,0.491948,0.0135
DQN,42,55,4950,253045.00,0.8639,0.517753,0.0136
DQN,42,56,5040,289465.00,0.8614,0.551544,0.0135
DQN,42,57,5130,276942.50,0.8589,0.489339,0.0135
DQN,42,58,5220,260545.00,0.8565,0.497299,0.0135
DQN,42,59,5310,232832.50,0.8540,0.478183,0.0135
DQN,42,60,5400,242200.00,0.8515,0.478669,0.0135
DQN,42,61,5490,218495.00,0.8490,0.478764,0.0135
DQN,42,62,5580,270340.00,0.8466,0.544980,0.0135
DQN,42,63,5670,279230.00,0.8441,0.479264,0.0136
DQN,42,64,5760,240267.50,0.8416,0.486103,0.0135
DQN,42,65,5850,235645.00,0.8391,0.495765,0.0135
DQN,42,66,5940,310430.00,0.8367,0.473228,0.0135
DQN,42,67,6030,266372.50,0.8342,0.536376,0.0135
DQN,42,68,6120,247137.50,0.8317,0.522085,0.0135
DQN,42,69,6210,176367.50,0.8292,0.523896,0.0136
DQN,42,70,6300,251067.50,0.8267,0.495124,0.0149
DQN,42,71,6390,276300.00,0.8243,0.513594,0.0135
DQN,42,72,6480,276860.00,0.8218,0.512381,0.0136
DQN,42,73,6570,250922.50,0.8193,0.564208,0.0135
DQN,42,74,6660,280857.50,0.8168,0.523307,0.0136
DQN,42,75,6750,226017.50,0.8144,0.536855,0.0137
DQN,42,76,6840,226340.00,0.8119,0.529211,0.0136
DQN,42,77,6930,270062.50,0.8094,0.527132,0.0137
DQN,42,78,7020,272347.50,0.8070,0.567300,0.0136
DQN,42,79,7110,302890.00,0.8045,0.502515,0.0136
DQN,42,80,7200,263510.00,0.8020,0.513110,0.0136
DQN,42,81,7290,282685.00,0.7995,0.509842,0.0135
DQN,42,82,7380,223577.50,0.7971,0.519048,0.0135
DQN,42,83,7470,230575.00,0.7946,0.539901,0.0136
DQN,42,84,7560,263687.50,0.7921,0.553241,0.0136
DQN,42,85,7650,291745.00,0.7896,0.531145,0.0135
DQN,42,86,7740,291887.50,0.7872,0.510912,0.0136
DQN,42,87,7830,222960.00,0.7847,0.515448,0.0135
DQN,42,88,7920,262110.00,0.7822,0.522790,0.0135
DQN,42,89,8010,199065.00,0.7797,0.545013,0.0137
DQN,42,90,8100,240065.00,0.7772,0.535076,0.0143
DQN,42,91,8190,246325.00,0.7748,0.525194,0.0127
DQN,42,92,8280,259785.00,0.7723,0.548389,0.0127
DQN,42,93,8370,263977.50,0.7698,0.514584,0.0129
DQN,42,94,8460,257837.50,0.7673,0.522476,0.0129
DQN,42,95,8550,271735.00,0.7649,0.549702,0.0130
DQN,42,96,8640,241402.50,0.7624,0.514436,0.0129
DQN,42,97,8730,252610.00,0.7599,0.502596,0.0130
DQN,42,98,8820,293585.00,0.7574,0.515568,0.0131
DQN,42,99,8910,244217.50,0.7550,0.518471,0.0144
DQN,42,100,9000,245917.50,0.7525,0.502221,0.0125
DQN,42,101,9090,234270.00,0.7500,0.516133,0.0169
DQN,42,102,9180,301955.00,0.7475,0.510732,0.0127
DQN,42,103,9270,245902.50,0.7451,0.500186,0.0131
DQN,42,104,9360,273590.00,0.7426,0.491084,0.0132
DQN,42,105,9450,289130.00,0.7401,0.509463,0.0133
DQN,42,106,9540,299810.00,0.7376,0.506409,0.0134
DQN,42,107,9630,273815.00,0.7352,0.483272,0.0134
DQN,42,108,9720,250210.00,0.7327,0.488627,0.0135
DQN,42,109,9810,261810.00,0.7302,0.493165,0.0134
DQN,42,110,9900,282815.00,0.7278,0.475031,0.0135
DQN,42,111,9990,261887.50,0.7253,0.480281,0.0227
DQN,42,112,10080,297385.00,0.7228,0.511469,0.0201
DQN,42,113,10170,257700.00,0.7203,0.508528,0.0130
DQN,42,114,10260,289925.00,0.7179,0.489301,0.0134
DQN,42,115,10350,249417.50,0.7154,0.498820,0.0136
DQN,42,116,10440,264207.50,0.7129,0.503646,0.0137
DQN,42,117,10530,312595.00,0.7104,0.524943,0.0136
DQN,42,118,10620,281467.50,0.7080,0.462308,0.0135
DQN,42,119,10710,308322.50,0.7055,0.486172,0.0136
DQN,42,120,10800,252295.00,0.7030,0.492117,0.0136
DQN,42,121,10890,295207.50,0.7005,0.477104,0.0135
DQN,42,122,10980,268357.50,0.6981,0.476849,0.0135
DQN,42,123,11070,255680.00,0.6956,0.494580,0.0136
DQN,42,124,11160,259512.50,0.6931,0.487561,0.0136
DQN,42,125,11250,283227.50,0.6906,0.476850,0.0136
DQN,42,126,11340,255357.50,0.6882,0.495162,0.0135
DQN,42,127,11430,249610.00,0.6857,0.498933,0.0136
DQN,42,128,11520,290200.00,0.6832,0.491659,0.0135
DQN,42,129,11610,315945.00,0.6807,0.479617,0.0136
DQN,42,130,11700,272107.50,0.6783,0.482031,0.0135
DQN,42,131,11790,220542.50,0.6758,0.483603,0.0137
DQN,42,132,11880,274540.00,0.6733,0.457648,0.0137
DQN,42,133,11970,273917.50,0.6708,0.474181,0.0136
DQN,42,134,12060,266460.00,0.6683,0.504324,0.0136
DQN,42,135,12150,262307.50,0.6659,0.476851,0.0136
DQN,42,136,12240,283537.50,0.6634,0.489389,0.0136
DQN,42,137,12330,301790.00,0.6609,0.484514,0.0136
DQN,42,138,12420,275232.50,0.6584,0.508404,0.0136
DQN,42,139,12510,247840.00,0.6560,0.492130,0.0137
DQN,42,140,12600,257677.50,0.6535,0.501197,0.0136
DQN,42,141,12690,283672.50,0.6510,0.457802,0.0137
DQN,42,142,12780,294865.00,0.6485,0.497271,0.0137
DQN,42,143,12870,273885.00,0.6461,0.495015,0.0136
DQN,42,144,12960,255640.00,0.6436,0.473425,0.0136
DQN,42,145,13050,277727.50,0.6411,0.510309,0.0137
DQN,42,146,13140,260140.00,0.6386,0.467269,0.0136
DQN,42,147,13230,281467.50,0.6362,0.480151,0.0136
DQN,42,148,13320,222405.00,0.6337,0.475843,0.0136
DQN,42,149,13410,293517.50,0.6312,0.472005,0.0136
DQN,42,150,13500,288585.00,0.6288,0.482632,0.0137
DQN,42,151,13590,260562.50,0.6263,0.458452,0.0140
DQN,42,152,13680,266590.00,0.6238,0.446454,0.0141
DQN,42,153,13770,287320.00,0.6213,0.446976,0.0138
DQN,42,154,13860,286435.00,0.6189,0.454519,0.0137
DQN,42,155,13950,262572.50,0.6164,0.453787,0.0137
DQN,42,156,14040,246282.50,0.6139,0.458999,0.0136
DQN,42,157,14130,220895.00,0.6114,0.472607,0.0136
DQN,42,158,14220,272257.50,0.6089,0.475154,0.0137
DQN,42,159,14310,262412.50,0.6065,0.476797,0.0136
DQN,42,160,14400,280732.50,0.6040,0.472574,0.0137
DQN,42,161,14490,267205.00,0.6015,0.449093,0.0137
DQN,42,162,14580,273252.50,0.5990,0.460404,0.0136
DQN,42,163,14670,282315.00,0.5966,0.449570,0.0137
DQN,42,164,14760,291552.50,0.5941,0.467705,0.0137
DQN,42,165,14850,268300.00,0.5916,0.460787,0.0136
DQN,42,166,14940,278280.00,0.5892,0.456994,0.0137
DQN,42,167,15030,268565.00,0.5867,0.496183,0.0136
DQN,42,168,15120,285460.00,0.5842,0.457473,0.0136
DQN,42,169,15210,273282.50,0.5817,0.459783,0.0137
DQN,42,170,15300,268692.50,0.5793,0.468871,0.0136
DQN,42,171,15390,301495.00,0.5768,0.470531,0.0137
DQN,42,172,15480,248487.50,0.5743,0.456603,0.0136
DQN,42,173,15570,279575.00,0.5718,0.485136,0.0137
DQN,42,174,15660,255802.50,0.5694,0.460555,0.0136
DQN,42,175,15750,295165.00,0.5669,0.474023,0.0136
DQN,42,176,15840,260542.50,0.5644,0.454651,0.0137
DQN,42,177,15930,251525.00,0.5619,0.456163,0.0137
DQN,42,178,16020,269027.50,0.5595,0.476147,0.0137
DQN,42,179,16110,270760.00,0.5570,0.460485,0.0136
DQN,42,180,16200,306760.00,0.5545,0.453956,0.0137
DQN,42,181,16290,292232.50,0.5520,0.456273,0.0136
DQN,42,182,16380,310492.50,0.5495,0.456289,0.0136
DQN,42,183,16470,272410.00,0.5471,0.450888,0.0137
DQN,42,184,16560,285782.50,0.5446,0.471432,0.0137
DQN,42,185,16650,264340.00,0.5421,0.465835,0.0137
DQN,42,186,16740,247505.00,0.5396,0.463409,0.0137
DQN,42,187,16830,256317.50,0.5372,0.465567,0.0142
DQN,42,188,16920,272820.00,0.5347,0.463098,0.0138
DQN,42,189,17010,272155.00,0.5322,0.458939,0.0137
DQN,42,190,17100,267757.50,0.5297,0.467381,0.0137
DQN,42,191,17190,300295.00,0.5273,0.464902,0.0138
DQN,42,192,17280,273002.50,0.5248,0.480274,0.0138
DQN,42,193,17370,285240.00,0.5223,0.471071,0.0138
DQN,42,194,17460,272092.50,0.5199,0.496551,0.0256
DQN,42,195,17550,270572.50,0.5174,0.492853,0.0197
DQN,42,196,17640,271035.00,0.5149,0.483414,0.0722
DQN,42,197,17730,254940.00,0.5124,0.483874,0.0124
DQN,42,198,17820,277217.50,0.5100,0.464116,0.0131
DQN,42,199,17910,275957.50,0.5075,0.462740,0.0129
DQN,42,200,18000,278245.00,0.5050,0.467468,0.0128
DQN,42,201,18090,282917.50,0.5025,0.442762,0.0154
DQN,42,202,18180,289765.00,0.5000,0.457481,0.0150
DQN,42,203,18270,274585.00,0.4976,0.446808,0.0132
DQN,42,204,18360,271452.50,0.4951,0.455637,0.0148
DQN,42,205,18450,279052.50,0.4926,0.452172,0.0139
DQN,42,206,18540,267845.00,0.4901,0.445837,0.0128
DQN,42,207,18630,278292.50,0.4877,0.452030,0.0133
DQN,42,208,18720,275150.00,0.4852,0.453736,0.0126
DQN,42,209,18810,285265.00,0.4827,0.435696,0.0148
DQN,42,210,18900,298817.50,0.4802,0.427427,0.0128
DQN,42,211,18990,276837.50,0.4778,0.431213,0.0129
DQN,42,212,19080,264095.00,0.4753,0.470754,0.0138
DQN,42,213,19170,271997.50,0.4728,0.464545,0.0159
DQN,42,214,19260,258122.50,0.4703,0.446111,0.0135
DQN,42,215,19350,285522.50,0.4679,0.458344,0.0151
DQN,42,216,19440,282350.00,0.4654,0.493043,0.0120
DQN,42,217,19530,283407.50,0.4629,0.453025,0.0123
DQN,42,218,19620,277500.00,0.4604,0.461686,0.0127
DQN,42,219,19710,248012.50,0.4580,0.460175,0.0125
DQN,42,220,19800,260947.50,0.4555,0.464018,0.0126
DQN,42,221,19890,280117.50,0.4530,0.472975,0.0127
DQN,42,222,19980,268010.00,0.4506,0.470801,0.0127
DQN,42,223,20070,281295.00,0.4481,0.489481,0.0128
DQN,42,224,20160,298470.00,0.4456,0.471553,0.0127
DQN,42,225,20250,264825.00,0.4431,0.498272,0.0155
DQN,42,226,20340,262615.00,0.4407,0.492793,0.0125
DQN,42,227,20430,257052.50,0.4382,0.488056,0.0130
DQN,42,228,20520,287272.50,0.4357,0.485382,0.0127
DQN,42,229,20610,253337.50,0.4332,0.471568,0.0127
DQN,42,230,20700,277180.00,0.4308,0.463464,0.0127
DQN,42,231,20790,310152.50,0.4283,0.454199,0.0147
DQN,42,232,20880,275797.50,0.4258,0.445035,0.0126
DQN,42,233,20970,284722.50,0.4233,0.443671,0.0130
DQN,42,234,21060,284002.50,0.4209,0.460423,0.0125
DQN,42,235,21150,296432.50,0.4184,0.470671,0.0146
DQN,42,236,21240,273382.50,0.4159,0.465250,0.0125
DQN,42,237,21330,283222.50,0.4134,0.465839,0.0129
DQN,42,238,21420,269987.50,0.4110,0.475310,0.0147
DQN,42,239,21510,291987.50,0.4085,0.467141,0.0128
DQN,42,240,21600,286402.50,0.4060,0.445048,0.0134
DQN,42,241,21690,307662.50,0.4035,0.440280,0.0134
DQN,42,242,21780,255252.50,0.4011,0.435445,0.0136
DQN,42,243,21870,268147.50,0.3986,0.452749,0.0152
DQN,42,244,21960,267522.50,0.3961,0.456259,0.0145
DQN,42,245,22050,280555.00,0.3936,0.452045,0.0137
DQN,42,246,22140,252860.00,0.3911,0.465661,0.0144
DQN,42,247,22230,282177.50,0.3887,0.451538,0.0152
DQN,42,248,22320,255282.50,0.3862,0.475283,0.0137
DQN,42,249,22410,298860.00,0.3837,0.479081,0.0186
DQN,42,250,22500,272237.50,0.3812,0.471891,0.0131
DQN,42,251,22590,308325.00,0.3788,0.478435,0.0189
DQN,42,252,22680,282515.00,0.3763,0.454050,0.0151
DQN,42,253,22770,290745.00,0.3738,0.475823,0.0130
DQN,42,254,22860,271667.50,0.3713,0.476166,0.0137
DQN,42,255,22950,308217.50,0.3689,0.461584,0.0128
DQN,42,256,23040,299630.00,0.3664,0.460585,0.0128
DQN,42,257,23130,271045.00,0.3639,0.471347,0.0126
DQN,42,258,23220,278312.50,0.3614,0.449203,0.0126
DQN,42,259,23310,256125.00,0.3590,0.443048,0.0126
DQN,42,260,23400,282287.50,0.3565,0.451305,0.0169
DQN,42,261,23490,295457.50,0.3540,0.450963,0.0138
DQN,42,262,23580,257882.50,0.3516,0.440127,0.0146
DQN,42,263,23670,292780.00,0.3491,0.436029,0.0166
DQN,42,264,23760,289017.50,0.3466,0.437401,0.0128
DQN,42,265,23850,294140.00,0.3441,0.424754,0.0128
DQN,42,266,23940,267745.00,0.3417,0.433624,0.0144
DQN,42,267,24030,291277.50,0.3392,0.423333,0.0133
DQN,42,268,24120,298437.50,0.3367,0.432028,0.0221
DQN,42,269,24210,297610.00,0.3342,0.441828,0.0136
DQN,42,270,24300,284470.00,0.3317,0.445263,0.0128
DQN,42,271,24390,288722.50,0.3293,0.423586,0.0149
DQN,42,272,24480,314205.00,0.3268,0.425122,0.0128
DQN,42,273,24570,298957.50,0.3243,0.440678,0.0132
DQN,42,274,24660,298342.50,0.3218,0.436824,0.0138
DQN,42,275,24750,302857.50,0.3194,0.421090,0.0135
DQN,42,276,24840,286007.50,0.3169,0.452134,0.0141
DQN,42,277,24930,294165.00,0.3144,0.445007,0.0137
DQN,42,278,25020,287140.00,0.3120,0.440596,0.0144
DQN,42,279,25110,296852.50,0.3095,0.441168,0.0150
DQN,42,280,25200,269017.50,0.3070,0.438639,0.0137
DQN,42,281,25290,303425.00,0.3045,0.434873,0.0151
DQN,42,282,25380,294405.00,0.3021,0.432914,0.0145
DQN,42,283,25470,307320.00,0.2996,0.448534,0.0159
DQN,42,284,25560,275900.00,0.2971,0.456592,0.0124
DQN,42,285,25650,300762.50,0.2946,0.440468,0.0129
DQN,42,286,25740,286985.00,0.2922,0.455801,0.0130
DQN,42,287,25830,283725.00,0.2897,0.435509,0.0138
DQN,42,288,25920,290000.00,0.2872,0.432564,0.0128
DQN,42,289,26010,288975.00,0.2847,0.455732,0.0133
DQN,42,290,26100,272337.50,0.2823,0.454067,0.0142
DQN,42,291,26190,294122.50,0.2798,0.437594,0.0128
DQN,42,292,26280,304320.00,0.2773,0.472260,0.0150
DQN,42,293,26370,306050.00,0.2748,0.444971,0.0126
DQN,42,294,26460,293652.50,0.2723,0.451437,0.0141
DQN,42,295,26550,266250.00,0.2699,0.451871,0.0131
DQN,42,296,26640,270722.50,0.2674,0.449785,0.0132
DQN,42,297,26730,296050.00,0.2649,0.454066,0.0132
DQN,42,298,26820,298105.00,0.2624,0.448371,0.0140
DQN,42,299,26910,287777.50,0.2600,0.458990,0.0179
DQN,42,300,27000,303212.50,0.2575,0.449604,0.0130
DQN,42,301,27090,286225.00,0.2550,0.444712,0.0177
DQN,42,302,27180,290715.00,0.2526,0.437907,0.0155
DQN,42,303,27270,265895.00,0.2501,0.443680,0.0136
DQN,42,304,27360,282937.50,0.2476,0.446062,0.0142
DQN,42,305,27450,297150.00,0.2451,0.435181,0.0140
DQN,42,306,27540,290950.00,0.2427,0.431088,0.0132
DQN,42,307,27630,276325.00,0.2402,0.420315,0.0131
DQN,42,308,27720,275857.50,0.2377,0.430335,0.0133
DQN,42,309,27810,284027.50,0.2352,0.431182,0.0169
DQN,42,310,27900,303445.00,0.2328,0.424183,0.0130
DQN,42,311,27990,290082.50,0.2303,0.423196,0.0147
DQN,42,312,28080,285025.00,0.2278,0.434520,0.0140
DQN,42,313,28170,286265.00,0.2253,0.440633,0.0136
DQN,42,314,28260,301247.50,0.2228,0.425189,0.0144
DQN,42,315,28350,313030.00,0.2204,0.433273,0.0157
DQN,42,316,28440,309830.00,0.2179,0.434921,0.0125
DQN,42,317,28530,314535.00,0.2154,0.410630,0.0130
DQN,42,318,28620,281030.00,0.2129,0.424024,0.0158
DQN,42,319,28710,306427.50,0.2105,0.406448,0.0146
DQN,42,320,28800,291392.50,0.2080,0.402755,0.0142
DQN,42,321,28890,293362.50,0.2055,0.405195,0.0132
DQN,42,322,28980,298727.50,0.2030,0.428786,0.0195
DQN,42,323,29070,304597.50,0.2006,0.428195,0.0180
DQN,42,324,29160,289722.50,0.1981,0.456620,0.0139
DQN,42,325,29250,304642.50,0.1956,0.455132,0.0142
DQN,42,326,29340,283630.00,0.1932,0.436970,0.0168
DQN,42,327,29430,304095.00,0.1907,0.462228,0.0133
DQN,42,328,29520,269212.50,0.1882,0.443696,0.0133
DQN,42,329,29610,278317.50,0.1857,0.445258,0.0140
DQN,42,330,29700,264930.00,0.1833,0.444447,0.0122
DQN,42,331,29790,274915.00,0.1808,0.447266,0.0128
DQN,42,332,29880,297980.00,0.1783,0.436672,0.0127
DQN,42,333,29970,294022.50,0.1758,0.424568,0.0127
DQN,42,334,30060,296827.50,0.1734,0.419786,0.0152
DQN,42,335,30150,297100.00,0.1709,0.426266,0.0125
DQN,42,336,30240,299105.00,0.1684,0.411676,0.0197
DQN,42,337,30330,282050.00,0.1659,0.409047,0.0134
DQN,42,338,30420,301280.00,0.1634,0.408724,0.0131
DQN,42,339,30510,299042.50,0.1610,0.403620,0.0150
DQN,42,340,30600,281905.00,0.1585,0.427862,0.0128
DQN,42,341,30690,304387.50,0.1560,0.434180,0.0130
DQN,42,342,30780,288350.00,0.1536,0.440095,0.0156
DQN,42,343,30870,304302.50,0.1511,0.436885,0.0123
DQN,42,344,30960,307392.50,0.1486,0.429771,0.0123
DQN,42,345,31050,319072.50,0.1461,0.449007,0.0127
DQN,42,346,31140,291075.00,0.1437,0.486172,0.0129
DQN,42,347,31230,296135.00,0.1412,0.480079,0.0128
DQN,42,348,31320,309970.00,0.1387,0.473228,0.0128
DQN,42,349,31410,286562.50,0.1362,0.476257,0.0128
DQN,42,350,31500,319470.00,0.1338,0.450362,0.0131
DQN,42,351,31590,293627.50,0.1313,0.465371,0.0161
DQN,42,352,31680,309655.00,0.1288,0.451764,0.0163
DQN,42,353,31770,298855.00,0.1263,0.446413,0.0140
DQN,42,354,31860,289885.00,0.1239,0.462452,0.0129
DQN,42,355,31950,299640.00,0.1214,0.463848,0.0130
DQN,42,356,32040,298670.00,0.1189,0.462310,0.0164
DQN,42,357,32130,289280.00,0.1164,0.452376,0.0139
DQN,42,358,32220,282877.50,0.1139,0.450619,0.0134
DQN,42,359,32310,319770.00,0.1115,0.452235,0.0133
DQN,42,360,32400,300607.50,0.1090,0.440975,0.0134
DQN,42,361,32490,292952.50,0.1065,0.460147,0.0134
DQN,42,362,32580,308055.00,0.1040,0.461163,0.0174
DQN,42,363,32670,311807.50,0.1016,0.449187,0.0132
DQN,42,364,32760,302555.00,0.0991,0.454536,0.0137
DQN,42,365,32850,311930.00,0.0966,0.435422,0.0137
DQN,42,366,32940,289042.50,0.0941,0.453618,0.0139
DQN,42,367,33030,296232.50,0.0917,0.432537,0.0139
DQN,42,368,33120,296285.00,0.0892,0.446969,0.0141
DQN,42,369,33210,298910.00,0.0867,0.450404,0.0140
DQN,42,370,33300,305135.00,0.0842,0.433330,0.0140
DQN,42,371,33390,311917.50,0.0818,0.436674,0.0138
DQN,42,372,33480,280580.00,0.0793,0.449624,0.0139
DQN,42,373,33570,308340.00,0.0768,0.443414,0.0139
DQN,42,374,33660,314110.00,0.0743,0.430742,0.0140
DQN,42,375,33750,315420.00,0.0719,0.436183,0.0145
DQN,42,376,33840,304617.50,0.0694,0.442423,0.0146
DQN,42,377,33930,287005.00,0.0669,0.437267,0.0158
DQN,42,378,34020,306512.50,0.0645,0.444787,0.0128
DQN,42,379,34110,305437.50,0.0620,0.473064,0.0132
DQN,42,380,34200,302560.00,0.0595,0.453936,0.0133
DQN,42,381,34290,299237.50,0.0570,0.469941,0.0134
DQN,42,382,34380,302112.50,0.0546,0.457316,0.0134
DQN,42,383,34470,306395.00,0.0521,0.455089,0.0133
DQN,42,384,34560,304195.00,0.0496,0.469184,0.0134
DQN,42,385,34650,283322.50,0.0471,0.441137,0.0165
DQN,42,386,34740,306182.50,0.0447,0.437171,0.0128
DQN,42,387,34830,295812.50,0.0422,0.448613,0.0135
DQN,42,388,34920,304720.00,0.0397,0.443909,0.0133
DQN,42,389,35010,308180.00,0.0372,0.430196,0.0133
DQN,42,390,35100,301032.50,0.0348,0.488871,0.0134
DQN,42,391,35190,289262.50,0.0323,0.482441,0.0134
DQN,42,392,35280,309735.00,0.0298,0.499179,0.0134
DQN,42,393,35370,304802.50,0.0273,0.475115,0.0134
DQN,42,394,35460,310945.00,0.0249,0.482603,0.0134
DQN,42,395,35550,326810.00,0.0224,0.461110,0.0134
DQN,42,396,35640,299557.50,0.0199,0.411340,0.0134
DQN,42,397,35730,314725.00,0.0174,0.436705,0.0134
DQN,42,398,35820,300990.00,0.0150,0.428277,0.0165
DQN,42,399,35910,306052.50,0.0125,0.439170,0.0195
DQN,42,400,36000,300235.00,0.0100,0.433227,0.0129
DQN,42,401,36090,301100.00,0.0100,0.409073,0.0133
DQN,42,402,36180,298337.50,0.0100,0.425325,0.0191
DQN,42,403,36270,297807.50,0.0100,0.416794,0.0174
DQN,42,404,36360,310700.00,0.0100,0.423215,0.0133
DQN,42,405,36450,307657.50,0.0100,0.414470,0.0142
DQN,42,406,36540,301920.00,0.0100,0.433085,0.0147
DQN,42,407,36630,300035.00,0.0100,0.452542,0.0124
DQN,42,408,36720,304015.00,0.0100,0.425144,0.0130
DQN,42,409,36810,307302.50,0.0100,0.440738,0.0127
DQN,42,410,36900,308072.50,0.0100,0.425836,0.0128
DQN,42,411,36990,315190.00,0.0100,0.429580,0.0154
DQN,42,412,37080,303202.50,0.0100,0.410325,0.0145
DQN,42,413,37170,307477.50,0.0100,0.403688,0.0135
DQN,42,414,37260,314057.50,0.0100,0.401196,0.0142
DQN,42,415,37350,300705.00,0.0100,0.397217,0.0130
DQN,42,416,37440,310800.00,0.0100,0.400387,0.0133
DQN,42,417,37530,300730.00,0.0100,0.390275,0.0149
DQN,42,418,37620,303565.00,0.0100,0.413927,0.0123
DQN,42,419,37710,309670.00,0.0100,0.405565,0.0127
DQN,42,420,37800,305522.50,0.0100,0.394629,0.0127
DQN,42,421,37890,313732.50,0.0100,0.396349,0.0128
DQN,42,422,37980,304207.50,0.0100,0.388225,0.0164
DQN,42,423,38070,305262.50,0.0100,0.416938,0.0134
DQN,42,424,38160,308717.50,0.0100,0.434592,0.0148
DQN,42,425,38250,307687.50,0.0100,0.423491,0.0140
DQN,42,426,38340,303797.50,0.0100,0.425037,0.0147
DQN,42,427,38430,301915.00,0.0100,0.439864,0.0127
DQN,42,428,38520,319832.50,0.0100,0.440732,0.0130
DQN,42,429,38610,288907.50,0.0100,0.451535,0.0140
DQN,42,430,38700,315097.50,0.0100,0.460639,0.0126
DQN,42,431,38790,305705.00,0.0100,0.451793,0.0128
DQN,42,432,38880,302032.50,0.0100,0.450500,0.0129
DQN,42,433,38970,286202.50,0.0100,0.460436,0.0130
DQN,42,434,39060,308385.00,0.0100,0.451149,0.0142
DQN,42,435,39150,305567.50,0.0100,0.446743,0.0129
DQN,42,436,39240,314815.00,0.0100,0.448273,0.0130
DQN,42,437,39330,313402.50,0.0100,0.453049,0.0153
DQN,42,438,39420,296922.50,0.0100,0.451863,0.0127
DQN,42,439,39510,304192.50,0.0100,0.447180,0.0134
DQN,42,440,39600,302242.50,0.0100,0.462172,0.0135
DQN,42,441,39690,307330.00,0.0100,0.474358,0.0137
DQN,42,442,39780,304747.50,0.0100,0.454836,0.0136
DQN,42,443,39870,300485.00,0.0100,0.461564,0.0173
DQN,42,444,39960,313230.00,0.0100,0.469549,0.0129
DQN,42,445,40050,312382.50,0.0100,0.507972,0.0132
DQN,42,446,40140,306532.50,0.0100,0.524755,0.0163
DQN,42,447,40230,312302.50,0.0100,0.509290,0.0124
DQN,42,448,40320,296015.00,0.0100,0.524876,0.0126
DQN,42,449,40410,303280.00,0.0100,0.532629,0.0152
DQN,42,450,40500,312665.00,0.0100,0.522417,0.0124
DQN,42,451,40590,307245.00,0.0100,0.445231,0.0194
DQN,42,452,40680,304065.00,0.0100,0.439764,0.0163
DQN,42,453,40770,302372.50,0.0100,0.431278,0.0138
DQN,42,454,40860,302775.00,0.0100,0.433730,0.0142
DQN,42,455,40950,293895.00,0.0100,0.449223,0.0143
DQN,42,456,41040,308320.00,0.0100,0.462955,0.0129
DQN,42,457,41130,301417.50,0.0100,0.500047,0.0136
DQN,42,458,41220,293450.00,0.0100,0.491640,0.0137
DQN,42,459,41310,303252.50,0.0100,0.497320,0.0158
DQN,42,460,41400,292680.00,0.0100,0.478827,0.0125
DQN,42,461,41490,310265.00,0.0100,0.491143,0.0133
DQN,42,462,41580,296965.00,0.0100,0.441151,0.0141
DQN,42,463,41670,299567.50,0.0100,0.439333,0.0136
DQN,42,464,41760,301537.50,0.0100,0.446626,0.0141
DQN,42,465,41850,293727.50,0.0100,0.439585,0.0130
DQN,42,466,41940,299885.00,0.0100,0.444942,0.0170
DQN,42,467,42030,307050.00,0.0100,0.443246,0.0131
DQN,42,468,42120,309147.50,0.0100,0.444398,0.0131
DQN,42,469,42210,306815.00,0.0100,0.458335,0.0133
DQN,42,470,42300,297015.00,0.0100,0.463216,0.0176
DQN,42,471,42390,302965.00,0.0100,0.447157,0.0136
DQN,42,472,42480,302880.00,0.0100,0.458313,0.0125
DQN,42,473,42570,294207.50,0.0100,0.467523,0.0127
DQN,42,474,42660,298557.50,0.0100,0.458025,0.0137
DQN,42,475,42750,297942.50,0.0100,0.463366,0.0146
DQN,42,476,42840,319502.50,0.0100,0.468617,0.0131
DQN,42,477,42930,302867.50,0.0100,0.455860,0.0134
DQN,42,478,43020,305602.50,0.0100,0.454573,0.0133
DQN,42,479,43110,299890.00,0.0100,0.427745,0.0128
DQN,42,480,43200,295995.00,0.0100,0.417127,0.0152
DQN,42,481,43290,306925.00,0.0100,0.416888,0.0138
DQN,42,482,43380,298790.00,0.0100,0.417655,0.0130
DQN,42,483,43470,306012.50,0.0100,0.411665,0.0136
DQN,42,484,43560,289010.00,0.0100,0.450841,0.0134
DQN,42,485,43650,303957.50,0.0100,0.463261,0.0159
DQN,42,486,43740,306580.00,0.0100,0.451741,0.0124
DQN,42,487,43830,304787.50,0.0100,0.452670,0.0169
DQN,42,488,43920,304860.00,0.0100,0.466266,0.0132
DQN,42,489,44010,307352.50,0.0100,0.463509,0.0128
DQN,42,490,44100,297667.50,0.0100,0.458128,0.0138
DQN,42,491,44190,307997.50,0.0100,0.452947,0.0129
DQN,42,492,44280,297927.50,0.0100,0.470935,0.0124
DQN,42,493,44370,305342.50,0.0100,0.467829,0.0127
DQN,42,494,44460,308342.50,0.0100,0.493419,0.0156
DQN,42,495,44550,297022.50,0.0100,0.481224,0.0146
DQN,42,496,44640,298252.50,0.0100,0.470587,0.0155
DQN,42,497,44730,289107.50,0.0100,0.462665,0.0136
DQN,42,498,44820,304587.50,0.0100,0.467867,0.0155
DQN,42,499,44910,303612.50,0.0100,0.469659,0.0122
DQN,42,500,45000,291822.50,0.0100,0.450431,0.0151
DQN,123,1,90,219367.50,0.9975,0.000000,0.0019
DQN,123,2,180,255340.00,0.9950,0.000000,0.0007
DQN,123,3,270,253855.00,0.9926,0.000000,0.0009
DQN,123,4,360,251612.50,0.9901,0.000000,0.0004
DQN,123,5,450,278527.50,0.9876,0.000000,0.0004
DQN,123,6,540,256582.50,0.9851,4.956965,0.0062
DQN,123,7,630,208600.00,0.9827,4.158553,0.0148
DQN,123,8,720,189192.50,0.9802,2.713829,0.0140
DQN,123,9,810,239410.00,0.9777,2.491433,0.0131
DQN,123,10,900,233520.00,0.9752,2.346649,0.0139
DQN,123,11,990,170290.00,0.9728,2.147518,0.0119
DQN,123,12,1080,189915.00,0.9703,3.211213,0.0115
DQN,123,13,1170,221040.00,0.9678,1.547381,0.0130
DQN,123,14,1260,218212.50,0.9654,1.311534,0.0131
DQN,123,15,1350,244515.00,0.9629,1.106559,0.0121
DQN,123,16,1440,239302.50,0.9604,0.992813,0.0116
DQN,123,17,1530,213947.50,0.9579,1.750594,0.0130
DQN,123,18,1620,173857.50,0.9555,1.450814,0.0123
DQN,123,19,1710,243790.00,0.9530,1.077066,0.0140
DQN,123,20,1800,208205.00,0.9505,1.009219,0.0142
DQN,123,21,1890,162160.00,0.9480,0.946063,0.0134
DQN,123,22,1980,202995.00,0.9456,0.939713,0.0120
DQN,123,23,2070,240090.00,0.9431,1.863694,0.0137
DQN,123,24,2160,256050.00,0.9406,1.169683,0.0128
DQN,123,25,2250,168942.50,0.9381,1.058986,0.0125
DQN,123,26,2340,227350.00,0.9356,0.982415,0.0164
DQN,123,27,2430,216387.50,0.9332,0.930420,0.0123
DQN,123,28,2520,203920.00,0.9307,1.233257,0.0135
DQN,123,29,2610,177275.00,0.9282,1.200335,0.0119
DQN,123,30,2700,209907.50,0.9257,1.060565,0.0121
DQN,123,31,2790,262927.50,0.9233,0.944861,0.0123
DQN,123,32,2880,191025.00,0.9208,0.909734,0.0139
DQN,123,33,2970,193580.00,0.9183,0.858190,0.0144
DQN,123,34,3060,214260.00,0.9159,1.087490,0.0139
DQN,123,35,3150,256505.00,0.9134,0.853623,0.0131
DQN,123,36,3240,227120.00,0.9109,0.801649,0.0119
DQN,123,37,3330,227385.00,0.9084,0.769323,0.0214
DQN,123,38,3420,224700.00,0.9060,0.739654,0.0121
DQN,123,39,3510,180432.50,0.9035,0.782878,0.0129
DQN,123,40,3600,257397.50,0.9010,0.620655,0.0131
DQN,123,41,3690,258535.00,0.8985,0.564568,0.0148
DQN,123,42,3780,246390.00,0.8961,0.559447,0.0121
DQN,123,43,3870,232662.50,0.8936,0.549539,0.0144
DQN,123,44,3960,241897.50,0.8911,0.573733,0.0120
DQN,123,45,4050,275540.00,0.8886,0.620692,0.0133
DQN,123,46,4140,272480.00,0.8861,0.526380,0.0150
DQN,123,47,4230,243402.50,0.8837,0.525743,0.0222
DQN,123,48,4320,254562.50,0.8812,0.509894,0.0128
DQN,123,49,4410,273637.50,0.8787,0.534099,0.0125
DQN,123,50,4500,241380.00,0.8762,0.514982,0.0127
DQN,123,51,4590,267942.50,0.8738,0.585386,0.0248
DQN,123,52,4680,226982.50,0.8713,0.503693,0.0122
DQN,123,53,4770,248470.00,0.8688,0.513491,0.0126
DQN,123,54,4860,252312.50,0.8663,0.514068,0.0125
DQN,123,55,4950,273952.50,0.8639,0.499862,0.0124
DQN,123,56,5040,268090.00,0.8614,0.533450,0.0136
DQN,123,57,5130,264322.50,0.8589,0.497581,0.0124
DQN,123,58,5220,244827.50,0.8565,0.480049,0.0126
DQN,123,59,5310,203192.50,0.8540,0.482774,0.0128
DQN,123,60,5400,260142.50,0.8515,0.491151,0.0130
DQN,123,61,5490,207720.00,0.8490,0.489648,0.0131
DQN,123,62,5580,232095.00,0.8466,0.551523,0.0129
DQN,123,63,5670,275022.50,0.8441,0.474501,0.0137
DQN,123,64,5760,237070.00,0.8416,0.459573,0.0229
DQN,123,65,5850,283367.50,0.8391,0.479220,0.0131
DQN,123,66,5940,287242.50,0.8367,0.468931,0.0128
DQN,123,67,6030,259525.00,0.8342,0.526940,0.0129
DQN,123,68,6120,185232.50,0.8317,0.492180,0.0144
DQN,123,69,6210,218387.50,0.8292,0.486253,0.0119
DQN,123,70,6300,283115.00,0.8267,0.490636,0.0127
DQN,123,71,6390,273265.00,0.8243,0.486370,0.0131
DQN,123,72,6480,265842.50,0.8218,0.489894,0.0147
DQN,123,73,6570,261300.00,0.8193,0.519190,0.0127
DQN,123,74,6660,226012.50,0.8168,0.495292,0.0128
DQN,123,75,6750,207275.00,0.8144,0.493241,0.0172
DQN,123,76,6840,235987.50,0.8119,0.495590,0.0153
DQN,123,77,6930,264657.50,0.8094,0.488286,0.0125
DQN,123,78,7020,261687.50,0.8070,0.526325,0.0149
DQN,123,79,7110,241212.50,0.8045,0.503450,0.0130
DQN,123,80,7200,234855.00,0.8020,0.513359,0.0130
DQN,123,81,7290,265220.00,0.7995,0.503301,0.0129
DQN,123,82,7380,203050.00,0.7971,0.517917,0.0130
DQN,123,83,7470,259210.00,0.7946,0.523419,0.0151
DQN,123,84,7560,277297.50,0.7921,0.535688,0.0121
DQN,123,85,7650,256265.00,0.7896,0.504171,0.0146
DQN,123,86,7740,221297.50,0.7872,0.488130,0.0126
DQN,123,87,7830,229945.00,0.7847,0.508289,0.0120
DQN,123,88,7920,273187.50,0.7822,0.528377,0.0122
DQN,123,89,8010,257407.50,0.7797,0.521344,0.0124
DQN,123,90,8100,268805.00,0.7772,0.484249,0.0124
DQN,123,91,8190,222610.00,0.7748,0.497334,0.0132
DQN,123,92,8280,257217.50,0.7723,0.498785,0.0164
DQN,123,93,8370,261630.00,0.7698,0.493908,0.0142
DQN,123,94,8460,257877.50,0.7673,0.492624,0.0144
DQN,123,95,8550,278175.00,0.7649,0.529691,0.0164
DQN,123,96,8640,245875.00,0.7624,0.478740,0.0132
DQN,123,97,8730,254442.50,0.7599,0.473336,0.0133
DQN,123,98,8820,244640.00,0.7574,0.491098,0.0146
DQN,123,99,8910,222785.00,0.7550,0.475994,0.0119
DQN,123,100,9000,272972.50,0.7525,0.492297,0.0122
DQN,123,101,9090,221652.50,0.7500,0.506720,0.0154
DQN,123,102,9180,214255.00,0.7475,0.472871,0.0124
DQN,123,103,9270,251045.00,0.7451,0.473353,0.0149
DQN,123,104,9360,217212.50,0.7426,0.479126,0.0124
DQN,123,105,9450,246865.00,0.7401,0.466061,0.0140
DQN,123,106,9540,265590.00,0.7376,0.491331,0.0135
DQN,123,107,9630,226880.00,0.7352,0.461687,0.0123
DQN,123,108,9720,237257.50,0.7327,0.476136,0.0131
DQN,123,109,9810,236235.00,0.7302,0.456809,0.0133
DQN,123,110,9900,252577.50,0.7278,0.453804,0.0153
DQN,123,111,9990,251897.50,0.7253,0.475480,0.0127
DQN,123,112,10080,252077.50,0.7228,0.483554,0.0123
DQN,123,113,10170,282655.00,0.7203,0.469335,0.0125
DQN,123,114,10260,282565.00,0.7179,0.463413,0.0132
DQN,123,115,10350,271325.00,0.7154,0.458581,0.0126
DQN,123,116,10440,276110.00,0.7129,0.467961,0.0125
DQN,123,117,10530,281662.50,0.7104,0.464340,0.0126
DQN,123,118,10620,214780.00,0.7080,0.445950,0.0159
DQN,123,119,10710,274885.00,0.7055,0.445095,0.0126
DQN,123,120,10800,254647.50,0.7030,0.454434,0.0129
DQN,123,121,10890,244925.00,0.7005,0.447010,0.0151
DQN,123,122,10980,277515.00,0.6981,0.451941,0.0121
DQN,123,123,11070,259612.50,0.6956,0.446635,0.0123
DQN,123,124,11160,296030.00,0.6931,0.455323,0.0125
DQN,123,125,11250,277910.00,0.6906,0.466526,0.0208
DQN,123,126,11340,298795.00,0.6882,0.439805,0.0135
DQN,123,127,11430,265175.00,0.6857,0.454710,0.0148
DQN,123,128,11520,235492.50,0.6832,0.467621,0.0137
DQN,123,129,11610,277917.50,0.6807,0.463334,0.0123
DQN,123,130,11700,223332.50,0.6783,0.445763,0.0125
DQN,123,131,11790,244800.00,0.6758,0.460189,0.0126
DQN,123,132,11880,259510.00,0.6733,0.439768,0.0142
DQN,123,133,11970,283845.00,0.6708,0.450006,0.0136
DQN,123,134,12060,260462.50,0.6683,0.482411,0.0125
DQN,123,135,12150,290527.50,0.6659,0.448392,0.0174
DQN,123,136,12240,252245.00,0.6634,0.472958,0.0125
DQN,123,137,12330,285040.00,0.6609,0.451749,0.0129
DQN,123,138,12420,286937.50,0.6584,0.461205,0.0157
DQN,123,139,12510,282942.50,0.6560,0.472750,0.0179
DQN,123,140,12600,277302.50,0.6535,0.429038,0.0119
DQN,123,141,12690,271020.00,0.6510,0.453620,0.0122
DQN,123,142,12780,257502.50,0.6485,0.446475,0.0124
DQN,123,143,12870,283460.00,0.6461,0.458713,0.0125
DQN,123,144,12960,251015.00,0.6436,0.444730,0.0126
DQN,123,145,13050,285980.00,0.6411,0.468256,0.0128
DQN,123,146,13140,265020.00,0.6386,0.449033,0.0126
DQN,123,147,13230,265300.00,0.6362,0.442227,0.0162
DQN,123,148,13320,245765.00,0.6337,0.450078,0.0127
DQN,123,149,13410,279182.50,0.6312,0.448875,0.0129
DQN,123,150,13500,247725.00,0.6288,0.437187,0.0128
DQN,123,151,13590,271055.00,0.6263,0.485535,0.0136
DQN,123,152,13680,274907.50,0.6238,0.467617,0.0231
DQN,123,153,13770,294767.50,0.6213,0.467185,0.0133
DQN,123,154,13860,251455.00,0.6189,0.452013,0.0138
DQN,123,155,13950,272432.50,0.6164,0.448753,0.0132
DQN,123,156,14040,240252.50,0.6139,0.461265,0.0173
DQN,123,157,14130,256972.50,0.6114,0.428802,0.0123
DQN,123,158,14220,281732.50,0.6089,0.441690,0.0125
DQN,123,159,14310,307405.00,0.6065,0.442014,0.0125
DQN,123,160,14400,305852.50,0.6040,0.430491,0.0126
DQN,123,161,14490,261075.00,0.6015,0.436123,0.0158
DQN,123,162,14580,252050.00,0.5990,0.470300,0.0125
DQN,123,163,14670,218022.50,0.5966,0.445122,0.0128
DQN,123,164,14760,270847.50,0.5941,0.441816,0.0141
DQN,123,165,14850,289180.00,0.5916,0.455345,0.0154
DQN,123,166,14940,261140.00,0.5892,0.459460,0.0124
DQN,123,167,15030,248922.50,0.5867,0.460523,0.0124
DQN,123,168,15120,279602.50,0.5842,0.445220,0.0129
DQN,123,169,15210,241370.00,0.5817,0.444086,0.0158
DQN,123,170,15300,295542.50,0.5793,0.461247,0.0130
DQN,123,171,15390,255127.50,0.5768,0.423525,0.0130
DQN,123,172,15480,288620.00,0.5743,0.448329,0.0132
DQN,123,173,15570,264207.50,0.5718,0.457687,0.0131
DQN,123,174,15660,240407.50,0.5694,0.454007,0.0131
DQN,123,175,15750,246877.50,0.5669,0.445870,0.0133
DQN,123,176,15840,294095.00,0.5644,0.441284,0.0132
DQN,123,177,15930,240322.50,0.5619,0.467887,0.0176
DQN,123,178,16020,244530.00,0.5595,0.468324,0.0125
DQN,123,179,16110,241780.00,0.5570,0.470622,0.0136
DQN,123,180,16200,282557.50,0.5545,0.443061,0.0151
DQN,123,181,16290,289232.50,0.5520,0.429688,0.0120
DQN,123,182,16380,253072.50,0.5495,0.427043,0.0122
DQN,123,183,16470,286570.00,0.5471,0.432854,0.0141
DQN,123,184,16560,257987.50,0.5446,0.458739,0.0124
DQN,123,185,16650,289450.00,0.5421,0.436499,0.0126
DQN,123,186,16740,258900.00,0.5396,0.425110,0.0161
DQN,123,187,16830,299865.00,0.5372,0.435135,0.0128
DQN,123,188,16920,282420.00,0.5347,0.428059,0.0125
DQN,123,189,17010,265830.00,0.5322,0.432463,0.0125
DQN,123,190,17100,289100.00,0.5297,0.433743,0.0176
DQN,123,191,17190,278027.50,0.5273,0.429999,0.0174
DQN,123,192,17280,300455.00,0.5248,0.432929,0.0145
DQN,123,193,17370,280820.00,0.5223,0.446401,0.0184
DQN,123,194,17460,274685.00,0.5199,0.436478,0.0136
DQN,123,195,17550,264515.00,0.5174,0.455113,0.0122
DQN,123,196,17640,259830.00,0.5149,0.452335,0.0125
DQN,123,197,17730,276677.50,0.5124,0.449725,0.0126
DQN,123,198,17820,288255.00,0.5100,0.441028,0.0127
DQN,123,199,17910,288447.50,0.5075,0.444795,0.0149
DQN,123,200,18000,261137.50,0.5050,0.435209,0.0156
DQN,123,201,18090,257995.00,0.5025,0.435066,0.0143
DQN,123,202,18180,256140.00,0.5000,0.419055,0.0177
DQN,123,203,18270,280145.00,0.4976,0.439343,0.0128
DQN,123,204,18360,277385.00,0.4951,0.436897,0.0130
DQN,123,205,18450,236567.50,0.4926,0.435920,0.0128
DQN,123,206,18540,253462.50,0.4901,0.442780,0.0130
DQN,123,207,18630,264497.50,0.4877,0.444734,0.0129
DQN,123,208,18720,274630.00,0.4852,0.433550,0.0131
DQN,123,209,18810,255990.00,0.4827,0.431760,0.0133
DQN,123,210,18900,285157.50,0.4802,0.451719,0.0132
DQN,123,211,18990,293882.50,0.4778,0.459114,0.0132
DQN,123,212,19080,265177.50,0.4753,0.462015,0.0188
DQN,123,213,19170,271592.50,0.4728,0.437504,0.0173
DQN,123,214,19260,271770.00,0.4703,0.450397,0.0128
DQN,123,215,19350,286515.00,0.4679,0.447858,0.0147
DQN,123,216,19440,287432.50,0.4654,0.454283,0.0157
DQN,123,217,19530,295005.00,0.4629,0.439080,0.0121
DQN,123,218,19620,240327.50,0.4604,0.423104,0.0123
DQN,123,219,19710,289460.00,0.4580,0.430649,0.0124
DQN,123,220,19800,308482.50,0.4555,0.422983,0.0126
DQN,123,221,19890,284607.50,0.4530,0.434056,0.0128
DQN,123,222,19980,250235.00,0.4506,0.434181,0.0149
DQN,123,223,20070,275265.00,0.4481,0.442511,0.0135
DQN,123,224,20160,255062.50,0.4456,0.456413,0.0123
DQN,123,225,20250,264700.00,0.4431,0.454695,0.0130
DQN,123,226,20340,281820.00,0.4407,0.445141,0.0125
DQN,123,227,20430,266140.00,0.4382,0.448019,0.0129
DQN,123,228,20520,250382.50,0.4357,0.440989,0.0157
DQN,123,229,20610,250715.00,0.4332,0.469285,0.0124
DQN,123,230,20700,302845.00,0.4308,0.437192,0.0158
DQN,123,231,20790,231355.00,0.4283,0.448338,0.0127
DQN,123,232,20880,272320.00,0.4258,0.449412,0.0130
DQN,123,233,20970,290785.00,0.4233,0.446210,0.0130
DQN,123,234,21060,274022.50,0.4209,0.423895,0.0131
DQN,123,235,21150,313422.50,0.4184,0.426233,0.0132
DQN,123,236,21240,290230.00,0.4159,0.428536,0.0132
DQN,123,237,21330,291737.50,0.4134,0.415338,0.0170
DQN,123,238,21420,274722.50,0.4110,0.420415,0.0124
DQN,123,239,21510,307895.00,0.4085,0.425505,0.0130
DQN,123,240,21600,297807.50,0.4060,0.412992,0.0127
DQN,123,241,21690,279505.00,0.4035,0.427749,0.0141
DQN,123,242,21780,291695.00,0.4011,0.409895,0.0140
DQN,123,243,21870,271800.00,0.3986,0.420225,0.0133
DQN,123,244,21960,285762.50,0.3961,0.406546,0.0131
DQN,123,245,22050,290675.00,0.3936,0.409354,0.0132
DQN,123,246,22140,300022.50,0.3911,0.421973,0.0134
DQN,123,247,22230,303915.00,0.3887,0.413020,0.0132
DQN,123,248,22320,263260.00,0.3862,0.413872,0.0133
DQN,123,249,22410,297292.50,0.3837,0.439025,0.0132
DQN,123,250,22500,261032.50,0.3812,0.396495,0.0153
DQN,123,251,22590,297955.00,0.3788,0.422822,0.0155
DQN,123,252,22680,275752.50,0.3763,0.430432,0.0137
DQN,123,253,22770,283962.50,0.3738,0.405347,0.0143
DQN,123,254,22860,296190.00,0.3713,0.424873,0.0129
DQN,123,255,22950,299240.00,0.3689,0.415624,0.0126
DQN,123,256,23040,276695.00,0.3664,0.416191,0.0145
DQN,123,257,23130,285872.50,0.3639,0.435040,0.0127
DQN,123,258,23220,280297.50,0.3614,0.441240,0.0137
DQN,123,259,23310,300455.00,0.3590,0.420240,0.0123
DQN,123,260,23400,313007.50,0.3565,0.416060,0.0141
DQN,123,261,23490,277185.00,0.3540,0.415196,0.0151
DQN,123,262,23580,271380.00,0.3516,0.427918,0.0132
DQN,123,263,23670,286185.00,0.3491,0.418571,0.0137
DQN,123,264,23760,284425.00,0.3466,0.411582,0.0139
DQN,123,265,23850,292087.50,0.3441,0.422545,0.0138
DQN,123,266,23940,300480.00,0.3417,0.438469,0.0123
DQN,123,267,24030,301375.00,0.3392,0.426574,0.0145
DQN,123,268,24120,299110.00,0.3367,0.421350,0.0129
DQN,123,269,24210,290707.50,0.3342,0.412714,0.0132
DQN,123,270,24300,300047.50,0.3317,0.418365,0.0143
DQN,123,271,24390,266427.50,0.3293,0.412478,0.0133
DQN,123,272,24480,272587.50,0.3268,0.428332,0.0134
DQN,123,273,24570,272650.00,0.3243,0.414759,0.0153
DQN,123,274,24660,288270.00,0.3218,0.433482,0.0142
DQN,123,275,24750,296095.00,0.3194,0.415551,0.0140
DQN,123,276,24840,271805.00,0.3169,0.419215,0.0136
DQN,123,277,24930,290357.50,0.3144,0.424547,0.0133
DQN,123,278,25020,285320.00,0.3120,0.414644,0.0134
DQN,123,279,25110,298885.00,0.3095,0.418304,0.0134
DQN,123,280,25200,282547.50,0.3070,0.415426,0.0135
DQN,123,281,25290,281117.50,0.3045,0.404785,0.0204
DQN,123,282,25380,298500.00,0.3021,0.417093,0.0134
DQN,123,283,25470,296155.00,0.2996,0.400193,0.0126
DQN,123,284,25560,305167.50,0.2971,0.418068,0.0130
DQN,123,285,25650,292615.00,0.2946,0.409233,0.0132
DQN,123,286,25740,278095.00,0.2922,0.402506,0.0134
DQN,123,287,25830,287690.00,0.2897,0.424665,0.0154
DQN,123,288,25920,306370.00,0.2872,0.403795,0.0122
DQN,123,289,26010,301367.50,0.2847,0.407223,0.0123
DQN,123,290,26100,295747.50,0.2823,0.409392,0.0125
DQN,123,291,26190,307855.00,0.2798,0.393089,0.0126
DQN,123,292,26280,290357.50,0.2773,0.398913,0.0151
DQN,123,293,26370,295687.50,0.2748,0.393410,0.0128
DQN,123,294,26460,290035.00,0.2723,0.417957,0.0122
DQN,123,295,26550,277045.00,0.2699,0.391320,0.0156
DQN,123,296,26640,271977.50,0.2674,0.384323,0.0144
DQN,123,297,26730,258695.00,0.2649,0.396855,0.0128
DQN,123,298,26820,297997.50,0.2624,0.394843,0.0136
DQN,123,299,26910,289457.50,0.2600,0.388581,0.0142
DQN,123,300,27000,285352.50,0.2575,0.401224,0.0126
DQN,123,301,27090,290380.00,0.2550,0.372081,0.0171
DQN,123,302,27180,290215.00,0.2526,0.382729,0.0163
DQN,123,303,27270,285832.50,0.2501,0.374679,0.0146
DQN,123,304,27360,298200.00,0.2476,0.375230,0.0144
DQN,123,305,27450,276280.00,0.2451,0.379722,0.0141
DQN,123,306,27540,287617.50,0.2427,0.380820,0.0126
DQN,123,307,27630,310030.00,0.2402,0.393279,0.0126
DQN,123,308,27720,302960.00,0.2377,0.409643,0.0127
DQN,123,309,27810,280052.50,0.2352,0.411178,0.0135
DQN,123,310,27900,298930.00,0.2328,0.396087,0.0161
DQN,123,311,27990,289202.50,0.2303,0.408918,0.0135
DQN,123,312,28080,272767.50,0.2278,0.368822,0.0131
DQN,123,313,28170,290582.50,0.2253,0.370314,0.0129
DQN,123,314,28260,296915.00,0.2228,0.360721,0.0164
DQN,123,315,28350,286270.00,0.2204,0.362536,0.0143
DQN,123,316,28440,279430.00,0.2179,0.356904,0.0148
DQN,123,317,28530,291125.00,0.2154,0.372957,0.0127
DQN,123,318,28620,287937.50,0.2129,0.394893,0.0130
DQN,123,319,28710,294532.50,0.2105,0.385577,0.0150
DQN,123,320,28800,300505.00,0.2080,0.389779,0.0121
DQN,123,321,28890,289007.50,0.2055,0.376486,0.0125
DQN,123,322,28980,313040.00,0.2030,0.391801,0.0127
DQN,123,323,29070,272342.50,0.2006,0.373868,0.0129
DQN,123,324,29160,297970.00,0.1981,0.350838,0.0154
DQN,123,325,29250,298047.50,0.1956,0.359147,0.0134
DQN,123,326,29340,315435.00,0.1932,0.352455,0.0151
DQN,123,327,29430,304650.00,0.1907,0.354658,0.0145
DQN,123,328,29520,299795.00,0.1882,0.370852,0.0137
DQN,123,329,29610,291390.00,0.1857,0.370864,0.0137
DQN,123,330,29700,312557.50,0.1833,0.379572,0.0137
DQN,123,331,29790,287655.00,0.1808,0.375627,0.0245
DQN,123,332,29880,303947.50,0.1783,0.384505,0.0151
DQN,123,333,29970,292215.00,0.1758,0.359810,0.0122
DQN,123,334,30060,310360.00,0.1734,0.385350,0.0126
DQN,123,335,30150,297147.50,0.1709,0.390313,0.0126
DQN,123,336,30240,296245.00,0.1684,0.386025,0.0137
DQN,123,337,30330,307577.50,0.1659,0.389535,0.0141
DQN,123,338,30420,300702.50,0.1634,0.389045,0.0168
DQN,123,339,30510,290952.50,0.1610,0.389731,0.0157
DQN,123,340,30600,302022.50,0.1585,0.381086,0.0124
DQN,123,341,30690,309897.50,0.1560,0.391255,0.0129
DQN,123,342,30780,312877.50,0.1536,0.373056,0.0130
DQN,123,343,30870,300502.50,0.1511,0.378675,0.0131
DQN,123,344,30960,289330.00,0.1486,0.373567,0.0252
DQN,123,345,31050,302057.50,0.1461,0.403799,0.0124
DQN,123,346,31140,310025.00,0.1437,0.426370,0.0608
DQN,123,347,31230,309072.50,0.1412,0.417078,0.0167
DQN,123,348,31320,295752.50,0.1387,0.419839,0.0141
DQN,123,349,31410,304895.00,0.1362,0.412427,0.0125
DQN,123,350,31500,268335.00,0.1338,0.416383,0.0128
DQN,123,351,31590,307142.50,0.1313,0.414454,0.0155
DQN,123,352,31680,288952.50,0.1288,0.375414,0.0152
DQN,123,353,31770,315862.50,0.1263,0.404122,0.0137
DQN,123,354,31860,289960.00,0.1239,0.402508,0.0130
DQN,123,355,31950,306197.50,0.1214,0.391685,0.0136
DQN,123,356,32040,298737.50,0.1189,0.399727,0.0124
DQN,123,357,32130,315902.50,0.1164,0.415725,0.0148
DQN,123,358,32220,299130.00,0.1139,0.408214,0.0129
DQN,123,359,32310,289412.50,0.1115,0.400570,0.0154
DQN,123,360,32400,281405.00,0.1090,0.418980,0.0128
DQN,123,361,32490,298572.50,0.1065,0.417348,0.0126
DQN,123,362,32580,316170.00,0.1040,0.412299,0.0127
DQN,123,363,32670,317150.00,0.1016,0.416712,0.0127
DQN,123,364,32760,302560.00,0.0991,0.421483,0.0128
DQN,123,365,32850,289845.00,0.0966,0.420492,0.0128
DQN,123,366,32940,312325.00,0.0941,0.422062,0.0147
DQN,123,367,33030,305710.00,0.0917,0.419214,0.0124
DQN,123,368,33120,296630.00,0.0892,0.410117,0.0129
DQN,123,369,33210,292657.50,0.0867,0.402804,0.0134
DQN,123,370,33300,314802.50,0.0842,0.410377,0.0124
DQN,123,371,33390,305460.00,0.0818,0.411016,0.0138
DQN,123,372,33480,302407.50,0.0793,0.400254,0.0138
DQN,123,373,33570,301735.00,0.0768,0.408250,0.0125
DQN,123,374,33660,303775.00,0.0743,0.421402,0.0130
DQN,123,375,33750,299635.00,0.0719,0.416835,0.0128
DQN,123,376,33840,291537.50,0.0694,0.407330,0.0128
DQN,123,377,33930,295485.00,0.0669,0.422294,0.0128
DQN,123,378,34020,303762.50,0.0645,0.416641,0.0130
DQN,123,379,34110,304487.50,0.0620,0.419058,0.0129
DQN,123,380,34200,308777.50,0.0595,0.419143,0.0155
DQN,123,381,34290,304972.50,0.0570,0.415673,0.0134
DQN,123,382,34380,307160.00,0.0546,0.404939,0.0138
DQN,123,383,34470,296675.00,0.0521,0.420324,0.0128
DQN,123,384,34560,305547.50,0.0496,0.424907,0.0207
DQN,123,385,34650,316585.00,0.0471,0.431477,0.0138
DQN,123,386,34740,300065.00,0.0447,0.433105,0.0131
DQN,123,387,34830,300997.50,0.0422,0.428040,0.0132
DQN,123,388,34920,295177.50,0.0397,0.429405,0.0135
DQN,123,389,35010,284690.00,0.0372,0.424065,0.0133
DQN,123,390,35100,305735.00,0.0348,0.390041,0.0153
DQN,123,391,35190,314272.50,0.0323,0.385743,0.0133
DQN,123,392,35280,314587.50,0.0298,0.384479,0.0125
DQN,123,393,35370,305100.00,0.0273,0.386401,0.0220
DQN,123,394,35460,306777.50,0.0249,0.379791,0.0134
DQN,123,395,35550,297605.00,0.0224,0.392247,0.0125
DQN,123,396,35640,301460.00,0.0199,0.409046,0.0128
DQN,123,397,35730,323315.00,0.0174,0.396182,0.0128
DQN,123,398,35820,309212.50,0.0150,0.408272,0.0129
DQN,123,399,35910,313687.50,0.0125,0.394947,0.0185
DQN,123,400,36000,304802.50,0.0100,0.389102,0.0181
DQN,123,401,36090,305107.50,0.0100,0.408223,0.0158
DQN,123,402,36180,306090.00,0.0100,0.411279,0.0163
DQN,123,403,36270,315060.00,0.0100,0.405744,0.0142
DQN,123,404,36360,308082.50,0.0100,0.398967,0.0129
DQN,123,405,36450,303507.50,0.0100,0.420613,0.0127
DQN,123,406,36540,297085.00,0.0100,0.395970,0.0153
DQN,123,407,36630,306135.00,0.0100,0.390235,0.0124
DQN,123,408,36720,301025.00,0.0100,0.378688,0.0127
DQN,123,409,36810,311732.50,0.0100,0.380856,0.0136
DQN,123,410,36900,295937.50,0.0100,0.388263,0.0135
DQN,123,411,36990,308470.00,0.0100,0.370942,0.0131
DQN,123,412,37080,306625.00,0.0100,0.434042,0.0145
DQN,123,413,37170,303885.00,0.0100,0.413726,0.0177
DQN,123,414,37260,302975.00,0.0100,0.427304,0.0127
DQN,123,415,37350,300577.50,0.0100,0.430022,0.0139
DQN,123,416,37440,309700.00,0.0100,0.432170,0.0138
DQN,123,417,37530,313547.50,0.0100,0.442388,0.0137
DQN,123,418,37620,293885.00,0.0100,0.450955,0.0124
DQN,123,419,37710,296480.00,0.0100,0.460962,0.0132
DQN,123,420,37800,313080.00,0.0100,0.475535,0.0176
DQN,123,421,37890,302160.00,0.0100,0.450996,0.0126
DQN,123,422,37980,291285.00,0.0100,0.466881,0.0134
DQN,123,423,38070,283972.50,0.0100,0.459247,0.0128
DQN,123,424,38160,299757.50,0.0100,0.466259,0.0133
DQN,123,425,38250,309412.50,0.0100,0.463085,0.0133
DQN,123,426,38340,311445.00,0.0100,0.463763,0.0134
DQN,123,427,38430,303522.50,0.0100,0.471325,0.0157
DQN,123,428,38520,317685.00,0.0100,0.457116,0.0156
DQN,123,429,38610,294017.50,0.0100,0.498940,0.0132
DQN,123,430,38700,304295.00,0.0100,0.471556,0.0133
DQN,123,431,38790,302602.50,0.0100,0.467887,0.0169
DQN,123,432,38880,298480.00,0.0100,0.466599,0.0124
DQN,123,433,38970,302237.50,0.0100,0.460584,0.0166
DQN,123,434,39060,300757.50,0.0100,0.435091,0.0201
DQN,123,435,39150,297120.00,0.0100,0.420173,0.0147
DQN,123,436,39240,300167.50,0.0100,0.440180,0.0168
DQN,123,437,39330,300195.00,0.0100,0.438856,0.0127
DQN,123,438,39420,311697.50,0.0100,0.444951,0.0131
DQN,123,439,39510,307802.50,0.0100,0.416755,0.0132
DQN,123,440,39600,298457.50,0.0100,0.418926,0.0132
DQN,123,441,39690,312025.00,0.0100,0.421010,0.0134
DQN,123,442,39780,294837.50,0.0100,0.429660,0.0143
DQN,123,443,39870,305417.50,0.0100,0.439583,0.0166
DQN,123,444,39960,306360.00,0.0100,0.420918,0.0124
DQN,123,445,40050,295812.50,0.0100,0.418900,0.0129
DQN,123,446,40140,313300.00,0.0100,0.402530,0.0132
DQN,123,447,40230,293070.00,0.0100,0.411508,0.0132
DQN,123,448,40320,295727.50,0.0100,0.396140,0.0184
DQN,123,449,40410,299627.50,0.0100,0.383559,0.0145
DQN,123,450,40500,305200.00,0.0100,0.414990,0.0128
DQN,123,451,40590,305070.00,0.0100,0.472703,0.0155
DQN,123,452,40680,294537.50,0.0100,0.466521,0.0146
DQN,123,453,40770,311752.50,0.0100,0.479640,0.0194
DQN,123,454,40860,302155.00,0.0100,0.458724,0.0134
DQN,123,455,40950,314105.00,0.0100,0.463555,0.0133
DQN,123,456,41040,315810.00,0.0100,0.484856,0.0144
DQN,123,457,41130,297290.00,0.0100,0.459597,0.0127
DQN,123,458,41220,314780.00,0.0100,0.465304,0.0154
DQN,123,459,41310,299962.50,0.0100,0.466121,0.0135
DQN,123,460,41400,305972.50,0.0100,0.446529,0.0134
DQN,123,461,41490,303285.00,0.0100,0.442504,0.0152
DQN,123,462,41580,298052.50,0.0100,0.479426,0.0131
DQN,123,463,41670,299620.00,0.0100,0.473552,0.0132
DQN,123,464,41760,302227.50,0.0100,0.474354,0.0135
DQN,123,465,41850,290980.00,0.0100,0.478739,0.0167
DQN,123,466,41940,314682.50,0.0100,0.479592,0.0154
DQN,123,467,42030,308555.00,0.0100,0.469416,0.0151
DQN,123,468,42120,313682.50,0.0100,0.432097,0.0128
DQN,123,469,42210,301690.00,0.0100,0.422510,0.0131
DQN,123,470,42300,310250.00,0.0100,0.426496,0.0153
DQN,123,471,42390,305027.50,0.0100,0.437284,0.0149
DQN,123,472,42480,298530.00,0.0100,0.440991,0.0181
DQN,123,473,42570,296565.00,0.0100,0.455456,0.0129
DQN,123,474,42660,300017.50,0.0100,0.450099,0.0138
DQN,123,475,42750,300690.00,0.0100,0.462460,0.0125
DQN,123,476,42840,307425.00,0.0100,0.462190,0.0131
DQN,123,477,42930,304947.50,0.0100,0.469637,0.0139
DQN,123,478,43020,301175.00,0.0100,0.474876,0.0141
DQN,123,479,43110,294637.50,0.0100,0.511186,0.0208
DQN,123,480,43200,292912.50,0.0100,0.491841,0.0159
DQN,123,481,43290,301322.50,0.0100,0.520988,0.0130
DQN,123,482,43380,290182.50,0.0100,0.500821,0.0194
DQN,123,483,43470,312872.50,0.0100,0.518975,0.0129
DQN,123,484,43560,291542.50,0.0100,0.518731,0.0129
DQN,123,485,43650,287815.00,0.0100,0.536774,0.0132
DQN,123,486,43740,312632.50,0.0100,0.519172,0.0132
DQN,123,487,43830,300072.50,0.0100,0.518269,0.0133
DQN,123,488,43920,290172.50,0.0100,0.513629,0.0134
DQN,123,489,44010,280240.00,0.0100,0.511575,0.0135
DQN,123,490,44100,297320.00,0.0100,0.493256,0.0134
DQN,123,491,44190,295790.00,0.0100,0.490878,0.0134
DQN,123,492,44280,299157.50,0.0100,0.484039,0.0134
DQN,123,493,44370,307925.00,0.0100,0.488687,0.0177
DQN,123,494,44460,297752.50,0.0100,0.492278,0.0129
DQN,123,495,44550,298435.00,0.0100,0.476681,0.0133
DQN,123,496,44640,299900.00,0.0100,0.463751,0.0151
DQN,123,497,44730,298047.50,0.0100,0.480084,0.0234
DQN,123,498,44820,298800.00,0.0100,0.485558,0.0125
DQN,123,499,44910,299870.00,0.0100,0.465740,0.0153
DQN,123,500,45000,301920.00,0.0100,0.473864,0.0125
DQN,456,1,90,231832.50,0.9975,0.000000,0.0019
DQN,456,2,180,245620.00,0.9950,0.000000,0.0012
DQN,456,3,270,287680.00,0.9926,0.000000,0.0010
DQN,456,4,360,186587.50,0.9901,0.000000,0.0010
DQN,456,5,450,216120.00,0.9876,0.000000,0.0020
DQN,456,6,540,226782.50,0.9851,4.689608,0.0071
DQN,456,7,630,215130.00,0.9827,3.672701,0.0154
DQN,456,8,720,248850.00,0.9802,2.322171,0.0128
DQN,456,9,810,272282.50,0.9777,2.217711,0.0124
DQN,456,10,900,229362.50,0.9752,2.208323,0.0122
DQN,456,11,990,222002.50,0.9728,2.143709,0.0154
DQN,456,12,1080,208855.00,0.9703,2.997709,0.0117
DQN,456,13,1170,185985.00,0.9678,1.718399,0.0121
DQN,456,14,1260,238667.50,0.9654,1.679222,0.0123
DQN,456,15,1350,206552.50,0.9629,1.681215,0.0125
DQN,456,16,1440,254762.50,0.9604,1.570366,0.0158
DQN,456,17,1530,259642.50,0.9579,2.192064,0.0193
DQN,456,18,1620,253375.00,0.9555,1.438633,0.0147
DQN,456,19,1710,146767.50,0.9530,1.301333,0.0124
DQN,456,20,1800,235607.50,0.9505,1.227405,0.0129
DQN,456,21,1890,185780.00,0.9480,1.168773,0.0130
DQN,456,22,1980,218345.00,0.9456,1.083133,0.0132
DQN,456,23,2070,242105.00,0.9431,1.741463,0.0131
DQN,456,24,2160,287387.50,0.9406,1.002770,0.0132
DQN,456,25,2250,146582.50,0.9381,0.987365,0.0149
DQN,456,26,2340,225405.00,0.9356,0.941338,0.0169
DQN,456,27,2430,250540.00,0.9332,0.950991,0.0128
DQN,456,28,2520,199007.50,0.9307,1.293121,0.0169
DQN,456,29,2610,217280.00,0.9282,1.081301,0.0132
DQN,456,30,2700,211892.50,0.9257,0.964547,0.0144
DQN,456,31,2790,260377.50,0.9233,0.876407,0.0133
DQN,456,32,2880,148605.00,0.9208,0.853586,0.0134
DQN,456,33,2970,178607.50,0.9183,0.817028,0.0161
DQN,456,34,3060,192042.50,0.9159,1.226209,0.0145
DQN,456,35,3150,225417.50,0.9134,0.968653,0.0127
DQN,456,36,3240,150015.00,0.9109,0.867133,0.0131
DQN,456,37,3330,228712.50,0.9084,0.845701,0.0132
DQN,456,38,3420,190742.50,0.9060,0.808340,0.0204
DQN,456,39,3510,185932.50,0.9035,0.957335,0.0154
DQN,456,40,3600,174535.00,0.9010,1.070891,0.0126
DQN,456,41,3690,236780.00,0.8985,0.888696,0.0128
DQN,456,42,3780,230787.50,0.8961,0.850528,0.0125
DQN,456,43,3870,244810.00,0.8936,0.809591,0.0149
DQN,456,44,3960,215935.00,0.8911,0.796607,0.0190
DQN,456,45,4050,181780.00,0.8886,0.995525,0.0127
DQN,456,46,4140,222117.50,0.8861,0.910093,0.0126
DQN,456,47,4230,247302.50,0.8837,0.901537,0.0144
DQN,456,48,4320,197315.00,0.8812,0.872237,0.0135
DQN,456,49,4410,251767.50,0.8787,0.864795,0.0122
DQN,456,50,4500,256607.50,0.8762,0.841887,0.0125
DQN,456,51,4590,233422.50,0.8738,0.838989,0.0237
DQN,456,52,4680,246345.00,0.8713,0.716347,0.0142
DQN,456,53,4770,233595.00,0.8688,0.693596,0.0128
DQN,456,54,4860,239052.50,0.8663,0.661866,0.0127
DQN,456,55,4950,225057.50,0.8639,0.661032,0.0141
DQN,456,56,5040,265962.50,0.8614,0.685471,0.0126
DQN,456,57,5130,267677.50,0.8589,0.561686,0.0126
DQN,456,58,5220,270457.50,0.8565,0.560539,0.0130
DQN,456,59,5310,250372.50,0.8540,0.530229,0.0135
DQN,456,60,5400,246902.50,0.8515,0.558489,0.0129
DQN,456,61,5490,258652.50,0.8490,0.528125,0.0126
DQN,456,62,5580,255282.50,0.8466,0.569860,0.0127
DQN,456,63,5670,235412.50,0.8441,0.521161,0.0154
DQN,456,64,5760,206492.50,0.8416,0.508486,0.0171
DQN,456,65,5850,273952.50,0.8391,0.512403,0.0126
DQN,456,66,5940,277822.50,0.8367,0.515626,0.0128
DQN,456,67,6030,233532.50,0.8342,0.551812,0.0128
DQN,456,68,6120,224060.00,0.8317,0.509870,0.0129
DQN,456,69,6210,230425.00,0.8292,0.507046,0.0128
DQN,456,70,6300,275360.00,0.8267,0.495093,0.0129
DQN,456,71,6390,242062.50,0.8243,0.504692,0.0151
DQN,456,72,6480,239855.00,0.8218,0.510086,0.0140
DQN,456,73,6570,245390.00,0.8193,0.528970,0.0119
DQN,456,74,6660,263785.00,0.8168,0.487276,0.0121
DQN,456,75,6750,268370.00,0.8144,0.499872,0.0123
DQN,456,76,6840,263552.50,0.8119,0.488734,0.0138
DQN,456,77,6930,252485.00,0.8094,0.490493,0.0123
DQN,456,78,7020,224945.00,0.8070,0.526423,0.0131
DQN,456,79,7110,277490.00,0.8045,0.497738,0.0146
DQN,456,80,7200,282655.00,0.8020,0.501020,0.0133
DQN,456,81,7290,266447.50,0.7995,0.495937,0.0120
DQN,456,82,7380,227677.50,0.7971,0.490659,0.0123
DQN,456,83,7470,259687.50,0.7946,0.502295,0.0135
DQN,456,84,7560,246365.00,0.7921,0.513686,0.0124
DQN,456,85,7650,233565.00,0.7896,0.528365,0.0164
DQN,456,86,7740,284502.50,0.7872,0.507386,0.0180
DQN,456,87,7830,231947.50,0.7847,0.527643,0.0136
DQN,456,88,7920,241362.50,0.7822,0.515719,0.0150
DQN,456,89,8010,251987.50,0.7797,0.519323,0.0190
DQN,456,90,8100,263085.00,0.7772,0.509178,0.0138
DQN,456,91,8190,259022.50,0.7748,0.496362,0.0129
DQN,456,92,8280,245455.00,0.7723,0.492240,0.0132
DQN,456,93,8370,206007.50,0.7698,0.514709,0.0147
DQN,456,94,8460,238170.00,0.7673,0.497962,0.0146
DQN,456,95,8550,259160.00,0.7649,0.528759,0.0118
DQN,456,96,8640,197920.00,0.7624,0.518100,0.0140
DQN,456,97,8730,266172.50,0.7599,0.513224,0.0169
DQN,456,98,8820,309132.50,0.7574,0.502935,0.0167
DQN,456,99,8910,263515.00,0.7550,0.503948,0.0164
DQN,456,100,9000,262407.50,0.7525,0.513525,0.0136
DQN,456,101,9090,259140.00,0.7500,0.557802,0.0165
DQN,456,102,9180,278205.00,0.7475,0.528314,0.0131
DQN,456,103,9270,247950.00,0.7451,0.517229,0.0136
DQN,456,104,9360,253545.00,0.7426,0.499869,0.0130
DQN,456,105,9450,244712.50,0.7401,0.507561,0.0129
DQN,456,106,9540,259445.00,0.7376,0.517858,0.0129
DQN,456,107,9630,297020.00,0.7352,0.502345,0.0125
DQN,456,108,9720,272245.00,0.7327,0.479055,0.0175
DQN,456,109,9810,275200.00,0.7302,0.489133,0.0130
DQN,456,110,9900,270332.50,0.7278,0.493955,0.0123
DQN,456,111,9990,262685.00,0.7253,0.517032,0.0167
DQN,456,112,10080,297502.50,0.7228,0.515489,0.0171
DQN,456,113,10170,303497.50,0.7203,0.499389,0.0129
DQN,456,114,10260,287680.00,0.7179,0.495639,0.0121
DQN,456,115,10350,285680.00,0.7154,0.503470,0.0147
DQN,456,116,10440,233130.00,0.7129,0.502383,0.0119
DQN,456,117,10530,254170.00,0.7104,0.515473,0.0130
DQN,456,118,10620,249097.50,0.7080,0.481155,0.0193
DQN,456,119,10710,245090.00,0.7055,0.514266,0.0178
DQN,456,120,10800,248075.00,0.7030,0.493474,0.0127
DQN,456,121,10890,281845.00,0.7005,0.475305,0.0150
DQN,456,122,10980,260727.50,0.6981,0.484153,0.0133
DQN,456,123,11070,267055.00,0.6956,0.518911,0.0129
DQN,456,124,11160,290887.50,0.6931,0.474894,0.0143
DQN,456,125,11250,267657.50,0.6906,0.476561,0.0124
DQN,456,126,11340,287297.50,0.6882,0.474752,0.0132
DQN,456,127,11430,268055.00,0.6857,0.511457,0.0123
DQN,456,128,11520,286075.00,0.6832,0.527892,0.0184
DQN,456,129,11610,275642.50,0.6807,0.468032,0.0146
DQN,456,130,11700,279782.50,0.6783,0.458049,0.0130
DQN,456,131,11790,247400.00,0.6758,0.465995,0.0132
DQN,456,132,11880,240717.50,0.6733,0.489823,0.0133
DQN,456,133,11970,291282.50,0.6708,0.492578,0.0132
DQN,456,134,12060,264642.50,0.6683,0.526963,0.0135
DQN,456,135,12150,279270.00,0.6659,0.507975,0.0139
DQN,456,136,12240,309330.00,0.6634,0.499417,0.0152
DQN,456,137,12330,285330.00,0.6609,0.497363,0.0123
DQN,456,138,12420,265115.00,0.6584,0.502211,0.0150
DQN,456,139,12510,278855.00,0.6560,0.492671,0.0125
DQN,456,140,12600,255780.00,0.6535,0.506158,0.0137
DQN,456,141,12690,286480.00,0.6510,0.478490,0.0121
DQN,456,142,12780,257177.50,0.6485,0.511939,0.0131
DQN,456,143,12870,265157.50,0.6461,0.496143,0.0130
DQN,456,144,12960,263100.00,0.6436,0.496922,0.0152
DQN,456,145,13050,230822.50,0.6411,0.507317,0.0122
DQN,456,146,13140,288970.00,0.6386,0.495557,0.0132
DQN,456,147,13230,272920.00,0.6362,0.478933,0.0152
DQN,456,148,13320,295990.00,0.6337,0.489937,0.0209
DQN,456,149,13410,234057.50,0.6312,0.480681,0.0127
DQN,456,150,13500,279335.00,0.6288,0.470437,0.0172
DQN,456,151,13590,260232.50,0.6263,0.473962,0.0130
DQN,456,152,13680,254705.00,0.6238,0.472421,0.0185
DQN,456,153,13770,275952.50,0.6213,0.462439,0.0182
DQN,456,154,13860,239957.50,0.6189,0.443990,0.0145
DQN,456,155,13950,277492.50,0.6164,0.464006,0.0144
DQN,456,156,14040,274647.50,0.6139,0.472410,0.0128
DQN,456,157,14130,282842.50,0.6114,0.474793,0.0125
DQN,456,158,14220,298050.00,0.6089,0.478173,0.0154
DQN,456,159,14310,239075.00,0.6065,0.465322,0.0125
DQN,456,160,14400,268040.00,0.6040,0.476867,0.0122
DQN,456,161,14490,264172.50,0.6015,0.490315,0.0124
DQN,456,162,14580,288825.00,0.5990,0.491039,0.0125
DQN,456,163,14670,304297.50,0.5966,0.480305,0.0140
DQN,456,164,14760,274782.50,0.5941,0.461871,0.0132
DQN,456,165,14850,245507.50,0.5916,0.475140,0.0132
DQN,456,166,14940,268897.50,0.5892,0.475854,0.0144
DQN,456,167,15030,262742.50,0.5867,0.482940,0.0125
DQN,456,168,15120,269422.50,0.5842,0.479765,0.0125
DQN,456,169,15210,266757.50,0.5817,0.482638,0.0126
DQN,456,170,15300,249940.00,0.5793,0.476187,0.0167
DQN,456,171,15390,266627.50,0.5768,0.474118,0.0134
DQN,456,172,15480,280460.00,0.5743,0.486454,0.0126
DQN,456,173,15570,241235.00,0.5718,0.493182,0.0143
DQN,456,174,15660,262155.00,0.5694,0.477628,0.0119
DQN,456,175,15750,292632.50,0.5669,0.463630,0.0123
DQN,456,176,15840,297340.00,0.5644,0.464014,0.0135
DQN,456,177,15930,302790.00,0.5619,0.460803,0.0128
DQN,456,178,16020,265057.50,0.5595,0.467873,0.0143
DQN,456,179,16110,278135.00,0.5570,0.497626,0.0124
DQN,456,180,16200,274580.00,0.5545,0.486499,0.0129
DQN,456,181,16290,288587.50,0.5520,0.488766,0.0119
DQN,456,182,16380,302882.50,0.5495,0.478348,0.0131
DQN,456,183,16470,299202.50,0.5471,0.466588,0.0132
DQN,456,184,16560,296630.00,0.5446,0.462889,0.0124
DQN,456,185,16650,284702.50,0.5421,0.449744,0.0152
DQN,456,186,16740,321170.00,0.5396,0.455401,0.0126
DQN,456,187,16830,290740.00,0.5372,0.450383,0.0126
DQN,456,188,16920,289510.00,0.5347,0.454063,0.0144
DQN,456,189,17010,300210.00,0.5322,0.461279,0.0130
DQN,456,190,17100,281130.00,0.5297,0.460033,0.0124
DQN,456,191,17190,288205.00,0.5273,0.477097,0.0129
DQN,456,192,17280,276195.00,0.5248,0.461753,0.0129
DQN,456,193,17370,258742.50,0.5223,0.465321,0.0156
DQN,456,194,17460,310212.50,0.5199,0.469484,0.0143
DQN,456,195,17550,262287.50,0.5174,0.474099,0.0123
DQN,456,196,17640,269817.50,0.5149,0.483661,0.0122
DQN,456,197,17730,282132.50,0.5124,0.486040,0.0150
DQN,456,198,17820,233465.00,0.5100,0.466090,0.0125
DQN,456,199,17910,284645.00,0.5075,0.476636,0.0126
DQN,456,200,18000,274970.00,0.5050,0.473420,0.0126
DQN,456,201,18090,258010.00,0.5025,0.478653,0.0143
DQN,456,202,18180,294017.50,0.5000,0.480710,0.0186
DQN,456,203,18270,310325.00,0.4976,0.464745,0.0136
DQN,456,204,18360,287957.50,0.4951,0.471193,0.0140
DQN,456,205,18450,293845.00,0.4926,0.477214,0.0134
DQN,456,206,18540,280242.50,0.4901,0.474063,0.0136
DQN,456,207,18630,247270.00,0.4877,0.467700,0.0122
DQN,456,208,18720,293080.00,0.4852,0.463035,0.0124
DQN,456,209,18810,254105.00,0.4827,0.468240,0.0135
DQN,456,210,18900,237392.50,0.4802,0.472433,0.0190
DQN,456,211,18990,305917.50,0.4778,0.472978,0.0137
DQN,456,212,19080,293752.50,0.4753,0.467919,0.0126
DQN,456,213,19170,279830.00,0.4728,0.486470,0.0125
DQN,456,214,19260,296127.50,0.4703,0.474420,0.0131
DQN,456,215,19350,304782.50,0.4679,0.463134,0.0143
DQN,456,216,19440,272200.00,0.4654,0.474710,0.0128
DQN,456,217,19530,277305.00,0.4629,0.478134,0.0152
DQN,456,218,19620,288245.00,0.4604,0.477931,0.0124
DQN,456,219,19710,291772.50,0.4580,0.492450,0.0151
DQN,456,220,19800,271637.50,0.4555,0.462417,0.0120
DQN,456,221,19890,279377.50,0.4530,0.485049,0.0123
DQN,456,222,19980,249190.00,0.4506,0.474848,0.0131
DQN,456,223,20070,311665.00,0.4481,0.475925,0.0135
DQN,456,224,20160,281157.50,0.4456,0.477408,0.0143
DQN,456,225,20250,261392.50,0.4431,0.471483,0.0129
DQN,456,226,20340,237552.50,0.4407,0.487179,0.0158
DQN,456,227,20430,305387.50,0.4382,0.485123,0.0132
DQN,456,228,20520,269382.50,0.4357,0.468540,0.0126
DQN,456,229,20610,307837.50,0.4332,0.436385,0.0126
DQN,456,230,20700,280105.00,0.4308,0.442570,0.0126
DQN,456,231,20790,289927.50,0.4283,0.471102,0.0150
DQN,456,232,20880,294867.50,0.4258,0.465795,0.0134
DQN,456,233,20970,285827.50,0.4233,0.444145,0.0152
DQN,456,234,21060,272567.50,0.4209,0.465400,0.0129
DQN,456,235,21150,280330.00,0.4184,0.463928,0.0130
DQN,456,236,21240,297387.50,0.4159,0.440659,0.0145
DQN,456,237,21330,286230.00,0.4134,0.453577,0.0133
DQN,456,238,21420,298980.00,0.4110,0.437920,0.0145
DQN,456,239,21510,285217.50,0.4085,0.451584,0.0161
DQN,456,240,21600,267545.00,0.4060,0.465593,0.0122
DQN,456,241,21690,283597.50,0.4035,0.453042,0.0123
DQN,456,242,21780,296605.00,0.4011,0.468927,0.0126
DQN,456,243,21870,270122.50,0.3986,0.470230,0.0126
DQN,456,244,21960,257832.50,0.3961,0.460288,0.0155
DQN,456,245,22050,303852.50,0.3936,0.467570,0.0147
DQN,456,246,22140,290832.50,0.3911,0.456715,0.0125
DQN,456,247,22230,297680.00,0.3887,0.474423,0.0131
DQN,456,248,22320,287832.50,0.3862,0.467253,0.0133
DQN,456,249,22410,286670.00,0.3837,0.455222,0.0135
DQN,456,250,22500,304835.00,0.3812,0.459683,0.0134
DQN,456,251,22590,283160.00,0.3788,0.507797,0.0163
DQN,456,252,22680,255975.00,0.3763,0.495226,0.0175
DQN,456,253,22770,301662.50,0.3738,0.498384,0.0138
DQN,456,254,22860,276970.00,0.3713,0.485894,0.0126
DQN,456,255,22950,267542.50,0.3689,0.497917,0.0131
DQN,456,256,23040,277267.50,0.3664,0.496212,0.0139
DQN,456,257,23130,282862.50,0.3639,0.479774,0.0156
DQN,456,258,23220,289147.50,0.3614,0.476025,0.0122
DQN,456,259,23310,295960.00,0.3590,0.487540,0.0145
DQN,456,260,23400,270857.50,0.3565,0.483486,0.0149
DQN,456,261,23490,303535.00,0.3540,0.487365,0.0125
DQN,456,262,23580,302855.00,0.3516,0.485646,0.0122
DQN,456,263,23670,299710.00,0.3491,0.469917,0.0125
DQN,456,264,23760,281842.50,0.3466,0.450560,0.0125
DQN,456,265,23850,292137.50,0.3441,0.447870,0.0126
DQN,456,266,23940,296565.00,0.3417,0.463147,0.0126
DQN,456,267,24030,285357.50,0.3392,0.474382,0.0127
DQN,456,268,24120,293542.50,0.3367,0.469739,0.0126
DQN,456,269,24210,304527.50,0.3342,0.488753,0.0127
DQN,456,270,24300,270225.00,0.3317,0.484217,0.0127
DQN,456,271,24390,283730.00,0.3293,0.479367,0.0127
DQN,456,272,24480,306875.00,0.3268,0.473072,0.0127
DQN,456,273,24570,296887.50,0.3243,0.459407,0.0148
DQN,456,274,24660,317502.50,0.3218,0.449598,0.0134
DQN,456,275,24750,309822.50,0.3194,0.458356,0.0148
DQN,456,276,24840,290620.00,0.3169,0.447376,0.0143
DQN,456,277,24930,303947.50,0.3144,0.430244,0.0123
DQN,456,278,25020,292282.50,0.3120,0.449045,0.0129
DQN,456,279,25110,302052.50,0.3095,0.463048,0.0134
DQN,456,280,25200,307545.00,0.3070,0.445349,0.0135
DQN,456,281,25290,307875.00,0.3045,0.455729,0.0135
DQN,456,282,25380,311477.50,0.3021,0.437587,0.0159
DQN,456,283,25470,316755.00,0.2996,0.441558,0.0122
DQN,456,284,25560,288930.00,0.2971,0.446816,0.0124
DQN,456,285,25650,298320.00,0.2946,0.438715,0.0125
DQN,456,286,25740,302015.00,0.2922,0.458731,0.0126
DQN,456,287,25830,313235.00,0.2897,0.464829,0.0128
DQN,456,288,25920,304182.50,0.2872,0.458971,0.0127
DQN,456,289,26010,316167.50,0.2847,0.446830,0.0142
DQN,456,290,26100,295247.50,0.2823,0.458356,0.0129
DQN,456,291,26190,287430.00,0.2798,0.449438,0.0168
DQN,456,292,26280,291400.00,0.2773,0.449176,0.0124
DQN,456,293,26370,303905.00,0.2748,0.459290,0.0138
DQN,456,294,26460,286735.00,0.2723,0.458717,0.0131
DQN,456,295,26550,270080.00,0.2699,0.467660,0.0131
DQN,456,296,26640,299995.00,0.2674,0.462434,0.0134
DQN,456,297,26730,314527.50,0.2649,0.449689,0.0152
DQN,456,298,26820,309422.50,0.2624,0.439883,0.0200
DQN,456,299,26910,302270.00,0.2600,0.467361,0.0138
DQN,456,300,27000,291085.00,0.2575,0.459578,0.0130
DQN,456,301,27090,292990.00,0.2550,0.443768,0.0158
DQN,456,302,27180,304247.50,0.2526,0.445383,0.0200
DQN,456,303,27270,304830.00,0.2501,0.426992,0.0148
DQN,456,304,27360,304775.00,0.2476,0.435831,0.0123
DQN,456,305,27450,302867.50,0.2451,0.446326,0.0126
DQN,456,306,27540,311200.00,0.2427,0.441997,0.0127
DQN,456,307,27630,313702.50,0.2402,0.439207,0.0127
DQN,456,308,27720,323537.50,0.2377,0.428672,0.0127
DQN,456,309,27810,300120.00,0.2352,0.433785,0.0127
DQN,456,310,27900,277680.00,0.2328,0.433967,0.0128
DQN,456,311,27990,313185.00,0.2303,0.445886,0.0127
DQN,456,312,28080,299135.00,0.2278,0.457188,0.0149
DQN,456,313,28170,309960.00,0.2253,0.455250,0.0141
DQN,456,314,28260,280205.00,0.2228,0.449979,0.0154
DQN,456,315,28350,300897.50,0.2204,0.465934,0.0128
DQN,456,316,28440,304585.00,0.2179,0.458338,0.0137
DQN,456,317,28530,320765.00,0.2154,0.452243,0.0178
DQN,456,318,28620,308087.50,0.2129,0.458155,0.0134
DQN,456,319,28710,296562.50,0.2105,0.458635,0.0166
DQN,456,320,28800,310365.00,0.2080,0.451970,0.0150
DQN,456,321,28890,295885.00,0.2055,0.440926,0.0134
DQN,456,322,28980,303410.00,0.2030,0.451586,0.0136
DQN,456,323,29070,313735.00,0.2006,0.445549,0.0123
DQN,456,324,29160,312925.00,0.1981,0.442107,0.0125
DQN,456,325,29250,309035.00,0.1956,0.455925,0.0147
DQN,456,326,29340,294372.50,0.1932,0.447980,0.0124
DQN,456,327,29430,308670.00,0.1907,0.450662,0.0129
DQN,456,328,29520,297555.00,0.1882,0.461709,0.0131
DQN,456,329,29610,317995.00,0.1857,0.472093,0.0131
DQN,456,330,29700,314482.50,0.1833,0.449982,0.0134
DQN,456,331,29790,298802.50,0.1808,0.463730,0.0152
DQN,456,332,29880,305472.50,0.1783,0.451139,0.0132
DQN,456,333,29970,294685.00,0.1758,0.463793,0.0131
DQN,456,334,30060,303507.50,0.1734,0.469619,0.0132
DQN,456,335,30150,303497.50,0.1709,0.462574,0.0147
DQN,456,336,30240,303062.50,0.1684,0.479310,0.0150
DQN,456,337,30330,319015.00,0.1659,0.480006,0.0127
DQN,456,338,30420,317572.50,0.1634,0.476441,0.0133
DQN,456,339,30510,314840.00,0.1610,0.463514,0.0134
DQN,456,340,30600,304650.00,0.1585,0.471250,0.0135
DQN,456,341,30690,317340.00,0.1560,0.450357,0.0144
DQN,456,342,30780,299667.50,0.1536,0.461616,0.0160
DQN,456,343,30870,305452.50,0.1511,0.453824,0.0131
DQN,456,344,30960,305352.50,0.1486,0.439659,0.0129
DQN,456,345,31050,284867.50,0.1461,0.474589,0.0130
DQN,456,346,31140,303250.00,0.1437,0.487198,0.0131
DQN,456,347,31230,302760.00,0.1412,0.486895,0.0132
DQN,456,348,31320,296160.00,0.1387,0.489751,0.0132
DQN,456,349,31410,316620.00,0.1362,0.483488,0.0133
DQN,456,350,31500,313642.50,0.1338,0.465661,0.0156
DQN,456,351,31590,303610.00,0.1313,0.481654,0.0142
DQN,456,352,31680,314267.50,0.1288,0.516162,0.0169
DQN,456,353,31770,308025.00,0.1263,0.501791,0.0185
DQN,456,354,31860,290085.00,0.1239,0.486688,0.0138
DQN,456,355,31950,300682.50,0.1214,0.476632,0.0134
DQN,456,356,32040,303555.00,0.1189,0.485794,0.0218
DQN,456,357,32130,315215.00,0.1164,0.509455,0.0138
DQN,456,358,32220,300177.50,0.1139,0.518848,0.0138
DQN,456,359,32310,305465.00,0.1115,0.517378,0.0138
DQN,456,360,32400,289455.00,0.1090,0.505093,0.0128
DQN,456,361,32490,309452.50,0.1065,0.527938,0.0138
DQN,456,362,32580,292545.00,0.1040,0.518764,0.0147
DQN,456,363,32670,311770.00,0.1016,0.508628,0.0164
DQN,456,364,32760,289532.50,0.0991,0.495664,0.0121
DQN,456,365,32850,300952.50,0.0966,0.488171,0.0122
DQN,456,366,32940,303917.50,0.0941,0.494877,0.0125
DQN,456,367,33030,320207.50,0.0917,0.487785,0.0126
DQN,456,368,33120,312555.00,0.0892,0.460029,0.0127
DQN,456,369,33210,315772.50,0.0867,0.468592,0.0127
DQN,456,370,33300,309052.50,0.0842,0.466084,0.0141
DQN,456,371,33390,313972.50,0.0818,0.469479,0.0131
DQN,456,372,33480,322850.00,0.0793,0.461896,0.0170
DQN,456,373,33570,294237.50,0.0768,0.505468,0.0123
DQN,456,374,33660,314427.50,0.0743,0.513598,0.0128
DQN,456,375,33750,319592.50,0.0719,0.513311,0.0131
DQN,456,376,33840,285607.50,0.0694,0.512278,0.0130
DQN,456,377,33930,307925.00,0.0669,0.509511,0.0132
DQN,456,378,34020,298832.50,0.0645,0.491683,0.0133
DQN,456,379,34110,313670.00,0.0620,0.495806,0.0133
DQN,456,380,34200,298985.00,0.0595,0.509991,0.0132
DQN,456,381,34290,302782.50,0.0570,0.517516,0.0133
DQN,456,382,34380,298155.00,0.0546,0.494419,0.0133
DQN,456,383,34470,315345.00,0.0521,0.507573,0.0133
DQN,456,384,34560,306155.00,0.0496,0.502720,0.0132
DQN,456,385,34650,308872.50,0.0471,0.504406,0.0134
DQN,456,386,34740,295740.00,0.0447,0.508390,0.0132
DQN,456,387,34830,309780.00,0.0422,0.494654,0.0148
DQN,456,388,34920,316170.00,0.0397,0.491948,0.0129
DQN,456,389,35010,312950.00,0.0372,0.501774,0.0142
DQN,456,390,35100,307827.50,0.0348,0.529819,0.0160
DQN,456,391,35190,303520.00,0.0323,0.516806,0.0127
DQN,456,392,35280,306947.50,0.0298,0.522102,0.0132
DQN,456,393,35370,320370.00,0.0273,0.527889,0.0122
DQN,456,394,35460,298317.50,0.0249,0.521764,0.0124
DQN,456,395,35550,309630.00,0.0224,0.532801,0.0126
DQN,456,396,35640,311370.00,0.0199,0.532133,0.0127
DQN,456,397,35730,303452.50,0.0174,0.491171,0.0128
DQN,456,398,35820,311635.00,0.0150,0.495437,0.0127
DQN,456,399,35910,305510.00,0.0125,0.498839,0.0128
DQN,456,400,36000,311217.50,0.0100,0.519009,0.0128
DQN,456,401,36090,304695.00,0.0100,0.502908,0.0206
DQN,456,402,36180,318355.00,0.0100,0.486248,0.0138
DQN,456,403,36270,300400.00,0.0100,0.499542,0.0142
DQN,456,404,36360,308682.50,0.0100,0.496640,0.0132
DQN,456,405,36450,296132.50,0.0100,0.488869,0.0134
DQN,456,406,36540,307427.50,0.0100,0.490623,0.0125
DQN,456,407,36630,326257.50,0.0100,0.510628,0.0149
DQN,456,408,36720,315927.50,0.0100,0.501026,0.0154
DQN,456,409,36810,309172.50,0.0100,0.479099,0.0133
DQN,456,410,36900,310002.50,0.0100,0.509878,0.0128
DQN,456,411,36990,326712.50,0.0100,0.494958,0.0131
DQN,456,412,37080,306982.50,0.0100,0.496433,0.0131
DQN,456,413,37170,311710.00,0.0100,0.476002,0.0130
DQN,456,414,37260,302765.00,0.0100,0.475016,0.0162
DQN,456,415,37350,316037.50,0.0100,0.505977,0.0121
DQN,456,416,37440,312060.00,0.0100,0.501622,0.0125
DQN,456,417,37530,304155.00,0.0100,0.480750,0.0126
DQN,456,418,37620,300262.50,0.0100,0.490142,0.0126
DQN,456,419,37710,324100.00,0.0100,0.464173,0.0155
DQN,456,420,37800,315432.50,0.0100,0.492544,0.0128
DQN,456,421,37890,308767.50,0.0100,0.489651,0.0132
DQN,456,422,37980,288455.00,0.0100,0.469228,0.0147
DQN,456,423,38070,307990.00,0.0100,0.464744,0.0160
DQN,456,424,38160,312865.00,0.0100,0.458803,0.0124
DQN,456,425,38250,309397.50,0.0100,0.461501,0.0149
DQN,456,426,38340,309537.50,0.0100,0.448259,0.0128
DQN,456,427,38430,311280.00,0.0100,0.445811,0.0131
DQN,456,428,38520,312652.50,0.0100,0.462393,0.0135
DQN,456,429,38610,316482.50,0.0100,0.441108,0.0136
DQN,456,430,38700,307407.50,0.0100,0.440255,0.0174
DQN,456,431,38790,305987.50,0.0100,0.449444,0.0125
DQN,456,432,38880,284827.50,0.0100,0.444190,0.0172
DQN,456,433,38970,313040.00,0.0100,0.446461,0.0135
DQN,456,434,39060,310735.00,0.0100,0.444188,0.0131
DQN,456,435,39150,289715.00,0.0100,0.455231,0.0141
DQN,456,436,39240,294850.00,0.0100,0.455290,0.0132
DQN,456,437,39330,311427.50,0.0100,0.440246,0.0151
DQN,456,438,39420,306315.00,0.0100,0.440450,0.0149
DQN,456,439,39510,305262.50,0.0100,0.446118,0.0128
DQN,456,440,39600,304615.00,0.0100,0.473489,0.0148
DQN,456,441,39690,314270.00,0.0100,0.451653,0.0150
DQN,456,442,39780,325830.00,0.0100,0.468590,0.0129
DQN,456,443,39870,305682.50,0.0100,0.465063,0.0132
DQN,456,444,39960,303265.00,0.0100,0.461537,0.0132
DQN,456,445,40050,305830.00,0.0100,0.465021,0.0133
DQN,456,446,40140,310950.00,0.0100,0.491550,0.0134
DQN,456,447,40230,307315.00,0.0100,0.475767,0.0132
DQN,456,448,40320,323645.00,0.0100,0.483485,0.0133
DQN,456,449,40410,304947.50,0.0100,0.488350,0.0133
DQN,456,450,40500,304160.00,0.0100,0.481004,0.0180
DQN,456,451,40590,312077.50,0.0100,0.487404,0.0181
DQN,456,452,40680,312882.50,0.0100,0.488441,0.0767
DQN,456,453,40770,306172.50,0.0100,0.499340,0.0140
DQN,456,454,40860,316082.50,0.0100,0.500220,0.0127
DQN,456,455,40950,320447.50,0.0100,0.487093,0.0125
DQN,456,456,41040,315915.00,0.0100,0.478274,0.0127
DQN,456,457,41130,314977.50,0.0100,0.455377,0.0143
DQN,456,458,41220,309575.00,0.0100,0.463371,0.0138
DQN,456,459,41310,298867.50,0.0100,0.456754,0.0126
DQN,456,460,41400,315237.50,0.0100,0.455958,0.0125
DQN,456,461,41490,309887.50,0.0100,0.467320,0.0126
DQN,456,462,41580,302565.00,0.0100,0.510025,0.0136
DQN,456,463,41670,305502.50,0.0100,0.524035,0.0135
DQN,456,464,41760,304935.00,0.0100,0.536316,0.0123
DQN,456,465,41850,302127.50,0.0100,0.520964,0.0125
DQN,456,466,41940,300272.50,0.0100,0.522929,0.0128
DQN,456,467,42030,301560.00,0.0100,0.504458,0.0128
DQN,456,468,42120,306485.00,0.0100,0.501947,0.0162
DQN,456,469,42210,308372.50,0.0100,0.505177,0.0151
DQN,456,470,42300,307585.00,0.0100,0.504973,0.0126
DQN,456,471,42390,307425.00,0.0100,0.506075,0.0142
DQN,456,472,42480,308862.50,0.0100,0.496356,0.0129
DQN,456,473,42570,303605.00,0.0100,0.503287,0.0123
DQN,456,474,42660,312717.50,0.0100,0.506508,0.0126
DQN,456,475,42750,293485.00,0.0100,0.511218,0.0138
DQN,456,476,42840,311912.50,0.0100,0.492381,0.0128
DQN,456,477,42930,298335.00,0.0100,0.509119,0.0130
DQN,456,478,43020,313595.00,0.0100,0.496872,0.0131
DQN,456,479,43110,299257.50,0.0100,0.487119,0.0171
DQN,456,480,43200,317887.50,0.0100,0.489861,0.0123
DQN,456,481,43290,309140.00,0.0100,0.501980,0.0127
DQN,456,482,43380,310335.00,0.0100,0.505029,0.0130
DQN,456,483,43470,305850.00,0.0100,0.497293,0.0135
DQN,456,484,43560,305575.00,0.0100,0.480040,0.0154
DQN,456,485,43650,314895.00,0.0100,0.470922,0.0123
DQN,456,486,43740,306550.00,0.0100,0.458404,0.0131
DQN,456,487,43830,297385.00,0.0100,0.451174,0.0123
DQN,456,488,43920,302840.00,0.0100,0.482552,0.0126
DQN,456,489,44010,313300.00,0.0100,0.455974,0.0127
DQN,456,490,44100,313430.00,0.0100,0.483018,0.0148
DQN,456,491,44190,302865.00,0.0100,0.478716,0.0146
DQN,456,492,44280,306397.50,0.0100,0.488291,0.0128
DQN,456,493,44370,302820.00,0.0100,0.489191,0.0125
DQN,456,494,44460,307335.00,0.0100,0.495930,0.0127
DQN,456,495,44550,305102.50,0.0100,0.488574,0.0136
DQN,456,496,44640,296710.00,0.0100,0.513523,0.0141
DQN,456,497,44730,291217.50,0.0100,0.506648,0.0168
DQN,456,498,44820,304285.00,0.0100,0.511113,0.0128
DQN,456,499,44910,303322.50,0.0100,0.511440,0.0123
DQN,456,500,45000,309895.00,0.0100,0.503093,0.0126
DQN,789,1,90,243810.00,0.9975,0.000000,0.0007
DQN,789,2,180,225155.00,0.9950,0.000000,0.0004
DQN,789,3,270,209890.00,0.9926,0.000000,0.0004
DQN,789,4,360,204415.00,0.9901,0.000000,0.0008
DQN,789,5,450,276367.50,0.9876,0.000000,0.0008
DQN,789,6,540,242400.00,0.9851,5.057045,0.0066
DQN,789,7,630,223695.00,0.9827,4.106438,0.0142
DQN,789,8,720,242122.50,0.9802,2.678119,0.0131
DQN,789,9,810,245480.00,0.9777,2.305507,0.0128
DQN,789,10,900,252372.50,0.9752,2.089763,0.0126
DQN,789,11,990,203547.50,0.9728,1.835028,0.0124
DQN,789,12,1080,202042.50,0.9703,3.463994,0.0175
DQN,789,13,1170,205067.50,0.9678,1.723282,0.0123
DQN,789,14,1260,226970.00,0.9654,1.342747,0.0149
DQN,789,15,1350,205820.00,0.9629,1.166027,0.0123
DQN,789,16,1440,250040.00,0.9604,1.089442,0.0123
DQN,789,17,1530,236972.50,0.9579,2.031622,0.0118
DQN,789,18,1620,243212.50,0.9555,1.547407,0.0133
DQN,789,19,1710,191950.00,0.9530,1.277592,0.0120
DQN,789,20,1800,242112.50,0.9505,1.141677,0.0130
DQN,789,21,1890,253025.00,0.9480,1.120612,0.0144
DQN,789,22,1980,187007.50,0.9456,1.055624,0.0135
DQN,789,23,2070,208885.00,0.9431,2.040534,0.0122
DQN,789,24,2160,190457.50,0.9406,1.321594,0.0156
DQN,789,25,2250,221177.50,0.9381,1.246714,0.0142
DQN,789,26,2340,215380.00,0.9356,1.142760,0.0143
DQN,789,27,2430,172785.00,0.9332,1.061889,0.0117
DQN,789,28,2520,262805.00,0.9307,1.362727,0.0133
DQN,789,29,2610,221892.50,0.9282,1.426154,0.0130
DQN,789,30,2700,243112.50,0.9257,1.269706,0.0119
DQN,789,31,2790,227727.50,0.9233,1.219583,0.0126
DQN,789,32,2880,233805.00,0.9208,1.157515,0.0127
DQN,789,33,2970,220455.00,0.9183,1.149522,0.0128
DQN,789,34,3060,233510.00,0.9159,1.317553,0.0123
DQN,789,35,3150,225120.00,0.9134,1.096418,0.0123
DQN,789,36,3240,246692.50,0.9109,1.020669,0.0119
DQN,789,37,3330,220685.00,0.9084,1.017986,0.0122
DQN,789,38,3420,205165.00,0.9060,0.958103,0.0131
DQN,789,39,3510,232495.00,0.9035,1.033560,0.0148
DQN,789,40,3600,275695.00,0.9010,0.787030,0.0123
DQN,789,41,3690,271250.00,0.8985,0.694597,0.0155
DQN,789,42,3780,267422.50,0.8961,0.685721,0.0120
DQN,789,43,3870,248820.00,0.8936,0.681887,0.0127
DQN,789,44,3960,178632.50,0.8911,0.699131,0.0128
DQN,789,45,4050,271587.50,0.8886,0.763115,0.0145
DQN,789,46,4140,222925.00,0.8861,0.610467,0.0123
DQN,789,47,4230,236905.00,0.8837,0.617147,0.0133
DQN,789,48,4320,230872.50,0.8812,0.595628,0.0165
DQN,789,49,4410,287167.50,0.8787,0.601644,0.0117
DQN,789,50,4500,240460.00,0.8762,0.611502,0.0119
DQN,789,51,4590,251542.50,0.8738,0.624364,0.0122
DQN,789,52,4680,293545.00,0.8713,0.547212,0.0151
DQN,789,53,4770,211842.50,0.8688,0.541099,0.0138
DQN,789,54,4860,230840.00,0.8663,0.544314,0.0130
DQN,789,55,4950,206892.50,0.8639,0.514054,0.0134
DQN,789,56,5040,232657.50,0.8614,0.611711,0.0133
DQN,789,57,5130,242492.50,0.8589,0.538834,0.0121
DQN,789,58,5220,263750.00,0.8565,0.527099,0.0123
DQN,789,59,5310,281332.50,0.8540,0.502392,0.0122
DQN,789,60,5400,213165.00,0.8515,0.516264,0.0163
DQN,789,61,5490,265385.00,0.8490,0.520985,0.0121
DQN,789,62,5580,257675.00,0.8466,0.577298,0.0142
DQN,789,63,5670,290992.50,0.8441,0.536177,0.0154
DQN,789,64,5760,298397.50,0.8416,0.538179,0.0133
DQN,789,65,5850,250267.50,0.8391,0.538033,0.0118
DQN,789,66,5940,266147.50,0.8367,0.526421,0.0127
DQN,789,67,6030,241985.00,0.8342,0.561768,0.0139
DQN,789,68,6120,255180.00,0.8317,0.541856,0.0130
DQN,789,69,6210,274240.00,0.8292,0.536029,0.0135
DQN,789,70,6300,252887.50,0.8267,0.531888,0.0144
DQN,789,71,6390,266937.50,0.8243,0.529579,0.0120
DQN,789,72,6480,223530.00,0.8218,0.539059,0.0124
DQN,789,73,6570,244925.00,0.8193,0.541625,0.0131
DQN,789,74,6660,229857.50,0.8168,0.513973,0.0132
DQN,789,75,6750,182827.50,0.8144,0.524787,0.0133
DQN,789,76,6840,267932.50,0.8119,0.513159,0.0143
DQN,789,77,6930,301330.00,0.8094,0.518144,0.0134
DQN,789,78,7020,262157.50,0.8070,0.539151,0.0143
DQN,789,79,7110,276827.50,0.8045,0.509776,0.0133
DQN,789,80,7200,287622.50,0.8020,0.528974,0.0133
DQN,789,81,7290,276290.00,0.7995,0.542088,0.0151
DQN,789,82,7380,226142.50,0.7971,0.519233,0.0122
DQN,789,83,7470,261775.00,0.7946,0.523585,0.0127
DQN,789,84,7560,251335.00,0.7921,0.550618,0.0127
DQN,789,85,7650,266022.50,0.7896,0.496518,0.0127
DQN,789,86,7740,290342.50,0.7872,0.517623,0.0127
DQN,789,87,7830,250125.00,0.7847,0.499425,0.0146
DQN,789,88,7920,252855.00,0.7822,0.519116,0.0121
DQN,789,89,8010,238040.00,0.7797,0.552199,0.0125
DQN,789,90,8100,291247.50,0.7772,0.526447,0.0127
DQN,789,91,8190,179862.50,0.7748,0.523593,0.0146
DQN,789,92,8280,230795.00,0.7723,0.510269,0.0123
DQN,789,93,8370,266557.50,0.7698,0.513372,0.0146
DQN,789,94,8460,256412.50,0.7673,0.503222,0.0122
DQN,789,95,8550,231187.50,0.7649,0.527484,0.0127
DQN,789,96,8640,271672.50,0.7624,0.514637,0.0132
DQN,789,97,8730,253092.50,0.7599,0.513740,0.0146
DQN,789,98,8820,268677.50,0.7574,0.514088,0.0123
DQN,789,99,8910,252082.50,0.7550,0.503264,0.0145
DQN,789,100,9000,248520.00,0.7525,0.504048,0.0146
DQN,789,101,9090,259767.50,0.7500,0.525972,0.0140
DQN,789,102,9180,259557.50,0.7475,0.502315,0.0144
DQN,789,103,9270,288392.50,0.7451,0.495725,0.0134
DQN,789,104,9360,226525.00,0.7426,0.505916,0.0133
DQN,789,105,9450,275067.50,0.7401,0.490938,0.0124
DQN,789,106,9540,267817.50,0.7376,0.521978,0.0119
DQN,789,107,9630,248850.00,0.7352,0.505080,0.0122
DQN,789,108,9720,216002.50,0.7327,0.509617,0.0124
DQN,789,109,9810,257127.50,0.7302,0.519806,0.0123
DQN,789,110,9900,258030.00,0.7278,0.511967,0.0124
DQN,789,111,9990,237685.00,0.7253,0.496785,0.0154
DQN,789,112,10080,236472.50,0.7228,0.546255,0.0127
DQN,789,113,10170,250345.00,0.7203,0.526771,0.0123
DQN,789,114,10260,247975.00,0.7179,0.514289,0.0166
DQN,789,115,10350,248060.00,0.7154,0.506409,0.0127
DQN,789,116,10440,288417.50,0.7129,0.499998,0.0143
DQN,789,117,10530,291812.50,0.7104,0.531014,0.0120
DQN,789,118,10620,230065.00,0.7080,0.541004,0.0127
DQN,789,119,10710,268617.50,0.7055,0.509904,0.0131
DQN,789,120,10800,283697.50,0.7030,0.506673,0.0132
DQN,789,121,10890,217055.00,0.7005,0.532207,0.0132
DQN,789,122,10980,268357.50,0.6981,0.496039,0.0137
DQN,789,123,11070,251352.50,0.6956,0.557848,0.0134
DQN,789,124,11160,253487.50,0.6931,0.520993,0.0133
DQN,789,125,11250,287792.50,0.6906,0.503361,0.0133
DQN,789,126,11340,267560.00,0.6882,0.517023,0.0133
DQN,789,127,11430,260380.00,0.6857,0.520111,0.0142
DQN,789,128,11520,251160.00,0.6832,0.531329,0.0135
DQN,789,129,11610,303030.00,0.6807,0.500378,0.0134
DQN,789,130,11700,278742.50,0.6783,0.508665,0.0134
DQN,789,131,11790,240100.00,0.6758,0.506525,0.0156
DQN,789,132,11880,281530.00,0.6733,0.497521,0.0121
DQN,789,133,11970,289045.00,0.6708,0.487657,0.0124
DQN,789,134,12060,272927.50,0.6683,0.515481,0.0128
DQN,789,135,12150,283052.50,0.6659,0.501714,0.0147
DQN,789,136,12240,253565.00,0.6634,0.517916,0.0120
DQN,789,137,12330,280047.50,0.6609,0.510335,0.0129
DQN,789,138,12420,260760.00,0.6584,0.505461,0.0139
DQN,789,139,12510,272710.00,0.6560,0.531456,0.0133
DQN,789,140,12600,271527.50,0.6535,0.512265,0.0134
DQN,789,141,12690,248185.00,0.6510,0.492682,0.0133
DQN,789,142,12780,270897.50,0.6485,0.468774,0.0156
DQN,789,143,12870,304325.00,0.6461,0.487304,0.0207
DQN,789,144,12960,262245.00,0.6436,0.482108,0.0121
DQN,789,145,13050,267897.50,0.6411,0.529090,0.0152
DQN,789,146,13140,262070.00,0.6386,0.540181,0.0149
DQN,789,147,13230,284982.50,0.6362,0.511996,0.0119
DQN,789,148,13320,279757.50,0.6337,0.515452,0.0145
DQN,789,149,13410,262835.00,0.6312,0.515971,0.0122
DQN,789,150,13500,265617.50,0.6288,0.510326,0.0126
DQN,789,151,13590,242597.50,0.6263,0.497507,0.0130
DQN,789,152,13680,274950.00,0.6238,0.483815,0.0177
DQN,789,153,13770,267960.00,0.6213,0.494632,0.0133
DQN,789,154,13860,282085.00,0.6189,0.503008,0.0121
DQN,789,155,13950,274550.00,0.6164,0.491158,0.0121
DQN,789,156,14040,241755.00,0.6139,0.529420,0.0127
DQN,789,157,14130,297452.50,0.6114,0.512203,0.0124
DQN,789,158,14220,240885.00,0.6089,0.506411,0.0123
DQN,789,159,14310,288265.00,0.6065,0.526633,0.0124
DQN,789,160,14400,253397.50,0.6040,0.523831,0.0143
DQN,789,161,14490,308517.50,0.6015,0.515248,0.0175
DQN,789,162,14580,277865.00,0.5990,0.516003,0.0138
DQN,789,163,14670,290610.00,0.5966,0.509822,0.0126
DQN,789,164,14760,303110.00,0.5941,0.501083,0.0149
DQN,789,165,14850,273810.00,0.5916,0.504587,0.0138
DQN,789,166,14940,272785.00,0.5892,0.502215,0.0133
DQN,789,167,15030,282210.00,0.5867,0.517988,0.0122
DQN,789,168,15120,313305.00,0.5842,0.504113,0.0130
DQN,789,169,15210,295155.00,0.5817,0.506376,0.0132
DQN,789,170,15300,243917.50,0.5793,0.512985,0.0135
DQN,789,171,15390,267835.00,0.5768,0.507545,0.0142
DQN,789,172,15480,250845.00,0.5743,0.510306,0.0127
DQN,789,173,15570,268305.00,0.5718,0.516874,0.0131
DQN,789,174,15660,264327.50,0.5694,0.507061,0.0128
DQN,789,175,15750,306035.00,0.5669,0.516847,0.0139
DQN,789,176,15840,268457.50,0.5644,0.480818,0.0152
DQN,789,177,15930,280657.50,0.5619,0.522420,0.0127
DQN,789,178,16020,279322.50,0.5595,0.526898,0.0128
DQN,789,179,16110,262067.50,0.5570,0.485303,0.0129
DQN,789,180,16200,288402.50,0.5545,0.505766,0.0129
DQN,789,181,16290,294637.50,0.5520,0.489485,0.0182
DQN,789,182,16380,274287.50,0.5495,0.499428,0.0126
DQN,789,183,16470,304372.50,0.5471,0.499241,0.0133
DQN,789,184,16560,297765.00,0.5446,0.496715,0.0136
DQN,789,185,16650,288715.00,0.5421,0.509359,0.0141
DQN,789,186,16740,292060.00,0.5396,0.481781,0.0124
DQN,789,187,16830,292685.00,0.5372,0.501128,0.0152
DQN,789,188,16920,289450.00,0.5347,0.482210,0.0130
DQN,789,189,17010,254685.00,0.5322,0.492042,0.0130
DQN,789,190,17100,272255.00,0.5297,0.502939,0.0130
DQN,789,191,17190,283472.50,0.5273,0.496357,0.0130
DQN,789,192,17280,275010.00,0.5248,0.507556,0.0148
DQN,789,193,17370,274987.50,0.5223,0.511689,0.0123
DQN,789,194,17460,280927.50,0.5199,0.497338,0.0136
DQN,789,195,17550,287400.00,0.5174,0.511564,0.0123
DQN,789,196,17640,268240.00,0.5149,0.493102,0.0138
DQN,789,197,17730,280207.50,0.5124,0.514211,0.0138
DQN,789,198,17820,297477.50,0.5100,0.495825,0.0155
DQN,789,199,17910,281987.50,0.5075,0.491182,0.0124
DQN,789,200,18000,293512.50,0.5050,0.501710,0.0126
DQN,789,201,18090,242625.00,0.5025,0.497576,0.0160
DQN,789,202,18180,279197.50,0.5000,0.477840,0.0150
DQN,789,203,18270,280092.50,0.4976,0.470142,0.0128
DQN,789,204,18360,288625.00,0.4951,0.480493,0.0132
DQN,789,205,18450,322800.00,0.4926,0.475708,0.0134
DQN,789,206,18540,256595.00,0.4901,0.474684,0.0142
DQN,789,207,18630,300292.50,0.4877,0.458450,0.0119
DQN,789,208,18720,306385.00,0.4852,0.468388,0.0122
DQN,789,209,18810,280340.00,0.4827,0.472375,0.0123
DQN,789,210,18900,278457.50,0.4802,0.445066,0.0173
DQN,789,211,18990,303900.00,0.4778,0.444703,0.0126
DQN,789,212,19080,301067.50,0.4753,0.468326,0.0153
DQN,789,213,19170,297707.50,0.4728,0.479721,0.0125
DQN,789,214,19260,289075.00,0.4703,0.466708,0.0152
DQN,789,215,19350,296327.50,0.4679,0.451413,0.0122
DQN,789,216,19440,306480.00,0.4654,0.482950,0.0126
DQN,789,217,19530,297440.00,0.4629,0.453573,0.0128
DQN,789,218,19620,270317.50,0.4604,0.476567,0.0129
DQN,789,219,19710,293905.00,0.4580,0.486380,0.0182
DQN,789,220,19800,286820.00,0.4555,0.482137,0.0136
DQN,789,221,19890,284235.00,0.4530,0.488082,0.0131
DQN,789,222,19980,280952.50,0.4506,0.484503,0.0135
DQN,789,223,20070,288930.00,0.4481,0.492956,0.0134
DQN,789,224,20160,295200.00,0.4456,0.487498,0.0135
DQN,789,225,20250,279990.00,0.4431,0.497122,0.0145
DQN,789,226,20340,257780.00,0.4407,0.493853,0.0142
DQN,789,227,20430,272255.00,0.4382,0.479284,0.0146
DQN,789,228,20520,278977.50,0.4357,0.503406,0.0125
DQN,789,229,20610,264605.00,0.4332,0.477987,0.0128
DQN,789,230,20700,293637.50,0.4308,0.473733,0.0131
DQN,789,231,20790,280752.50,0.4283,0.459984,0.0130
DQN,789,232,20880,299075.00,0.4258,0.475707,0.0131
DQN,789,233,20970,284007.50,0.4233,0.463765,0.0147
DQN,789,234,21060,274157.50,0.4209,0.492360,0.0123
DQN,789,235,21150,286567.50,0.4184,0.493430,0.0128
DQN,789,236,21240,280982.50,0.4159,0.488027,0.0133
DQN,789,237,21330,294382.50,0.4134,0.485610,0.0135
DQN,789,238,21420,282745.00,0.4110,0.493413,0.0135
DQN,789,239,21510,286755.00,0.4085,0.479625,0.0152
DQN,789,240,21600,278365.00,0.4060,0.477742,0.0135
DQN,789,241,21690,285275.00,0.4035,0.470058,0.0137
DQN,789,242,21780,289600.00,0.4011,0.469007,0.0132
DQN,789,243,21870,289517.50,0.3986,0.475572,0.0154
DQN,789,244,21960,302620.00,0.3961,0.454710,0.0132
DQN,789,245,22050,272025.00,0.3936,0.464348,0.0127
DQN,789,246,22140,291145.00,0.3911,0.468014,0.0130
DQN,789,247,22230,274587.50,0.3887,0.480984,0.0130
DQN,789,248,22320,271322.50,0.3862,0.465376,0.0138
DQN,789,249,22410,298770.00,0.3837,0.472962,0.0147
DQN,789,250,22500,279122.50,0.3812,0.473782,0.0133
DQN,789,251,22590,300922.50,0.3788,0.471175,0.0141
DQN,789,252,22680,294885.00,0.3763,0.484465,0.0153
DQN,789,253,22770,298620.00,0.3738,0.479459,0.0132
DQN,789,254,22860,303055.00,0.3713,0.494932,0.0131
DQN,789,255,22950,280355.00,0.3689,0.458905,0.0144
DQN,789,256,23040,297902.50,0.3664,0.482200,0.0134
DQN,789,257,23130,295117.50,0.3639,0.451044,0.0142
DQN,789,258,23220,279612.50,0.3614,0.465257,0.0159
DQN,789,259,23310,280990.00,0.3590,0.465529,0.0123
DQN,789,260,23400,277182.50,0.3565,0.450450,0.0151
DQN,789,261,23490,309277.50,0.3540,0.455770,0.0125
DQN,789,262,23580,270610.00,0.3516,0.444304,0.0131
DQN,789,263,23670,291595.00,0.3491,0.454878,0.0133
DQN,789,264,23760,323920.00,0.3466,0.460986,0.0137
DQN,789,265,23850,265730.00,0.3441,0.462570,0.0150
DQN,789,266,23940,301670.00,0.3417,0.453221,0.0120
DQN,789,267,24030,287200.00,0.3392,0.451946,0.0123
DQN,789,268,24120,296082.50,0.3367,0.437658,0.0124
DQN,789,269,24210,284842.50,0.3342,0.459392,0.0145
DQN,789,270,24300,308475.00,0.3317,0.434076,0.0133
DQN,789,271,24390,283630.00,0.3293,0.443226,0.0137
DQN,789,272,24480,297277.50,0.3268,0.447578,0.0274
DQN,789,273,24570,293770.00,0.3243,0.449589,0.0573
DQN,789,274,24660,280830.00,0.3218,0.441588,0.0401
DQN,789,275,24750,304527.50,0.3194,0.445478,0.0122
DQN,789,276,24840,280307.50,0.3169,0.440375,0.0122
DQN,789,277,24930,291807.50,0.3144,0.445311,0.0123
DQN,789,278,25020,296380.00,0.3120,0.453859,0.0146
DQN,789,279,25110,292640.00,0.3095,0.449899,0.0124
DQN,789,280,25200,300922.50,0.3070,0.455390,0.0124
DQN,789,281,25290,303340.00,0.3045,0.467583,0.0130
DQN,789,282,25380,288625.00,0.3021,0.442543,0.0139
DQN,789,283,25470,296337.50,0.2996,0.448063,0.0126
DQN,789,284,25560,303962.50,0.2971,0.464904,0.0131
DQN,789,285,25650,283040.00,0.2946,0.446123,0.0133
DQN,789,286,25740,289400.00,0.2922,0.447547,0.0157
DQN,789,287,25830,307830.00,0.2897,0.446179,0.0120
DQN,789,288,25920,292825.00,0.2872,0.449766,0.0130
DQN,789,289,26010,289862.50,0.2847,0.457517,0.0124
DQN,789,290,26100,284815.00,0.2823,0.445883,0.0125
DQN,789,291,26190,298780.00,0.2798,0.439145,0.0160
DQN,789,292,26280,298262.50,0.2773,0.437875,0.0127
DQN,789,293,26370,282362.50,0.2748,0.455730,0.0133
DQN,789,294,26460,292447.50,0.2723,0.444842,0.0127
DQN,789,295,26550,300980.00,0.2699,0.479210,0.0129
DQN,789,296,26640,282677.50,0.2674,0.496917,0.0127
DQN,789,297,26730,301515.00,0.2649,0.475869,0.0135
DQN,789,298,26820,293625.00,0.2624,0.476855,0.0139
DQN,789,299,26910,297117.50,0.2600,0.472591,0.0128
DQN,789,300,27000,291320.00,0.2575,0.489362,0.0132
DQN,789,301,27090,282857.50,0.2550,0.456980,0.0176
DQN,789,302,27180,287140.00,0.2526,0.445847,0.0124
DQN,789,303,27270,309635.00,0.2501,0.458339,0.0130
DQN,789,304,27360,276150.00,0.2476,0.466233,0.0134
DQN,789,305,27450,290727.50,0.2451,0.464777,0.0153
DQN,789,306,27540,302310.00,0.2427,0.475132,0.0127
DQN,789,307,27630,281582.50,0.2402,0.476356,0.0135
DQN,789,308,27720,309860.00,0.2377,0.466729,0.0123
DQN,789,309,27810,290397.50,0.2352,0.482505,0.0133
DQN,789,310,27900,295300.00,0.2328,0.467485,0.0150
DQN,789,311,27990,296545.00,0.2303,0.456798,0.0121
DQN,789,312,28080,307085.00,0.2278,0.465140,0.0126
DQN,789,313,28170,303882.50,0.2253,0.470295,0.0126
DQN,789,314,28260,295135.00,0.2228,0.473750,0.0127
DQN,789,315,28350,296855.00,0.2204,0.456996,0.0128
DQN,789,316,28440,295420.00,0.2179,0.482153,0.0127
DQN,789,317,28530,296350.00,0.2154,0.481026,0.0135
DQN,789,318,28620,314330.00,0.2129,0.492306,0.0149
DQN,789,319,28710,303302.50,0.2105,0.469439,0.0126
DQN,789,320,28800,305397.50,0.2080,0.459589,0.0130
DQN,789,321,28890,293672.50,0.2055,0.469609,0.0130
DQN,789,322,28980,290245.00,0.2030,0.486025,0.0143
DQN,789,323,29070,316810.00,0.2006,0.456332,0.0122
DQN,789,324,29160,298020.00,0.1981,0.456680,0.0126
DQN,789,325,29250,310610.00,0.1956,0.439077,0.0134
DQN,789,326,29340,311090.00,0.1932,0.449584,0.0126
DQN,789,327,29430,300555.00,0.1907,0.430707,0.0154
DQN,789,328,29520,297667.50,0.1882,0.449609,0.0128
DQN,789,329,29610,319245.00,0.1857,0.435008,0.0144
DQN,789,330,29700,291182.50,0.1833,0.460143,0.0133
DQN,789,331,29790,298992.50,0.1808,0.467828,0.0157
DQN,789,332,29880,292342.50,0.1783,0.433721,0.0121
DQN,789,333,29970,317947.50,0.1758,0.469134,0.0126
DQN,789,334,30060,291017.50,0.1734,0.496219,0.0125
DQN,789,335,30150,303167.50,0.1709,0.502675,0.0123
DQN,789,336,30240,276377.50,0.1684,0.489651,0.0126
DQN,789,337,30330,299055.00,0.1659,0.500447,0.0126
DQN,789,338,30420,261725.00,0.1634,0.490865,0.0129
DQN,789,339,30510,283060.00,0.1610,0.499343,0.0127
DQN,789,340,30600,298082.50,0.1585,0.496542,0.0128
DQN,789,341,30690,298217.50,0.1560,0.483017,0.0144
DQN,789,342,30780,307407.50,0.1536,0.488513,0.0126
DQN,789,343,30870,311240.00,0.1511,0.490720,0.0130
DQN,789,344,30960,303672.50,0.1486,0.482382,0.0130
DQN,789,345,31050,292377.50,0.1461,0.468011,0.0149
DQN,789,346,31140,293085.00,0.1437,0.454516,0.0144
DQN,789,347,31230,290132.50,0.1412,0.450645,0.0131
DQN,789,348,31320,308457.50,0.1387,0.449680,0.0149
DQN,789,349,31410,303772.50,0.1362,0.437233,0.0122
DQN,789,350,31500,312350.00,0.1338,0.443537,0.0127
DQN,789,351,31590,299127.50,0.1313,0.454110,0.0131
DQN,789,352,31680,316237.50,0.1288,0.456462,0.0192
DQN,789,353,31770,293872.50,0.1263,0.441001,0.0129
DQN,789,354,31860,307835.00,0.1239,0.453800,0.0185
DQN,789,355,31950,305842.50,0.1214,0.441584,0.0140
DQN,789,356,32040,286897.50,0.1189,0.443032,0.0127
DQN,789,357,32130,298177.50,0.1164,0.440756,0.0136
DQN,789,358,32220,288782.50,0.1139,0.421360,0.0144
DQN,789,359,32310,298702.50,0.1115,0.435284,0.0123
DQN,789,360,32400,304147.50,0.1090,0.417126,0.0148
DQN,789,361,32490,317735.00,0.1065,0.434330,0.0137
DQN,789,362,32580,293855.00,0.1040,0.455189,0.0129
DQN,789,363,32670,311907.50,0.1016,0.452207,0.0136
DQN,789,364,32760,316175.00,0.0991,0.437285,0.0147
DQN,789,365,32850,307585.00,0.0966,0.439165,0.0126
DQN,789,366,32940,289555.00,0.0941,0.436887,0.0146
DQN,789,367,33030,310105.00,0.0917,0.449257,0.0126
DQN,789,368,33120,311625.00,0.0892,0.434082,0.0137
DQN,789,369,33210,302432.50,0.0867,0.434302,0.0146
DQN,789,370,33300,313982.50,0.0842,0.436510,0.0171
DQN,789,371,33390,290605.00,0.0818,0.446671,0.0136
DQN,789,372,33480,282500.00,0.0793,0.435118,0.0137
DQN,789,373,33570,300705.00,0.0768,0.444131,0.0136
DQN,789,374,33660,308747.50,0.0743,0.445536,0.0135
DQN,789,375,33750,298297.50,0.0719,0.456923,0.0136
DQN,789,376,33840,305270.00,0.0694,0.429536,0.0136
DQN,789,377,33930,301785.00,0.0669,0.447610,0.0137
DQN,789,378,34020,303402.50,0.0645,0.444543,0.0189
DQN,789,379,34110,301875.00,0.0620,0.473849,0.0162
DQN,789,380,34200,285487.50,0.0595,0.456435,0.0130
DQN,789,381,34290,309197.50,0.0570,0.468048,0.0136
DQN,789,382,34380,296200.00,0.0546,0.474251,0.0231
DQN,789,383,34470,308155.00,0.0521,0.466702,0.0126
DQN,789,384,34560,290425.00,0.0496,0.460530,0.0143
DQN,789,385,34650,303537.50,0.0471,0.464275,0.0196
DQN,789,386,34740,307890.00,0.0447,0.476886,0.0142
DQN,789,387,34830,295405.00,0.0422,0.467185,0.0128
DQN,789,388,34920,304660.00,0.0397,0.481670,0.0131
DQN,789,389,35010,298597.50,0.0372,0.471274,0.0138
DQN,789,390,35100,300207.50,0.0348,0.463198,0.0149
DQN,789,391,35190,313842.50,0.0323,0.455548,0.0131
DQN,789,392,35280,307910.00,0.0298,0.459587,0.0140
DQN,789,393,35370,312905.00,0.0273,0.462591,0.0132
DQN,789,394,35460,307420.00,0.0249,0.469968,0.0141
DQN,789,395,35550,300097.50,0.0224,0.450405,0.0133
DQN,789,396,35640,305775.00,0.0199,0.457463,0.0140
DQN,789,397,35730,313200.00,0.0174,0.457679,0.0142
DQN,789,398,35820,299157.50,0.0150,0.447070,0.0154
DQN,789,399,35910,310430.00,0.0125,0.433919,0.0122
DQN,789,400,36000,314820.00,0.0100,0.443826,0.0123
DQN,789,401,36090,316865.00,0.0100,0.474943,0.0141
DQN,789,402,36180,289660.00,0.0100,0.478342,0.0178
DQN,789,403,36270,316857.50,0.0100,0.478363,0.0133
DQN,789,404,36360,302157.50,0.0100,0.477100,0.0155
DQN,789,405,36450,303757.50,0.0100,0.461409,0.0146
DQN,789,406,36540,301602.50,0.0100,0.460510,0.0123
DQN,789,407,36630,306320.00,0.0100,0.496195,0.0152
DQN,789,408,36720,318957.50,0.0100,0.493817,0.0144
DQN,789,409,36810,296942.50,0.0100,0.486801,0.0125
DQN,789,410,36900,315892.50,0.0100,0.489471,0.0134
DQN,789,411,36990,320665.00,0.0100,0.495448,0.0138
DQN,789,412,37080,307702.50,0.0100,0.482318,0.0155
DQN,789,413,37170,324695.00,0.0100,0.478773,0.0123
DQN,789,414,37260,307952.50,0.0100,0.465281,0.0127
DQN,789,415,37350,311270.00,0.0100,0.479113,0.0125
DQN,789,416,37440,304525.00,0.0100,0.476101,0.0128
DQN,789,417,37530,316822.50,0.0100,0.479935,0.0134
DQN,789,418,37620,288872.50,0.0100,0.499326,0.0172
DQN,789,419,37710,298360.00,0.0100,0.506096,0.0123
DQN,789,420,37800,311452.50,0.0100,0.496371,0.0127
DQN,789,421,37890,299457.50,0.0100,0.492640,0.0145
DQN,789,422,37980,308455.00,0.0100,0.503905,0.0126
DQN,789,423,38070,298842.50,0.0100,0.490783,0.0138
DQN,789,424,38160,305370.00,0.0100,0.479283,0.0160
DQN,789,425,38250,319755.00,0.0100,0.479462,0.0131
DQN,789,426,38340,294072.50,0.0100,0.476131,0.0153
DQN,789,427,38430,298075.00,0.0100,0.489847,0.0123
DQN,789,428,38520,287822.50,0.0100,0.472432,0.0146
DQN,789,429,38610,306897.50,0.0100,0.491101,0.0129
DQN,789,430,38700,309205.00,0.0100,0.468106,0.0127
DQN,789,431,38790,291200.00,0.0100,0.467956,0.0130
DQN,789,432,38880,298922.50,0.0100,0.460399,0.0146
DQN,789,433,38970,298362.50,0.0100,0.475043,0.0160
DQN,789,434,39060,305870.00,0.0100,0.477561,0.0124
DQN,789,435,39150,310117.50,0.0100,0.482635,0.0132
DQN,789,436,39240,317495.00,0.0100,0.485880,0.0148
DQN,789,437,39330,310182.50,0.0100,0.496080,0.0129
DQN,789,438,39420,295087.50,0.0100,0.470122,0.0130
DQN,789,439,39510,290037.50,0.0100,0.461673,0.0163
DQN,789,440,39600,308707.50,0.0100,0.491878,0.0139
DQN,789,441,39690,308240.00,0.0100,0.486046,0.0134
DQN,789,442,39780,305570.00,0.0100,0.493408,0.0134
DQN,789,443,39870,287312.50,0.0100,0.484698,0.0165
DQN,789,444,39960,304495.00,0.0100,0.482576,0.0132
DQN,789,445,40050,308642.50,0.0100,0.479367,0.0146
DQN,789,446,40140,310360.00,0.0100,0.485162,0.0153
DQN,789,447,40230,292805.00,0.0100,0.491355,0.0126
DQN,789,448,40320,293952.50,0.0100,0.496051,0.0130
DQN,789,449,40410,292937.50,0.0100,0.476112,0.0161
DQN,789,450,40500,297532.50,0.0100,0.484918,0.0132
DQN,789,451,40590,299970.00,0.0100,0.433923,0.0129
DQN,789,452,40680,295740.00,0.0100,0.435281,0.0242
DQN,789,453,40770,294707.50,0.0100,0.433949,0.0151
DQN,789,454,40860,305325.00,0.0100,0.437831,0.0151
DQN,789,455,40950,295872.50,0.0100,0.442783,0.0146
DQN,789,456,41040,313447.50,0.0100,0.452164,0.0137
DQN,789,457,41130,301997.50,0.0100,0.438247,0.0135
DQN,789,458,41220,299010.00,0.0100,0.433745,0.0176
DQN,789,459,41310,311595.00,0.0100,0.436862,0.0176
DQN,789,460,41400,310195.00,0.0100,0.436121,0.0130
DQN,789,461,41490,301145.00,0.0100,0.421257,0.0136
DQN,789,462,41580,325327.50,0.0100,0.421688,0.0176
DQN,789,463,41670,316370.00,0.0100,0.418934,0.0176
DQN,789,464,41760,299405.00,0.0100,0.426787,0.0191
DQN,789,465,41850,296585.00,0.0100,0.426419,0.0168
DQN,789,466,41940,288182.50,0.0100,0.420205,0.0137
DQN,789,467,42030,312102.50,0.0100,0.430945,0.0219
DQN,789,468,42120,280597.50,0.0100,0.445872,0.0148
DQN,789,469,42210,312705.00,0.0100,0.442861,0.0131
DQN,789,470,42300,318375.00,0.0100,0.444238,0.0155
DQN,789,471,42390,315965.00,0.0100,0.431469,0.0138
DQN,789,472,42480,291120.00,0.0100,0.435236,0.0137
DQN,789,473,42570,303140.00,0.0100,0.469761,0.0154
DQN,789,474,42660,297097.50,0.0100,0.462808,0.0124
DQN,789,475,42750,312647.50,0.0100,0.463338,0.0129
DQN,789,476,42840,302270.00,0.0100,0.470232,0.0130
DQN,789,477,42930,293760.00,0.0100,0.479571,0.0131
DQN,789,478,43020,301852.50,0.0100,0.474151,0.0150
DQN,789,479,43110,303540.00,0.0100,0.490539,0.0158
DQN,789,480,43200,296705.00,0.0100,0.508435,0.0148
DQN,789,481,43290,295947.50,0.0100,0.499618,0.0128
DQN,789,482,43380,302067.50,0.0100,0.475270,0.0131
DQN,789,483,43470,310722.50,0.0100,0.494995,0.0132
DQN,789,484,43560,308162.50,0.0100,0.483269,0.0132
DQN,789,485,43650,313797.50,0.0100,0.453455,0.0133
DQN,789,486,43740,316530.00,0.0100,0.445387,0.0132
DQN,789,487,43830,301447.50,0.0100,0.444035,0.0151
DQN,789,488,43920,310255.00,0.0100,0.460375,0.0126
DQN,789,489,44010,309985.00,0.0100,0.456563,0.0128
DQN,789,490,44100,305317.50,0.0100,0.474369,0.0130
DQN,789,491,44190,283957.50,0.0100,0.499896,0.0131
DQN,789,492,44280,294177.50,0.0100,0.478227,0.0156
DQN,789,493,44370,307965.00,0.0100,0.460087,0.0131
DQN,789,494,44460,308867.50,0.0100,0.478537,0.0138
DQN,789,495,44550,305127.50,0.0100,0.460524,0.0146
DQN,789,496,44640,298980.00,0.0100,0.466020,0.0131
DQN,789,497,44730,296977.50,0.0100,0.460552,0.0134
DQN,789,498,44820,304810.00,0.0100,0.455843,0.0134
DQN,789,499,44910,309462.50,0.0100,0.460906,0.0146
DQN,789,500,45000,296407.50,0.0100,0.455200,0.0223
DQN,1024,1,90,203045.00,0.9975,0.000000,0.0010
DQN,1024,2,180,206112.50,0.9950,0.000000,0.0004
DQN,1024,3,270,247262.50,0.9926,0.000000,0.0010
DQN,1024,4,360,229675.00,0.9901,0.000000,0.0010
DQN,1024,5,450,256255.00,0.9876,0.000000,0.0004
DQN,1024,6,540,248150.00,0.9851,4.935928,0.0087
DQN,1024,7,630,227540.00,0.9827,4.338067,0.0152
DQN,1024,8,720,220547.50,0.9802,2.951974,0.0140
DQN,1024,9,810,252905.00,0.9777,2.442587,0.0144
DQN,1024,10,900,207350.00,0.9752,2.268177,0.0122
DQN,1024,11,990,234887.50,0.9728,2.152185,0.0140
DQN,1024,12,1080,198865.00,0.9703,2.995092,0.0126
DQN,1024,13,1170,282840.00,0.9678,1.780319,0.0120
DQN,1024,14,1260,247205.00,0.9654,1.597650,0.0123
DQN,1024,15,1350,237072.50,0.9629,1.440159,0.0126
DQN,1024,16,1440,184725.00,0.9604,1.297910,0.0151
DQN,1024,17,1530,179537.50,0.9579,1.948561,0.0121
DQN,1024,18,1620,227862.50,0.9555,1.347202,0.0123
DQN,1024,19,1710,228385.00,0.9530,1.130823,0.0126
DQN,1024,20,1800,238765.00,0.9505,1.052382,0.0138
DQN,1024,21,1890,192275.00,0.9480,0.989492,0.0140
DQN,1024,22,1980,162755.00,0.9456,0.983300,0.0150
DQN,1024,23,2070,201650.00,0.9431,1.770926,0.0135
DQN,1024,24,2160,232775.00,0.9406,1.104141,0.0122
DQN,1024,25,2250,194740.00,0.9381,1.007035,0.0127
DQN,1024,26,2340,174745.00,0.9356,0.965376,0.0128
DQN,1024,27,2430,218555.00,0.9332,0.924434,0.0128
DQN,1024,28,2520,154865.00,0.9307,1.232830,0.0129
DQN,1024,29,2610,249137.50,0.9282,1.105083,0.0128
DQN,1024,30,2700,218657.50,0.9257,0.940363,0.0128
DQN,1024,31,2790,250720.00,0.9233,0.895812,0.0163
DQN,1024,32,2880,227600.00,0.9208,0.867971,0.0142
DQN,1024,33,2970,273647.50,0.9183,0.844585,0.0128
DQN,1024,34,3060,209395.00,0.9159,1.234864,0.0131
DQN,1024,35,3150,264185.00,0.9134,1.062383,0.0131
DQN,1024,36,3240,225215.00,0.9109,0.990604,0.0132
DQN,1024,37,3330,225120.00,0.9084,0.954615,0.0132
DQN,1024,38,3420,249297.50,0.9060,0.949198,0.0133
DQN,1024,39,3510,229515.00,0.9035,1.005418,0.0133
DQN,1024,40,3600,224590.00,0.9010,1.075254,0.0133
DQN,1024,41,3690,257542.50,0.8985,1.027991,0.0236
DQN,1024,42,3780,263357.50,0.8961,0.983142,0.0174
DQN,1024,43,3870,220367.50,0.8936,1.012094,0.0139
DQN,1024,44,3960,275865.00,0.8911,0.947596,0.0127
DQN,1024,45,4050,244055.00,0.8886,0.974639,0.0125
DQN,1024,46,4140,298455.00,0.8861,0.792669,0.0218
DQN,1024,47,4230,215600.00,0.8837,0.774777,0.0160
DQN,1024,48,4320,262492.50,0.8812,0.764303,0.0130
DQN,1024,49,4410,254150.00,0.8787,0.748637,0.0140
DQN,1024,50,4500,219677.50,0.8762,0.738748,0.0141
DQN,1024,51,4590,260587.50,0.8738,0.707864,0.0136
DQN,1024,52,4680,239545.00,0.8713,0.634971,0.0210
DQN,1024,53,4770,196050.00,0.8688,0.641970,0.0145
DQN,1024,54,4860,247280.00,0.8663,0.619807,0.0135
DQN,1024,55,4950,250020.00,0.8639,0.604861,0.0121
DQN,1024,56,5040,212037.50,0.8614,0.663834,0.0227
DQN,1024,57,5130,240412.50,0.8589,0.567402,0.0153
DQN,1024,58,5220,242895.00,0.8565,0.539307,0.0205
DQN,1024,59,5310,189735.00,0.8540,0.519908,0.0145
DQN,1024,60,5400,245157.50,0.8515,0.498932,0.0132
DQN,1024,61,5490,223737.50,0.8490,0.516433,0.0135
DQN,1024,62,5580,275962.50,0.8466,0.543972,0.0128
DQN,1024,63,5670,278027.50,0.8441,0.504064,0.0136
DQN,1024,64,5760,252212.50,0.8416,0.477975,0.0134
DQN,1024,65,5850,224957.50,0.8391,0.479767,0.0134
DQN,1024,66,5940,265415.00,0.8367,0.474029,0.0181
DQN,1024,67,6030,259210.00,0.8342,0.533173,0.0182
DQN,1024,68,6120,241687.50,0.8317,0.494257,0.0130
DQN,1024,69,6210,232195.00,0.8292,0.497603,0.0135
DQN,1024,70,6300,277215.00,0.8267,0.490977,0.0172
DQN,1024,71,6390,286130.00,0.8243,0.494158,0.0177
DQN,1024,72,6480,262385.00,0.8218,0.473490,0.0192
DQN,1024,73,6570,239220.00,0.8193,0.566153,0.0148
DQN,1024,74,6660,279020.00,0.8168,0.502419,0.0223
DQN,1024,75,6750,249957.50,0.8144,0.508646,0.0122
DQN,1024,76,6840,243745.00,0.8119,0.510123,0.0336
DQN,1024,77,6930,256400.00,0.8094,0.483704,0.0560
DQN,1024,78,7020,267657.50,0.8070,0.540650,0.0321
DQN,1024,79,7110,261615.00,0.8045,0.491685,0.0118
DQN,1024,80,7200,249047.50,0.8020,0.488724,0.0121
DQN,1024,81,7290,232210.00,0.7995,0.496288,0.0121
DQN,1024,82,7380,266810.00,0.7971,0.486668,0.0123
DQN,1024,83,7470,245037.50,0.7946,0.490237,0.0131
DQN,1024,84,7560,255642.50,0.7921,0.521109,0.0131
DQN,1024,85,7650,267672.50,0.7896,0.491980,0.0136
DQN,1024,86,7740,263957.50,0.7872,0.505064,0.0123
DQN,1024,87,7830,275535.00,0.7847,0.476499,0.0128
DQN,1024,88,7920,274687.50,0.7822,0.479300,0.0126
DQN,1024,89,8010,235182.50,0.7797,0.528134,0.0139
DQN,1024,90,8100,294940.00,0.7772,0.505357,0.0121
DQN,1024,91,8190,237092.50,0.7748,0.496880,0.0136
DQN,1024,92,8280,263572.50,0.7723,0.502552,0.0125
DQN,1024,93,8370,206895.00,0.7698,0.496619,0.0142
DQN,1024,94,8460,253602.50,0.7673,0.504639,0.0191
DQN,1024,95,8550,270502.50,0.7649,0.534938,0.0120
DQN,1024,96,8640,252725.00,0.7624,0.490353,0.0127
DQN,1024,97,8730,255765.00,0.7599,0.474788,0.0130
DQN,1024,98,8820,282575.00,0.7574,0.471223,0.0141
DQN,1024,99,8910,268545.00,0.7550,0.480734,0.0119
DQN,1024,100,9000,272252.50,0.7525,0.505379,0.0121
DQN,1024,101,9090,266642.50,0.7500,0.489344,0.0137
DQN,1024,102,9180,272667.50,0.7475,0.481619,0.0174
DQN,1024,103,9270,279855.00,0.7451,0.492570,0.0132
DQN,1024,104,9360,241187.50,0.7426,0.471679,0.0131
DQN,1024,105,9450,247562.50,0.7401,0.487031,0.0126
DQN,1024,106,9540,298355.00,0.7376,0.500620,0.0121
DQN,1024,107,9630,236277.50,0.7352,0.476212,0.0122
DQN,1024,108,9720,258257.50,0.7327,0.492116,0.0142
DQN,1024,109,9810,250332.50,0.7302,0.510947,0.0145
DQN,1024,110,9900,274932.50,0.7278,0.486230,0.0133
DQN,1024,111,9990,304655.00,0.7253,0.490945,0.0131
DQN,1024,112,10080,296600.00,0.7228,0.491388,0.0124
DQN,1024,113,10170,269080.00,0.7203,0.477543,0.0126
DQN,1024,114,10260,280687.50,0.7179,0.491748,0.0132
DQN,1024,115,10350,263027.50,0.7154,0.474815,0.0133
DQN,1024,116,10440,255030.00,0.7129,0.467521,0.0125
DQN,1024,117,10530,285282.50,0.7104,0.497823,0.0182
DQN,1024,118,10620,274027.50,0.7080,0.516577,0.0146
DQN,1024,119,10710,302090.00,0.7055,0.525608,0.0121
DQN,1024,120,10800,273280.00,0.7030,0.516454,0.0130
DQN,1024,121,10890,261260.00,0.7005,0.513258,0.0139
DQN,1024,122,10980,264830.00,0.6981,0.519731,0.0196
DQN,1024,123,11070,271227.50,0.6956,0.522985,0.0177
DQN,1024,124,11160,234090.00,0.6931,0.520849,0.0122
DQN,1024,125,11250,264665.00,0.6906,0.502936,0.0122
DQN,1024,126,11340,255427.50,0.6882,0.505031,0.0123
DQN,1024,127,11430,289032.50,0.6857,0.510182,0.0135
DQN,1024,128,11520,262402.50,0.6832,0.543405,0.0134
DQN,1024,129,11610,262450.00,0.6807,0.515021,0.0126
DQN,1024,130,11700,250765.00,0.6783,0.518490,0.0127
DQN,1024,131,11790,279647.50,0.6758,0.510001,0.0132
DQN,1024,132,11880,246162.50,0.6733,0.500285,0.0126
DQN,1024,133,11970,274037.50,0.6708,0.513927,0.0127
DQN,1024,134,12060,281360.00,0.6683,0.537961,0.0125
DQN,1024,135,12150,289247.50,0.6659,0.531620,0.0134
DQN,1024,136,12240,241930.00,0.6634,0.514141,0.0170
DQN,1024,137,12330,243612.50,0.6609,0.524749,0.0137
DQN,1024,138,12420,274440.00,0.6584,0.502936,0.0145
DQN,1024,139,12510,277922.50,0.6560,0.516831,0.0123
DQN,1024,140,12600,281342.50,0.6535,0.533016,0.0149
DQN,1024,141,12690,259757.50,0.6510,0.495696,0.0122
DQN,1024,142,12780,252320.00,0.6485,0.506326,0.0127
DQN,1024,143,12870,226122.50,0.6461,0.518112,0.0155
DQN,1024,144,12960,248285.00,0.6436,0.488074,0.0120
DQN,1024,145,13050,289652.50,0.6411,0.490836,0.0139
DQN,1024,146,13140,286160.00,0.6386,0.516288,0.0177
DQN,1024,147,13230,259455.00,0.6362,0.493063,0.0181
DQN,1024,148,13320,296717.50,0.6337,0.512113,0.0126
DQN,1024,149,13410,250145.00,0.6312,0.505350,0.0163
DQN,1024,150,13500,280417.50,0.6288,0.508297,0.0141
DQN,1024,151,13590,253935.00,0.6263,0.487433,0.0154
DQN,1024,152,13680,292095.00,0.6238,0.471123,0.0171
DQN,1024,153,13770,272550.00,0.6213,0.489845,0.0129
DQN,1024,154,13860,267805.00,0.6189,0.498115,0.0150
DQN,1024,155,13950,274827.50,0.6164,0.481396,0.0146
DQN,1024,156,14040,278050.00,0.6139,0.488961,0.0134
DQN,1024,157,14130,296435.00,0.6114,0.482857,0.0135
DQN,1024,158,14220,279675.00,0.6089,0.476436,0.0137
DQN,1024,159,14310,280335.00,0.6065,0.470677,0.0148
DQN,1024,160,14400,258170.00,0.6040,0.483445,0.0133
DQN,1024,161,14490,277400.00,0.6015,0.474455,0.0136
DQN,1024,162,14580,285765.00,0.5990,0.507051,0.0130
DQN,1024,163,14670,254112.50,0.5966,0.483419,0.0166
DQN,1024,164,14760,299147.50,0.5941,0.484572,0.0122
DQN,1024,165,14850,275337.50,0.5916,0.482795,0.0145
DQN,1024,166,14940,285432.50,0.5892,0.492798,0.0140
DQN,1024,167,15030,284950.00,0.5867,0.490536,0.0126
DQN,1024,168,15120,289142.50,0.5842,0.490601,0.0132
DQN,1024,169,15210,288312.50,0.5817,0.478300,0.0135
DQN,1024,170,15300,286530.00,0.5793,0.491472,0.0134
DQN,1024,171,15390,277240.00,0.5768,0.474928,0.0174
DQN,1024,172,15480,292130.00,0.5743,0.473577,0.0170
DQN,1024,173,15570,280845.00,0.5718,0.498362,0.0133
DQN,1024,174,15660,290355.00,0.5694,0.486832,0.0135
DQN,1024,175,15750,251420.00,0.5669,0.484029,0.0135
DQN,1024,176,15840,287270.00,0.5644,0.481105,0.0135
DQN,1024,177,15930,302380.00,0.5619,0.474852,0.0137
DQN,1024,178,16020,296425.00,0.5595,0.475323,0.0135
DQN,1024,179,16110,268657.50,0.5570,0.475965,0.0135
DQN,1024,180,16200,260735.00,0.5545,0.480957,0.0136
DQN,1024,181,16290,253525.00,0.5520,0.485492,0.0145
DQN,1024,182,16380,289737.50,0.5495,0.479527,0.0157
DQN,1024,183,16470,319530.00,0.5471,0.484241,0.0127
DQN,1024,184,16560,273397.50,0.5446,0.494952,0.0137
DQN,1024,185,16650,287612.50,0.5421,0.468201,0.0143
DQN,1024,186,16740,262475.00,0.5396,0.480369,0.0169
DQN,1024,187,16830,241302.50,0.5372,0.508847,0.0121
DQN,1024,188,16920,298292.50,0.5347,0.481868,0.0126
DQN,1024,189,17010,277965.00,0.5322,0.475033,0.0129
DQN,1024,190,17100,284135.00,0.5297,0.471431,0.0140
DQN,1024,191,17190,285427.50,0.5273,0.478990,0.0127
DQN,1024,192,17280,317657.50,0.5248,0.484222,0.0138
DQN,1024,193,17370,284857.50,0.5223,0.491212,0.0166
DQN,1024,194,17460,281480.00,0.5199,0.484091,0.0122
DQN,1024,195,17550,283170.00,0.5174,0.497587,0.0130
DQN,1024,196,17640,246272.50,0.5149,0.507976,0.0132
DQN,1024,197,17730,284742.50,0.5124,0.505729,0.0135
DQN,1024,198,17820,277517.50,0.5100,0.496968,0.0153
DQN,1024,199,17910,303795.00,0.5075,0.505565,0.0122
DQN,1024,200,18000,272455.00,0.5050,0.520718,0.0128
DQN,1024,201,18090,296972.50,0.5025,0.509340,0.0158
DQN,1024,202,18180,289727.50,0.5000,0.496190,0.0163
DQN,1024,203,18270,294605.00,0.4976,0.491348,0.0134
DQN,1024,204,18360,271345.00,0.4951,0.478977,0.0130
DQN,1024,205,18450,294930.00,0.4926,0.487172,0.0165
DQN,1024,206,18540,274902.50,0.4901,0.473990,0.0140
DQN,1024,207,18630,285137.50,0.4877,0.497122,0.0125
DQN,1024,208,18720,256115.00,0.4852,0.490154,0.0129
DQN,1024,209,18810,286382.50,0.4827,0.488011,0.0156
DQN,1024,210,18900,296102.50,0.4802,0.484364,0.0135
DQN,1024,211,18990,266667.50,0.4778,0.488605,0.0197
DQN,1024,212,19080,300547.50,0.4753,0.472357,0.0163
DQN,1024,213,19170,292360.00,0.4728,0.487402,0.0147
DQN,1024,214,19260,307125.00,0.4703,0.487745,0.0149
DQN,1024,215,19350,268115.00,0.4679,0.475393,0.0125
DQN,1024,216,19440,310252.50,0.4654,0.462759,0.0130
DQN,1024,217,19530,311690.00,0.4629,0.471255,0.0130
DQN,1024,218,19620,267730.00,0.4604,0.492569,0.0130
DQN,1024,219,19710,300847.50,0.4580,0.490516,0.0131
DQN,1024,220,19800,297317.50,0.4555,0.481214,0.0131
DQN,1024,221,19890,293450.00,0.4530,0.485716,0.0145
DQN,1024,222,19980,265597.50,0.4506,0.479391,0.0126
DQN,1024,223,20070,302602.50,0.4481,0.478049,0.0133
DQN,1024,224,20160,325087.50,0.4456,0.471709,0.0133
DQN,1024,225,20250,304510.00,0.4431,0.470239,0.0133
DQN,1024,226,20340,309280.00,0.4407,0.488706,0.0135
DQN,1024,227,20430,300110.00,0.4382,0.466176,0.0135
DQN,1024,228,20520,291552.50,0.4357,0.451045,0.0142
DQN,1024,229,20610,301602.50,0.4332,0.453036,0.0158
DQN,1024,230,20700,303960.00,0.4308,0.462139,0.0151
DQN,1024,231,20790,300520.00,0.4283,0.449474,0.0143
DQN,1024,232,20880,297040.00,0.4258,0.452822,0.0144
DQN,1024,233,20970,291307.50,0.4233,0.449037,0.0134
DQN,1024,234,21060,288750.00,0.4209,0.480136,0.0132
DQN,1024,235,21150,307797.50,0.4184,0.488194,0.0126
DQN,1024,236,21240,271940.00,0.4159,0.477935,0.0147
DQN,1024,237,21330,292787.50,0.4134,0.503256,0.0124
DQN,1024,238,21420,305460.00,0.4110,0.500821,0.0148
DQN,1024,239,21510,254047.50,0.4085,0.488059,0.0126
DQN,1024,240,21600,286287.50,0.4060,0.490286,0.0129
DQN,1024,241,21690,290235.00,0.4035,0.493934,0.0138
DQN,1024,242,21780,271495.00,0.4011,0.489060,0.0162
DQN,1024,243,21870,295902.50,0.3986,0.502315,0.0158
DQN,1024,244,21960,302305.00,0.3961,0.466826,0.0168
DQN,1024,245,22050,302920.00,0.3936,0.483781,0.0126
DQN,1024,246,22140,294822.50,0.3911,0.490646,0.0136
DQN,1024,247,22230,283280.00,0.3887,0.488451,0.0124
DQN,1024,248,22320,294720.00,0.3862,0.482553,0.0149
DQN,1024,249,22410,303697.50,0.3837,0.470136,0.0127
DQN,1024,250,22500,306190.00,0.3812,0.481982,0.0138
DQN,1024,251,22590,303470.00,0.3788,0.472526,0.0184
DQN,1024,252,22680,284255.00,0.3763,0.488028,0.0138
DQN,1024,253,22770,306582.50,0.3738,0.488653,0.0213
DQN,1024,254,22860,281445.00,0.3713,0.468225,0.0143
DQN,1024,255,22950,300287.50,0.3689,0.495931,0.0125
DQN,1024,256,23040,304117.50,0.3664,0.481796,0.0133
DQN,1024,257,23130,297582.50,0.3639,0.478271,0.0139
DQN,1024,258,23220,305062.50,0.3614,0.467788,0.0139
DQN,1024,259,23310,298480.00,0.3590,0.486166,0.0142
DQN,1024,260,23400,288720.00,0.3565,0.466709,0.0136
DQN,1024,261,23490,269450.00,0.3540,0.484392,0.0154
DQN,1024,262,23580,282487.50,0.3516,0.483247,0.0131
DQN,1024,263,23670,289125.00,0.3491,0.490927,0.0143
DQN,1024,264,23760,315097.50,0.3466,0.472007,0.0124
DQN,1024,265,23850,287882.50,0.3441,0.482523,0.0134
DQN,1024,266,23940,297000.00,0.3417,0.480259,0.0208
DQN,1024,267,24030,299140.00,0.3392,0.482325,0.0150
DQN,1024,268,24120,307737.50,0.3367,0.454654,0.0132
DQN,1024,269,24210,294390.00,0.3342,0.472719,0.0142
DQN,1024,270,24300,295515.00,0.3317,0.473431,0.0200
DQN,1024,271,24390,310837.50,0.3293,0.464037,0.0149
DQN,1024,272,24480,285982.50,0.3268,0.453577,0.0214
DQN,1024,273,24570,302520.00,0.3243,0.487016,0.0138
DQN,1024,274,24660,294252.50,0.3218,0.483664,0.0132
DQN,1024,275,24750,314525.00,0.3194,0.463538,0.0135
DQN,1024,276,24840,279722.50,0.3169,0.495563,0.0148
DQN,1024,277,24930,272037.50,0.3144,0.478511,0.0149
DQN,1024,278,25020,281595.00,0.3120,0.480890,0.0150
DQN,1024,279,25110,290375.00,0.3095,0.503024,0.0124
DQN,1024,280,25200,280967.50,0.3070,0.477803,0.0128
DQN,1024,281,25290,296725.00,0.3045,0.480764,0.0129
DQN,1024,282,25380,283150.00,0.3021,0.483828,0.0130
DQN,1024,283,25470,290140.00,0.2996,0.473553,0.0130
DQN,1024,284,25560,291287.50,0.2971,0.471222,0.0134
DQN,1024,285,25650,257090.00,0.2946,0.469344,0.0133
DQN,1024,286,25740,317847.50,0.2922,0.446760,0.0167
DQN,1024,287,25830,314370.00,0.2897,0.458329,0.0127
DQN,1024,288,25920,279585.00,0.2872,0.458740,0.0132
DQN,1024,289,26010,281145.00,0.2847,0.471601,0.0134
DQN,1024,290,26100,280365.00,0.2823,0.484289,0.0145
DQN,1024,291,26190,300785.00,0.2798,0.458170,0.0127
DQN,1024,292,26280,307717.50,0.2773,0.463879,0.0128
DQN,1024,293,26370,295712.50,0.2748,0.455065,0.0151
DQN,1024,294,26460,283365.00,0.2723,0.460290,0.0125
DQN,1024,295,26550,298492.50,0.2699,0.499387,0.0125
DQN,1024,296,26640,297002.50,0.2674,0.509095,0.0129
DQN,1024,297,26730,300135.00,0.2649,0.494290,0.0131
DQN,1024,298,26820,289567.50,0.2624,0.517110,0.0163
DQN,1024,299,26910,277275.00,0.2600,0.494048,0.0126
DQN,1024,300,27000,316897.50,0.2575,0.492420,0.0133
DQN,1024,301,27090,291942.50,0.2550,0.471559,0.0150
DQN,1024,302,27180,298470.00,0.2526,0.479389,0.0160
DQN,1024,303,27270,302037.50,0.2501,0.491718,0.0136
DQN,1024,304,27360,310097.50,0.2476,0.472235,0.0126
DQN,1024,305,27450,308177.50,0.2451,0.474361,0.0166
DQN,1024,306,27540,287830.00,0.2427,0.512062,0.0150
DQN,1024,307,27630,285477.50,0.2402,0.519633,0.0134
DQN,1024,308,27720,274302.50,0.2377,0.494644,0.0132
DQN,1024,309,27810,292185.00,0.2352,0.507154,0.0135
DQN,1024,310,27900,303157.50,0.2328,0.520378,0.0136
DQN,1024,311,27990,297420.00,0.2303,0.510553,0.0136
DQN,1024,312,28080,295215.00,0.2278,0.507546,0.0136
DQN,1024,313,28170,283017.50,0.2253,0.511729,0.0137
DQN,1024,314,28260,315252.50,0.2228,0.509493,0.0217
DQN,1024,315,28350,286602.50,0.2204,0.504376,0.0158
DQN,1024,316,28440,310517.50,0.2179,0.492269,0.0147
DQN,1024,317,28530,293590.00,0.2154,0.502930,0.0126
DQN,1024,318,28620,320237.50,0.2129,0.490793,0.0130
DQN,1024,319,28710,293942.50,0.2105,0.480904,0.0130
DQN,1024,320,28800,294837.50,0.2080,0.485961,0.0132
DQN,1024,321,28890,294195.00,0.2055,0.482996,0.0133
DQN,1024,322,28980,303487.50,0.2030,0.497129,0.0132
DQN,1024,323,29070,311162.50,0.2006,0.498730,0.0151
DQN,1024,324,29160,286125.00,0.1981,0.482160,0.0151
DQN,1024,325,29250,305145.00,0.1956,0.476775,0.0133
DQN,1024,326,29340,304087.50,0.1932,0.480519,0.0135
DQN,1024,327,29430,306022.50,0.1907,0.483588,0.0136
DQN,1024,328,29520,304637.50,0.1882,0.478572,0.0136
DQN,1024,329,29610,316762.50,0.1857,0.475829,0.0137
DQN,1024,330,29700,308130.00,0.1833,0.481393,0.0155
DQN,1024,331,29790,304490.00,0.1808,0.463512,0.0127
DQN,1024,332,29880,319720.00,0.1783,0.463315,0.0133
DQN,1024,333,29970,297850.00,0.1758,0.469238,0.0136
DQN,1024,334,30060,309202.50,0.1734,0.480332,0.0135
DQN,1024,335,30150,294245.00,0.1709,0.495478,0.0130
DQN,1024,336,30240,292215.00,0.1684,0.502944,0.0130
DQN,1024,337,30330,297427.50,0.1659,0.502023,0.0134
DQN,1024,338,30420,293505.00,0.1634,0.485141,0.0132
DQN,1024,339,30510,305200.00,0.1610,0.498470,0.0145
DQN,1024,340,30600,278152.50,0.1585,0.499862,0.0126
DQN,1024,341,30690,294630.00,0.1560,0.483406,0.0134
DQN,1024,342,30780,301757.50,0.1536,0.502644,0.0135
DQN,1024,343,30870,305100.00,0.1511,0.481899,0.0136
DQN,1024,344,30960,299305.00,0.1486,0.492683,0.0150
DQN,1024,345,31050,286845.00,0.1461,0.494493,0.0137
DQN,1024,346,31140,308597.50,0.1437,0.487098,0.0138
DQN,1024,347,31230,310962.50,0.1412,0.488036,0.0137
DQN,1024,348,31320,302275.00,0.1387,0.499329,0.0153
DQN,1024,349,31410,303452.50,0.1362,0.492830,0.0138
DQN,1024,350,31500,309170.00,0.1338,0.491668,0.0138
DQN,1024,351,31590,309257.50,0.1313,0.487453,0.0179
DQN,1024,352,31680,290427.50,0.1288,0.504168,0.0156
DQN,1024,353,31770,287650.00,0.1263,0.477212,0.0199
DQN,1024,354,31860,316117.50,0.1239,0.473693,0.0160
DQN,1024,355,31950,316895.00,0.1214,0.483832,0.0132
DQN,1024,356,32040,313495.00,0.1189,0.492587,0.0140
DQN,1024,357,32130,282195.00,0.1164,0.477213,0.0132
DQN,1024,358,32220,299025.00,0.1139,0.492166,0.0189
DQN,1024,359,32310,298385.00,0.1115,0.490373,0.0172
DQN,1024,360,32400,295637.50,0.1090,0.488663,0.0132
DQN,1024,361,32490,292010.00,0.1065,0.476097,0.0149
DQN,1024,362,32580,309275.00,0.1040,0.488757,0.0130
DQN,1024,363,32670,306915.00,0.1016,0.488557,0.0136
DQN,1024,364,32760,307332.50,0.0991,0.495184,0.0137
DQN,1024,365,32850,299487.50,0.0966,0.498945,0.0137
DQN,1024,366,32940,310882.50,0.0941,0.491217,0.0137
DQN,1024,367,33030,294442.50,0.0917,0.478580,0.0150
DQN,1024,368,33120,304350.00,0.0892,0.498404,0.0138
DQN,1024,369,33210,281030.00,0.0867,0.502733,0.0140
DQN,1024,370,33300,317257.50,0.0842,0.493130,0.0141
DQN,1024,371,33390,300427.50,0.0818,0.481069,0.0158
DQN,1024,372,33480,316337.50,0.0793,0.490829,0.0127
DQN,1024,373,33570,317257.50,0.0768,0.499956,0.0140
DQN,1024,374,33660,305205.00,0.0743,0.493473,0.0140
DQN,1024,375,33750,298357.50,0.0719,0.494704,0.0139
DQN,1024,376,33840,293177.50,0.0694,0.469446,0.0140
DQN,1024,377,33930,293495.00,0.0669,0.487124,0.0138
DQN,1024,378,34020,308215.00,0.0645,0.471711,0.0140
DQN,1024,379,34110,307857.50,0.0620,0.475397,0.0140
DQN,1024,380,34200,289195.00,0.0595,0.481310,0.0139
DQN,1024,381,34290,310105.00,0.0570,0.476997,0.0139
DQN,1024,382,34380,311345.00,0.0546,0.471298,0.0212
DQN,1024,383,34470,314805.00,0.0521,0.472846,0.0137
DQN,1024,384,34560,282830.00,0.0496,0.500175,0.0181
DQN,1024,385,34650,304892.50,0.0471,0.488665,0.0190
DQN,1024,386,34740,300075.00,0.0447,0.515783,0.0144
DQN,1024,387,34830,313902.50,0.0422,0.504821,0.0175
DQN,1024,388,34920,298187.50,0.0397,0.485954,0.0198
DQN,1024,389,35010,307377.50,0.0372,0.488553,0.0138
DQN,1024,390,35100,301125.00,0.0348,0.475309,0.0206
DQN,1024,391,35190,298175.00,0.0323,0.460013,0.0270
DQN,1024,392,35280,304750.00,0.0298,0.490470,0.0127
DQN,1024,393,35370,300285.00,0.0273,0.479465,0.0136
DQN,1024,394,35460,299865.00,0.0249,0.486364,0.0128
DQN,1024,395,35550,303625.00,0.0224,0.463217,0.0150
DQN,1024,396,35640,317752.50,0.0199,0.452917,0.0151
DQN,1024,397,35730,322470.00,0.0174,0.437945,0.0145
DQN,1024,398,35820,301057.50,0.0150,0.429314,0.0124
DQN,1024,399,35910,312935.00,0.0125,0.443222,0.0129
DQN,1024,400,36000,306962.50,0.0100,0.444647,0.0130
DQN,1024,401,36090,307997.50,0.0100,0.461012,0.0133
DQN,1024,402,36180,315250.00,0.0100,0.465100,0.0164
DQN,1024,403,36270,301917.50,0.0100,0.454858,0.0131
DQN,1024,404,36360,322010.00,0.0100,0.443505,0.0131
DQN,1024,405,36450,318595.00,0.0100,0.449893,0.0129
DQN,1024,406,36540,308687.50,0.0100,0.439645,0.0130
DQN,1024,407,36630,314780.00,0.0100,0.462824,0.0164
DQN,1024,408,36720,313767.50,0.0100,0.440976,0.0136
DQN,1024,409,36810,313770.00,0.0100,0.446580,0.0126
DQN,1024,410,36900,308755.00,0.0100,0.457599,0.0130
DQN,1024,411,36990,314067.50,0.0100,0.456042,0.0134
DQN,1024,412,37080,311025.00,0.0100,0.478597,0.0131
DQN,1024,413,37170,308142.50,0.0100,0.472618,0.0134
DQN,1024,414,37260,310245.00,0.0100,0.495262,0.0156
DQN,1024,415,37350,313730.00,0.0100,0.483273,0.0130
DQN,1024,416,37440,307087.50,0.0100,0.489856,0.0124
DQN,1024,417,37530,308022.50,0.0100,0.467332,0.0134
DQN,1024,418,37620,303010.00,0.0100,0.472184,0.0128
DQN,1024,419,37710,313987.50,0.0100,0.482503,0.0148
DQN,1024,420,37800,309897.50,0.0100,0.481166,0.0158
DQN,1024,421,37890,327970.00,0.0100,0.473096,0.0127
DQN,1024,422,37980,306315.00,0.0100,0.463433,0.0130
DQN,1024,423,38070,308390.00,0.0100,0.471201,0.0131
DQN,1024,424,38160,310162.50,0.0100,0.487475,0.0220
DQN,1024,425,38250,312447.50,0.0100,0.488008,0.0132
DQN,1024,426,38340,314287.50,0.0100,0.478229,0.0133
DQN,1024,427,38430,310565.00,0.0100,0.504376,0.0136
DQN,1024,428,38520,317127.50,0.0100,0.489097,0.0162
DQN,1024,429,38610,310455.00,0.0100,0.482716,0.0126
DQN,1024,430,38700,319305.00,0.0100,0.477472,0.0134
DQN,1024,431,38790,305577.50,0.0100,0.496475,0.0129
DQN,1024,432,38880,320592.50,0.0100,0.480176,0.0132
DQN,1024,433,38970,304750.00,0.0100,0.488070,0.0132
DQN,1024,434,39060,315175.00,0.0100,0.498526,0.0151
DQN,1024,435,39150,305680.00,0.0100,0.494651,0.0145
DQN,1024,436,39240,308890.00,0.0100,0.467597,0.0126
DQN,1024,437,39330,303490.00,0.0100,0.472244,0.0130
DQN,1024,438,39420,307750.00,0.0100,0.487389,0.0137
DQN,1024,439,39510,302772.50,0.0100,0.500494,0.0129
DQN,1024,440,39600,302837.50,0.0100,0.550192,0.0149
DQN,1024,441,39690,304725.00,0.0100,0.546916,0.0123
DQN,1024,442,39780,312642.50,0.0100,0.559346,0.0125
DQN,1024,443,39870,298377.50,0.0100,0.539371,0.0158
DQN,1024,444,39960,305330.00,0.0100,0.551057,0.0128
DQN,1024,445,40050,307567.50,0.0100,0.511576,0.0130
DQN,1024,446,40140,314175.00,0.0100,0.467843,0.0132
DQN,1024,447,40230,306915.00,0.0100,0.477743,0.0131
DQN,1024,448,40320,304422.50,0.0100,0.483517,0.0152
DQN,1024,449,40410,310330.00,0.0100,0.471928,0.0124
DQN,1024,450,40500,297892.50,0.0100,0.487061,0.0133
DQN,1024,451,40590,318955.00,0.0100,0.524243,0.0141
DQN,1024,452,40680,302972.50,0.0100,0.520732,0.0152
DQN,1024,453,40770,307640.00,0.0100,0.507288,0.0134
DQN,1024,454,40860,314275.00,0.0100,0.503814,0.0162
DQN,1024,455,40950,293695.00,0.0100,0.512411,0.0135
DQN,1024,456,41040,300457.50,0.0100,0.510508,0.0125
DQN,1024,457,41130,306157.50,0.0100,0.532919,0.0125
DQN,1024,458,41220,320062.50,0.0100,0.530651,0.0170
DQN,1024,459,41310,310702.50,0.0100,0.526820,0.0142
DQN,1024,460,41400,305962.50,0.0100,0.543863,0.0134
DQN,1024,461,41490,306177.50,0.0100,0.522164,0.0135
DQN,1024,462,41580,305975.00,0.0100,0.537771,0.0127
DQN,1024,463,41670,298922.50,0.0100,0.550515,0.0129
DQN,1024,464,41760,323222.50,0.0100,0.528285,0.0155
DQN,1024,465,41850,299252.50,0.0100,0.538447,0.0129
DQN,1024,466,41940,296477.50,0.0100,0.540389,0.0130
DQN,1024,467,42030,298660.00,0.0100,0.550150,0.0153
DQN,1024,468,42120,309545.00,0.0100,0.601504,0.0124
DQN,1024,469,42210,298875.00,0.0100,0.557815,0.0129
DQN,1024,470,42300,304622.50,0.0100,0.578438,0.0131
DQN,1024,471,42390,303932.50,0.0100,0.571565,0.0131
DQN,1024,472,42480,305890.00,0.0100,0.595451,0.0148
DQN,1024,473,42570,304520.00,0.0100,0.526766,0.0138
DQN,1024,474,42660,299757.50,0.0100,0.535192,0.0135
DQN,1024,475,42750,297280.00,0.0100,0.511078,0.0154
DQN,1024,476,42840,322012.50,0.0100,0.530389,0.0125
DQN,1024,477,42930,305550.00,0.0100,0.513505,0.0153
DQN,1024,478,43020,313612.50,0.0100,0.539476,0.0122
DQN,1024,479,43110,318032.50,0.0100,0.565577,0.0124
DQN,1024,480,43200,300252.50,0.0100,0.571290,0.0127
DQN,1024,481,43290,300022.50,0.0100,0.563016,0.0127
DQN,1024,482,43380,302560.00,0.0100,0.562479,0.0127
DQN,1024,483,43470,304302.50,0.0100,0.574616,0.0127
DQN,1024,484,43560,292865.00,0.0100,0.560795,0.0134
DQN,1024,485,43650,299710.00,0.0100,0.546930,0.0128
DQN,1024,486,43740,305690.00,0.0100,0.538768,0.0128
DQN,1024,487,43830,307870.00,0.0100,0.549581,0.0128
DQN,1024,488,43920,304095.00,0.0100,0.533837,0.0128
DQN,1024,489,44010,312707.50,0.0100,0.529215,0.0128
DQN,1024,490,44100,305132.50,0.0100,0.536666,0.0128
DQN,1024,491,44190,306745.00,0.0100,0.521013,0.0129
DQN,1024,492,44280,300807.50,0.0100,0.544284,0.0128
DQN,1024,493,44370,291715.00,0.0100,0.509753,0.0128
DQN,1024,494,44460,294697.50,0.0100,0.504088,0.0129
DQN,1024,495,44550,293420.00,0.0100,0.542666,0.0129
DQN,1024,496,44640,301817.50,0.0100,0.519791,0.0129
DQN,1024,497,44730,317427.50,0.0100,0.521531,0.0128
DQN,1024,498,44820,301970.00,0.0100,0.538162,0.0129
DQN,1024,499,44910,310722.50,0.0100,0.535091,0.0140
DQN,1024,500,45000,314792.50,0.0100,0.520884,0.0171
