policy,seed,episode,total_steps,reward,epsilon,loss,duration_sec
DQN,42,1,90,120610.00,0.9975,0.000000,0.0005
DQN,42,2,180,172257.50,0.9950,0.000000,0.0004
DQN,42,3,270,88025.00,0.9926,0.000000,0.0004
DQN,42,4,360,132415.00,0.9901,0.000000,0.0004
DQN,42,5,450,67200.00,0.9876,0.000000,0.0004
DQN,42,6,540,151772.50,0.9851,3.829365,0.0069
DQN,42,7,630,164490.00,0.9827,2.437183,0.0142
DQN,42,8,720,113867.50,0.9802,1.403878,0.0151
DQN,42,9,810,31767.50,0.9777,1.345885,0.0151
DQN,42,10,900,67885.00,0.9752,1.266588,0.0146
DQN,42,11,990,136607.50,0.9728,1.186522,0.0152
DQN,42,12,1080,99615.00,0.9703,2.635391,0.0139
DQN,42,13,1170,133750.00,0.9678,1.118167,0.0138
DQN,42,14,1260,158012.50,0.9654,1.081401,0.0141
DQN,42,15,1350,128682.50,0.9629,1.046228,0.0142
DQN,42,16,1440,145562.50,0.9604,1.040262,0.0152
DQN,42,17,1530,123882.50,0.9579,1.839921,0.0139
DQN,42,18,1620,147590.00,0.9555,1.197668,0.0148
DQN,42,19,1710,174225.00,0.9530,1.087194,0.0141
DQN,42,20,1800,114140.00,0.9505,1.026347,0.0143
DQN,42,21,1890,115715.00,0.9480,0.962210,0.0137
DQN,42,22,1980,109095.00,0.9456,0.922239,0.0153
DQN,42,23,2070,139177.50,0.9431,1.537264,0.0154
DQN,42,24,2160,189742.50,0.9406,0.998770,0.0140
DQN,42,25,2250,190460.00,0.9381,0.905769,0.0147
DQN,42,26,2340,117365.00,0.9356,0.828752,0.0152
DQN,42,27,2430,152932.50,0.9332,0.851060,0.0153
DQN,42,28,2520,182560.00,0.9307,1.270115,0.0157
DQN,42,29,2610,108715.00,0.9282,1.057545,0.0168
DQN,42,30,2700,99607.50,0.9257,0.926929,0.0156
DQN,42,31,2790,93447.50,0.9233,0.946909,0.0153
DQN,42,32,2880,171750.00,0.9208,0.914215,0.0162
DQN,42,33,2970,161265.00,0.9183,0.847135,0.0157
DQN,42,34,3060,128722.50,0.9159,1.414309,0.0158
DQN,42,35,3150,136130.00,0.9134,1.000185,0.0161
DQN,42,36,3240,113555.00,0.9109,0.883961,0.0154
DQN,42,37,3330,151995.00,0.9084,0.867258,0.0140
DQN,42,38,3420,114640.00,0.9060,0.869175,0.0132
DQN,42,39,3510,111650.00,0.9035,1.095158,0.0150
DQN,42,40,3600,133165.00,0.9010,1.085394,0.0149
DQN,42,41,3690,159355.00,0.8985,0.922222,0.0141
DQN,42,42,3780,147852.50,0.8961,0.889344,0.0141
DQN,42,43,3870,135532.50,0.8936,0.852756,0.0136
DQN,42,44,3960,159745.00,0.8911,0.823752,0.0151
DQN,42,45,4050,119920.00,0.8886,1.111573,0.0147
DQN,42,46,4140,144345.00,0.8861,0.766274,0.0135
DQN,42,47,4230,135150.00,0.8837,0.783135,0.0159
DQN,42,48,4320,179615.00,0.8812,0.785372,0.0138
DQN,42,49,4410,47392.50,0.8787,0.819605,0.0139
DQN,42,50,4500,167130.00,0.8762,0.837334,0.0152
DQN,42,51,4590,150277.50,0.8738,0.926442,0.0173
DQN,42,52,4680,173367.50,0.8713,0.688154,0.0142
DQN,42,53,4770,162930.00,0.8688,0.672303,0.0149
DQN,42,54,4860,128607.50,0.8663,0.696025,0.0158
DQN,42,55,4950,183485.00,0.8639,0.690282,0.0148
DQN,42,56,5040,147157.50,0.8614,0.693619,0.0143
DQN,42,57,5130,153242.50,0.8589,0.624040,0.0136
DQN,42,58,5220,113742.50,0.8565,0.604740,0.0154
DQN,42,59,5310,128777.50,0.8540,0.590808,0.0169
DQN,42,60,5400,184002.50,0.8515,0.520874,0.0147
DQN,42,61,5490,152242.50,0.8490,0.523472,0.0145
DQN,42,62,5580,166217.50,0.8466,0.585219,0.0155
DQN,42,63,5670,166092.50,0.8441,0.529240,0.0148
DQN,42,64,5760,172462.50,0.8416,0.514782,0.0151
DQN,42,65,5850,173725.00,0.8391,0.473151,0.0161
DQN,42,66,5940,170140.00,0.8367,0.479665,0.0165
DQN,42,67,6030,130287.50,0.8342,0.510157,0.0140
DQN,42,68,6120,107400.00,0.8317,0.522693,0.0148
DQN,42,69,6210,131060.00,0.8292,0.519141,0.0139
DQN,42,70,6300,154675.00,0.8267,0.515434,0.0153
DQN,42,71,6390,77805.00,0.8243,0.580304,0.0157
DQN,42,72,6480,184855.00,0.8218,0.594528,0.0144
DQN,42,73,6570,171887.50,0.8193,0.603110,0.0153
DQN,42,74,6660,117632.50,0.8168,0.548793,0.0150
DQN,42,75,6750,100520.00,0.8144,0.562405,0.0189
DQN,42,76,6840,146800.00,0.8119,0.603680,0.0173
DQN,42,77,6930,182050.00,0.8094,0.597590,0.0196
DQN,42,78,7020,171092.50,0.8070,0.597056,0.0158
DQN,42,79,7110,159197.50,0.8045,0.606904,0.0141
DQN,42,80,7200,199410.00,0.8020,0.576522,0.0171
DQN,42,81,7290,188905.00,0.7995,0.537649,0.0148
DQN,42,82,7380,151205.00,0.7971,0.531489,0.0158
DQN,42,83,7470,178890.00,0.7946,0.530498,0.0169
DQN,42,84,7560,191457.50,0.7921,0.529029,0.0170
DQN,42,85,7650,199152.50,0.7896,0.480857,0.0162
DQN,42,86,7740,174535.00,0.7872,0.512946,0.0149
DQN,42,87,7830,163262.50,0.7847,0.469391,0.0147
DQN,42,88,7920,118335.00,0.7822,0.445278,0.0137
DQN,42,89,8010,174810.00,0.7797,0.451540,0.0143
DQN,42,90,8100,205137.50,0.7772,0.403411,0.0150
DQN,42,91,8190,173957.50,0.7748,0.393851,0.0139
DQN,42,92,8280,210320.00,0.7723,0.367299,0.0144
DQN,42,93,8370,187557.50,0.7698,0.392475,0.0136
DQN,42,94,8460,186552.50,0.7673,0.372311,0.0156
DQN,42,95,8550,206850.00,0.7649,0.398426,0.0158
DQN,42,96,8640,205812.50,0.7624,0.402490,0.0150
DQN,42,97,8730,126525.00,0.7599,0.401724,0.0142
DQN,42,98,8820,225710.00,0.7574,0.417188,0.0142
DQN,42,99,8910,193122.50,0.7550,0.426498,0.0152
DQN,42,100,9000,167025.00,0.7525,0.432027,0.0144
DQN,42,101,9090,159065.00,0.7500,0.448738,0.0222
DQN,42,102,9180,207110.00,0.7475,0.463675,0.0297
DQN,42,103,9270,208052.50,0.7451,0.447293,0.0212
DQN,42,104,9360,232750.00,0.7426,0.426257,0.0176
DQN,42,105,9450,175160.00,0.7401,0.372146,0.0134
DQN,42,106,9540,208830.00,0.7376,0.367700,0.0137
DQN,42,107,9630,210067.50,0.7352,0.330653,0.0138
DQN,42,108,9720,202475.00,0.7327,0.372596,0.0142
DQN,42,109,9810,155390.00,0.7302,0.355966,0.0174
DQN,42,110,9900,197592.50,0.7278,0.387334,0.0141
DQN,42,111,9990,208865.00,0.7253,0.383575,0.0156
DQN,42,112,10080,154872.50,0.7228,0.399794,0.0153
DQN,42,113,10170,205905.00,0.7203,0.416566,0.0141
DQN,42,114,10260,220760.00,0.7179,0.401581,0.0139
DQN,42,115,10350,184342.50,0.7154,0.396225,0.0145
DQN,42,116,10440,208262.50,0.7129,0.372731,0.0137
DQN,42,117,10530,212537.50,0.7104,0.353346,0.0160
DQN,42,118,10620,185080.00,0.7080,0.350951,0.0136
DQN,42,119,10710,222930.00,0.7055,0.345948,0.0156
DQN,42,120,10800,203597.50,0.7030,0.331933,0.0155
DQN,42,121,10890,193877.50,0.7005,0.370312,0.0157
DQN,42,122,10980,189962.50,0.6981,0.397774,0.0160
DQN,42,123,11070,145485.00,0.6956,0.459973,0.0149
DQN,42,124,11160,199780.00,0.6931,0.468519,0.0145
DQN,42,125,11250,161270.00,0.6906,0.448700,0.0160
DQN,42,126,11340,184935.00,0.6882,0.478018,0.0212
DQN,42,127,11430,207675.00,0.6857,0.485108,0.0187
DQN,42,128,11520,162997.50,0.6832,0.462619,0.0180
DQN,42,129,11610,194937.50,0.6807,0.451793,0.0159
DQN,42,130,11700,207405.00,0.6783,0.449503,0.0149
DQN,42,131,11790,189400.00,0.6758,0.421292,0.0156
DQN,42,132,11880,193267.50,0.6733,0.384665,0.0162
DQN,42,133,11970,215965.00,0.6708,0.392508,0.0143
DQN,42,134,12060,187320.00,0.6683,0.388722,0.0137
DQN,42,135,12150,215000.00,0.6659,0.416429,0.0140
DQN,42,136,12240,222122.50,0.6634,0.426957,0.0142
DQN,42,137,12330,186202.50,0.6609,0.398500,0.0142
DQN,42,138,12420,167412.50,0.6584,0.435153,0.0136
DQN,42,139,12510,198455.00,0.6560,0.484611,0.0212
DQN,42,140,12600,164695.00,0.6535,0.503477,0.0166
DQN,42,141,12690,204087.50,0.6510,0.465471,0.0152
DQN,42,142,12780,202642.50,0.6485,0.446573,0.0141
DQN,42,143,12870,224612.50,0.6461,0.462616,0.0154
DQN,42,144,12960,202790.00,0.6436,0.439912,0.0192
DQN,42,145,13050,212780.00,0.6411,0.443366,0.0173
DQN,42,146,13140,162407.50,0.6386,0.438163,0.0139
DQN,42,147,13230,193877.50,0.6362,0.440719,0.0152
DQN,42,148,13320,186040.00,0.6337,0.395378,0.0139
DQN,42,149,13410,194170.00,0.6312,0.354636,0.0146
DQN,42,150,13500,215172.50,0.6288,0.320375,0.0140
DQN,42,151,13590,178597.50,0.6263,0.334732,0.0160
DQN,42,152,13680,202640.00,0.6238,0.325664,0.0145
DQN,42,153,13770,211135.00,0.6213,0.292181,0.0140
DQN,42,154,13860,226970.00,0.6189,0.300062,0.0141
DQN,42,155,13950,180200.00,0.6164,0.295553,0.0149
DQN,42,156,14040,222335.00,0.6139,0.311129,0.0182
DQN,42,157,14130,189660.00,0.6114,0.306949,0.0178
DQN,42,158,14220,228307.50,0.6089,0.296329,0.0142
DQN,42,159,14310,212525.00,0.6065,0.303210,0.0153
DQN,42,160,14400,214972.50,0.6040,0.282912,0.0159
DQN,42,161,14490,217637.50,0.6015,0.286627,0.0158
DQN,42,162,14580,209395.00,0.5990,0.289138,0.0159
DQN,42,163,14670,205840.00,0.5966,0.315535,0.0162
DQN,42,164,14760,203790.00,0.5941,0.369591,0.0135
DQN,42,165,14850,204262.50,0.5916,0.371158,0.0137
DQN,42,166,14940,204047.50,0.5892,0.388009,0.0161
DQN,42,167,15030,212850.00,0.5867,0.405387,0.0146
DQN,42,168,15120,219437.50,0.5842,0.408856,0.0145
DQN,42,169,15210,210222.50,0.5817,0.366657,0.0162
DQN,42,170,15300,188402.50,0.5793,0.337653,0.0162
DQN,42,171,15390,206460.00,0.5768,0.339573,0.0167
DQN,42,172,15480,185070.00,0.5743,0.318123,0.0162
DQN,42,173,15570,212607.50,0.5718,0.323437,0.0140
DQN,42,174,15660,160560.00,0.5694,0.304030,0.0154
DQN,42,175,15750,197960.00,0.5669,0.319044,0.0146
DQN,42,176,15840,216560.00,0.5644,0.318217,0.0156
DQN,42,177,15930,195557.50,0.5619,0.308480,0.0201
DQN,42,178,16020,206875.00,0.5595,0.294505,0.0147
DQN,42,179,16110,192812.50,0.5570,0.280638,0.0161
DQN,42,180,16200,228630.00,0.5545,0.249627,0.0146
DQN,42,181,16290,213095.00,0.5520,0.229196,0.0149
DQN,42,182,16380,197755.00,0.5495,0.231340,0.0130
DQN,42,183,16470,215685.00,0.5471,0.277572,0.0161
DQN,42,184,16560,212580.00,0.5446,0.299735,0.0144
DQN,42,185,16650,195727.50,0.5421,0.301071,0.0154
DQN,42,186,16740,181282.50,0.5396,0.355814,0.0146
DQN,42,187,16830,192192.50,0.5372,0.376901,0.0146
DQN,42,188,16920,202402.50,0.5347,0.384439,0.0146
DQN,42,189,17010,221487.50,0.5322,0.387215,0.0179
DQN,42,190,17100,194217.50,0.5297,0.414771,0.0178
DQN,42,191,17190,220295.00,0.5273,0.393419,0.0144
DQN,42,192,17280,199022.50,0.5248,0.348963,0.0156
DQN,42,193,17370,226615.00,0.5223,0.318500,0.0193
DQN,42,194,17460,196940.00,0.5199,0.282505,0.0157
DQN,42,195,17550,230290.00,0.5174,0.262281,0.0147
DQN,42,196,17640,233237.50,0.5149,0.259551,0.0191
DQN,42,197,17730,204017.50,0.5124,0.282637,0.0188
DQN,42,198,17820,213242.50,0.5100,0.256016,0.0158
DQN,42,199,17910,228575.00,0.5075,0.271756,0.0150
DQN,42,200,18000,219780.00,0.5050,0.273916,0.0156
DQN,42,201,18090,208012.50,0.5025,0.291048,0.0159
DQN,42,202,18180,220035.00,0.5000,0.304163,0.0148
DQN,42,203,18270,197825.00,0.4976,0.282358,0.0152
DQN,42,204,18360,204490.00,0.4951,0.293218,0.0145
DQN,42,205,18450,228742.50,0.4926,0.289031,0.0138
DQN,42,206,18540,200972.50,0.4901,0.280614,0.0159
DQN,42,207,18630,204152.50,0.4877,0.265631,0.0155
DQN,42,208,18720,210792.50,0.4852,0.223303,0.0145
DQN,42,209,18810,230002.50,0.4827,0.217789,0.0138
DQN,42,210,18900,221425.00,0.4802,0.214322,0.0164
DQN,42,211,18990,190685.00,0.4778,0.217333,0.0170
DQN,42,212,19080,209555.00,0.4753,0.263217,0.0140
DQN,42,213,19170,230760.00,0.4728,0.255499,0.0144
DQN,42,214,19260,215625.00,0.4703,0.266035,0.0130
DQN,42,215,19350,226902.50,0.4679,0.255471,0.0135
DQN,42,216,19440,227597.50,0.4654,0.267498,0.0151
DQN,42,217,19530,221507.50,0.4629,0.246431,0.0188
DQN,42,218,19620,240757.50,0.4604,0.234088,0.0151
DQN,42,219,19710,223277.50,0.4580,0.252143,0.0147
DQN,42,220,19800,201850.00,0.4555,0.245725,0.0152
DQN,42,221,19890,215725.00,0.4530,0.254860,0.0148
DQN,42,222,19980,231165.00,0.4506,0.248131,0.0149
DQN,42,223,20070,213572.50,0.4481,0.239794,0.0151
DQN,42,224,20160,228500.00,0.4456,0.243719,0.0134
DQN,42,225,20250,225517.50,0.4431,0.240539,0.0137
DQN,42,226,20340,198652.50,0.4407,0.218681,0.0153
DQN,42,227,20430,222832.50,0.4382,0.213704,0.0140
DQN,42,228,20520,226712.50,0.4357,0.238551,0.0150
DQN,42,229,20610,204140.00,0.4332,0.243655,0.0204
DQN,42,230,20700,210095.00,0.4308,0.232914,0.0173
DQN,42,231,20790,223717.50,0.4283,0.235411,0.0146
DQN,42,232,20880,185802.50,0.4258,0.216023,0.0140
DQN,42,233,20970,215902.50,0.4233,0.183814,0.0143
DQN,42,234,21060,216207.50,0.4209,0.181810,0.0171
DQN,42,235,21150,215815.00,0.4184,0.179128,0.0155
DQN,42,236,21240,230237.50,0.4159,0.184676,0.0153
DQN,42,237,21330,228110.00,0.4134,0.212653,0.0156
DQN,42,238,21420,215465.00,0.4110,0.217003,0.0148
DQN,42,239,21510,238945.00,0.4085,0.228019,0.0137
DQN,42,240,21600,229930.00,0.4060,0.246783,0.0139
DQN,42,241,21690,219692.50,0.4035,0.233187,0.0169
DQN,42,242,21780,225065.00,0.4011,0.240371,0.0144
DQN,42,243,21870,206330.00,0.3986,0.254482,0.0149
DQN,42,244,21960,213160.00,0.3961,0.268282,0.0145
DQN,42,245,22050,210372.50,0.3936,0.273656,0.0155
DQN,42,246,22140,204860.00,0.3911,0.276677,0.0169
DQN,42,247,22230,213640.00,0.3887,0.270166,0.0147
DQN,42,248,22320,206760.00,0.3862,0.244018,0.0142
DQN,42,249,22410,233755.00,0.3837,0.216339,0.0194
DQN,42,250,22500,211317.50,0.3812,0.199658,0.0153
DQN,42,251,22590,237335.00,0.3788,0.208073,0.0167
DQN,42,252,22680,227815.00,0.3763,0.188030,0.0152
DQN,42,253,22770,217817.50,0.3738,0.194461,0.0143
DQN,42,254,22860,213067.50,0.3713,0.194522,0.0141
DQN,42,255,22950,225647.50,0.3689,0.206504,0.0140
DQN,42,256,23040,227212.50,0.3664,0.234060,0.0141
DQN,42,257,23130,212867.50,0.3639,0.225993,0.0141
DQN,42,258,23220,230177.50,0.3614,0.225860,0.0141
DQN,42,259,23310,201137.50,0.3590,0.223090,0.0141
DQN,42,260,23400,228817.50,0.3565,0.205056,0.0141
DQN,42,261,23490,237980.00,0.3540,0.205165,0.0186
DQN,42,262,23580,237200.00,0.3516,0.203302,0.0193
DQN,42,263,23670,232417.50,0.3491,0.205987,0.0173
DQN,42,264,23760,242252.50,0.3466,0.231956,0.0173
DQN,42,265,23850,239310.00,0.3441,0.228558,0.0229
DQN,42,266,23940,224570.00,0.3417,0.233010,0.0132
DQN,42,267,24030,230810.00,0.3392,0.213665,0.0135
DQN,42,268,24120,216335.00,0.3367,0.207491,0.0232
DQN,42,269,24210,231997.50,0.3342,0.202136,0.0161
DQN,42,270,24300,211042.50,0.3317,0.199573,0.0171
DQN,42,271,24390,214555.00,0.3293,0.210820,0.0160
DQN,42,272,24480,232357.50,0.3268,0.194826,0.0183
DQN,42,273,24570,233222.50,0.3243,0.185214,0.0147
DQN,42,274,24660,222482.50,0.3218,0.188252,0.0184
DQN,42,275,24750,234425.00,0.3194,0.182074,0.0194
DQN,42,276,24840,228515.00,0.3169,0.175664,0.0139
DQN,42,277,24930,238570.00,0.3144,0.176027,0.0158
DQN,42,278,25020,226487.50,0.3120,0.185247,0.0136
DQN,42,279,25110,229262.50,0.3095,0.191039,0.0140
DQN,42,280,25200,207452.50,0.3070,0.191062,0.0147
DQN,42,281,25290,230172.50,0.3045,0.201518,0.0139
DQN,42,282,25380,224960.00,0.3021,0.201992,0.0139
DQN,42,283,25470,241940.00,0.2996,0.198906,0.0142
DQN,42,284,25560,219372.50,0.2971,0.205909,0.0142
DQN,42,285,25650,228025.00,0.2946,0.208138,0.0141
DQN,42,286,25740,220950.00,0.2922,0.215385,0.0141
DQN,42,287,25830,223390.00,0.2897,0.213608,0.0142
DQN,42,288,25920,233980.00,0.2872,0.196225,0.0142
DQN,42,289,26010,227407.50,0.2847,0.198902,0.0142
DQN,42,290,26100,227162.50,0.2823,0.191507,0.0142
DQN,42,291,26190,230647.50,0.2798,0.191453,0.0142
DQN,42,292,26280,233897.50,0.2773,0.197730,0.0141
DQN,42,293,26370,233077.50,0.2748,0.213888,0.0142
DQN,42,294,26460,231862.50,0.2723,0.205730,0.0142
DQN,42,295,26550,218450.00,0.2699,0.237269,0.0141
DQN,42,296,26640,225690.00,0.2674,0.245052,0.0158
DQN,42,297,26730,210522.50,0.2649,0.231571,0.0153
DQN,42,298,26820,241872.50,0.2624,0.231384,0.0162
DQN,42,299,26910,232080.00,0.2600,0.239185,0.0161
DQN,42,300,27000,243317.50,0.2575,0.224362,0.0164
DQN,42,301,27090,222360.00,0.2550,0.207556,0.0178
DQN,42,302,27180,229182.50,0.2526,0.230277,0.0137
DQN,42,303,27270,225135.00,0.2501,0.228216,0.0164
DQN,42,304,27360,220965.00,0.2476,0.235116,0.0151
DQN,42,305,27450,234230.00,0.2451,0.211125,0.0150
DQN,42,306,27540,226292.50,0.2427,0.214852,0.0154
DQN,42,307,27630,224260.00,0.2402,0.222568,0.0164
DQN,42,308,27720,215087.50,0.2377,0.224835,0.0137
DQN,42,309,27810,222995.00,0.2352,0.247257,0.0148
DQN,42,310,27900,246900.00,0.2328,0.259484,0.0160
DQN,42,311,27990,235672.50,0.2303,0.252450,0.0155
DQN,42,312,28080,229597.50,0.2278,0.254258,0.0172
DQN,42,313,28170,219857.50,0.2253,0.224726,0.0159
DQN,42,314,28260,222207.50,0.2228,0.205240,0.0160
DQN,42,315,28350,232777.50,0.2204,0.192147,0.0151
DQN,42,316,28440,238452.50,0.2179,0.168319,0.0159
DQN,42,317,28530,232685.00,0.2154,0.147764,0.0189
DQN,42,318,28620,206667.50,0.2129,0.157523,0.0184
DQN,42,319,28710,237132.50,0.2105,0.160340,0.0163
DQN,42,320,28800,231047.50,0.2080,0.174427,0.0241
DQN,42,321,28890,243085.00,0.2055,0.188067,0.0160
DQN,42,322,28980,237192.50,0.2030,0.194242,0.0141
DQN,42,323,29070,226990.00,0.2006,0.221952,0.0148
DQN,42,324,29160,241395.00,0.1981,0.230587,0.0149
DQN,42,325,29250,236640.00,0.1956,0.237752,0.0149
DQN,42,326,29340,226427.50,0.1932,0.221740,0.0157
DQN,42,327,29430,222537.50,0.1907,0.225179,0.0172
DQN,42,328,29520,222727.50,0.1882,0.212524,0.0156
DQN,42,329,29610,232090.00,0.1857,0.168469,0.0152
DQN,42,330,29700,211297.50,0.1833,0.149698,0.0169
DQN,42,331,29790,212727.50,0.1808,0.132271,0.0157
DQN,42,332,29880,225297.50,0.1783,0.139227,0.0159
DQN,42,333,29970,237037.50,0.1758,0.149038,0.0163
DQN,42,334,30060,235150.00,0.1734,0.156256,0.0173
DQN,42,335,30150,228612.50,0.1709,0.172116,0.0187
DQN,42,336,30240,220610.00,0.1684,0.215562,0.0155
DQN,42,337,30330,235817.50,0.1659,0.228893,0.0142
DQN,42,338,30420,229085.00,0.1634,0.249783,0.0166
DQN,42,339,30510,224660.00,0.1610,0.281659,0.0145
DQN,42,340,30600,221945.00,0.1585,0.329927,0.0149
DQN,42,341,30690,230922.50,0.1560,0.337483,0.0165
DQN,42,342,30780,212097.50,0.1536,0.294510,0.0213
DQN,42,343,30870,235817.50,0.1511,0.259154,0.0154
DQN,42,344,30960,223425.00,0.1486,0.223593,0.0160
DQN,42,345,31050,246480.00,0.1461,0.194520,0.0179
DQN,42,346,31140,221605.00,0.1437,0.166254,0.0200
DQN,42,347,31230,215732.50,0.1412,0.145140,0.0140
DQN,42,348,31320,231250.00,0.1387,0.147162,0.0169
DQN,42,349,31410,218282.50,0.1362,0.157686,0.0155
DQN,42,350,31500,234645.00,0.1338,0.147443,0.0146
DQN,42,351,31590,225912.50,0.1313,0.126749,0.0158
DQN,42,352,31680,231720.00,0.1288,0.127515,0.0143
DQN,42,353,31770,226277.50,0.1263,0.129356,0.0154
DQN,42,354,31860,231895.00,0.1239,0.137487,0.0155
DQN,42,355,31950,236370.00,0.1214,0.148581,0.0137
DQN,42,356,32040,225325.00,0.1189,0.151570,0.0155
DQN,42,357,32130,224270.00,0.1164,0.154434,0.0166
DQN,42,358,32220,228050.00,0.1139,0.143254,0.0157
DQN,42,359,32310,241175.00,0.1115,0.141068,0.0141
DQN,42,360,32400,225060.00,0.1090,0.129361,0.0163
DQN,42,361,32490,230122.50,0.1065,0.105982,0.0183
DQN,42,362,32580,228057.50,0.1040,0.098391,0.0176
DQN,42,363,32670,238152.50,0.1016,0.098226,0.0149
DQN,42,364,32760,225197.50,0.0991,0.103036,0.0239
DQN,42,365,32850,243625.00,0.0966,0.123046,0.0181
DQN,42,366,32940,229010.00,0.0941,0.122206,0.0134
DQN,42,367,33030,236037.50,0.0917,0.148607,0.0169
DQN,42,368,33120,226822.50,0.0892,0.168195,0.0148
DQN,42,369,33210,224615.00,0.0867,0.164668,0.0144
DQN,42,370,33300,233630.00,0.0842,0.165709,0.0168
DQN,42,371,33390,222437.50,0.0818,0.161606,0.0153
DQN,42,372,33480,225075.00,0.0793,0.159946,0.0159
DQN,42,373,33570,233715.00,0.0768,0.157112,0.0160
DQN,42,374,33660,238755.00,0.0743,0.160333,0.0160
DQN,42,375,33750,243982.50,0.0719,0.156620,0.0149
DQN,42,376,33840,230865.00,0.0694,0.145646,0.0157
DQN,42,377,33930,217820.00,0.0669,0.151826,0.0153
DQN,42,378,34020,230180.00,0.0645,0.127569,0.0164
DQN,42,379,34110,239335.00,0.0620,0.129593,0.0163
DQN,42,380,34200,235245.00,0.0595,0.140698,0.0150
DQN,42,381,34290,246330.00,0.0570,0.150042,0.0183
DQN,42,382,34380,233870.00,0.0546,0.158508,0.0197
DQN,42,383,34470,235025.00,0.0521,0.161074,0.0142
DQN,42,384,34560,238320.00,0.0496,0.208297,0.0151
DQN,42,385,34650,220657.50,0.0471,0.192761,0.0149
DQN,42,386,34740,238160.00,0.0447,0.191514,0.0151
DQN,42,387,34830,232300.00,0.0422,0.189770,0.0157
DQN,42,388,34920,238707.50,0.0397,0.171157,0.0166
DQN,42,389,35010,233457.50,0.0372,0.166361,0.0197
DQN,42,390,35100,231402.50,0.0348,0.182936,0.0161
DQN,42,391,35190,234327.50,0.0323,0.187580,0.0155
DQN,42,392,35280,241445.00,0.0298,0.186339,0.0161
DQN,42,393,35370,235822.50,0.0273,0.170274,0.0143
DQN,42,394,35460,241730.00,0.0249,0.181876,0.0154
DQN,42,395,35550,243897.50,0.0224,0.164861,0.0223
DQN,42,396,35640,230155.00,0.0199,0.152772,0.0162
DQN,42,397,35730,238700.00,0.0174,0.166020,0.0152
DQN,42,398,35820,237745.00,0.0150,0.180693,0.0154
DQN,42,399,35910,235562.50,0.0125,0.191028,0.0153
DQN,42,400,36000,230585.00,0.0100,0.191733,0.0150
DQN,42,401,36090,230332.50,0.0100,0.201186,0.0156
DQN,42,402,36180,232277.50,0.0100,0.181437,0.0157
DQN,42,403,36270,229435.00,0.0100,0.171040,0.0143
DQN,42,404,36360,231192.50,0.0100,0.153424,0.0139
DQN,42,405,36450,231532.50,0.0100,0.142405,0.0156
DQN,42,406,36540,220635.00,0.0100,0.121841,0.0147
DQN,42,407,36630,230277.50,0.0100,0.117895,0.0156
DQN,42,408,36720,242400.00,0.0100,0.123675,0.0143
DQN,42,409,36810,229270.00,0.0100,0.133250,0.0162
DQN,42,410,36900,234900.00,0.0100,0.148856,0.0153
DQN,42,411,36990,243337.50,0.0100,0.178696,0.0163
DQN,42,412,37080,236587.50,0.0100,0.214194,0.0182
DQN,42,413,37170,228830.00,0.0100,0.214149,0.0153
DQN,42,414,37260,236330.00,0.0100,0.214478,0.0150
DQN,42,415,37350,241277.50,0.0100,0.206718,0.0150
DQN,42,416,37440,236642.50,0.0100,0.191670,0.0155
DQN,42,417,37530,231007.50,0.0100,0.179113,0.0153
DQN,42,418,37620,235047.50,0.0100,0.181636,0.0140
DQN,42,419,37710,228972.50,0.0100,0.146707,0.0151
DQN,42,420,37800,239142.50,0.0100,0.144179,0.0144
DQN,42,421,37890,237900.00,0.0100,0.133175,0.0157
DQN,42,422,37980,232822.50,0.0100,0.139814,0.0151
DQN,42,423,38070,232447.50,0.0100,0.145233,0.0147
DQN,42,424,38160,229355.00,0.0100,0.163708,0.0150
DQN,42,425,38250,237435.00,0.0100,0.201324,0.0158
DQN,42,426,38340,228350.00,0.0100,0.206992,0.0145
DQN,42,427,38430,225520.00,0.0100,0.216469,0.0148
DQN,42,428,38520,243897.50,0.0100,0.239931,0.0134
DQN,42,429,38610,223367.50,0.0100,0.245840,0.0161
DQN,42,430,38700,245232.50,0.0100,0.229890,0.0196
DQN,42,431,38790,247662.50,0.0100,0.223820,0.0152
DQN,42,432,38880,231782.50,0.0100,0.233215,0.0152
DQN,42,433,38970,239772.50,0.0100,0.244202,0.0162
DQN,42,434,39060,235672.50,0.0100,0.235899,0.0161
DQN,42,435,39150,246970.00,0.0100,0.223486,0.0142
DQN,42,436,39240,237975.00,0.0100,0.217305,0.0153
DQN,42,437,39330,241252.50,0.0100,0.182037,0.0164
DQN,42,438,39420,229977.50,0.0100,0.153465,0.0162
DQN,42,439,39510,235482.50,0.0100,0.129430,0.0161
DQN,42,440,39600,244632.50,0.0100,0.122362,0.0165
DQN,42,441,39690,237630.00,0.0100,0.142707,0.0155
DQN,42,442,39780,235967.50,0.0100,0.159248,0.0157
DQN,42,443,39870,238025.00,0.0100,0.191266,0.0157
DQN,42,444,39960,235525.00,0.0100,0.204767,0.0186
DQN,42,445,40050,242045.00,0.0100,0.197741,0.0192
DQN,42,446,40140,236287.50,0.0100,0.179281,0.0157
DQN,42,447,40230,224885.00,0.0100,0.148665,0.0166
DQN,42,448,40320,227355.00,0.0100,0.139284,0.0166
DQN,42,449,40410,222552.50,0.0100,0.124367,0.0154
DQN,42,450,40500,231652.50,0.0100,0.105800,0.0208
DQN,42,451,40590,228022.50,0.0100,0.089779,0.0146
DQN,42,452,40680,211637.50,0.0100,0.094566,0.0163
DQN,42,453,40770,225760.00,0.0100,0.096213,0.0158
DQN,42,454,40860,241425.00,0.0100,0.107917,0.0155
DQN,42,455,40950,235200.00,0.0100,0.112747,0.0151
DQN,42,456,41040,240072.50,0.0100,0.146006,0.0165
DQN,42,457,41130,232302.50,0.0100,0.143787,0.0150
DQN,42,458,41220,237440.00,0.0100,0.139686,0.0150
DQN,42,459,41310,232027.50,0.0100,0.140259,0.0155
DQN,42,460,41400,227070.00,0.0100,0.124067,0.0156
DQN,42,461,41490,243140.00,0.0100,0.118832,0.0166
DQN,42,462,41580,221672.50,0.0100,0.103738,0.0160
DQN,42,463,41670,223367.50,0.0100,0.099147,0.0150
DQN,42,464,41760,240357.50,0.0100,0.101908,0.0141
DQN,42,465,41850,229372.50,0.0100,0.112736,0.0214
DQN,42,466,41940,223930.00,0.0100,0.116605,0.0169
DQN,42,467,42030,225735.00,0.0100,0.109527,0.0138
DQN,42,468,42120,246595.00,0.0100,0.108758,0.0143
DQN,42,469,42210,236147.50,0.0100,0.109157,0.0140
DQN,42,470,42300,229677.50,0.0100,0.113621,0.0156
DQN,42,471,42390,238690.00,0.0100,0.120113,0.0158
DQN,42,472,42480,230815.00,0.0100,0.136944,0.0163
DQN,42,473,42570,223592.50,0.0100,0.164274,0.0170
DQN,42,474,42660,231117.50,0.0100,0.197875,0.0163
DQN,42,475,42750,226020.00,0.0100,0.203769,0.0149
DQN,42,476,42840,244092.50,0.0100,0.210733,0.0156
DQN,42,477,42930,234577.50,0.0100,0.203404,0.0153
DQN,42,478,43020,226692.50,0.0100,0.229829,0.0154
DQN,42,479,43110,236945.00,0.0100,0.255289,0.0161
DQN,42,480,43200,228967.50,0.0100,0.236054,0.0165
DQN,42,481,43290,235070.00,0.0100,0.206484,0.0156
DQN,42,482,43380,224227.50,0.0100,0.183930,0.0157
DQN,42,483,43470,232080.00,0.0100,0.174428,0.0138
DQN,42,484,43560,232220.00,0.0100,0.137570,0.0194
DQN,42,485,43650,235280.00,0.0100,0.109307,0.0172
DQN,42,486,43740,234170.00,0.0100,0.126611,0.0156
DQN,42,487,43830,236945.00,0.0100,0.133756,0.0161
DQN,42,488,43920,243370.00,0.0100,0.148009,0.0166
DQN,42,489,44010,232985.00,0.0100,0.164912,0.0161
DQN,42,490,44100,220672.50,0.0100,0.151990,0.0163
DQN,42,491,44190,239210.00,0.0100,0.147117,0.0165
DQN,42,492,44280,232810.00,0.0100,0.141900,0.0136
DQN,42,493,44370,234470.00,0.0100,0.136974,0.0149
DQN,42,494,44460,237477.50,0.0100,0.133976,0.0142
DQN,42,495,44550,237290.00,0.0100,0.136105,0.0215
DQN,42,496,44640,224390.00,0.0100,0.157588,0.0158
DQN,42,497,44730,227590.00,0.0100,0.166123,0.0138
DQN,42,498,44820,234480.00,0.0100,0.180598,0.0144
DQN,42,499,44910,234875.00,0.0100,0.170027,0.0157
DQN,42,500,45000,237635.00,0.0100,0.174261,0.0166
DQN,123,1,90,181277.50,0.9975,0.000000,0.0018
DQN,123,2,180,166555.00,0.9950,0.000000,0.0005
DQN,123,3,270,97707.50,0.9926,0.000000,0.0005
DQN,123,4,360,131260.00,0.9901,0.000000,0.0005
DQN,123,5,450,88877.50,0.9876,0.000000,0.0005
DQN,123,6,540,132272.50,0.9851,3.472759,0.0073
DQN,123,7,630,119385.00,0.9827,2.298075,0.0155
DQN,123,8,720,154372.50,0.9802,1.406877,0.0132
DQN,123,9,810,136300.00,0.9777,1.390049,0.0136
DQN,123,10,900,155805.00,0.9752,1.359244,0.0152
DQN,123,11,990,206880.00,0.9728,1.294294,0.0146
DQN,123,12,1080,165520.00,0.9703,2.471066,0.0136
DQN,123,13,1170,155790.00,0.9678,1.278966,0.0207
DQN,123,14,1260,133847.50,0.9654,1.207927,0.0132
DQN,123,15,1350,34872.50,0.9629,1.134875,0.0131
DQN,123,16,1440,187822.50,0.9604,1.097494,0.0138
DQN,123,17,1530,198560.00,0.9579,1.706625,0.0147
DQN,123,18,1620,77450.00,0.9555,1.137819,0.0173
DQN,123,19,1710,143925.00,0.9530,1.019370,0.0183
DQN,123,20,1800,95190.00,0.9505,1.013955,0.0132
DQN,123,21,1890,66230.00,0.9480,1.005010,0.0137
DQN,123,22,1980,164242.50,0.9456,1.015072,0.0149
DQN,123,23,2070,150785.00,0.9431,1.584193,0.0152
DQN,123,24,2160,128190.00,0.9406,0.978785,0.0132
DQN,123,25,2250,182490.00,0.9381,0.856985,0.0145
DQN,123,26,2340,121382.50,0.9356,0.833157,0.0136
DQN,123,27,2430,99085.00,0.9332,0.798570,0.0141
DQN,123,28,2520,129340.00,0.9307,1.149191,0.0135
DQN,123,29,2610,194260.00,0.9282,0.956435,0.0139
DQN,123,30,2700,85782.50,0.9257,0.855040,0.0125
DQN,123,31,2790,144030.00,0.9233,0.853360,0.0135
DQN,123,32,2880,162030.00,0.9208,0.814754,0.0134
DQN,123,33,2970,202490.00,0.9183,0.805321,0.0146
DQN,123,34,3060,132730.00,0.9159,1.327248,0.0145
DQN,123,35,3150,197712.50,0.9134,0.936577,0.0130
DQN,123,36,3240,156912.50,0.9109,0.807774,0.0132
DQN,123,37,3330,110062.50,0.9084,0.768354,0.0136
DQN,123,38,3420,123415.00,0.9060,0.813863,0.0139
DQN,123,39,3510,118772.50,0.9035,1.056802,0.0132
DQN,123,40,3600,159007.50,0.9010,1.054431,0.0158
DQN,123,41,3690,130395.00,0.8985,0.895526,0.0133
DQN,123,42,3780,84692.50,0.8961,0.863789,0.0128
DQN,123,43,3870,130027.50,0.8936,0.868019,0.0135
DQN,123,44,3960,135587.50,0.8911,0.883338,0.0135
DQN,123,45,4050,164795.00,0.8886,1.156321,0.0137
DQN,123,46,4140,102722.50,0.8861,0.912653,0.0144
DQN,123,47,4230,158762.50,0.8837,0.882948,0.0127
DQN,123,48,4320,79542.50,0.8812,0.855028,0.0131
DQN,123,49,4410,167795.00,0.8787,0.846297,0.0137
DQN,123,50,4500,123832.50,0.8762,0.878777,0.0181
DQN,123,51,4590,131710.00,0.8738,0.998791,0.0149
DQN,123,52,4680,185210.00,0.8713,0.815954,0.0143
DQN,123,53,4770,207062.50,0.8688,0.809687,0.0135
DQN,123,54,4860,206875.00,0.8663,0.737921,0.0133
DQN,123,55,4950,117967.50,0.8639,0.740470,0.0127
DQN,123,56,5040,132587.50,0.8614,0.803604,0.0147
DQN,123,57,5130,154535.00,0.8589,0.652603,0.0145
DQN,123,58,5220,148835.00,0.8565,0.644671,0.0137
DQN,123,59,5310,168017.50,0.8540,0.630729,0.0134
DQN,123,60,5400,165910.00,0.8515,0.648030,0.0141
DQN,123,61,5490,162100.00,0.8490,0.619552,0.0128
DQN,123,62,5580,209485.00,0.8466,0.652174,0.0145
DQN,123,63,5670,139342.50,0.8441,0.503834,0.0154
DQN,123,64,5760,153600.00,0.8416,0.526669,0.0139
DQN,123,65,5850,172892.50,0.8391,0.498713,0.0138
DQN,123,66,5940,167962.50,0.8367,0.549182,0.0134
DQN,123,67,6030,185637.50,0.8342,0.597676,0.0150
DQN,123,68,6120,167442.50,0.8317,0.610743,0.0132
DQN,123,69,6210,141930.00,0.8292,0.593265,0.0134
DQN,123,70,6300,169302.50,0.8267,0.539731,0.0148
DQN,123,71,6390,191270.00,0.8243,0.534913,0.0142
DQN,123,72,6480,215445.00,0.8218,0.516268,0.0158
DQN,123,73,6570,201212.50,0.8193,0.522312,0.0154
DQN,123,74,6660,192672.50,0.8168,0.491830,0.0129
DQN,123,75,6750,189095.00,0.8144,0.480478,0.0220
DQN,123,76,6840,147567.50,0.8119,0.480778,0.0139
DQN,123,77,6930,176725.00,0.8094,0.468324,0.0160
DQN,123,78,7020,193985.00,0.8070,0.507296,0.0149
DQN,123,79,7110,171955.00,0.8045,0.509684,0.0136
DQN,123,80,7200,145637.50,0.8020,0.489727,0.0137
DQN,123,81,7290,154775.00,0.7995,0.541166,0.0136
DQN,123,82,7380,155202.50,0.7971,0.516657,0.0143
DQN,123,83,7470,213877.50,0.7946,0.525885,0.0147
DQN,123,84,7560,199570.00,0.7921,0.497175,0.0138
DQN,123,85,7650,196555.00,0.7896,0.424999,0.0137
DQN,123,86,7740,163832.50,0.7872,0.448279,0.0145
DQN,123,87,7830,152632.50,0.7847,0.464926,0.0137
DQN,123,88,7920,162987.50,0.7822,0.467940,0.0145
DQN,123,89,8010,226965.00,0.7797,0.511627,0.0216
DQN,123,90,8100,163085.00,0.7772,0.514982,0.0171
DQN,123,91,8190,152997.50,0.7748,0.532501,0.0130
DQN,123,92,8280,166735.00,0.7723,0.515195,0.0156
DQN,123,93,8370,185112.50,0.7698,0.528620,0.0136
DQN,123,94,8460,211542.50,0.7673,0.494739,0.0151
DQN,123,95,8550,176120.00,0.7649,0.483610,0.0137
DQN,123,96,8640,183355.00,0.7624,0.446262,0.0140
DQN,123,97,8730,181360.00,0.7599,0.418669,0.0135
DQN,123,98,8820,186517.50,0.7574,0.398782,0.0150
DQN,123,99,8910,114195.00,0.7550,0.402899,0.0148
DQN,123,100,9000,205497.50,0.7525,0.417774,0.0161
DQN,123,101,9090,207222.50,0.7500,0.450493,0.0158
DQN,123,102,9180,166697.50,0.7475,0.448189,0.0166
DQN,123,103,9270,180217.50,0.7451,0.470983,0.0170
DQN,123,104,9360,164460.00,0.7426,0.462848,0.0137
DQN,123,105,9450,182755.00,0.7401,0.424141,0.0157
DQN,123,106,9540,175150.00,0.7376,0.442847,0.0145
DQN,123,107,9630,184427.50,0.7352,0.397032,0.0151
DQN,123,108,9720,141697.50,0.7327,0.369155,0.0134
DQN,123,109,9810,181077.50,0.7302,0.382565,0.0136
DQN,123,110,9900,185230.00,0.7278,0.370016,0.0138
DQN,123,111,9990,175110.00,0.7253,0.383960,0.0140
DQN,123,112,10080,229410.00,0.7228,0.448687,0.0135
DQN,123,113,10170,170425.00,0.7203,0.425101,0.0132
DQN,123,114,10260,194497.50,0.7179,0.437620,0.0137
DQN,123,115,10350,212845.00,0.7154,0.415164,0.0157
DQN,123,116,10440,208370.00,0.7129,0.415795,0.0139
DQN,123,117,10530,185680.00,0.7104,0.456862,0.0189
DQN,123,118,10620,152732.50,0.7080,0.475555,0.0156
DQN,123,119,10710,206195.00,0.7055,0.442250,0.0142
DQN,123,120,10800,204217.50,0.7030,0.440152,0.0162
DQN,123,121,10890,204775.00,0.7005,0.461272,0.0160
DQN,123,122,10980,201260.00,0.6981,0.456873,0.0160
DQN,123,123,11070,155397.50,0.6956,0.474472,0.0167
DQN,123,124,11160,193352.50,0.6931,0.444596,0.0137
DQN,123,125,11250,163342.50,0.6906,0.472507,0.0197
DQN,123,126,11340,204467.50,0.6882,0.475318,0.0158
DQN,123,127,11430,168570.00,0.6857,0.491272,0.0139
DQN,123,128,11520,167845.00,0.6832,0.506159,0.0197
DQN,123,129,11610,191527.50,0.6807,0.485060,0.0161
DQN,123,130,11700,190090.00,0.6783,0.480163,0.0144
DQN,123,131,11790,179830.00,0.6758,0.461152,0.0228
DQN,123,132,11880,158300.00,0.6733,0.464170,0.0170
DQN,123,133,11970,132252.50,0.6708,0.458941,0.0130
DQN,123,134,12060,181437.50,0.6683,0.486705,0.0150
DQN,123,135,12150,196872.50,0.6659,0.450808,0.0149
DQN,123,136,12240,233987.50,0.6634,0.415570,0.0140
DQN,123,137,12330,203940.00,0.6609,0.410012,0.0155
DQN,123,138,12420,202852.50,0.6584,0.389765,0.0153
DQN,123,139,12510,197225.00,0.6560,0.388617,0.0153
DQN,123,140,12600,200247.50,0.6535,0.390077,0.0180
DQN,123,141,12690,159722.50,0.6510,0.424072,0.0136
DQN,123,142,12780,206257.50,0.6485,0.440702,0.0134
DQN,123,143,12870,177747.50,0.6461,0.472332,0.0150
DQN,123,144,12960,222122.50,0.6436,0.433968,0.0153
DQN,123,145,13050,213417.50,0.6411,0.431521,0.0164
DQN,123,146,13140,201232.50,0.6386,0.413473,0.0225
DQN,123,147,13230,201047.50,0.6362,0.372090,0.0158
DQN,123,148,13320,186105.00,0.6337,0.370642,0.0136
DQN,123,149,13410,196980.00,0.6312,0.353671,0.0140
DQN,123,150,13500,200857.50,0.6288,0.372079,0.0150
DQN,123,151,13590,203617.50,0.6263,0.320375,0.0234
DQN,123,152,13680,213700.00,0.6238,0.341210,0.0151
DQN,123,153,13770,215672.50,0.6213,0.343567,0.0136
DQN,123,154,13860,211015.00,0.6189,0.340690,0.0200
DQN,123,155,13950,196002.50,0.6164,0.357939,0.0237
DQN,123,156,14040,229935.00,0.6139,0.404405,0.0173
DQN,123,157,14130,197817.50,0.6114,0.421229,0.0144
DQN,123,158,14220,182700.00,0.6089,0.414987,0.0137
DQN,123,159,14310,203585.00,0.6065,0.439069,0.0135
DQN,123,160,14400,236837.50,0.6040,0.416269,0.0139
DQN,123,161,14490,217370.00,0.6015,0.400026,0.0142
DQN,123,162,14580,208247.50,0.5990,0.412817,0.0149
DQN,123,163,14670,196405.00,0.5966,0.380928,0.0154
DQN,123,164,14760,213410.00,0.5941,0.343411,0.0147
DQN,123,165,14850,222515.00,0.5916,0.327803,0.0143
DQN,123,166,14940,220542.50,0.5892,0.294373,0.0138
DQN,123,167,15030,207052.50,0.5867,0.298601,0.0133
DQN,123,168,15120,203270.00,0.5842,0.304667,0.0133
DQN,123,169,15210,201175.00,0.5817,0.291603,0.0192
DQN,123,170,15300,204577.50,0.5793,0.282950,0.0153
DQN,123,171,15390,187772.50,0.5768,0.320354,0.0160
DQN,123,172,15480,215510.00,0.5743,0.340086,0.0141
DQN,123,173,15570,195485.00,0.5718,0.369940,0.0159
DQN,123,174,15660,196707.50,0.5694,0.361518,0.0142
DQN,123,175,15750,208410.00,0.5669,0.391249,0.0133
DQN,123,176,15840,210457.50,0.5644,0.379860,0.0134
DQN,123,177,15930,214840.00,0.5619,0.383142,0.0134
DQN,123,178,16020,238702.50,0.5595,0.354253,0.0134
DQN,123,179,16110,210280.00,0.5570,0.355837,0.0153
DQN,123,180,16200,229292.50,0.5545,0.352077,0.0154
DQN,123,181,16290,233412.50,0.5520,0.329499,0.0139
DQN,123,182,16380,225720.00,0.5495,0.322482,0.0154
DQN,123,183,16470,199427.50,0.5471,0.311789,0.0166
DQN,123,184,16560,193195.00,0.5446,0.319227,0.0141
DQN,123,185,16650,219127.50,0.5421,0.312824,0.0157
DQN,123,186,16740,219612.50,0.5396,0.299806,0.0207
DQN,123,187,16830,218525.00,0.5372,0.308258,0.0152
DQN,123,188,16920,212047.50,0.5347,0.327470,0.0168
DQN,123,189,17010,223745.00,0.5322,0.344269,0.0133
DQN,123,190,17100,211230.00,0.5297,0.358183,0.0147
DQN,123,191,17190,205415.00,0.5273,0.336693,0.0139
DQN,123,192,17280,213415.00,0.5248,0.368897,0.0141
DQN,123,193,17370,246190.00,0.5223,0.329477,0.0150
DQN,123,194,17460,192400.00,0.5199,0.337002,0.0188
DQN,123,195,17550,193680.00,0.5174,0.383282,0.0164
DQN,123,196,17640,218947.50,0.5149,0.397971,0.0153
DQN,123,197,17730,220310.00,0.5124,0.365175,0.0218
DQN,123,198,17820,234120.00,0.5100,0.341160,0.0143
DQN,123,199,17910,223850.00,0.5075,0.350989,0.0156
DQN,123,200,18000,202215.00,0.5050,0.337482,0.0162
DQN,123,201,18090,211735.00,0.5025,0.307096,0.0158
DQN,123,202,18180,227990.00,0.5000,0.301914,0.0224
DQN,123,203,18270,220580.00,0.4976,0.303161,0.0142
DQN,123,204,18360,229587.50,0.4951,0.321182,0.0134
DQN,123,205,18450,200812.50,0.4926,0.314052,0.0137
DQN,123,206,18540,205222.50,0.4901,0.308475,0.0138
DQN,123,207,18630,225527.50,0.4877,0.275074,0.0176
DQN,123,208,18720,230667.50,0.4852,0.296351,0.0179
DQN,123,209,18810,198127.50,0.4827,0.296277,0.0151
DQN,123,210,18900,200892.50,0.4802,0.296172,0.0138
DQN,123,211,18990,227372.50,0.4778,0.314045,0.0160
DQN,123,212,19080,210207.50,0.4753,0.350407,0.0164
DQN,123,213,19170,239472.50,0.4728,0.348312,0.0143
DQN,123,214,19260,221910.00,0.4703,0.320747,0.0146
DQN,123,215,19350,241302.50,0.4679,0.309776,0.0161
DQN,123,216,19440,239350.00,0.4654,0.300822,0.0148
DQN,123,217,19530,229067.50,0.4629,0.275152,0.0144
DQN,123,218,19620,205000.00,0.4604,0.283868,0.0149
DQN,123,219,19710,227282.50,0.4580,0.286744,0.0147
DQN,123,220,19800,221925.00,0.4555,0.269681,0.0167
DQN,123,221,19890,240312.50,0.4530,0.268828,0.0191
DQN,123,222,19980,228422.50,0.4506,0.252245,0.0174
DQN,123,223,20070,225462.50,0.4481,0.232061,0.0150
DQN,123,224,20160,226757.50,0.4456,0.224680,0.0158
DQN,123,225,20250,223752.50,0.4431,0.221974,0.0166
DQN,123,226,20340,209325.00,0.4407,0.238378,0.0157
DQN,123,227,20430,222845.00,0.4382,0.269281,0.0158
DQN,123,228,20520,221160.00,0.4357,0.275366,0.0147
DQN,123,229,20610,205367.50,0.4332,0.287258,0.0184
DQN,123,230,20700,220862.50,0.4308,0.279082,0.0169
DQN,123,231,20790,223065.00,0.4283,0.291714,0.0135
DQN,123,232,20880,223830.00,0.4258,0.282776,0.0146
DQN,123,233,20970,244590.00,0.4233,0.262603,0.0154
DQN,123,234,21060,228907.50,0.4209,0.242923,0.0162
DQN,123,235,21150,223407.50,0.4184,0.252250,0.0137
DQN,123,236,21240,217302.50,0.4159,0.257993,0.0143
DQN,123,237,21330,212542.50,0.4134,0.277785,0.0163
DQN,123,238,21420,234040.00,0.4110,0.285313,0.0150
DQN,123,239,21510,241075.00,0.4085,0.302440,0.0146
DQN,123,240,21600,232147.50,0.4060,0.332945,0.0162
DQN,123,241,21690,200852.50,0.4035,0.314669,0.0141
DQN,123,242,21780,238347.50,0.4011,0.305026,0.0153
DQN,123,243,21870,211095.00,0.3986,0.269716,0.0148
DQN,123,244,21960,232297.50,0.3961,0.264993,0.0206
DQN,123,245,22050,213482.50,0.3936,0.275008,0.0151
DQN,123,246,22140,231822.50,0.3911,0.286693,0.0159
DQN,123,247,22230,243722.50,0.3887,0.275339,0.0152
DQN,123,248,22320,204795.00,0.3862,0.294052,0.0154
DQN,123,249,22410,231777.50,0.3837,0.300291,0.0171
DQN,123,250,22500,202555.00,0.3812,0.315671,0.0151
DQN,123,251,22590,203930.00,0.3788,0.324737,0.0169
DQN,123,252,22680,209577.50,0.3763,0.322097,0.0180
DQN,123,253,22770,228945.00,0.3738,0.345774,0.0168
DQN,123,254,22860,231315.00,0.3713,0.360656,0.0177
DQN,123,255,22950,235485.00,0.3689,0.329261,0.0154
DQN,123,256,23040,202702.50,0.3664,0.361189,0.0160
DQN,123,257,23130,219427.50,0.3639,0.349037,0.0166
DQN,123,258,23220,227902.50,0.3614,0.305165,0.0214
DQN,123,259,23310,217905.00,0.3590,0.269547,0.0150
DQN,123,260,23400,239112.50,0.3565,0.253757,0.0152
DQN,123,261,23490,209602.50,0.3540,0.239462,0.0161
DQN,123,262,23580,235167.50,0.3516,0.239230,0.0150
DQN,123,263,23670,232082.50,0.3491,0.236782,0.0142
DQN,123,264,23760,225530.00,0.3466,0.233641,0.0138
DQN,123,265,23850,229617.50,0.3441,0.241156,0.0134
DQN,123,266,23940,220057.50,0.3417,0.271860,0.0150
DQN,123,267,24030,228655.00,0.3392,0.268335,0.0147
DQN,123,268,24120,242027.50,0.3367,0.274100,0.0242
DQN,123,269,24210,218830.00,0.3342,0.285868,0.0157
DQN,123,270,24300,239787.50,0.3317,0.297558,0.0135
DQN,123,271,24390,212877.50,0.3293,0.308427,0.0147
DQN,123,272,24480,214207.50,0.3268,0.308574,0.0156
DQN,123,273,24570,209007.50,0.3243,0.284440,0.0141
DQN,123,274,24660,226000.00,0.3218,0.255000,0.0149
DQN,123,275,24750,212117.50,0.3194,0.235793,0.0148
DQN,123,276,24840,219485.00,0.3169,0.231031,0.0154
DQN,123,277,24930,204770.00,0.3144,0.239511,0.0159
DQN,123,278,25020,214407.50,0.3120,0.230996,0.0140
DQN,123,279,25110,241162.50,0.3095,0.226737,0.0136
DQN,123,280,25200,232722.50,0.3070,0.223674,0.0148
DQN,123,281,25290,219765.00,0.3045,0.218343,0.0152
DQN,123,282,25380,231205.00,0.3021,0.227243,0.0155
DQN,123,283,25470,235540.00,0.2996,0.232562,0.0146
DQN,123,284,25560,234252.50,0.2971,0.238248,0.0155
DQN,123,285,25650,225837.50,0.2946,0.238791,0.0152
DQN,123,286,25740,233467.50,0.2922,0.233398,0.0149
DQN,123,287,25830,221017.50,0.2897,0.247564,0.0156
DQN,123,288,25920,214907.50,0.2872,0.252863,0.0150
DQN,123,289,26010,223497.50,0.2847,0.251967,0.0163
DQN,123,290,26100,220765.00,0.2823,0.293131,0.0157
DQN,123,291,26190,227460.00,0.2798,0.269452,0.0138
DQN,123,292,26280,236965.00,0.2773,0.265007,0.0153
DQN,123,293,26370,220817.50,0.2748,0.261518,0.0151
DQN,123,294,26460,226940.00,0.2723,0.252523,0.0202
DQN,123,295,26550,217550.00,0.2699,0.235448,0.0146
DQN,123,296,26640,222507.50,0.2674,0.224852,0.0157
DQN,123,297,26730,224877.50,0.2649,0.222363,0.0155
DQN,123,298,26820,235532.50,0.2624,0.222807,0.0145
DQN,123,299,26910,228640.00,0.2600,0.217878,0.0146
DQN,123,300,27000,222952.50,0.2575,0.224266,0.0184
DQN,123,301,27090,236357.50,0.2550,0.243649,0.0184
DQN,123,302,27180,244630.00,0.2526,0.226505,0.0161
DQN,123,303,27270,237547.50,0.2501,0.240413,0.0145
DQN,123,304,27360,220552.50,0.2476,0.228754,0.0140
DQN,123,305,27450,226445.00,0.2451,0.215847,0.0157
DQN,123,306,27540,228655.00,0.2427,0.232542,0.0169
DQN,123,307,27630,244355.00,0.2402,0.239005,0.0148
DQN,123,308,27720,233827.50,0.2377,0.236822,0.0150
DQN,123,309,27810,227157.50,0.2352,0.242123,0.0147
DQN,123,310,27900,233600.00,0.2328,0.241842,0.0133
DQN,123,311,27990,228387.50,0.2303,0.248121,0.0144
DQN,123,312,28080,220615.00,0.2278,0.253991,0.0150
DQN,123,313,28170,241105.00,0.2253,0.230687,0.0155
DQN,123,314,28260,230675.00,0.2228,0.227991,0.0151
DQN,123,315,28350,226657.50,0.2204,0.238375,0.0154
DQN,123,316,28440,213442.50,0.2179,0.257804,0.0163
DQN,123,317,28530,238930.00,0.2154,0.274705,0.0174
DQN,123,318,28620,214272.50,0.2129,0.291033,0.0172
DQN,123,319,28710,234452.50,0.2105,0.266905,0.0145
DQN,123,320,28800,231350.00,0.2080,0.237786,0.0143
DQN,123,321,28890,220582.50,0.2055,0.225661,0.0138
DQN,123,322,28980,238262.50,0.2030,0.206023,0.0145
DQN,123,323,29070,218202.50,0.2006,0.209109,0.0147
DQN,123,324,29160,241650.00,0.1981,0.229443,0.0162
DQN,123,325,29250,237702.50,0.1956,0.240948,0.0154
DQN,123,326,29340,243605.00,0.1932,0.246326,0.0155
DQN,123,327,29430,234972.50,0.1907,0.259613,0.0145
DQN,123,328,29520,222592.50,0.1882,0.284030,0.0142
DQN,123,329,29610,239537.50,0.1857,0.269220,0.0149
DQN,123,330,29700,238655.00,0.1833,0.257275,0.0150
DQN,123,331,29790,225370.00,0.1808,0.246786,0.0162
DQN,123,332,29880,235350.00,0.1783,0.246637,0.0147
DQN,123,333,29970,239977.50,0.1758,0.241407,0.0142
DQN,123,334,30060,234717.50,0.1734,0.257996,0.0137
DQN,123,335,30150,224640.00,0.1709,0.253739,0.0231
DQN,123,336,30240,231975.00,0.1684,0.248522,0.0154
DQN,123,337,30330,241037.50,0.1659,0.214508,0.0135
DQN,123,338,30420,240632.50,0.1634,0.195468,0.0138
DQN,123,339,30510,218640.00,0.1610,0.197837,0.0149
DQN,123,340,30600,238730.00,0.1585,0.193712,0.0165
DQN,123,341,30690,225652.50,0.1560,0.213346,0.0191
DQN,123,342,30780,240677.50,0.1536,0.234598,0.0156
DQN,123,343,30870,241485.00,0.1511,0.251697,0.0148
DQN,123,344,30960,235467.50,0.1486,0.263310,0.0159
DQN,123,345,31050,228477.50,0.1461,0.295331,0.0159
DQN,123,346,31140,239835.00,0.1437,0.304017,0.0146
DQN,123,347,31230,241620.00,0.1412,0.305419,0.0150
DQN,123,348,31320,223745.00,0.1387,0.286810,0.0142
DQN,123,349,31410,226152.50,0.1362,0.295629,0.0143
DQN,123,350,31500,225272.50,0.1338,0.273923,0.0166
DQN,123,351,31590,243570.00,0.1313,0.231851,0.0148
DQN,123,352,31680,228562.50,0.1288,0.230845,0.0238
DQN,123,353,31770,236292.50,0.1263,0.236019,0.0147
DQN,123,354,31860,224165.00,0.1239,0.237491,0.0155
DQN,123,355,31950,234332.50,0.1214,0.238961,0.0141
DQN,123,356,32040,224530.00,0.1189,0.280232,0.0165
DQN,123,357,32130,243027.50,0.1164,0.275831,0.0163
DQN,123,358,32220,232135.00,0.1139,0.259192,0.0167
DQN,123,359,32310,234310.00,0.1115,0.257635,0.0211
DQN,123,360,32400,223035.00,0.1090,0.245868,0.0153
DQN,123,361,32490,231512.50,0.1065,0.207178,0.0145
DQN,123,362,32580,243372.50,0.1040,0.214307,0.0149
DQN,123,363,32670,233640.00,0.1016,0.215279,0.0135
DQN,123,364,32760,233825.00,0.0991,0.203512,0.0154
DQN,123,365,32850,233902.50,0.0966,0.207710,0.0241
DQN,123,366,32940,232900.00,0.0941,0.216860,0.0167
DQN,123,367,33030,231860.00,0.0917,0.209328,0.0150
DQN,123,368,33120,224495.00,0.0892,0.187162,0.0170
DQN,123,369,33210,222160.00,0.0867,0.185203,0.0160
DQN,123,370,33300,232930.00,0.0842,0.180270,0.0141
DQN,123,371,33390,230285.00,0.0818,0.162978,0.0144
DQN,123,372,33480,220377.50,0.0793,0.143038,0.0138
DQN,123,373,33570,227737.50,0.0768,0.144598,0.0160
DQN,123,374,33660,234345.00,0.0743,0.137972,0.0145
DQN,123,375,33750,224147.50,0.0719,0.139467,0.0150
DQN,123,376,33840,234005.00,0.0694,0.152771,0.0155
DQN,123,377,33930,223355.00,0.0669,0.171587,0.0142
DQN,123,378,34020,243392.50,0.0645,0.177452,0.0152
DQN,123,379,34110,248677.50,0.0620,0.179747,0.0164
DQN,123,380,34200,230085.00,0.0595,0.165962,0.0154
DQN,123,381,34290,237397.50,0.0570,0.174862,0.0155
DQN,123,382,34380,242487.50,0.0546,0.173879,0.0155
DQN,123,383,34470,237640.00,0.0521,0.170308,0.0154
DQN,123,384,34560,236630.00,0.0496,0.178800,0.0138
DQN,123,385,34650,243465.00,0.0471,0.181210,0.0155
DQN,123,386,34740,229880.00,0.0447,0.185893,0.0155
DQN,123,387,34830,229827.50,0.0422,0.184080,0.0154
DQN,123,388,34920,229220.00,0.0397,0.188916,0.0166
DQN,123,389,35010,229972.50,0.0372,0.187869,0.0149
DQN,123,390,35100,216507.50,0.0348,0.186899,0.0155
DQN,123,391,35190,250262.50,0.0323,0.206656,0.0210
DQN,123,392,35280,244022.50,0.0298,0.228525,0.0183
DQN,123,393,35370,237407.50,0.0273,0.228344,0.0154
DQN,123,394,35460,228050.00,0.0249,0.231170,0.0169
DQN,123,395,35550,231752.50,0.0224,0.265186,0.0162
DQN,123,396,35640,235382.50,0.0199,0.264330,0.0159
DQN,123,397,35730,247557.50,0.0174,0.233064,0.0155
DQN,123,398,35820,234912.50,0.0150,0.207291,0.0141
DQN,123,399,35910,235382.50,0.0125,0.189744,0.0151
DQN,123,400,36000,227720.00,0.0100,0.178868,0.0163
DQN,123,401,36090,243970.00,0.0100,0.170533,0.0207
DQN,123,402,36180,231555.00,0.0100,0.167920,0.0158
DQN,123,403,36270,240657.50,0.0100,0.167797,0.0150
DQN,123,404,36360,231292.50,0.0100,0.174566,0.0153
DQN,123,405,36450,242122.50,0.0100,0.177063,0.0156
DQN,123,406,36540,226625.00,0.0100,0.161502,0.0163
DQN,123,407,36630,238547.50,0.0100,0.149532,0.0200
DQN,123,408,36720,225050.00,0.0100,0.145850,0.0140
DQN,123,409,36810,239460.00,0.0100,0.149327,0.0163
DQN,123,410,36900,232497.50,0.0100,0.149920,0.0152
DQN,123,411,36990,233665.00,0.0100,0.144694,0.0148
DQN,123,412,37080,233595.00,0.0100,0.155269,0.0161
DQN,123,413,37170,232130.00,0.0100,0.149458,0.0136
DQN,123,414,37260,228565.00,0.0100,0.135036,0.0150
DQN,123,415,37350,224447.50,0.0100,0.122358,0.0160
DQN,123,416,37440,225402.50,0.0100,0.108120,0.0151
DQN,123,417,37530,223435.00,0.0100,0.098216,0.0152
DQN,123,418,37620,221220.00,0.0100,0.086068,0.0148
DQN,123,419,37710,215757.50,0.0100,0.092959,0.0141
DQN,123,420,37800,241920.00,0.0100,0.101302,0.0163
DQN,123,421,37890,240637.50,0.0100,0.113330,0.0154
DQN,123,422,37980,225422.50,0.0100,0.125274,0.0168
DQN,123,423,38070,236557.50,0.0100,0.143332,0.0188
DQN,123,424,38160,239095.00,0.0100,0.146618,0.0164
DQN,123,425,38250,234035.00,0.0100,0.159390,0.0145
DQN,123,426,38340,238252.50,0.0100,0.154539,0.0174
DQN,123,427,38430,234385.00,0.0100,0.165641,0.0176
DQN,123,428,38520,236035.00,0.0100,0.168020,0.0167
DQN,123,429,38610,232535.00,0.0100,0.197468,0.0195
DQN,123,430,38700,231860.00,0.0100,0.186507,0.0168
DQN,123,431,38790,240242.50,0.0100,0.171942,0.0134
DQN,123,432,38880,222645.00,0.0100,0.169749,0.0150
DQN,123,433,38970,235072.50,0.0100,0.157746,0.0144
DQN,123,434,39060,238757.50,0.0100,0.162482,0.0142
DQN,123,435,39150,223775.00,0.0100,0.173624,0.0140
DQN,123,436,39240,238657.50,0.0100,0.167753,0.0140
DQN,123,437,39330,230945.00,0.0100,0.162848,0.0141
DQN,123,438,39420,235810.00,0.0100,0.164685,0.0141
DQN,123,439,39510,229197.50,0.0100,0.162140,0.0141
DQN,123,440,39600,237517.50,0.0100,0.155757,0.0142
DQN,123,441,39690,231875.00,0.0100,0.142195,0.0142
DQN,123,442,39780,227305.00,0.0100,0.147658,0.0142
DQN,123,443,39870,239597.50,0.0100,0.157259,0.0141
DQN,123,444,39960,234562.50,0.0100,0.182013,0.0143
DQN,123,445,40050,223872.50,0.0100,0.197907,0.0142
DQN,123,446,40140,241105.00,0.0100,0.198290,0.0142
DQN,123,447,40230,238025.00,0.0100,0.204532,0.0142
DQN,123,448,40320,243492.50,0.0100,0.208233,0.0143
DQN,123,449,40410,236237.50,0.0100,0.203228,0.0152
DQN,123,450,40500,233380.00,0.0100,0.201610,0.0236
DQN,123,451,40590,236840.00,0.0100,0.227370,0.0153
DQN,123,452,40680,219032.50,0.0100,0.236560,0.0139
DQN,123,453,40770,239007.50,0.0100,0.246093,0.0142
DQN,123,454,40860,228895.00,0.0100,0.237291,0.0142
DQN,123,455,40950,237095.00,0.0100,0.235064,0.0142
DQN,123,456,41040,238522.50,0.0100,0.200473,0.0143
DQN,123,457,41130,227185.00,0.0100,0.166598,0.0142
DQN,123,458,41220,224060.00,0.0100,0.141886,0.0142
DQN,123,459,41310,240255.00,0.0100,0.129978,0.0142
DQN,123,460,41400,237440.00,0.0100,0.133449,0.0143
DQN,123,461,41490,232627.50,0.0100,0.162183,0.0142
DQN,123,462,41580,229347.50,0.0100,0.180974,0.0142
DQN,123,463,41670,230717.50,0.0100,0.204860,0.0143
DQN,123,464,41760,228547.50,0.0100,0.255853,0.0143
DQN,123,465,41850,228572.50,0.0100,0.301150,0.0143
DQN,123,466,41940,234580.00,0.0100,0.372642,0.0143
DQN,123,467,42030,248902.50,0.0100,0.414327,0.0143
DQN,123,468,42120,235105.00,0.0100,0.410628,0.0142
DQN,123,469,42210,220932.50,0.0100,0.380902,0.0142
DQN,123,470,42300,228632.50,0.0100,0.321924,0.0143
DQN,123,471,42390,232872.50,0.0100,0.252832,0.0142
DQN,123,472,42480,237677.50,0.0100,0.224344,0.0142
DQN,123,473,42570,224265.00,0.0100,0.210525,0.0143
DQN,123,474,42660,228442.50,0.0100,0.213698,0.0142
DQN,123,475,42750,236762.50,0.0100,0.208198,0.0143
DQN,123,476,42840,235890.00,0.0100,0.224776,0.0142
DQN,123,477,42930,230307.50,0.0100,0.221392,0.0144
DQN,123,478,43020,223617.50,0.0100,0.205796,0.0142
DQN,123,479,43110,233520.00,0.0100,0.211149,0.0155
DQN,123,480,43200,233672.50,0.0100,0.214835,0.0147
DQN,123,481,43290,236860.00,0.0100,0.203380,0.0143
DQN,123,482,43380,235365.00,0.0100,0.212515,0.0143
DQN,123,483,43470,258270.00,0.0100,0.232187,0.0143
DQN,123,484,43560,234972.50,0.0100,0.229622,0.0143
DQN,123,485,43650,228787.50,0.0100,0.224519,0.0144
DQN,123,486,43740,230617.50,0.0100,0.211767,0.0148
DQN,123,487,43830,234350.00,0.0100,0.185891,0.0146
DQN,123,488,43920,234852.50,0.0100,0.174320,0.0144
DQN,123,489,44010,231622.50,0.0100,0.173504,0.0138
DQN,123,490,44100,233580.00,0.0100,0.173320,0.0140
DQN,123,491,44190,224502.50,0.0100,0.175735,0.0141
DQN,123,492,44280,228277.50,0.0100,0.195548,0.0142
DQN,123,493,44370,224937.50,0.0100,0.185071,0.0142
DQN,123,494,44460,228580.00,0.0100,0.180593,0.0143
DQN,123,495,44550,229177.50,0.0100,0.163169,0.0143
DQN,123,496,44640,230275.00,0.0100,0.168488,0.0143
DQN,123,497,44730,234310.00,0.0100,0.188639,0.0143
DQN,123,498,44820,235007.50,0.0100,0.196766,0.0143
DQN,123,499,44910,236225.00,0.0100,0.201589,0.0141
DQN,123,500,45000,236790.00,0.0100,0.227948,0.0160
DQN,456,1,90,109257.50,0.9975,0.000000,0.0005
DQN,456,2,180,131665.00,0.9950,0.000000,0.0005
DQN,456,3,270,113892.50,0.9926,0.000000,0.0004
DQN,456,4,360,84235.00,0.9901,0.000000,0.0006
DQN,456,5,450,109430.00,0.9876,0.000000,0.0004
DQN,456,6,540,91870.00,0.9851,3.541442,0.0063
DQN,456,7,630,78872.50,0.9827,2.182823,0.0125
DQN,456,8,720,105830.00,0.9802,1.367877,0.0122
DQN,456,9,810,102612.50,0.9777,1.313054,0.0124
DQN,456,10,900,97242.50,0.9752,1.294902,0.0124
DQN,456,11,990,106592.50,0.9728,1.314926,0.0125
DQN,456,12,1080,87947.50,0.9703,2.578753,0.0125
DQN,456,13,1170,18537.50,0.9678,1.214432,0.0126
DQN,456,14,1260,151970.00,0.9654,1.217099,0.0125
DQN,456,15,1350,189560.00,0.9629,1.206683,0.0126
DQN,456,16,1440,150087.50,0.9604,1.156594,0.0128
DQN,456,17,1530,100390.00,0.9579,1.726006,0.0128
DQN,456,18,1620,98020.00,0.9555,1.097126,0.0128
DQN,456,19,1710,125970.00,0.9530,1.037128,0.0129
DQN,456,20,1800,138237.50,0.9505,1.029403,0.0129
DQN,456,21,1890,198237.50,0.9480,1.028940,0.0129
DQN,456,22,1980,120390.00,0.9456,1.050630,0.0129
DQN,456,23,2070,124210.00,0.9431,1.652443,0.0128
DQN,456,24,2160,87407.50,0.9406,1.060064,0.0128
DQN,456,25,2250,124272.50,0.9381,1.027849,0.0129
DQN,456,26,2340,160682.50,0.9356,0.969999,0.0129
DQN,456,27,2430,98947.50,0.9332,0.953904,0.0129
DQN,456,28,2520,151432.50,0.9307,1.210537,0.0129
DQN,456,29,2610,113885.00,0.9282,1.050165,0.0201
DQN,456,30,2700,134367.50,0.9257,0.965732,0.0150
DQN,456,31,2790,166550.00,0.9233,0.895671,0.0125
DQN,456,32,2880,162497.50,0.9208,0.859950,0.0128
DQN,456,33,2970,162800.00,0.9183,0.839541,0.0128
DQN,456,34,3060,185577.50,0.9159,1.228147,0.0129
DQN,456,35,3150,97722.50,0.9134,0.924208,0.0129
DQN,456,36,3240,155545.00,0.9109,0.863099,0.0128
DQN,456,37,3330,149570.00,0.9084,0.871338,0.0129
DQN,456,38,3420,131772.50,0.9060,0.858141,0.0129
DQN,456,39,3510,133742.50,0.9035,1.047820,0.0129
DQN,456,40,3600,150022.50,0.9010,1.034256,0.0129
DQN,456,41,3690,189455.00,0.8985,0.821947,0.0129
DQN,456,42,3780,128995.00,0.8961,0.815198,0.0129
DQN,456,43,3870,154455.00,0.8936,0.760787,0.0129
DQN,456,44,3960,108667.50,0.8911,0.738836,0.0129
DQN,456,45,4050,131737.50,0.8886,1.050397,0.0189
DQN,456,46,4140,161637.50,0.8861,0.892241,0.0168
DQN,456,47,4230,189430.00,0.8837,0.915754,0.0155
DQN,456,48,4320,68612.50,0.8812,0.957733,0.0228
DQN,456,49,4410,167215.00,0.8787,0.942737,0.0152
DQN,456,50,4500,137572.50,0.8762,0.951195,0.0144
DQN,456,51,4590,113290.00,0.8738,1.306819,0.0156
DQN,456,52,4680,137090.00,0.8713,0.972496,0.0166
DQN,456,53,4770,142420.00,0.8688,0.889389,0.0151
DQN,456,54,4860,154020.00,0.8663,0.840910,0.0145
DQN,456,55,4950,126322.50,0.8639,0.871353,0.0146
DQN,456,56,5040,144625.00,0.8614,1.105527,0.0156
DQN,456,57,5130,185610.00,0.8589,0.983297,0.0169
DQN,456,58,5220,183460.00,0.8565,0.999210,0.0157
DQN,456,59,5310,224940.00,0.8540,0.989607,0.0184
DQN,456,60,5400,182930.00,0.8515,0.920049,0.0156
DQN,456,61,5490,211915.00,0.8490,0.859147,0.0151
DQN,456,62,5580,212205.00,0.8466,0.851085,0.0157
DQN,456,63,5670,172262.50,0.8441,0.754530,0.0157
DQN,456,64,5760,164690.00,0.8416,0.702886,0.0174
DQN,456,65,5850,144235.00,0.8391,0.726106,0.0175
DQN,456,66,5940,163575.00,0.8367,0.721189,0.0150
DQN,456,67,6030,169462.50,0.8342,0.868493,0.0151
DQN,456,68,6120,202110.00,0.8317,0.751711,0.0139
DQN,456,69,6210,148570.00,0.8292,0.773674,0.0146
DQN,456,70,6300,214995.00,0.8267,0.746542,0.0148
DQN,456,71,6390,163505.00,0.8243,0.701897,0.0169
DQN,456,72,6480,205105.00,0.8218,0.671474,0.0156
DQN,456,73,6570,173797.50,0.8193,0.651893,0.0157
DQN,456,74,6660,84362.50,0.8168,0.640476,0.0155
DQN,456,75,6750,130692.50,0.8144,0.675081,0.0166
DQN,456,76,6840,189562.50,0.8119,0.663959,0.0157
DQN,456,77,6930,154290.00,0.8094,0.657297,0.0126
DQN,456,78,7020,191992.50,0.8070,0.703731,0.0143
DQN,456,79,7110,186805.00,0.8045,0.672416,0.0129
DQN,456,80,7200,177492.50,0.8020,0.636988,0.0128
DQN,456,81,7290,197227.50,0.7995,0.583403,0.0128
DQN,456,82,7380,189592.50,0.7971,0.567589,0.0128
DQN,456,83,7470,138632.50,0.7946,0.607484,0.0128
DQN,456,84,7560,127050.00,0.7921,0.568795,0.0212
DQN,456,85,7650,78012.50,0.7896,0.603784,0.0132
DQN,456,86,7740,198085.00,0.7872,0.609487,0.0126
DQN,456,87,7830,136162.50,0.7847,0.572972,0.0128
DQN,456,88,7920,156580.00,0.7822,0.563089,0.0130
DQN,456,89,8010,163775.00,0.7797,0.536722,0.0130
DQN,456,90,8100,141747.50,0.7772,0.591258,0.0128
DQN,456,91,8190,207457.50,0.7748,0.528563,0.0129
DQN,456,92,8280,195587.50,0.7723,0.503666,0.0130
DQN,456,93,8370,122810.00,0.7698,0.522740,0.0133
DQN,456,94,8460,180232.50,0.7673,0.568880,0.0146
DQN,456,95,8550,203630.00,0.7649,0.570356,0.0129
DQN,456,96,8640,136272.50,0.7624,0.520023,0.0132
DQN,456,97,8730,178180.00,0.7599,0.486713,0.0131
DQN,456,98,8820,154995.00,0.7574,0.520509,0.0130
DQN,456,99,8910,198210.00,0.7550,0.539189,0.0130
DQN,456,100,9000,174495.00,0.7525,0.529224,0.0130
DQN,456,101,9090,189680.00,0.7500,0.556431,0.0141
DQN,456,102,9180,191557.50,0.7475,0.550389,0.0134
DQN,456,103,9270,167512.50,0.7451,0.573035,0.0132
DQN,456,104,9360,184392.50,0.7426,0.584728,0.0129
DQN,456,105,9450,158052.50,0.7401,0.586003,0.0131
DQN,456,106,9540,189570.00,0.7376,0.587890,0.0130
DQN,456,107,9630,197460.00,0.7352,0.559266,0.0131
DQN,456,108,9720,216780.00,0.7327,0.516795,0.0131
DQN,456,109,9810,186297.50,0.7302,0.471799,0.0130
DQN,456,110,9900,213517.50,0.7278,0.480341,0.0130
DQN,456,111,9990,192142.50,0.7253,0.444993,0.0130
DQN,456,112,10080,186615.00,0.7228,0.461738,0.0130
DQN,456,113,10170,231937.50,0.7203,0.453676,0.0130
DQN,456,114,10260,179002.50,0.7179,0.489102,0.0130
DQN,456,115,10350,187385.00,0.7154,0.467492,0.0130
DQN,456,116,10440,154685.00,0.7129,0.459958,0.0130
DQN,456,117,10530,208980.00,0.7104,0.490097,0.0130
DQN,456,118,10620,200710.00,0.7080,0.480163,0.0130
DQN,456,119,10710,179587.50,0.7055,0.450974,0.0129
DQN,456,120,10800,196715.00,0.7030,0.459237,0.0130
DQN,456,121,10890,229665.00,0.7005,0.445865,0.0130
DQN,456,122,10980,200760.00,0.6981,0.442399,0.0130
DQN,456,123,11070,194782.50,0.6956,0.424650,0.0130
DQN,456,124,11160,159802.50,0.6931,0.442695,0.0130
DQN,456,125,11250,206145.00,0.6906,0.456438,0.0130
DQN,456,126,11340,201632.50,0.6882,0.447182,0.0130
DQN,456,127,11430,178377.50,0.6857,0.462941,0.0147
DQN,456,128,11520,197075.00,0.6832,0.460792,0.0133
DQN,456,129,11610,194630.00,0.6807,0.465073,0.0130
DQN,456,130,11700,181885.00,0.6783,0.482987,0.0131
DQN,456,131,11790,175262.50,0.6758,0.472154,0.0130
DQN,456,132,11880,168297.50,0.6733,0.432597,0.0130
DQN,456,133,11970,180530.00,0.6708,0.410984,0.0130
DQN,456,134,12060,173552.50,0.6683,0.410760,0.0130
DQN,456,135,12150,152685.00,0.6659,0.372869,0.0131
DQN,456,136,12240,213660.00,0.6634,0.371831,0.0130
DQN,456,137,12330,190055.00,0.6609,0.379727,0.0146
DQN,456,138,12420,204867.50,0.6584,0.377086,0.0131
DQN,456,139,12510,207687.50,0.6560,0.391613,0.0130
DQN,456,140,12600,165240.00,0.6535,0.410659,0.0131
DQN,456,141,12690,205090.00,0.6510,0.445125,0.0130
DQN,456,142,12780,216135.00,0.6485,0.423505,0.0131
DQN,456,143,12870,181450.00,0.6461,0.430491,0.0135
DQN,456,144,12960,181820.00,0.6436,0.422683,0.0131
DQN,456,145,13050,196270.00,0.6411,0.450661,0.0131
DQN,456,146,13140,194922.50,0.6386,0.437789,0.0130
DQN,456,147,13230,211965.00,0.6362,0.406075,0.0131
DQN,456,148,13320,192532.50,0.6337,0.396982,0.0132
DQN,456,149,13410,184472.50,0.6312,0.430672,0.0131
DQN,456,150,13500,198012.50,0.6288,0.445029,0.0131
DQN,456,151,13590,208630.00,0.6263,0.428574,0.0209
DQN,456,152,13680,199767.50,0.6238,0.465397,0.0133
DQN,456,153,13770,168327.50,0.6213,0.444922,0.0129
DQN,456,154,13860,168100.00,0.6189,0.469744,0.0138
DQN,456,155,13950,208155.00,0.6164,0.481144,0.0139
DQN,456,156,14040,199587.50,0.6139,0.433797,0.0132
DQN,456,157,14130,203820.00,0.6114,0.420366,0.0131
DQN,456,158,14220,219135.00,0.6089,0.450841,0.0131
DQN,456,159,14310,211022.50,0.6065,0.436492,0.0130
DQN,456,160,14400,199840.00,0.6040,0.393551,0.0142
DQN,456,161,14490,204762.50,0.6015,0.414846,0.0134
DQN,456,162,14580,213810.00,0.5990,0.420522,0.0132
DQN,456,163,14670,171240.00,0.5966,0.439118,0.0130
DQN,456,164,14760,172695.00,0.5941,0.454719,0.0132
DQN,456,165,14850,167762.50,0.5916,0.478632,0.0131
DQN,456,166,14940,212447.50,0.5892,0.457871,0.0130
DQN,456,167,15030,214895.00,0.5867,0.439806,0.0131
DQN,456,168,15120,203572.50,0.5842,0.452472,0.0130
DQN,456,169,15210,219107.50,0.5817,0.452987,0.0131
DQN,456,170,15300,220765.00,0.5793,0.434894,0.0130
DQN,456,171,15390,216642.50,0.5768,0.409925,0.0142
DQN,456,172,15480,206267.50,0.5743,0.420078,0.0135
DQN,456,173,15570,161352.50,0.5718,0.445590,0.0134
DQN,456,174,15660,162890.00,0.5694,0.456378,0.0131
DQN,456,175,15750,221445.00,0.5669,0.424663,0.0131
DQN,456,176,15840,217940.00,0.5644,0.431642,0.0130
DQN,456,177,15930,191162.50,0.5619,0.389841,0.0131
DQN,456,178,16020,219735.00,0.5595,0.386611,0.0132
DQN,456,179,16110,212052.50,0.5570,0.349785,0.0130
DQN,456,180,16200,231415.00,0.5545,0.337860,0.0131
DQN,456,181,16290,211357.50,0.5520,0.331999,0.0130
DQN,456,182,16380,231667.50,0.5495,0.335314,0.0131
DQN,456,183,16470,251295.00,0.5471,0.319026,0.0133
DQN,456,184,16560,197625.00,0.5446,0.346059,0.0131
DQN,456,185,16650,226517.50,0.5421,0.339896,0.0131
DQN,456,186,16740,212675.00,0.5396,0.329448,0.0131
DQN,456,187,16830,225075.00,0.5372,0.368956,0.0138
DQN,456,188,16920,228442.50,0.5347,0.382222,0.0132
DQN,456,189,17010,189035.00,0.5322,0.392036,0.0131
DQN,456,190,17100,205852.50,0.5297,0.380486,0.0131
DQN,456,191,17190,199402.50,0.5273,0.379578,0.0131
DQN,456,192,17280,224505.00,0.5248,0.345574,0.0130
DQN,456,193,17370,195027.50,0.5223,0.331892,0.0132
DQN,456,194,17460,228042.50,0.5199,0.337271,0.0131
DQN,456,195,17550,201245.00,0.5174,0.338431,0.0131
DQN,456,196,17640,210690.00,0.5149,0.376066,0.0130
DQN,456,197,17730,195797.50,0.5124,0.349177,0.0132
DQN,456,198,17820,200790.00,0.5100,0.343790,0.0167
DQN,456,199,17910,216957.50,0.5075,0.358461,0.0133
DQN,456,200,18000,198942.50,0.5050,0.331148,0.0132
DQN,456,201,18090,170092.50,0.5025,0.371079,0.0150
DQN,456,202,18180,219802.50,0.5000,0.381258,0.0137
DQN,456,203,18270,220910.00,0.4976,0.347917,0.0212
DQN,456,204,18360,190042.50,0.4951,0.340799,0.0230
DQN,456,205,18450,224815.00,0.4926,0.359308,0.0150
DQN,456,206,18540,201832.50,0.4901,0.334555,0.0136
DQN,456,207,18630,178332.50,0.4877,0.325949,0.0131
DQN,456,208,18720,225702.50,0.4852,0.330471,0.0129
DQN,456,209,18810,204497.50,0.4827,0.357611,0.0131
DQN,456,210,18900,210857.50,0.4802,0.346084,0.0132
DQN,456,211,18990,231067.50,0.4778,0.343475,0.0132
DQN,456,212,19080,211900.00,0.4753,0.369265,0.0131
DQN,456,213,19170,219730.00,0.4728,0.349809,0.0131
DQN,456,214,19260,206890.00,0.4703,0.338461,0.0131
DQN,456,215,19350,208155.00,0.4679,0.328224,0.0130
DQN,456,216,19440,207442.50,0.4654,0.373338,0.0131
DQN,456,217,19530,205207.50,0.4629,0.380830,0.0131
DQN,456,218,19620,230160.00,0.4604,0.346530,0.0131
DQN,456,219,19710,233515.00,0.4580,0.359673,0.0132
DQN,456,220,19800,207970.00,0.4555,0.337142,0.0131
DQN,456,221,19890,233490.00,0.4530,0.301680,0.0131
DQN,456,222,19980,196782.50,0.4506,0.280303,0.0131
DQN,456,223,20070,242212.50,0.4481,0.300500,0.0131
DQN,456,224,20160,200237.50,0.4456,0.334854,0.0131
DQN,456,225,20250,228322.50,0.4431,0.346290,0.0130
DQN,456,226,20340,219290.00,0.4407,0.359874,0.0131
DQN,456,227,20430,230180.00,0.4382,0.345767,0.0132
DQN,456,228,20520,225815.00,0.4357,0.332596,0.0142
DQN,456,229,20610,224255.00,0.4332,0.323446,0.0133
DQN,456,230,20700,228312.50,0.4308,0.307884,0.0133
DQN,456,231,20790,228855.00,0.4283,0.298677,0.0130
DQN,456,232,20880,221505.00,0.4258,0.288314,0.0131
DQN,456,233,20970,226160.00,0.4233,0.298064,0.0131
DQN,456,234,21060,206987.50,0.4209,0.307083,0.0131
DQN,456,235,21150,223605.00,0.4184,0.315517,0.0131
DQN,456,236,21240,230602.50,0.4159,0.307733,0.0158
DQN,456,237,21330,210175.00,0.4134,0.318181,0.0133
DQN,456,238,21420,222937.50,0.4110,0.310801,0.0132
DQN,456,239,21510,200007.50,0.4085,0.336071,0.0132
DQN,456,240,21600,226505.00,0.4060,0.335646,0.0131
DQN,456,241,21690,204302.50,0.4035,0.313297,0.0132
DQN,456,242,21780,213382.50,0.4011,0.311701,0.0131
DQN,456,243,21870,213102.50,0.3986,0.326444,0.0131
DQN,456,244,21960,213157.50,0.3961,0.318714,0.0131
DQN,456,245,22050,234037.50,0.3936,0.308199,0.0143
DQN,456,246,22140,235242.50,0.3911,0.334123,0.0137
DQN,456,247,22230,238750.00,0.3887,0.343737,0.0133
DQN,456,248,22320,226247.50,0.3862,0.326879,0.0131
DQN,456,249,22410,223150.00,0.3837,0.299926,0.0132
DQN,456,250,22500,225550.00,0.3812,0.287144,0.0132
DQN,456,251,22590,217730.00,0.3788,0.267873,0.0160
DQN,456,252,22680,210345.00,0.3763,0.275418,0.0142
DQN,456,253,22770,241550.00,0.3738,0.265254,0.0132
DQN,456,254,22860,228062.50,0.3713,0.270697,0.0132
DQN,456,255,22950,218562.50,0.3689,0.280393,0.0132
DQN,456,256,23040,204707.50,0.3664,0.290439,0.0132
DQN,456,257,23130,230527.50,0.3639,0.285152,0.0131
DQN,456,258,23220,222522.50,0.3614,0.295090,0.0132
DQN,456,259,23310,222690.00,0.3590,0.295166,0.0133
DQN,456,260,23400,241017.50,0.3565,0.283564,0.0132
DQN,456,261,23490,220092.50,0.3540,0.286965,0.0132
DQN,456,262,23580,245477.50,0.3516,0.316093,0.0150
DQN,456,263,23670,209952.50,0.3491,0.298177,0.0136
DQN,456,264,23760,230840.00,0.3466,0.293960,0.0132
DQN,456,265,23850,226847.50,0.3441,0.287114,0.0132
DQN,456,266,23940,231680.00,0.3417,0.288522,0.0132
DQN,456,267,24030,241932.50,0.3392,0.293141,0.0132
DQN,456,268,24120,228740.00,0.3367,0.327178,0.0132
DQN,456,269,24210,217280.00,0.3342,0.333915,0.0132
DQN,456,270,24300,222015.00,0.3317,0.309741,0.0132
DQN,456,271,24390,221410.00,0.3293,0.267240,0.0132
DQN,456,272,24480,220352.50,0.3268,0.260180,0.0133
DQN,456,273,24570,231625.00,0.3243,0.225079,0.0131
DQN,456,274,24660,235980.00,0.3218,0.201525,0.0149
DQN,456,275,24750,233082.50,0.3194,0.211781,0.0135
DQN,456,276,24840,221600.00,0.3169,0.260606,0.0133
DQN,456,277,24930,232545.00,0.3144,0.279998,0.0132
DQN,456,278,25020,238377.50,0.3120,0.300424,0.0132
DQN,456,279,25110,230622.50,0.3095,0.306885,0.0132
DQN,456,280,25200,240745.00,0.3070,0.301438,0.0131
DQN,456,281,25290,247712.50,0.3045,0.295158,0.0132
DQN,456,282,25380,243110.00,0.3021,0.281290,0.0132
DQN,456,283,25470,240135.00,0.2996,0.265912,0.0132
DQN,456,284,25560,233282.50,0.2971,0.251759,0.0132
DQN,456,285,25650,240387.50,0.2946,0.236873,0.0132
DQN,456,286,25740,223305.00,0.2922,0.226277,0.0132
DQN,456,287,25830,246642.50,0.2897,0.222807,0.0132
DQN,456,288,25920,225032.50,0.2872,0.214738,0.0132
DQN,456,289,26010,239242.50,0.2847,0.224847,0.0132
DQN,456,290,26100,228067.50,0.2823,0.255398,0.0141
DQN,456,291,26190,228522.50,0.2798,0.280013,0.0139
DQN,456,292,26280,231305.00,0.2773,0.279820,0.0134
DQN,456,293,26370,248287.50,0.2748,0.264295,0.0133
DQN,456,294,26460,215812.50,0.2723,0.258722,0.0132
DQN,456,295,26550,225900.00,0.2699,0.276082,0.0133
DQN,456,296,26640,249550.00,0.2674,0.269711,0.0132
DQN,456,297,26730,244000.00,0.2649,0.284561,0.0132
DQN,456,298,26820,226360.00,0.2624,0.255974,0.0132
DQN,456,299,26910,236847.50,0.2600,0.252189,0.0133
DQN,456,300,27000,234527.50,0.2575,0.237051,0.0132
DQN,456,301,27090,236935.00,0.2550,0.233611,0.0145
DQN,456,302,27180,233855.00,0.2526,0.238709,0.0134
DQN,456,303,27270,233170.00,0.2501,0.236880,0.0132
DQN,456,304,27360,218030.00,0.2476,0.222031,0.0133
DQN,456,305,27450,217797.50,0.2451,0.230383,0.0132
DQN,456,306,27540,227685.00,0.2427,0.246877,0.0132
DQN,456,307,27630,220995.00,0.2402,0.239064,0.0132
DQN,456,308,27720,241397.50,0.2377,0.228608,0.0132
DQN,456,309,27810,228187.50,0.2352,0.217435,0.0132
DQN,456,310,27900,213772.50,0.2328,0.225683,0.0133
DQN,456,311,27990,240715.00,0.2303,0.230574,0.0132
DQN,456,312,28080,218097.50,0.2278,0.214777,0.0132
DQN,456,313,28170,238105.00,0.2253,0.213559,0.0132
DQN,456,314,28260,234242.50,0.2228,0.232202,0.0132
DQN,456,315,28350,234790.00,0.2204,0.226206,0.0132
DQN,456,316,28440,235047.50,0.2179,0.211871,0.0132
DQN,456,317,28530,234662.50,0.2154,0.214275,0.0133
DQN,456,318,28620,237080.00,0.2129,0.228586,0.0132
DQN,456,319,28710,224175.00,0.2105,0.230116,0.0133
DQN,456,320,28800,221577.50,0.2080,0.240304,0.0132
DQN,456,321,28890,243320.00,0.2055,0.240670,0.0133
DQN,456,322,28980,241532.50,0.2030,0.248945,0.0133
DQN,456,323,29070,237705.00,0.2006,0.254645,0.0132
DQN,456,324,29160,235180.00,0.1981,0.257191,0.0132
DQN,456,325,29250,243807.50,0.1956,0.220103,0.0132
DQN,456,326,29340,225097.50,0.1932,0.232186,0.0133
DQN,456,327,29430,216382.50,0.1907,0.217833,0.0132
DQN,456,328,29520,231047.50,0.1882,0.194143,0.0132
DQN,456,329,29610,237370.00,0.1857,0.164971,0.0132
DQN,456,330,29700,245105.00,0.1833,0.183632,0.0150
DQN,456,331,29790,237100.00,0.1808,0.199182,0.0138
DQN,456,332,29880,235002.50,0.1783,0.200546,0.0135
DQN,456,333,29970,217512.50,0.1758,0.229454,0.0133
DQN,456,334,30060,234090.00,0.1734,0.262020,0.0133
DQN,456,335,30150,231895.00,0.1709,0.271326,0.0133
DQN,456,336,30240,221435.00,0.1684,0.268651,0.0132
DQN,456,337,30330,245420.00,0.1659,0.258721,0.0134
DQN,456,338,30420,241122.50,0.1634,0.256589,0.0133
DQN,456,339,30510,251492.50,0.1610,0.257216,0.0133
DQN,456,340,30600,243200.00,0.1585,0.307158,0.0156
DQN,456,341,30690,241475.00,0.1560,0.277320,0.0135
DQN,456,342,30780,230405.00,0.1536,0.236886,0.0133
DQN,456,343,30870,226202.50,0.1511,0.225503,0.0133
DQN,456,344,30960,225805.00,0.1486,0.221608,0.0133
DQN,456,345,31050,225020.00,0.1461,0.199129,0.0135
DQN,456,346,31140,232277.50,0.1437,0.186410,0.0134
DQN,456,347,31230,242707.50,0.1412,0.202567,0.0133
DQN,456,348,31320,224470.00,0.1387,0.205739,0.0134
DQN,456,349,31410,240247.50,0.1362,0.210268,0.0133
DQN,456,350,31500,237095.00,0.1338,0.224572,0.0146
DQN,456,351,31590,219370.00,0.1313,0.197600,0.0149
DQN,456,352,31680,235202.50,0.1288,0.199564,0.0136
DQN,456,353,31770,227590.00,0.1263,0.186941,0.0133
DQN,456,354,31860,221945.00,0.1239,0.160982,0.0134
DQN,456,355,31950,223782.50,0.1214,0.173661,0.0133
DQN,456,356,32040,223745.00,0.1189,0.171284,0.0133
DQN,456,357,32130,244990.00,0.1164,0.177011,0.0133
DQN,456,358,32220,230365.00,0.1139,0.200992,0.0133
DQN,456,359,32310,220747.50,0.1115,0.205692,0.0134
DQN,456,360,32400,239165.00,0.1090,0.209833,0.0133
DQN,456,361,32490,241297.50,0.1065,0.210057,0.0133
DQN,456,362,32580,219915.00,0.1040,0.250260,0.0135
DQN,456,363,32670,240907.50,0.1016,0.244563,0.0137
DQN,456,364,32760,218180.00,0.0991,0.218227,0.0136
DQN,456,365,32850,231835.00,0.0966,0.211403,0.0135
DQN,456,366,32940,229580.00,0.0941,0.211057,0.0135
DQN,456,367,33030,233177.50,0.0917,0.186679,0.0136
DQN,456,368,33120,239632.50,0.0892,0.167523,0.0135
DQN,456,369,33210,237752.50,0.0867,0.177200,0.0138
DQN,456,370,33300,237830.00,0.0842,0.187235,0.0136
DQN,456,371,33390,247960.00,0.0818,0.201400,0.0136
DQN,456,372,33480,239867.50,0.0793,0.203304,0.0136
DQN,456,373,33570,230465.00,0.0768,0.219452,0.0142
DQN,456,374,33660,230082.50,0.0743,0.212076,0.0136
DQN,456,375,33750,239975.00,0.0719,0.203574,0.0136
DQN,456,376,33840,232930.00,0.0694,0.205936,0.0137
DQN,456,377,33930,245217.50,0.0669,0.194843,0.0136
DQN,456,378,34020,236242.50,0.0645,0.196353,0.0136
DQN,456,379,34110,239065.00,0.0620,0.182417,0.0136
DQN,456,380,34200,230872.50,0.0595,0.175423,0.0164
DQN,456,381,34290,237077.50,0.0570,0.158126,0.0142
DQN,456,382,34380,225077.50,0.0546,0.164367,0.0155
DQN,456,383,34470,231840.00,0.0521,0.183261,0.0144
DQN,456,384,34560,237372.50,0.0496,0.207497,0.0228
DQN,456,385,34650,232790.00,0.0471,0.232080,0.0152
DQN,456,386,34740,230672.50,0.0447,0.251982,0.0151
DQN,456,387,34830,250402.50,0.0422,0.262975,0.0148
DQN,456,388,34920,246347.50,0.0397,0.257102,0.0146
DQN,456,389,35010,225012.50,0.0372,0.225403,0.0146
DQN,456,390,35100,214902.50,0.0348,0.232667,0.0147
DQN,456,391,35190,223362.50,0.0323,0.185460,0.0146
DQN,456,392,35280,230545.00,0.0298,0.168875,0.0146
DQN,456,393,35370,231957.50,0.0273,0.149378,0.0143
DQN,456,394,35460,231625.00,0.0249,0.129547,0.0142
DQN,456,395,35550,213602.50,0.0224,0.105811,0.0143
DQN,456,396,35640,230955.00,0.0199,0.114660,0.0150
DQN,456,397,35730,223442.50,0.0174,0.130702,0.0148
DQN,456,398,35820,234345.00,0.0150,0.149387,0.0146
DQN,456,399,35910,227937.50,0.0125,0.177939,0.0143
DQN,456,400,36000,247015.00,0.0100,0.199977,0.0143
DQN,456,401,36090,233660.00,0.0100,0.303271,0.0156
DQN,456,402,36180,232117.50,0.0100,0.260163,0.0143
DQN,456,403,36270,234792.50,0.0100,0.234092,0.0163
DQN,456,404,36360,232957.50,0.0100,0.200682,0.0146
DQN,456,405,36450,225577.50,0.0100,0.176017,0.0144
DQN,456,406,36540,237735.00,0.0100,0.167964,0.0146
DQN,456,407,36630,237565.00,0.0100,0.146358,0.0145
DQN,456,408,36720,233032.50,0.0100,0.158805,0.0148
DQN,456,409,36810,246390.00,0.0100,0.173703,0.0148
DQN,456,410,36900,237972.50,0.0100,0.181424,0.0144
DQN,456,411,36990,241027.50,0.0100,0.190613,0.0143
DQN,456,412,37080,220880.00,0.0100,0.206042,0.0143
DQN,456,413,37170,234902.50,0.0100,0.225800,0.0142
DQN,456,414,37260,237132.50,0.0100,0.226657,0.0142
DQN,456,415,37350,241350.00,0.0100,0.234131,0.0141
DQN,456,416,37440,242690.00,0.0100,0.229881,0.0140
DQN,456,417,37530,229645.00,0.0100,0.245690,0.0143
DQN,456,418,37620,223027.50,0.0100,0.258948,0.0155
DQN,456,419,37710,226200.00,0.0100,0.234269,0.0135
DQN,456,420,37800,237502.50,0.0100,0.218416,0.0133
DQN,456,421,37890,230727.50,0.0100,0.203033,0.0166
DQN,456,422,37980,226400.00,0.0100,0.198230,0.0170
DQN,456,423,38070,227300.00,0.0100,0.169364,0.0160
DQN,456,424,38160,231205.00,0.0100,0.165479,0.0178
DQN,456,425,38250,228820.00,0.0100,0.156328,0.0153
DQN,456,426,38340,228110.00,0.0100,0.150806,0.0152
DQN,456,427,38430,224447.50,0.0100,0.146292,0.0135
DQN,456,428,38520,238045.00,0.0100,0.154965,0.0134
DQN,456,429,38610,237360.00,0.0100,0.139740,0.0134
DQN,456,430,38700,241090.00,0.0100,0.142621,0.0133
DQN,456,431,38790,214177.50,0.0100,0.155868,0.0133
DQN,456,432,38880,217290.00,0.0100,0.150681,0.0133
DQN,456,433,38970,217272.50,0.0100,0.152922,0.0133
DQN,456,434,39060,232322.50,0.0100,0.123881,0.0133
DQN,456,435,39150,224550.00,0.0100,0.146133,0.0159
DQN,456,436,39240,232542.50,0.0100,0.152398,0.0145
DQN,456,437,39330,234982.50,0.0100,0.174230,0.0136
DQN,456,438,39420,232272.50,0.0100,0.192506,0.0155
DQN,456,439,39510,250770.00,0.0100,0.211773,0.0166
DQN,456,440,39600,235415.00,0.0100,0.256213,0.0141
DQN,456,441,39690,233972.50,0.0100,0.230169,0.0133
DQN,456,442,39780,242220.00,0.0100,0.218023,0.0135
DQN,456,443,39870,237737.50,0.0100,0.192493,0.0131
DQN,456,444,39960,240282.50,0.0100,0.195712,0.0154
DQN,456,445,40050,237382.50,0.0100,0.166479,0.0153
DQN,456,446,40140,235832.50,0.0100,0.165984,0.0136
DQN,456,447,40230,235225.00,0.0100,0.178984,0.0131
DQN,456,448,40320,246485.00,0.0100,0.190388,0.0131
DQN,456,449,40410,232402.50,0.0100,0.190175,0.0132
DQN,456,450,40500,240105.00,0.0100,0.195098,0.0132
DQN,456,451,40590,247435.00,0.0100,0.224596,0.0179
DQN,456,452,40680,249070.00,0.0100,0.205854,0.0144
DQN,456,453,40770,244707.50,0.0100,0.219947,0.0131
DQN,456,454,40860,239132.50,0.0100,0.208566,0.0132
DQN,456,455,40950,242167.50,0.0100,0.214293,0.0133
DQN,456,456,41040,240395.00,0.0100,0.200616,0.0137
DQN,456,457,41130,233752.50,0.0100,0.199349,0.0135
DQN,456,458,41220,227220.00,0.0100,0.202103,0.0133
DQN,456,459,41310,236447.50,0.0100,0.215225,0.0134
DQN,456,460,41400,235317.50,0.0100,0.229135,0.0133
DQN,456,461,41490,238437.50,0.0100,0.226792,0.0133
DQN,456,462,41580,222895.00,0.0100,0.261458,0.0133
DQN,456,463,41670,229617.50,0.0100,0.229737,0.0134
DQN,456,464,41760,228252.50,0.0100,0.217468,0.0133
DQN,456,465,41850,224502.50,0.0100,0.186568,0.0133
DQN,456,466,41940,231157.50,0.0100,0.146568,0.0134
DQN,456,467,42030,235392.50,0.0100,0.118009,0.0134
DQN,456,468,42120,233242.50,0.0100,0.125209,0.0133
DQN,456,469,42210,233482.50,0.0100,0.129996,0.0133
DQN,456,470,42300,240027.50,0.0100,0.155469,0.0133
DQN,456,471,42390,233280.00,0.0100,0.184370,0.0133
DQN,456,472,42480,243647.50,0.0100,0.192802,0.0133
DQN,456,473,42570,244167.50,0.0100,0.215680,0.0133
DQN,456,474,42660,249680.00,0.0100,0.217046,0.0133
DQN,456,475,42750,235782.50,0.0100,0.205201,0.0133
DQN,456,476,42840,247075.00,0.0100,0.189927,0.0159
DQN,456,477,42930,224880.00,0.0100,0.181616,0.0163
DQN,456,478,43020,248585.00,0.0100,0.180983,0.0152
DQN,456,479,43110,236585.00,0.0100,0.169520,0.0138
DQN,456,480,43200,242425.00,0.0100,0.175683,0.0134
DQN,456,481,43290,234050.00,0.0100,0.185660,0.0134
DQN,456,482,43380,234262.50,0.0100,0.188275,0.0133
DQN,456,483,43470,237112.50,0.0100,0.193616,0.0133
DQN,456,484,43560,243497.50,0.0100,0.204867,0.0133
DQN,456,485,43650,240817.50,0.0100,0.190081,0.0133
DQN,456,486,43740,241330.00,0.0100,0.177940,0.0134
DQN,456,487,43830,230602.50,0.0100,0.184451,0.0144
DQN,456,488,43920,238447.50,0.0100,0.185016,0.0140
DQN,456,489,44010,238152.50,0.0100,0.184445,0.0138
DQN,456,490,44100,230342.50,0.0100,0.182530,0.0134
DQN,456,491,44190,219290.00,0.0100,0.197378,0.0166
DQN,456,492,44280,233445.00,0.0100,0.188640,0.0145
DQN,456,493,44370,225427.50,0.0100,0.178799,0.0146
DQN,456,494,44460,239047.50,0.0100,0.156407,0.0152
DQN,456,495,44550,234317.50,0.0100,0.147699,0.0136
DQN,456,496,44640,235392.50,0.0100,0.156978,0.0134
DQN,456,497,44730,230182.50,0.0100,0.154505,0.0133
DQN,456,498,44820,241772.50,0.0100,0.169821,0.0133
DQN,456,499,44910,248370.00,0.0100,0.177095,0.0133
DQN,456,500,45000,223900.00,0.0100,0.198395,0.0133
DQN,789,1,90,50575.00,0.9975,0.000000,0.0017
DQN,789,2,180,125687.50,0.9950,0.000000,0.0004
DQN,789,3,270,122992.50,0.9926,0.000000,0.0004
DQN,789,4,360,137680.00,0.9901,0.000000,0.0004
DQN,789,5,450,120840.00,0.9876,0.000000,0.0004
DQN,789,6,540,195545.00,0.9851,3.953267,0.0093
DQN,789,7,630,122290.00,0.9827,2.858299,0.0135
DQN,789,8,720,78725.00,0.9802,1.670295,0.0128
DQN,789,9,810,171797.50,0.9777,1.348265,0.0126
DQN,789,10,900,148972.50,0.9752,1.226511,0.0125
DQN,789,11,990,118482.50,0.9728,1.197456,0.0126
DQN,789,12,1080,136322.50,0.9703,3.099909,0.0125
DQN,789,13,1170,174767.50,0.9678,1.189607,0.0125
DQN,789,14,1260,84555.00,0.9654,1.068299,0.0130
DQN,789,15,1350,104605.00,0.9629,0.995747,0.0128
DQN,789,16,1440,181787.50,0.9604,0.991270,0.0129
DQN,789,17,1530,130002.50,0.9579,1.648000,0.0129
DQN,789,18,1620,162775.00,0.9555,1.004409,0.0129
DQN,789,19,1710,154075.00,0.9530,0.890833,0.0129
DQN,789,20,1800,119120.00,0.9505,0.875114,0.0129
DQN,789,21,1890,192397.50,0.9480,0.858417,0.0129
DQN,789,22,1980,111780.00,0.9456,0.860723,0.0129
DQN,789,23,2070,125912.50,0.9431,1.411180,0.0129
DQN,789,24,2160,151557.50,0.9406,0.905676,0.0129
DQN,789,25,2250,83585.00,0.9381,0.906262,0.0129
DQN,789,26,2340,90005.00,0.9356,0.859314,0.0130
DQN,789,27,2430,80212.50,0.9332,0.793247,0.0130
DQN,789,28,2520,33712.50,0.9307,1.139156,0.0129
DQN,789,29,2610,156285.00,0.9282,0.923600,0.0128
DQN,789,30,2700,151357.50,0.9257,0.813536,0.0129
DQN,789,31,2790,180572.50,0.9233,0.815390,0.0129
DQN,789,32,2880,95690.00,0.9208,0.820736,0.0128
DQN,789,33,2970,120515.00,0.9183,0.815020,0.0128
DQN,789,34,3060,112702.50,0.9159,1.288898,0.0129
DQN,789,35,3150,165477.50,0.9134,0.946228,0.0128
DQN,789,36,3240,183192.50,0.9109,0.837876,0.0129
DQN,789,37,3330,93092.50,0.9084,0.820679,0.0129
DQN,789,38,3420,122435.00,0.9060,0.803214,0.0129
DQN,789,39,3510,104897.50,0.9035,1.046958,0.0129
DQN,789,40,3600,98562.50,0.9010,1.073601,0.0129
DQN,789,41,3690,161930.00,0.8985,0.913226,0.0128
DQN,789,42,3780,142887.50,0.8961,0.910747,0.0129
DQN,789,43,3870,105840.00,0.8936,0.880054,0.0129
DQN,789,44,3960,132602.50,0.8911,0.823245,0.0129
DQN,789,45,4050,206907.50,0.8886,1.111839,0.0129
DQN,789,46,4140,147920.00,0.8861,0.847541,0.0128
DQN,789,47,4230,175457.50,0.8837,0.840719,0.0129
DQN,789,48,4320,149755.00,0.8812,0.869478,0.0129
DQN,789,49,4410,142842.50,0.8787,0.798831,0.0129
DQN,789,50,4500,148210.00,0.8762,0.800088,0.0129
DQN,789,51,4590,178472.50,0.8738,0.843960,0.0152
DQN,789,52,4680,177135.00,0.8713,0.631089,0.0133
DQN,789,53,4770,98855.00,0.8688,0.576767,0.0132
DQN,789,54,4860,155220.00,0.8663,0.594045,0.0132
DQN,789,55,4950,140015.00,0.8639,0.562497,0.0132
DQN,789,56,5040,106712.50,0.8614,0.596180,0.0132
DQN,789,57,5130,152325.00,0.8589,0.523139,0.0133
DQN,789,58,5220,207460.00,0.8565,0.471871,0.0132
DQN,789,59,5310,205287.50,0.8540,0.451578,0.0132
DQN,789,60,5400,141850.00,0.8515,0.497415,0.0132
DQN,789,61,5490,183390.00,0.8490,0.468505,0.0132
DQN,789,62,5580,126245.00,0.8466,0.492020,0.0130
DQN,789,63,5670,159695.00,0.8441,0.487262,0.0132
DQN,789,64,5760,170810.00,0.8416,0.498510,0.0131
DQN,789,65,5850,170887.50,0.8391,0.511004,0.0130
DQN,789,66,5940,183292.50,0.8367,0.523875,0.0129
DQN,789,67,6030,185272.50,0.8342,0.538086,0.0129
DQN,789,68,6120,197992.50,0.8317,0.505613,0.0132
DQN,789,69,6210,194022.50,0.8292,0.470226,0.0132
DQN,789,70,6300,177392.50,0.8267,0.454880,0.0132
DQN,789,71,6390,143462.50,0.8243,0.433646,0.0146
DQN,789,72,6480,144882.50,0.8218,0.415492,0.0165
DQN,789,73,6570,163650.00,0.8193,0.431608,0.0163
DQN,789,74,6660,92405.00,0.8168,0.442899,0.0152
DQN,789,75,6750,108960.00,0.8144,0.451864,0.0132
DQN,789,76,6840,183355.00,0.8119,0.468106,0.0133
DQN,789,77,6930,169882.50,0.8094,0.418275,0.0131
DQN,789,78,7020,170640.00,0.8070,0.455477,0.0130
DQN,789,79,7110,180245.00,0.8045,0.450469,0.0129
DQN,789,80,7200,174937.50,0.8020,0.466404,0.0129
DQN,789,81,7290,204610.00,0.7995,0.484443,0.0129
DQN,789,82,7380,186965.00,0.7971,0.525113,0.0130
DQN,789,83,7470,158350.00,0.7946,0.521921,0.0130
DQN,789,84,7560,178677.50,0.7921,0.537475,0.0130
DQN,789,85,7650,170557.50,0.7896,0.492168,0.0130
DQN,789,86,7740,187732.50,0.7872,0.510206,0.0129
DQN,789,87,7830,195065.00,0.7847,0.491340,0.0130
DQN,789,88,7920,174247.50,0.7822,0.465600,0.0130
DQN,789,89,8010,193110.00,0.7797,0.477345,0.0130
DQN,789,90,8100,172385.00,0.7772,0.428763,0.0130
DQN,789,91,8190,90077.50,0.7748,0.459530,0.0130
DQN,789,92,8280,142585.00,0.7723,0.456157,0.0130
DQN,789,93,8370,207045.00,0.7698,0.436472,0.0130
DQN,789,94,8460,167142.50,0.7673,0.461479,0.0130
DQN,789,95,8550,209362.50,0.7649,0.505660,0.0131
DQN,789,96,8640,162825.00,0.7624,0.459369,0.0130
DQN,789,97,8730,197907.50,0.7599,0.462397,0.0129
DQN,789,98,8820,131712.50,0.7574,0.445815,0.0130
DQN,789,99,8910,203427.50,0.7550,0.449524,0.0130
DQN,789,100,9000,173787.50,0.7525,0.413741,0.0130
DQN,789,101,9090,198980.00,0.7500,0.450723,0.0155
DQN,789,102,9180,159660.00,0.7475,0.461844,0.0130
DQN,789,103,9270,228902.50,0.7451,0.429781,0.0133
DQN,789,104,9360,132847.50,0.7426,0.394034,0.0132
DQN,789,105,9450,177490.00,0.7401,0.405516,0.0133
DQN,789,106,9540,190755.00,0.7376,0.408857,0.0131
DQN,789,107,9630,158985.00,0.7352,0.411195,0.0130
DQN,789,108,9720,161812.50,0.7327,0.403792,0.0131
DQN,789,109,9810,209825.00,0.7302,0.391394,0.0132
DQN,789,110,9900,170450.00,0.7278,0.406132,0.0132
DQN,789,111,9990,188652.50,0.7253,0.423311,0.0136
DQN,789,112,10080,176670.00,0.7228,0.448877,0.0134
DQN,789,113,10170,211450.00,0.7203,0.454385,0.0134
DQN,789,114,10260,193470.00,0.7179,0.435059,0.0133
DQN,789,115,10350,207820.00,0.7154,0.417934,0.0133
DQN,789,116,10440,165815.00,0.7129,0.408424,0.0133
DQN,789,117,10530,220620.00,0.7104,0.444850,0.0134
DQN,789,118,10620,206540.00,0.7080,0.432770,0.0133
DQN,789,119,10710,195792.50,0.7055,0.414111,0.0133
DQN,789,120,10800,190400.00,0.7030,0.430471,0.0132
DQN,789,121,10890,176897.50,0.7005,0.471111,0.0131
DQN,789,122,10980,208147.50,0.6981,0.413895,0.0130
DQN,789,123,11070,218725.00,0.6956,0.401591,0.0131
DQN,789,124,11160,204062.50,0.6931,0.390124,0.0130
DQN,789,125,11250,208022.50,0.6906,0.397095,0.0130
DQN,789,126,11340,166472.50,0.6882,0.389612,0.0130
DQN,789,127,11430,186085.00,0.6857,0.401496,0.0130
DQN,789,128,11520,217272.50,0.6832,0.408180,0.0131
DQN,789,129,11610,187040.00,0.6807,0.397801,0.0130
DQN,789,130,11700,207265.00,0.6783,0.402024,0.0131
DQN,789,131,11790,195465.00,0.6758,0.386610,0.0131
DQN,789,132,11880,240020.00,0.6733,0.349619,0.0131
DQN,789,133,11970,182227.50,0.6708,0.325715,0.0131
DQN,789,134,12060,225082.50,0.6683,0.374587,0.0130
DQN,789,135,12150,220822.50,0.6659,0.346385,0.0130
DQN,789,136,12240,209372.50,0.6634,0.341186,0.0131
DQN,789,137,12330,232817.50,0.6609,0.321886,0.0138
DQN,789,138,12420,218402.50,0.6584,0.325462,0.0132
DQN,789,139,12510,207135.00,0.6560,0.284801,0.0134
DQN,789,140,12600,223627.50,0.6535,0.277811,0.0131
DQN,789,141,12690,176935.00,0.6510,0.324024,0.0130
DQN,789,142,12780,213435.00,0.6485,0.324626,0.0131
DQN,789,143,12870,177440.00,0.6461,0.341513,0.0130
DQN,789,144,12960,186247.50,0.6436,0.410342,0.0130
DQN,789,145,13050,196617.50,0.6411,0.443253,0.0131
DQN,789,146,13140,212662.50,0.6386,0.425044,0.0130
DQN,789,147,13230,218480.00,0.6362,0.392239,0.0131
DQN,789,148,13320,205877.50,0.6337,0.368349,0.0131
DQN,789,149,13410,218877.50,0.6312,0.352145,0.0131
DQN,789,150,13500,225887.50,0.6288,0.324293,0.0131
DQN,789,151,13590,217232.50,0.6263,0.291321,0.0159
DQN,789,152,13680,177555.00,0.6238,0.290526,0.0160
DQN,789,153,13770,214970.00,0.6213,0.320162,0.0144
DQN,789,154,13860,223327.50,0.6189,0.333948,0.0147
DQN,789,155,13950,202085.00,0.6164,0.319892,0.0132
DQN,789,156,14040,175085.00,0.6139,0.313600,0.0133
DQN,789,157,14130,225715.00,0.6114,0.336567,0.0131
DQN,789,158,14220,199002.50,0.6089,0.302780,0.0131
DQN,789,159,14310,192060.00,0.6065,0.287323,0.0131
DQN,789,160,14400,222302.50,0.6040,0.271492,0.0131
DQN,789,161,14490,227140.00,0.6015,0.273181,0.0131
DQN,789,162,14580,165520.00,0.5990,0.319356,0.0133
DQN,789,163,14670,190687.50,0.5966,0.352317,0.0157
DQN,789,164,14760,210342.50,0.5941,0.401366,0.0159
DQN,789,165,14850,165875.00,0.5916,0.422607,0.0150
DQN,789,166,14940,178622.50,0.5892,0.478944,0.0156
DQN,789,167,15030,197402.50,0.5867,0.499779,0.0162
DQN,789,168,15120,226780.00,0.5842,0.468312,0.0143
DQN,789,169,15210,222152.50,0.5817,0.424278,0.0133
DQN,789,170,15300,214890.00,0.5793,0.351795,0.0132
DQN,789,171,15390,200072.50,0.5768,0.306180,0.0132
DQN,789,172,15480,194422.50,0.5743,0.281681,0.0131
DQN,789,173,15570,225152.50,0.5718,0.273884,0.0131
DQN,789,174,15660,228507.50,0.5694,0.258207,0.0131
DQN,789,175,15750,180970.00,0.5669,0.293136,0.0131
DQN,789,176,15840,211140.00,0.5644,0.322368,0.0131
DQN,789,177,15930,233802.50,0.5619,0.335706,0.0131
DQN,789,178,16020,204452.50,0.5595,0.312378,0.0131
DQN,789,179,16110,201605.00,0.5570,0.306355,0.0131
DQN,789,180,16200,216902.50,0.5545,0.323553,0.0131
DQN,789,181,16290,215380.00,0.5520,0.284960,0.0131
DQN,789,182,16380,224087.50,0.5495,0.254260,0.0131
DQN,789,183,16470,219892.50,0.5471,0.275218,0.0131
DQN,789,184,16560,232940.00,0.5446,0.319227,0.0131
DQN,789,185,16650,231375.00,0.5421,0.323906,0.0131
DQN,789,186,16740,209440.00,0.5396,0.306471,0.0131
DQN,789,187,16830,233565.00,0.5372,0.327495,0.0132
DQN,789,188,16920,233047.50,0.5347,0.351288,0.0131
DQN,789,189,17010,199982.50,0.5322,0.334427,0.0131
DQN,789,190,17100,219465.00,0.5297,0.322140,0.0130
DQN,789,191,17190,200052.50,0.5273,0.314973,0.0131
DQN,789,192,17280,217265.00,0.5248,0.271490,0.0131
DQN,789,193,17370,187207.50,0.5223,0.261603,0.0131
DQN,789,194,17460,222632.50,0.5199,0.260831,0.0153
DQN,789,195,17550,197125.00,0.5174,0.263660,0.0135
DQN,789,196,17640,226545.00,0.5149,0.247246,0.0143
DQN,789,197,17730,202202.50,0.5124,0.270571,0.0137
DQN,789,198,17820,220527.50,0.5100,0.306369,0.0133
DQN,789,199,17910,221860.00,0.5075,0.297681,0.0132
DQN,789,200,18000,185222.50,0.5050,0.289011,0.0131
DQN,789,201,18090,205990.00,0.5025,0.326745,0.0157
DQN,789,202,18180,228905.00,0.5000,0.323661,0.0133
DQN,789,203,18270,225565.00,0.4976,0.295271,0.0132
DQN,789,204,18360,228987.50,0.4951,0.289752,0.0132
DQN,789,205,18450,243585.00,0.4926,0.263803,0.0131
DQN,789,206,18540,212157.50,0.4901,0.233295,0.0131
DQN,789,207,18630,244840.00,0.4877,0.204409,0.0131
DQN,789,208,18720,225455.00,0.4852,0.211378,0.0132
DQN,789,209,18810,229852.50,0.4827,0.218957,0.0132
DQN,789,210,18900,232800.00,0.4802,0.224885,0.0133
DQN,789,211,18990,210347.50,0.4778,0.251789,0.0134
DQN,789,212,19080,220525.00,0.4753,0.302965,0.0134
DQN,789,213,19170,241842.50,0.4728,0.293836,0.0135
DQN,789,214,19260,234477.50,0.4703,0.281826,0.0134
DQN,789,215,19350,222922.50,0.4679,0.293141,0.0135
DQN,789,216,19440,211407.50,0.4654,0.289780,0.0134
DQN,789,217,19530,224837.50,0.4629,0.276578,0.0133
DQN,789,218,19620,210907.50,0.4604,0.311996,0.0132
DQN,789,219,19710,232400.00,0.4580,0.319346,0.0132
DQN,789,220,19800,219270.00,0.4555,0.304707,0.0131
DQN,789,221,19890,192940.00,0.4530,0.279699,0.0139
DQN,789,222,19980,229102.50,0.4506,0.267601,0.0143
DQN,789,223,20070,220550.00,0.4481,0.279486,0.0137
DQN,789,224,20160,221290.00,0.4456,0.246888,0.0132
DQN,789,225,20250,206697.50,0.4431,0.233619,0.0131
DQN,789,226,20340,189420.00,0.4407,0.259019,0.0131
DQN,789,227,20430,207942.50,0.4382,0.260197,0.0132
DQN,789,228,20520,219625.00,0.4357,0.241778,0.0132
DQN,789,229,20610,225420.00,0.4332,0.237761,0.0131
DQN,789,230,20700,229855.00,0.4308,0.247902,0.0132
DQN,789,231,20790,203917.50,0.4283,0.244476,0.0134
DQN,789,232,20880,228340.00,0.4258,0.234961,0.0132
DQN,789,233,20970,222035.00,0.4233,0.229335,0.0131
DQN,789,234,21060,214990.00,0.4209,0.252054,0.0131
DQN,789,235,21150,220437.50,0.4184,0.253369,0.0131
DQN,789,236,21240,237467.50,0.4159,0.256575,0.0131
DQN,789,237,21330,223870.00,0.4134,0.280930,0.0131
DQN,789,238,21420,230497.50,0.4110,0.292728,0.0131
DQN,789,239,21510,222025.00,0.4085,0.292154,0.0132
DQN,789,240,21600,231417.50,0.4060,0.279879,0.0131
DQN,789,241,21690,226242.50,0.4035,0.290522,0.0131
DQN,789,242,21780,216235.00,0.4011,0.260003,0.0131
DQN,789,243,21870,226167.50,0.3986,0.265344,0.0131
DQN,789,244,21960,236622.50,0.3961,0.266892,0.0132
DQN,789,245,22050,213085.00,0.3936,0.251484,0.0131
DQN,789,246,22140,228650.00,0.3911,0.249034,0.0132
DQN,789,247,22230,208977.50,0.3887,0.235312,0.0132
DQN,789,248,22320,217447.50,0.3862,0.246638,0.0131
DQN,789,249,22410,224100.00,0.3837,0.226866,0.0132
DQN,789,250,22500,203275.00,0.3812,0.227834,0.0132
DQN,789,251,22590,218762.50,0.3788,0.249192,0.0137
DQN,789,252,22680,227350.00,0.3763,0.254519,0.0137
DQN,789,253,22770,215232.50,0.3738,0.252844,0.0135
DQN,789,254,22860,240425.00,0.3713,0.230969,0.0135
DQN,789,255,22950,237782.50,0.3689,0.233641,0.0136
DQN,789,256,23040,246007.50,0.3664,0.209999,0.0134
DQN,789,257,23130,223757.50,0.3639,0.216160,0.0133
DQN,789,258,23220,212047.50,0.3614,0.220765,0.0134
DQN,789,259,23310,231882.50,0.3590,0.236614,0.0134
DQN,789,260,23400,215912.50,0.3565,0.241686,0.0134
DQN,789,261,23490,216912.50,0.3540,0.263331,0.0136
DQN,789,262,23580,229492.50,0.3516,0.296237,0.0135
DQN,789,263,23670,226050.00,0.3491,0.293975,0.0135
DQN,789,264,23760,243777.50,0.3466,0.280846,0.0225
DQN,789,265,23850,228235.00,0.3441,0.267551,0.0228
DQN,789,266,23940,242187.50,0.3417,0.255790,0.0167
DQN,789,267,24030,219420.00,0.3392,0.248305,0.0154
DQN,789,268,24120,233447.50,0.3367,0.247470,0.0145
DQN,789,269,24210,226000.00,0.3342,0.251901,0.0143
DQN,789,270,24300,232940.00,0.3317,0.242713,0.0166
DQN,789,271,24390,200232.50,0.3293,0.232100,0.0155
DQN,789,272,24480,214645.00,0.3268,0.260677,0.0156
DQN,789,273,24570,235407.50,0.3243,0.258193,0.0152
DQN,789,274,24660,221265.00,0.3218,0.247838,0.0146
DQN,789,275,24750,250385.00,0.3194,0.256765,0.0140
DQN,789,276,24840,223327.50,0.3169,0.247377,0.0140
DQN,789,277,24930,220275.00,0.3144,0.262327,0.0139
DQN,789,278,25020,224112.50,0.3120,0.264236,0.0138
DQN,789,279,25110,229307.50,0.3095,0.259054,0.0138
DQN,789,280,25200,224895.00,0.3070,0.268268,0.0138
DQN,789,281,25290,244052.50,0.3045,0.253456,0.0159
DQN,789,282,25380,233175.00,0.3021,0.267102,0.0142
DQN,789,283,25470,224740.00,0.2996,0.246455,0.0139
DQN,789,284,25560,230795.00,0.2971,0.247613,0.0139
DQN,789,285,25650,217980.00,0.2946,0.242000,0.0138
DQN,789,286,25740,238290.00,0.2922,0.240385,0.0135
DQN,789,287,25830,242727.50,0.2897,0.227822,0.0136
DQN,789,288,25920,233720.00,0.2872,0.233389,0.0136
DQN,789,289,26010,223000.00,0.2847,0.231618,0.0135
DQN,789,290,26100,229837.50,0.2823,0.220730,0.0135
DQN,789,291,26190,237380.00,0.2798,0.227147,0.0149
DQN,789,292,26280,220845.00,0.2773,0.245804,0.0149
DQN,789,293,26370,223812.50,0.2748,0.244912,0.0138
DQN,789,294,26460,235182.50,0.2723,0.249593,0.0136
DQN,789,295,26550,249502.50,0.2699,0.270883,0.0135
DQN,789,296,26640,219995.00,0.2674,0.266387,0.0136
DQN,789,297,26730,239282.50,0.2649,0.247929,0.0135
DQN,789,298,26820,224077.50,0.2624,0.231687,0.0136
DQN,789,299,26910,234020.00,0.2600,0.246409,0.0134
DQN,789,300,27000,219565.00,0.2575,0.248370,0.0132
DQN,789,301,27090,230665.00,0.2550,0.260038,0.0167
DQN,789,302,27180,218897.50,0.2526,0.262341,0.0134
DQN,789,303,27270,248347.50,0.2501,0.241139,0.0133
DQN,789,304,27360,223230.00,0.2476,0.255532,0.0134
DQN,789,305,27450,236802.50,0.2451,0.245252,0.0133
DQN,789,306,27540,239270.00,0.2427,0.261766,0.0133
DQN,789,307,27630,219137.50,0.2402,0.270287,0.0150
DQN,789,308,27720,233175.00,0.2377,0.278370,0.0137
DQN,789,309,27810,224735.00,0.2352,0.251394,0.0135
DQN,789,310,27900,234582.50,0.2328,0.258078,0.0134
DQN,789,311,27990,224182.50,0.2303,0.214719,0.0132
DQN,789,312,28080,231390.00,0.2278,0.215907,0.0133
DQN,789,313,28170,232462.50,0.2253,0.210435,0.0132
DQN,789,314,28260,241315.00,0.2228,0.198571,0.0132
DQN,789,315,28350,244270.00,0.2204,0.203647,0.0132
DQN,789,316,28440,232930.00,0.2179,0.212599,0.0133
DQN,789,317,28530,226367.50,0.2154,0.199163,0.0136
DQN,789,318,28620,233805.00,0.2129,0.216257,0.0136
DQN,789,319,28710,236482.50,0.2105,0.221471,0.0136
DQN,789,320,28800,234830.00,0.2080,0.221827,0.0134
DQN,789,321,28890,237720.00,0.2055,0.229509,0.0132
DQN,789,322,28980,228622.50,0.2030,0.237405,0.0133
DQN,789,323,29070,248492.50,0.2006,0.262733,0.0134
DQN,789,324,29160,214160.00,0.1981,0.242389,0.0133
DQN,789,325,29250,227110.00,0.1956,0.242913,0.0133
DQN,789,326,29340,231277.50,0.1932,0.220723,0.0133
DQN,789,327,29430,231915.00,0.1907,0.185455,0.0133
DQN,789,328,29520,233192.50,0.1882,0.165347,0.0133
DQN,789,329,29610,233700.00,0.1857,0.155152,0.0132
DQN,789,330,29700,223242.50,0.1833,0.151588,0.0132
DQN,789,331,29790,227117.50,0.1808,0.160517,0.0133
DQN,789,332,29880,224860.00,0.1783,0.179216,0.0132
DQN,789,333,29970,234870.00,0.1758,0.183757,0.0133
DQN,789,334,30060,249260.00,0.1734,0.195608,0.0133
DQN,789,335,30150,243360.00,0.1709,0.195206,0.0133
DQN,789,336,30240,225795.00,0.1684,0.205488,0.0132
DQN,789,337,30330,229852.50,0.1659,0.221690,0.0133
DQN,789,338,30420,215067.50,0.1634,0.239786,0.0142
DQN,789,339,30510,235250.00,0.1610,0.235395,0.0134
DQN,789,340,30600,230680.00,0.1585,0.245880,0.0133
DQN,789,341,30690,237095.00,0.1560,0.231239,0.0132
DQN,789,342,30780,235167.50,0.1536,0.227395,0.0133
DQN,789,343,30870,241937.50,0.1511,0.230088,0.0133
DQN,789,344,30960,224407.50,0.1486,0.227240,0.0133
DQN,789,345,31050,230855.00,0.1461,0.230968,0.0133
DQN,789,346,31140,230115.00,0.1437,0.218088,0.0132
DQN,789,347,31230,219687.50,0.1412,0.211593,0.0133
DQN,789,348,31320,221435.00,0.1387,0.198384,0.0133
DQN,789,349,31410,227332.50,0.1362,0.204956,0.0154
DQN,789,350,31500,238115.00,0.1338,0.203005,0.0153
DQN,789,351,31590,224360.00,0.1313,0.206483,0.0148
DQN,789,352,31680,231597.50,0.1288,0.194622,0.0134
DQN,789,353,31770,215987.50,0.1263,0.186224,0.0134
DQN,789,354,31860,238617.50,0.1239,0.194578,0.0133
DQN,789,355,31950,231830.00,0.1214,0.173273,0.0133
DQN,789,356,32040,223842.50,0.1189,0.162117,0.0134
DQN,789,357,32130,238312.50,0.1164,0.151482,0.0134
DQN,789,358,32220,226797.50,0.1139,0.157139,0.0133
DQN,789,359,32310,228765.00,0.1115,0.158882,0.0133
DQN,789,360,32400,241065.00,0.1090,0.149969,0.0133
DQN,789,361,32490,242902.50,0.1065,0.163279,0.0134
DQN,789,362,32580,227735.00,0.1040,0.166950,0.0133
DQN,789,363,32670,227910.00,0.1016,0.144667,0.0133
DQN,789,364,32760,232160.00,0.0991,0.142012,0.0133
DQN,789,365,32850,231180.00,0.0966,0.137910,0.0133
DQN,789,366,32940,220952.50,0.0941,0.140288,0.0165
DQN,789,367,33030,240337.50,0.0917,0.129743,0.0139
DQN,789,368,33120,239895.00,0.0892,0.123039,0.0134
DQN,789,369,33210,241575.00,0.0867,0.141345,0.0133
DQN,789,370,33300,236165.00,0.0842,0.153209,0.0133
DQN,789,371,33390,228507.50,0.0818,0.152215,0.0133
DQN,789,372,33480,224817.50,0.0793,0.162749,0.0134
DQN,789,373,33570,236240.00,0.0768,0.187302,0.0134
DQN,789,374,33660,241750.00,0.0743,0.174040,0.0133
DQN,789,375,33750,238592.50,0.0719,0.173651,0.0157
DQN,789,376,33840,239447.50,0.0694,0.182964,0.0170
DQN,789,377,33930,222200.00,0.0669,0.184135,0.0135
DQN,789,378,34020,240825.00,0.0645,0.187267,0.0138
DQN,789,379,34110,238432.50,0.0620,0.182871,0.0134
DQN,789,380,34200,213657.50,0.0595,0.185623,0.0135
DQN,789,381,34290,234882.50,0.0570,0.191195,0.0152
DQN,789,382,34380,224487.50,0.0546,0.174044,0.0139
DQN,789,383,34470,224340.00,0.0521,0.178793,0.0135
DQN,789,384,34560,223210.00,0.0496,0.193891,0.0133
DQN,789,385,34650,236000.00,0.0471,0.200591,0.0134
DQN,789,386,34740,243262.50,0.0447,0.180934,0.0133
DQN,789,387,34830,238635.00,0.0422,0.197393,0.0133
DQN,789,388,34920,242705.00,0.0397,0.191484,0.0133
DQN,789,389,35010,234742.50,0.0372,0.170167,0.0133
DQN,789,390,35100,230105.00,0.0348,0.174906,0.0134
DQN,789,391,35190,236590.00,0.0323,0.160803,0.0133
DQN,789,392,35280,237110.00,0.0298,0.161843,0.0134
DQN,789,393,35370,248297.50,0.0273,0.161724,0.0134
DQN,789,394,35460,225555.00,0.0249,0.164505,0.0133
DQN,789,395,35550,236137.50,0.0224,0.180461,0.0134
DQN,789,396,35640,222685.00,0.0199,0.172137,0.0134
DQN,789,397,35730,236952.50,0.0174,0.160386,0.0136
DQN,789,398,35820,240557.50,0.0150,0.146822,0.0136
DQN,789,399,35910,232015.00,0.0125,0.145665,0.0136
DQN,789,400,36000,229930.00,0.0100,0.139383,0.0135
DQN,789,401,36090,241805.00,0.0100,0.136945,0.0158
DQN,789,402,36180,228580.00,0.0100,0.171229,0.0160
DQN,789,403,36270,250495.00,0.0100,0.184008,0.0137
DQN,789,404,36360,242062.50,0.0100,0.202126,0.0136
DQN,789,405,36450,234350.00,0.0100,0.222406,0.0135
DQN,789,406,36540,237270.00,0.0100,0.249422,0.0136
DQN,789,407,36630,237602.50,0.0100,0.236215,0.0136
DQN,789,408,36720,225445.00,0.0100,0.228367,0.0136
DQN,789,409,36810,229427.50,0.0100,0.229521,0.0137
DQN,789,410,36900,228665.00,0.0100,0.216904,0.0136
DQN,789,411,36990,241522.50,0.0100,0.195639,0.0137
DQN,789,412,37080,234385.00,0.0100,0.151666,0.0136
DQN,789,413,37170,241670.00,0.0100,0.153997,0.0136
DQN,789,414,37260,236340.00,0.0100,0.149506,0.0136
DQN,789,415,37350,230105.00,0.0100,0.152265,0.0136
DQN,789,416,37440,234032.50,0.0100,0.183765,0.0136
DQN,789,417,37530,237145.00,0.0100,0.198883,0.0136
DQN,789,418,37620,227337.50,0.0100,0.190798,0.0136
DQN,789,419,37710,232090.00,0.0100,0.202617,0.0136
DQN,789,420,37800,242932.50,0.0100,0.202786,0.0136
DQN,789,421,37890,231577.50,0.0100,0.176906,0.0134
DQN,789,422,37980,234377.50,0.0100,0.166790,0.0133
DQN,789,423,38070,237220.00,0.0100,0.173396,0.0133
DQN,789,424,38160,231250.00,0.0100,0.169035,0.0133
DQN,789,425,38250,238872.50,0.0100,0.156906,0.0133
DQN,789,426,38340,231690.00,0.0100,0.152107,0.0133
DQN,789,427,38430,221710.00,0.0100,0.146007,0.0158
DQN,789,428,38520,220375.00,0.0100,0.143600,0.0137
DQN,789,429,38610,231712.50,0.0100,0.123860,0.0135
DQN,789,430,38700,236035.00,0.0100,0.128294,0.0133
DQN,789,431,38790,230157.50,0.0100,0.127854,0.0133
DQN,789,432,38880,233547.50,0.0100,0.130531,0.0133
DQN,789,433,38970,227430.00,0.0100,0.144009,0.0133
DQN,789,434,39060,230222.50,0.0100,0.159432,0.0133
DQN,789,435,39150,241552.50,0.0100,0.164431,0.0133
DQN,789,436,39240,238885.00,0.0100,0.158058,0.0133
DQN,789,437,39330,225622.50,0.0100,0.164646,0.0134
DQN,789,438,39420,222430.00,0.0100,0.150039,0.0133
DQN,789,439,39510,230735.00,0.0100,0.133535,0.0132
DQN,789,440,39600,235117.50,0.0100,0.124319,0.0134
DQN,789,441,39690,228657.50,0.0100,0.143015,0.0133
DQN,789,442,39780,242892.50,0.0100,0.158862,0.0133
DQN,789,443,39870,239312.50,0.0100,0.179809,0.0133
DQN,789,444,39960,237325.00,0.0100,0.207910,0.0133
DQN,789,445,40050,239397.50,0.0100,0.203975,0.0133
DQN,789,446,40140,241672.50,0.0100,0.195206,0.0134
DQN,789,447,40230,225940.00,0.0100,0.195028,0.0134
DQN,789,448,40320,234945.00,0.0100,0.182728,0.0133
DQN,789,449,40410,233720.00,0.0100,0.182895,0.0134
DQN,789,450,40500,231412.50,0.0100,0.177484,0.0133
DQN,789,451,40590,231752.50,0.0100,0.243958,0.0165
DQN,789,452,40680,222867.50,0.0100,0.232090,0.0151
DQN,789,453,40770,224682.50,0.0100,0.236964,0.0142
DQN,789,454,40860,240952.50,0.0100,0.198076,0.0137
DQN,789,455,40950,224382.50,0.0100,0.201590,0.0135
DQN,789,456,41040,232680.00,0.0100,0.171497,0.0134
DQN,789,457,41130,235222.50,0.0100,0.159884,0.0147
DQN,789,458,41220,237405.00,0.0100,0.149437,0.0134
DQN,789,459,41310,239840.00,0.0100,0.148716,0.0137
DQN,789,460,41400,226515.00,0.0100,0.153359,0.0137
DQN,789,461,41490,235295.00,0.0100,0.149478,0.0136
DQN,789,462,41580,241930.00,0.0100,0.150511,0.0136
DQN,789,463,41670,228567.50,0.0100,0.158018,0.0142
DQN,789,464,41760,231820.00,0.0100,0.152941,0.0156
DQN,789,465,41850,238217.50,0.0100,0.146262,0.0154
DQN,789,466,41940,227470.00,0.0100,0.147513,0.0135
DQN,789,467,42030,247657.50,0.0100,0.144449,0.0145
DQN,789,468,42120,227020.00,0.0100,0.156543,0.0144
DQN,789,469,42210,244617.50,0.0100,0.145279,0.0138
DQN,789,470,42300,234440.00,0.0100,0.155848,0.0137
DQN,789,471,42390,243835.00,0.0100,0.160333,0.0137
DQN,789,472,42480,238182.50,0.0100,0.158688,0.0136
DQN,789,473,42570,230647.50,0.0100,0.187086,0.0137
DQN,789,474,42660,230025.00,0.0100,0.189103,0.0150
DQN,789,475,42750,237305.00,0.0100,0.177425,0.0139
DQN,789,476,42840,233132.50,0.0100,0.174896,0.0138
DQN,789,477,42930,230012.50,0.0100,0.175458,0.0134
DQN,789,478,43020,234352.50,0.0100,0.153361,0.0135
DQN,789,479,43110,234942.50,0.0100,0.116646,0.0136
DQN,789,480,43200,237225.00,0.0100,0.119109,0.0136
DQN,789,481,43290,239720.00,0.0100,0.132605,0.0136
DQN,789,482,43380,241315.00,0.0100,0.140826,0.0133
DQN,789,483,43470,240640.00,0.0100,0.133516,0.0133
DQN,789,484,43560,242517.50,0.0100,0.159408,0.0133
DQN,789,485,43650,251025.00,0.0100,0.171045,0.0133
DQN,789,486,43740,240560.00,0.0100,0.172547,0.0133
DQN,789,487,43830,246695.00,0.0100,0.192431,0.0133
DQN,789,488,43920,238870.00,0.0100,0.210289,0.0133
DQN,789,489,44010,236102.50,0.0100,0.207997,0.0134
DQN,789,490,44100,241372.50,0.0100,0.172512,0.0133
DQN,789,491,44190,230597.50,0.0100,0.170102,0.0133
DQN,789,492,44280,237305.00,0.0100,0.168074,0.0133
DQN,789,493,44370,232520.00,0.0100,0.160989,0.0133
DQN,789,494,44460,242597.50,0.0100,0.163504,0.0134
DQN,789,495,44550,240015.00,0.0100,0.189696,0.0133
DQN,789,496,44640,227235.00,0.0100,0.212786,0.0133
DQN,789,497,44730,249540.00,0.0100,0.217957,0.0133
DQN,789,498,44820,237745.00,0.0100,0.226488,0.0134
DQN,789,499,44910,232237.50,0.0100,0.229179,0.0134
DQN,789,500,45000,227645.00,0.0100,0.223365,0.0133
DQN,1024,1,90,148332.50,0.9975,0.000000,0.0017
DQN,1024,2,180,140762.50,0.9950,0.000000,0.0004
DQN,1024,3,270,75565.00,0.9926,0.000000,0.0004
DQN,1024,4,360,130622.50,0.9901,0.000000,0.0004
DQN,1024,5,450,123907.50,0.9876,0.000000,0.0008
DQN,1024,6,540,125667.50,0.9851,3.857306,0.0069
DQN,1024,7,630,185382.50,0.9827,2.727979,0.0157
DQN,1024,8,720,111060.00,0.9802,1.485788,0.0157
DQN,1024,9,810,144952.50,0.9777,1.267364,0.0141
DQN,1024,10,900,93380.00,0.9752,1.196432,0.0130
DQN,1024,11,990,126257.50,0.9728,1.242675,0.0138
DQN,1024,12,1080,118702.50,0.9703,2.419076,0.0144
DQN,1024,13,1170,95700.00,0.9678,1.142359,0.0149
DQN,1024,14,1260,163445.00,0.9654,1.080867,0.0154
DQN,1024,15,1350,108060.00,0.9629,1.033202,0.0148
DQN,1024,16,1440,54402.50,0.9604,0.977394,0.0151
DQN,1024,17,1530,142347.50,0.9579,1.643755,0.0156
DQN,1024,18,1620,116232.50,0.9555,0.999425,0.0138
DQN,1024,19,1710,105785.00,0.9530,0.897643,0.0136
DQN,1024,20,1800,112262.50,0.9505,0.879842,0.0158
DQN,1024,21,1890,141397.50,0.9480,0.882905,0.0142
DQN,1024,22,1980,-23490.00,0.9456,0.832060,0.0155
DQN,1024,23,2070,158445.00,0.9431,1.558241,0.0141
DQN,1024,24,2160,218100.00,0.9406,0.980429,0.0147
DQN,1024,25,2250,195167.50,0.9381,0.866324,0.0148
DQN,1024,26,2340,169555.00,0.9356,0.816501,0.0140
DQN,1024,27,2430,158785.00,0.9332,0.753659,0.0143
DQN,1024,28,2520,173982.50,0.9307,1.182638,0.0145
DQN,1024,29,2610,131112.50,0.9282,0.854854,0.0154
DQN,1024,30,2700,153755.00,0.9257,0.739411,0.0156
DQN,1024,31,2790,123935.00,0.9233,0.716384,0.0151
DQN,1024,32,2880,56565.00,0.9208,0.722935,0.0143
DQN,1024,33,2970,184397.50,0.9183,0.748046,0.0155
DQN,1024,34,3060,129132.50,0.9159,1.256256,0.0150
DQN,1024,35,3150,170232.50,0.9134,0.852827,0.0163
DQN,1024,36,3240,122182.50,0.9109,0.832384,0.0151
DQN,1024,37,3330,115187.50,0.9084,0.813788,0.0185
DQN,1024,38,3420,188657.50,0.9060,0.790001,0.0180
DQN,1024,39,3510,50325.00,0.9035,0.926043,0.0151
DQN,1024,40,3600,149272.50,0.9010,0.912970,0.0141
DQN,1024,41,3690,108370.00,0.8985,0.745301,0.0139
DQN,1024,42,3780,157227.50,0.8961,0.752126,0.0162
DQN,1024,43,3870,86432.50,0.8936,0.745817,0.0219
DQN,1024,44,3960,142327.50,0.8911,0.736775,0.0138
DQN,1024,45,4050,205280.00,0.8886,0.962963,0.0153
DQN,1024,46,4140,116007.50,0.8861,0.837850,0.0129
DQN,1024,47,4230,154502.50,0.8837,0.812963,0.0149
DQN,1024,48,4320,140030.00,0.8812,0.772642,0.0139
DQN,1024,49,4410,192142.50,0.8787,0.754170,0.0149
DQN,1024,50,4500,162362.50,0.8762,0.716626,0.0162
DQN,1024,51,4590,154537.50,0.8738,0.846917,0.0176
DQN,1024,52,4680,136612.50,0.8713,0.692791,0.0187
DQN,1024,53,4770,156365.00,0.8688,0.660874,0.0159
DQN,1024,54,4860,155307.50,0.8663,0.638805,0.0149
DQN,1024,55,4950,164680.00,0.8639,0.644314,0.0148
DQN,1024,56,5040,173107.50,0.8614,0.700418,0.0138
DQN,1024,57,5130,151717.50,0.8589,0.562100,0.0134
DQN,1024,58,5220,180667.50,0.8565,0.552202,0.0130
DQN,1024,59,5310,102772.50,0.8540,0.560972,0.0153
DQN,1024,60,5400,181655.00,0.8515,0.568008,0.0148
DQN,1024,61,5490,183747.50,0.8490,0.579355,0.0151
DQN,1024,62,5580,148437.50,0.8466,0.637588,0.0145
DQN,1024,63,5670,153187.50,0.8441,0.570930,0.0159
DQN,1024,64,5760,181055.00,0.8416,0.561841,0.0156
DQN,1024,65,5850,200912.50,0.8391,0.505311,0.0177
DQN,1024,66,5940,124280.00,0.8367,0.493379,0.0172
DQN,1024,67,6030,143745.00,0.8342,0.543600,0.0145
DQN,1024,68,6120,186617.50,0.8317,0.517135,0.0164
DQN,1024,69,6210,138982.50,0.8292,0.498584,0.0147
DQN,1024,70,6300,167182.50,0.8267,0.511716,0.0137
DQN,1024,71,6390,141345.00,0.8243,0.548688,0.0202
DQN,1024,72,6480,130627.50,0.8218,0.568617,0.0152
DQN,1024,73,6570,134397.50,0.8193,0.584585,0.0181
DQN,1024,74,6660,188700.00,0.8168,0.559521,0.0139
DQN,1024,75,6750,177090.00,0.8144,0.519183,0.0146
DQN,1024,76,6840,186177.50,0.8119,0.530489,0.0139
DQN,1024,77,6930,107820.00,0.8094,0.512015,0.0144
DQN,1024,78,7020,126060.00,0.8070,0.478002,0.0140
DQN,1024,79,7110,175535.00,0.8045,0.474207,0.0156
DQN,1024,80,7200,150785.00,0.8020,0.447410,0.0156
DQN,1024,81,7290,162855.00,0.7995,0.465796,0.0146
DQN,1024,82,7380,181040.00,0.7971,0.489577,0.0154
DQN,1024,83,7470,213985.00,0.7946,0.505389,0.0138
DQN,1024,84,7560,160700.00,0.7921,0.502533,0.0143
DQN,1024,85,7650,195382.50,0.7896,0.458993,0.0130
DQN,1024,86,7740,174015.00,0.7872,0.418640,0.0137
DQN,1024,87,7830,168247.50,0.7847,0.449543,0.0144
DQN,1024,88,7920,155087.50,0.7822,0.473280,0.0158
DQN,1024,89,8010,183212.50,0.7797,0.492729,0.0179
DQN,1024,90,8100,210167.50,0.7772,0.457612,0.0163
DQN,1024,91,8190,196877.50,0.7748,0.429527,0.0151
DQN,1024,92,8280,172865.00,0.7723,0.419273,0.0154
DQN,1024,93,8370,163152.50,0.7698,0.395561,0.0135
DQN,1024,94,8460,198412.50,0.7673,0.359704,0.0159
DQN,1024,95,8550,175317.50,0.7649,0.373374,0.0143
DQN,1024,96,8640,188277.50,0.7624,0.386340,0.0183
DQN,1024,97,8730,170872.50,0.7599,0.426150,0.0192
DQN,1024,98,8820,166705.00,0.7574,0.443406,0.0190
DQN,1024,99,8910,155617.50,0.7550,0.450106,0.0169
DQN,1024,100,9000,149862.50,0.7525,0.463056,0.0147
DQN,1024,101,9090,219430.00,0.7500,0.531745,0.0167
DQN,1024,102,9180,165430.00,0.7475,0.498001,0.0165
DQN,1024,103,9270,175577.50,0.7451,0.476621,0.0143
DQN,1024,104,9360,162235.00,0.7426,0.484068,0.0147
DQN,1024,105,9450,197345.00,0.7401,0.475178,0.0130
DQN,1024,106,9540,199007.50,0.7376,0.490603,0.0142
DQN,1024,107,9630,170842.50,0.7352,0.480378,0.0206
DQN,1024,108,9720,174937.50,0.7327,0.482085,0.0142
DQN,1024,109,9810,186525.00,0.7302,0.494961,0.0143
DQN,1024,110,9900,119045.00,0.7278,0.517753,0.0248
DQN,1024,111,9990,230175.00,0.7253,0.498309,0.0138
DQN,1024,112,10080,207037.50,0.7228,0.490368,0.0137
DQN,1024,113,10170,153385.00,0.7203,0.511814,0.0138
DQN,1024,114,10260,218912.50,0.7179,0.475485,0.0134
DQN,1024,115,10350,128942.50,0.7154,0.482488,0.0130
DQN,1024,116,10440,182297.50,0.7129,0.460968,0.0144
DQN,1024,117,10530,153812.50,0.7104,0.483915,0.0171
DQN,1024,118,10620,165580.00,0.7080,0.509633,0.0141
DQN,1024,119,10710,195585.00,0.7055,0.496839,0.0137
DQN,1024,120,10800,213302.50,0.7030,0.468412,0.0162
DQN,1024,121,10890,234410.00,0.7005,0.430082,0.0138
DQN,1024,122,10980,185282.50,0.6981,0.395853,0.0141
DQN,1024,123,11070,188132.50,0.6956,0.407611,0.0140
DQN,1024,124,11160,183530.00,0.6931,0.365661,0.0162
DQN,1024,125,11250,217847.50,0.6906,0.362704,0.0140
DQN,1024,126,11340,172730.00,0.6882,0.414457,0.0149
DQN,1024,127,11430,129177.50,0.6857,0.463791,0.0139
DQN,1024,128,11520,210312.50,0.6832,0.500529,0.0140
DQN,1024,129,11610,196910.00,0.6807,0.458082,0.0143
DQN,1024,130,11700,179070.00,0.6783,0.456505,0.0152
DQN,1024,131,11790,184455.00,0.6758,0.466046,0.0149
DQN,1024,132,11880,207157.50,0.6733,0.434383,0.0150
DQN,1024,133,11970,217060.00,0.6708,0.390613,0.0166
DQN,1024,134,12060,216167.50,0.6683,0.447015,0.0166
DQN,1024,135,12150,144580.00,0.6659,0.460717,0.0150
DQN,1024,136,12240,189970.00,0.6634,0.476901,0.0150
DQN,1024,137,12330,168107.50,0.6609,0.449202,0.0135
DQN,1024,138,12420,213927.50,0.6584,0.401117,0.0141
DQN,1024,139,12510,215070.00,0.6560,0.397034,0.0142
DQN,1024,140,12600,181165.00,0.6535,0.392719,0.0154
DQN,1024,141,12690,185555.00,0.6510,0.357620,0.0139
DQN,1024,142,12780,209915.00,0.6485,0.337656,0.0136
DQN,1024,143,12870,201037.50,0.6461,0.338861,0.0167
DQN,1024,144,12960,226050.00,0.6436,0.340283,0.0155
DQN,1024,145,13050,207062.50,0.6411,0.355473,0.0153
DQN,1024,146,13140,198052.50,0.6386,0.338356,0.0145
DQN,1024,147,13230,151757.50,0.6362,0.391069,0.0138
DQN,1024,148,13320,196907.50,0.6337,0.372659,0.0138
DQN,1024,149,13410,192450.00,0.6312,0.421172,0.0149
DQN,1024,150,13500,195300.00,0.6288,0.484986,0.0138
DQN,1024,151,13590,211700.00,0.6263,0.522513,0.0163
DQN,1024,152,13680,188975.00,0.6238,0.508405,0.0140
DQN,1024,153,13770,124847.50,0.6213,0.495330,0.0147
DQN,1024,154,13860,164982.50,0.6189,0.509760,0.0138
DQN,1024,155,13950,224840.00,0.6164,0.469518,0.0153
DQN,1024,156,14040,205310.00,0.6139,0.429256,0.0134
DQN,1024,157,14130,232477.50,0.6114,0.378694,0.0150
DQN,1024,158,14220,185230.00,0.6089,0.391513,0.0160
DQN,1024,159,14310,211295.00,0.6065,0.337357,0.0152
DQN,1024,160,14400,176732.50,0.6040,0.319183,0.0142
DQN,1024,161,14490,200852.50,0.6015,0.347519,0.0152
DQN,1024,162,14580,207137.50,0.5990,0.395049,0.0162
DQN,1024,163,14670,205482.50,0.5966,0.405552,0.0181
DQN,1024,164,14760,231270.00,0.5941,0.389870,0.0163
DQN,1024,165,14850,183227.50,0.5916,0.413196,0.0136
DQN,1024,166,14940,221507.50,0.5892,0.431285,0.0154
DQN,1024,167,15030,221120.00,0.5867,0.426639,0.0206
DQN,1024,168,15120,240187.50,0.5842,0.394333,0.0142
DQN,1024,169,15210,235665.00,0.5817,0.382407,0.0160
DQN,1024,170,15300,208820.00,0.5793,0.373862,0.0133
DQN,1024,171,15390,203937.50,0.5768,0.363470,0.0133
DQN,1024,172,15480,221357.50,0.5743,0.317959,0.0139
DQN,1024,173,15570,208920.00,0.5718,0.340419,0.0228
DQN,1024,174,15660,193392.50,0.5694,0.323138,0.0125
DQN,1024,175,15750,208190.00,0.5669,0.325918,0.0133
DQN,1024,176,15840,214285.00,0.5644,0.299627,0.0144
DQN,1024,177,15930,250507.50,0.5619,0.282225,0.0265
DQN,1024,178,16020,178262.50,0.5595,0.287680,0.0178
DQN,1024,179,16110,201102.50,0.5570,0.312846,0.0158
DQN,1024,180,16200,210225.00,0.5545,0.312440,0.0154
DQN,1024,181,16290,190655.00,0.5520,0.312778,0.0164
DQN,1024,182,16380,199670.00,0.5495,0.306092,0.0175
DQN,1024,183,16470,205052.50,0.5471,0.333078,0.0133
DQN,1024,184,16560,201217.50,0.5446,0.352083,0.0141
DQN,1024,185,16650,214245.00,0.5421,0.319960,0.0139
DQN,1024,186,16740,224430.00,0.5396,0.336985,0.0148
DQN,1024,187,16830,194517.50,0.5372,0.357293,0.0137
DQN,1024,188,16920,206872.50,0.5347,0.382294,0.0145
DQN,1024,189,17010,195907.50,0.5322,0.393719,0.0130
DQN,1024,190,17100,229822.50,0.5297,0.399734,0.0131
DQN,1024,191,17190,231835.00,0.5273,0.367854,0.0156
DQN,1024,192,17280,235245.00,0.5248,0.333999,0.0211
DQN,1024,193,17370,234140.00,0.5223,0.283369,0.0142
DQN,1024,194,17460,229230.00,0.5199,0.250006,0.0131
DQN,1024,195,17550,207165.00,0.5174,0.230935,0.0152
DQN,1024,196,17640,186725.00,0.5149,0.252772,0.0152
DQN,1024,197,17730,205702.50,0.5124,0.275642,0.0141
DQN,1024,198,17820,219650.00,0.5100,0.275456,0.0151
DQN,1024,199,17910,221267.50,0.5075,0.299798,0.0139
DQN,1024,200,18000,214570.00,0.5050,0.304508,0.0160
DQN,1024,201,18090,228057.50,0.5025,0.323621,0.0139
DQN,1024,202,18180,210527.50,0.5000,0.310966,0.0159
DQN,1024,203,18270,227992.50,0.4976,0.312528,0.0165
DQN,1024,204,18360,196535.00,0.4951,0.328157,0.0142
DQN,1024,205,18450,235325.00,0.4926,0.341564,0.0142
DQN,1024,206,18540,202875.00,0.4901,0.344793,0.0153
DQN,1024,207,18630,221760.00,0.4877,0.340289,0.0145
DQN,1024,208,18720,199252.50,0.4852,0.315766,0.0147
DQN,1024,209,18810,202997.50,0.4827,0.316150,0.0137
DQN,1024,210,18900,237085.00,0.4802,0.295345,0.0136
DQN,1024,211,18990,216222.50,0.4778,0.310346,0.0230
DQN,1024,212,19080,219997.50,0.4753,0.318803,0.0157
DQN,1024,213,19170,219565.00,0.4728,0.327695,0.0145
DQN,1024,214,19260,209070.00,0.4703,0.305967,0.0151
DQN,1024,215,19350,217655.00,0.4679,0.301031,0.0148
DQN,1024,216,19440,229277.50,0.4654,0.283237,0.0142
DQN,1024,217,19530,216250.00,0.4629,0.269756,0.0135
DQN,1024,218,19620,209675.00,0.4604,0.258697,0.0155
DQN,1024,219,19710,244545.00,0.4580,0.279926,0.0144
DQN,1024,220,19800,230177.50,0.4555,0.285710,0.0149
DQN,1024,221,19890,209947.50,0.4530,0.289253,0.0149
DQN,1024,222,19980,221717.50,0.4506,0.320151,0.0160
DQN,1024,223,20070,223142.50,0.4481,0.309720,0.0169
DQN,1024,224,20160,223905.00,0.4456,0.285415,0.0153
DQN,1024,225,20250,227402.50,0.4431,0.300964,0.0151
DQN,1024,226,20340,236530.00,0.4407,0.329242,0.0134
DQN,1024,227,20430,219742.50,0.4382,0.334274,0.0136
DQN,1024,228,20520,226612.50,0.4357,0.315300,0.0204
DQN,1024,229,20610,234077.50,0.4332,0.346141,0.0167
DQN,1024,230,20700,204532.50,0.4308,0.291429,0.0131
DQN,1024,231,20790,212612.50,0.4283,0.277583,0.0157
DQN,1024,232,20880,214235.00,0.4258,0.254561,0.0160
DQN,1024,233,20970,201287.50,0.4233,0.244383,0.0224
DQN,1024,234,21060,228277.50,0.4209,0.273128,0.0145
DQN,1024,235,21150,240392.50,0.4184,0.243498,0.0140
DQN,1024,236,21240,200587.50,0.4159,0.226895,0.0216
DQN,1024,237,21330,236682.50,0.4134,0.214105,0.0173
DQN,1024,238,21420,237427.50,0.4110,0.226194,0.0144
DQN,1024,239,21510,193252.50,0.4085,0.245357,0.0134
DQN,1024,240,21600,230095.00,0.4060,0.271262,0.0138
DQN,1024,241,21690,204837.50,0.4035,0.275202,0.0154
DQN,1024,242,21780,218405.00,0.4011,0.295949,0.0154
DQN,1024,243,21870,219462.50,0.3986,0.331244,0.0151
DQN,1024,244,21960,220662.50,0.3961,0.333130,0.0167
DQN,1024,245,22050,215705.00,0.3936,0.365408,0.0147
DQN,1024,246,22140,244847.50,0.3911,0.377022,0.0136
DQN,1024,247,22230,238357.50,0.3887,0.349991,0.0154
DQN,1024,248,22320,212407.50,0.3862,0.308928,0.0134
DQN,1024,249,22410,213332.50,0.3837,0.309447,0.0134
DQN,1024,250,22500,234677.50,0.3812,0.291515,0.0133
DQN,1024,251,22590,230147.50,0.3788,0.289146,0.0145
DQN,1024,252,22680,226950.00,0.3763,0.282789,0.0134
DQN,1024,253,22770,240160.00,0.3738,0.277032,0.0131
DQN,1024,254,22860,223285.00,0.3713,0.269081,0.0133
DQN,1024,255,22950,230637.50,0.3689,0.254094,0.0134
DQN,1024,256,23040,232050.00,0.3664,0.258106,0.0140
DQN,1024,257,23130,236192.50,0.3639,0.244552,0.0161
DQN,1024,258,23220,224155.00,0.3614,0.240495,0.0156
DQN,1024,259,23310,232010.00,0.3590,0.246530,0.0163
DQN,1024,260,23400,233047.50,0.3565,0.248628,0.0183
DQN,1024,261,23490,214395.00,0.3540,0.249667,0.0136
DQN,1024,262,23580,221877.50,0.3516,0.251096,0.0142
DQN,1024,263,23670,219752.50,0.3491,0.247094,0.0134
DQN,1024,264,23760,240747.50,0.3466,0.240915,0.0138
DQN,1024,265,23850,226290.00,0.3441,0.257985,0.0156
DQN,1024,266,23940,223635.00,0.3417,0.237149,0.0195
DQN,1024,267,24030,232460.00,0.3392,0.209811,0.0156
DQN,1024,268,24120,227520.00,0.3367,0.204935,0.0143
DQN,1024,269,24210,222792.50,0.3342,0.209682,0.0144
DQN,1024,270,24300,217717.50,0.3317,0.217675,0.0145
DQN,1024,271,24390,236167.50,0.3293,0.226789,0.0147
DQN,1024,272,24480,217577.50,0.3268,0.251784,0.0142
DQN,1024,273,24570,224630.00,0.3243,0.261819,0.0136
DQN,1024,274,24660,228932.50,0.3218,0.269683,0.0134
DQN,1024,275,24750,247825.00,0.3194,0.278737,0.0149
DQN,1024,276,24840,224722.50,0.3169,0.272259,0.0166
DQN,1024,277,24930,202930.00,0.3144,0.280143,0.0154
DQN,1024,278,25020,228022.50,0.3120,0.286145,0.0142
DQN,1024,279,25110,226505.00,0.3095,0.288814,0.0165
DQN,1024,280,25200,218385.00,0.3070,0.264277,0.0138
DQN,1024,281,25290,226837.50,0.3045,0.250749,0.0139
DQN,1024,282,25380,211000.00,0.3021,0.218474,0.0153
DQN,1024,283,25470,224595.00,0.2996,0.192829,0.0146
DQN,1024,284,25560,222722.50,0.2971,0.195563,0.0137
DQN,1024,285,25650,216117.50,0.2946,0.201434,0.0151
DQN,1024,286,25740,254517.50,0.2922,0.207265,0.0153
DQN,1024,287,25830,234830.00,0.2897,0.219243,0.0154
DQN,1024,288,25920,238587.50,0.2872,0.242446,0.0155
DQN,1024,289,26010,224225.00,0.2847,0.253699,0.0144
DQN,1024,290,26100,225475.00,0.2823,0.271510,0.0142
DQN,1024,291,26190,209350.00,0.2798,0.255385,0.0165
DQN,1024,292,26280,223207.50,0.2773,0.250805,0.0135
DQN,1024,293,26370,225412.50,0.2748,0.262345,0.0151
DQN,1024,294,26460,236157.50,0.2723,0.251508,0.0225
DQN,1024,295,26550,230602.50,0.2699,0.257093,0.0145
DQN,1024,296,26640,224395.00,0.2674,0.286014,0.0148
DQN,1024,297,26730,243765.00,0.2649,0.271509,0.0134
DQN,1024,298,26820,236555.00,0.2624,0.280143,0.0139
DQN,1024,299,26910,218800.00,0.2600,0.276197,0.0147
DQN,1024,300,27000,224692.50,0.2575,0.271176,0.0150
DQN,1024,301,27090,228562.50,0.2550,0.247842,0.0161
DQN,1024,302,27180,235232.50,0.2526,0.245511,0.0149
DQN,1024,303,27270,234045.00,0.2501,0.234438,0.0174
DQN,1024,304,27360,229077.50,0.2476,0.214752,0.0172
DQN,1024,305,27450,230425.00,0.2451,0.207714,0.0143
DQN,1024,306,27540,226387.50,0.2427,0.195638,0.0142
DQN,1024,307,27630,222680.00,0.2402,0.192181,0.0150
DQN,1024,308,27720,224920.00,0.2377,0.192422,0.0154
DQN,1024,309,27810,231497.50,0.2352,0.196869,0.0197
DQN,1024,310,27900,237677.50,0.2328,0.215666,0.0181
DQN,1024,311,27990,218720.00,0.2303,0.229912,0.0186
DQN,1024,312,28080,212955.00,0.2278,0.250389,0.0144
DQN,1024,313,28170,219580.00,0.2253,0.246321,0.0159
DQN,1024,314,28260,218707.50,0.2228,0.252691,0.0148
DQN,1024,315,28350,225185.00,0.2204,0.260776,0.0154
DQN,1024,316,28440,237235.00,0.2179,0.264662,0.0149
DQN,1024,317,28530,217737.50,0.2154,0.229876,0.0150
DQN,1024,318,28620,240065.00,0.2129,0.202542,0.0137
DQN,1024,319,28710,220080.00,0.2105,0.210015,0.0149
DQN,1024,320,28800,232485.00,0.2080,0.211421,0.0215
DQN,1024,321,28890,228865.00,0.2055,0.197058,0.0229
DQN,1024,322,28980,238892.50,0.2030,0.196645,0.0178
DQN,1024,323,29070,234970.00,0.2006,0.247221,0.0144
DQN,1024,324,29160,217422.50,0.1981,0.260802,0.0141
DQN,1024,325,29250,237045.00,0.1956,0.254948,0.0163
DQN,1024,326,29340,234952.50,0.1932,0.255462,0.0168
DQN,1024,327,29430,218817.50,0.1907,0.244370,0.0194
DQN,1024,328,29520,223662.50,0.1882,0.267206,0.0149
DQN,1024,329,29610,226392.50,0.1857,0.256250,0.0138
DQN,1024,330,29700,218982.50,0.1833,0.249246,0.0213
DQN,1024,331,29790,222250.00,0.1808,0.236185,0.0154
DQN,1024,332,29880,243242.50,0.1783,0.228211,0.0142
DQN,1024,333,29970,217030.00,0.1758,0.221400,0.0137
DQN,1024,334,30060,226795.00,0.1734,0.214407,0.0135
DQN,1024,335,30150,221097.50,0.1709,0.219593,0.0142
DQN,1024,336,30240,241252.50,0.1684,0.245113,0.0159
DQN,1024,337,30330,233472.50,0.1659,0.252483,0.0138
DQN,1024,338,30420,245125.00,0.1634,0.252592,0.0152
DQN,1024,339,30510,237687.50,0.1610,0.284827,0.0166
DQN,1024,340,30600,212415.00,0.1585,0.317268,0.0161
DQN,1024,341,30690,225352.50,0.1560,0.299994,0.0148
DQN,1024,342,30780,230617.50,0.1536,0.263718,0.0150
DQN,1024,343,30870,222462.50,0.1511,0.259650,0.0197
DQN,1024,344,30960,223765.00,0.1486,0.239443,0.0142
DQN,1024,345,31050,235000.00,0.1461,0.195994,0.0196
DQN,1024,346,31140,239052.50,0.1437,0.197130,0.0169
DQN,1024,347,31230,231807.50,0.1412,0.212361,0.0145
DQN,1024,348,31320,222250.00,0.1387,0.211522,0.0153
DQN,1024,349,31410,227052.50,0.1362,0.213513,0.0156
DQN,1024,350,31500,234120.00,0.1338,0.217949,0.0191
DQN,1024,351,31590,236752.50,0.1313,0.228534,0.0187
DQN,1024,352,31680,224930.00,0.1288,0.230674,0.0161
DQN,1024,353,31770,216545.00,0.1263,0.226228,0.0151
DQN,1024,354,31860,228387.50,0.1239,0.224663,0.0159
DQN,1024,355,31950,225750.00,0.1214,0.212772,0.0193
DQN,1024,356,32040,217800.00,0.1189,0.201370,0.0133
DQN,1024,357,32130,206805.00,0.1164,0.185910,0.0130
DQN,1024,358,32220,227415.00,0.1139,0.176231,0.0132
DQN,1024,359,32310,227690.00,0.1115,0.167446,0.0133
DQN,1024,360,32400,218590.00,0.1090,0.156134,0.0134
DQN,1024,361,32490,222700.00,0.1065,0.153070,0.0202
DQN,1024,362,32580,238552.50,0.1040,0.146012,0.0169
DQN,1024,363,32670,239542.50,0.1016,0.140381,0.0158
DQN,1024,364,32760,234855.00,0.0991,0.148204,0.0150
DQN,1024,365,32850,235792.50,0.0966,0.171395,0.0131
DQN,1024,366,32940,242677.50,0.0941,0.197337,0.0164
DQN,1024,367,33030,238050.00,0.0917,0.205202,0.0150
DQN,1024,368,33120,238490.00,0.0892,0.216062,0.0156
DQN,1024,369,33210,231665.00,0.0867,0.224438,0.0143
DQN,1024,370,33300,243405.00,0.0842,0.213526,0.0179
DQN,1024,371,33390,229697.50,0.0818,0.196434,0.0147
DQN,1024,372,33480,231132.50,0.0793,0.186686,0.0153
DQN,1024,373,33570,242837.50,0.0768,0.185111,0.0161
DQN,1024,374,33660,241535.00,0.0743,0.185955,0.0145
DQN,1024,375,33750,235907.50,0.0719,0.178120,0.0154
DQN,1024,376,33840,231702.50,0.0694,0.188332,0.0159
DQN,1024,377,33930,227835.00,0.0669,0.189289,0.0170
DQN,1024,378,34020,237325.00,0.0645,0.189427,0.0151
DQN,1024,379,34110,231147.50,0.0620,0.207102,0.0140
DQN,1024,380,34200,223025.00,0.0595,0.195764,0.0144
DQN,1024,381,34290,223180.00,0.0570,0.187506,0.0141
DQN,1024,382,34380,236167.50,0.0546,0.187689,0.0150
DQN,1024,383,34470,226030.00,0.0521,0.186301,0.0146
DQN,1024,384,34560,228840.00,0.0496,0.173912,0.0142
DQN,1024,385,34650,235395.00,0.0471,0.161655,0.0139
DQN,1024,386,34740,230320.00,0.0447,0.175211,0.0145
DQN,1024,387,34830,247197.50,0.0422,0.187044,0.0150
DQN,1024,388,34920,242667.50,0.0397,0.173627,0.0152
DQN,1024,389,35010,241847.50,0.0372,0.196092,0.0138
DQN,1024,390,35100,236102.50,0.0348,0.192581,0.0136
DQN,1024,391,35190,226532.50,0.0323,0.195289,0.0136
DQN,1024,392,35280,238780.00,0.0298,0.181743,0.0134
DQN,1024,393,35370,228855.00,0.0273,0.179206,0.0163
DQN,1024,394,35460,213092.50,0.0249,0.180781,0.0136
DQN,1024,395,35550,233285.00,0.0224,0.186565,0.0134
DQN,1024,396,35640,239677.50,0.0199,0.194835,0.0134
DQN,1024,397,35730,234540.00,0.0174,0.182031,0.0165
DQN,1024,398,35820,227230.00,0.0150,0.183780,0.0148
DQN,1024,399,35910,233472.50,0.0125,0.170988,0.0135
DQN,1024,400,36000,230987.50,0.0100,0.154162,0.0139
DQN,1024,401,36090,240645.00,0.0100,0.142587,0.0144
DQN,1024,402,36180,238715.00,0.0100,0.151504,0.0136
DQN,1024,403,36270,239152.50,0.0100,0.164905,0.0163
DQN,1024,404,36360,241267.50,0.0100,0.158444,0.0140
DQN,1024,405,36450,246142.50,0.0100,0.160907,0.0134
DQN,1024,406,36540,231135.00,0.0100,0.190326,0.0138
DQN,1024,407,36630,232757.50,0.0100,0.208310,0.0137
DQN,1024,408,36720,246560.00,0.0100,0.186570,0.0135
DQN,1024,409,36810,239542.50,0.0100,0.201934,0.0163
DQN,1024,410,36900,233412.50,0.0100,0.218544,0.0139
DQN,1024,411,36990,238177.50,0.0100,0.211598,0.0135
DQN,1024,412,37080,232722.50,0.0100,0.207361,0.0134
DQN,1024,413,37170,243110.00,0.0100,0.204462,0.0134
DQN,1024,414,37260,239390.00,0.0100,0.188631,0.0160
DQN,1024,415,37350,231410.00,0.0100,0.179294,0.0136
DQN,1024,416,37440,230000.00,0.0100,0.166901,0.0136
DQN,1024,417,37530,233272.50,0.0100,0.164346,0.0134
DQN,1024,418,37620,238020.00,0.0100,0.154016,0.0135
DQN,1024,419,37710,239070.00,0.0100,0.153938,0.0134
DQN,1024,420,37800,228202.50,0.0100,0.173122,0.0134
DQN,1024,421,37890,237210.00,0.0100,0.160926,0.0134
DQN,1024,422,37980,229147.50,0.0100,0.163505,0.0133
DQN,1024,423,38070,227362.50,0.0100,0.164670,0.0134
DQN,1024,424,38160,229455.00,0.0100,0.159272,0.0133
DQN,1024,425,38250,230732.50,0.0100,0.147495,0.0135
DQN,1024,426,38340,222900.00,0.0100,0.138744,0.0134
DQN,1024,427,38430,237670.00,0.0100,0.141053,0.0134
DQN,1024,428,38520,232037.50,0.0100,0.136494,0.0175
DQN,1024,429,38610,228097.50,0.0100,0.136971,0.0189
DQN,1024,430,38700,241417.50,0.0100,0.129196,0.0134
DQN,1024,431,38790,226002.50,0.0100,0.138798,0.0132
DQN,1024,432,38880,240170.00,0.0100,0.138138,0.0132
DQN,1024,433,38970,223635.00,0.0100,0.155080,0.0132
DQN,1024,434,39060,231350.00,0.0100,0.166314,0.0133
DQN,1024,435,39150,217175.00,0.0100,0.173163,0.0150
DQN,1024,436,39240,231335.00,0.0100,0.178406,0.0135
DQN,1024,437,39330,226967.50,0.0100,0.200498,0.0134
DQN,1024,438,39420,235702.50,0.0100,0.211128,0.0133
DQN,1024,439,39510,233420.00,0.0100,0.224669,0.0133
DQN,1024,440,39600,238605.00,0.0100,0.270643,0.0133
DQN,1024,441,39690,238807.50,0.0100,0.269062,0.0133
DQN,1024,442,39780,246787.50,0.0100,0.268450,0.0133
DQN,1024,443,39870,239047.50,0.0100,0.270771,0.0133
DQN,1024,444,39960,234867.50,0.0100,0.251282,0.0133
DQN,1024,445,40050,236077.50,0.0100,0.222860,0.0133
DQN,1024,446,40140,229165.00,0.0100,0.193909,0.0133
DQN,1024,447,40230,236917.50,0.0100,0.167517,0.0134
DQN,1024,448,40320,235082.50,0.0100,0.149765,0.0134
DQN,1024,449,40410,219355.00,0.0100,0.140076,0.0133
DQN,1024,450,40500,225020.00,0.0100,0.139461,0.0134
DQN,1024,451,40590,229152.50,0.0100,0.124692,0.0146
DQN,1024,452,40680,229072.50,0.0100,0.110437,0.0135
DQN,1024,453,40770,232405.00,0.0100,0.109496,0.0133
DQN,1024,454,40860,230010.00,0.0100,0.104048,0.0134
DQN,1024,455,40950,232485.00,0.0100,0.105704,0.0133
DQN,1024,456,41040,228300.00,0.0100,0.111792,0.0133
DQN,1024,457,41130,234352.50,0.0100,0.123433,0.0136
DQN,1024,458,41220,255080.00,0.0100,0.132235,0.0134
DQN,1024,459,41310,251010.00,0.0100,0.146781,0.0133
DQN,1024,460,41400,240382.50,0.0100,0.171535,0.0134
DQN,1024,461,41490,230905.00,0.0100,0.190270,0.0133
DQN,1024,462,41580,235012.50,0.0100,0.210684,0.0191
DQN,1024,463,41670,229767.50,0.0100,0.236594,0.0169
DQN,1024,464,41760,246715.00,0.0100,0.247134,0.0144
DQN,1024,465,41850,233710.00,0.0100,0.240717,0.0133
DQN,1024,466,41940,214072.50,0.0100,0.217385,0.0134
DQN,1024,467,42030,224952.50,0.0100,0.201320,0.0134
DQN,1024,468,42120,239127.50,0.0100,0.180613,0.0133
DQN,1024,469,42210,228427.50,0.0100,0.151429,0.0134
DQN,1024,470,42300,223490.00,0.0100,0.132227,0.0134
DQN,1024,471,42390,224075.00,0.0100,0.123908,0.0149
DQN,1024,472,42480,223562.50,0.0100,0.119469,0.0138
DQN,1024,473,42570,235882.50,0.0100,0.103133,0.0138
DQN,1024,474,42660,228707.50,0.0100,0.102636,0.0137
DQN,1024,475,42750,239357.50,0.0100,0.111868,0.0149
DQN,1024,476,42840,243815.00,0.0100,0.124885,0.0137
DQN,1024,477,42930,228222.50,0.0100,0.120899,0.0134
DQN,1024,478,43020,233327.50,0.0100,0.124964,0.0157
DQN,1024,479,43110,249025.00,0.0100,0.127367,0.0134
DQN,1024,480,43200,224892.50,0.0100,0.140236,0.0133
DQN,1024,481,43290,244837.50,0.0100,0.143685,0.0134
DQN,1024,482,43380,239927.50,0.0100,0.162385,0.0134
DQN,1024,483,43470,226280.00,0.0100,0.170197,0.0134
DQN,1024,484,43560,225962.50,0.0100,0.218316,0.0139
DQN,1024,485,43650,231065.00,0.0100,0.222857,0.0134
DQN,1024,486,43740,239402.50,0.0100,0.214621,0.0133
DQN,1024,487,43830,241850.00,0.0100,0.190733,0.0133
DQN,1024,488,43920,239450.00,0.0100,0.171582,0.0133
DQN,1024,489,44010,232147.50,0.0100,0.154641,0.0133
DQN,1024,490,44100,232557.50,0.0100,0.146751,0.0133
DQN,1024,491,44190,243227.50,0.0100,0.158271,0.0133
DQN,1024,492,44280,235800.00,0.0100,0.168673,0.0134
DQN,1024,493,44370,217740.00,0.0100,0.176573,0.0133
DQN,1024,494,44460,231020.00,0.0100,0.197759,0.0134
DQN,1024,495,44550,226235.00,0.0100,0.191833,0.0134
DQN,1024,496,44640,241552.50,0.0100,0.198461,0.0134
DQN,1024,497,44730,253075.00,0.0100,0.189964,0.0134
DQN,1024,498,44820,244237.50,0.0100,0.190360,0.0133
DQN,1024,499,44910,229537.50,0.0100,0.182615,0.0133
DQN,1024,500,45000,238472.50,0.0100,0.184222,0.0134
